{
"type": "FeatureCollection",
"name": "Amcoff_lutning",
"crs": { "type": "name", "properties": { "name": "urn:ogc:def:crs:OGC:1.3:CRS84" } },
"features": [
{ "type": "Feature", "properties": { }, "geometry": { "type": "LineString", "coordinates": [ [ 17.633736007322195, 59.852310660286122, 29.079999923706055 ], [ 17.633825522131747, 59.852332474040075, 29.059999465942383 ], [ 17.633937733205777, 59.852360378991101, 29.479999542236328 ] ] } },
{ "type": "Feature", "properties": { }, "geometry": { "type": "LineString", "coordinates": [ [ 17.628512692594793, 59.855516235276909, 22.840000152587891 ], [ 17.628561828763566, 59.855537370518846, 22.920000076293945 ] ] } },
{ "type": "Feature", "properties": { }, "geometry": { "type": "LineString", "coordinates": [ [ 17.633441030212055, 59.852533213062479, 28.780000686645508 ], [ 17.633508321215981, 59.852460358915572, 28.680000305175781 ], [ 17.633586907093303, 59.852368291845146, 28.680000305175781 ] ] } },
{ "type": "Feature", "properties": { }, "geometry": { "type": "LineString", "coordinates": [ [ 17.645810100938981, 59.852071675207831, 4.429999828338623 ], [ 17.645722485433136, 59.852054313967741, 4.289999961853027 ] ] } },
{ "type": "Feature", "properties": { }, "geometry": { "type": "LineString", "coordinates": [ [ 17.635353640003103, 59.852012969493572, 29.079999923706055 ], [ 17.635326464212014, 59.85199933773395, 29.110000610351562 ] ] } },
{ "type": "Feature", "properties": { }, "geometry": { "type": "LineString", "coordinates": [ [ 17.635394010501312, 59.852035502133006, 29.090000152587891 ], [ 17.635353640003103, 59.852012969493572, 29.079999923706055 ] ] } },
{ "type": "Feature", "properties": { }, "geometry": { "type": "LineString", "coordinates": [ [ 17.636917282585134, 59.854771831111329, 6.960000038146973 ], [ 17.637065306995204, 59.854818159942319, 6.320000171661377 ] ] } },
{ "type": "Feature", "properties": { }, "geometry": { "type": "LineString", "coordinates": [ [ 17.639614310084141, 59.856951700424368, 5.119999885559082 ], [ 17.639677961484271, 59.856892906442518, 5.010000228881836 ] ] } },
{ "type": "Feature", "properties": { }, "geometry": { "type": "LineString", "coordinates": [ [ 17.638667503180059, 59.857598287247846, 5.210000038146973 ], [ 17.638689925414806, 59.857587180818307, 5.179999828338623 ] ] } },
{ "type": "Feature", "properties": { }, "geometry": { "type": "LineString", "coordinates": [ [ 17.645570662869094, 59.858265222409152, 5.900000095367432 ], [ 17.645487249377972, 59.858312674596789, 5.949999809265137 ] ] } },
{ "type": "Feature", "properties": { }, "geometry": { "type": "LineString", "coordinates": [ [ 17.645159118879285, 59.858492086000552, 5.900000095367432 ], [ 17.645086997106592, 59.858536041819512, 5.809999942779541 ] ] } },
{ "type": "Feature", "properties": { }, "geometry": { "type": "LineString", "coordinates": [ [ 17.629883109274257, 59.855304491397831, 23.319999694824219 ], [ 17.629900848634335, 59.855265927722961, 23.450000762939453 ] ] } },
{ "type": "Feature", "properties": { }, "geometry": { "type": "LineString", "coordinates": [ [ 17.634232636946667, 59.851412499235231, 28.100000381469727 ], [ 17.634399072029918, 59.851558478933249, 28.489999771118164 ] ] } },
{ "type": "Feature", "properties": { }, "geometry": { "type": "LineString", "coordinates": [ [ 17.632061317856845, 59.855136529617809, 24.420000076293945 ], [ 17.632145820125885, 59.855144383139503, 24.309999465942383 ], [ 17.632445650632828, 59.855179172762668, 24.020000457763672 ] ] } },
{ "type": "Feature", "properties": { }, "geometry": { "type": "LineString", "coordinates": [ [ 17.631618855871068, 59.855568576795449, 23.809999465942383 ], [ 17.631610349493389, 59.855564542641488, 23.889999389648438 ], [ 17.631538599614647, 59.855530508900351, 24.299999237060547 ], [ 17.631509352259819, 59.855511871254102, 24.420000076293945 ], [ 17.631433895149105, 59.855444941559519, 24.819999694824219 ] ] } },
{ "type": "Feature", "properties": { }, "geometry": { "type": "LineString", "coordinates": [ [ 17.631761971276557, 59.855635152880303, 23.5 ], [ 17.631691917292077, 59.855603233821199, 23.620000839233398 ], [ 17.631618855871068, 59.855568576795449, 23.809999465942383 ] ] } },
{ "type": "Feature", "properties": { }, "geometry": { "type": "LineString", "coordinates": [ [ 17.655542868491754, 59.857296392686763, 9.090000152587891 ], [ 17.655500043080171, 59.857322618192811, 9.060000419616699 ], [ 17.6553860888442, 59.857386039694504, 8.770000457763672 ] ] } },
{ "type": "Feature", "properties": { }, "geometry": { "type": "LineString", "coordinates": [ [ 17.627962500747536, 59.860296484736509, 9.289999961853027 ], [ 17.627921440665904, 59.860310802234494, 9.329999923706055 ], [ 17.627826762724833, 59.860340572985422, 9.270000457763672 ], [ 17.627779695730183, 59.860353932532718, 9.229999542236328 ] ] } },
{ "type": "Feature", "properties": { }, "geometry": { "type": "LineString", "coordinates": [ [ 17.646113391269065, 59.851453284863695, 2.799999952316284 ], [ 17.6458746604753, 59.851671058600346, 3.099999904632568 ], [ 17.645689778210098, 59.851839704984258, 2.700000047683716 ] ] } },
{ "type": "Feature", "properties": { }, "geometry": { "type": "LineString", "coordinates": [ [ 17.634124063199874, 59.851387593686631, 27.959999084472656 ], [ 17.634232636946667, 59.851412499235231, 28.100000381469727 ], [ 17.634377826230043, 59.851429151014258, 28.180000305175781 ], [ 17.634428077959964, 59.851430679093077, 28.170000076293945 ], [ 17.634504310080096, 59.851426847575048, 28.100000381469727 ] ] } },
{ "type": "Feature", "properties": { }, "geometry": { "type": "LineString", "coordinates": [ [ 17.633667840657395, 59.852350226541581, 28.950000762939453 ], [ 17.633736007322195, 59.852310660286122, 29.079999923706055 ], [ 17.633816374970646, 59.852224053608076, 29.290000915527344 ], [ 17.634061738472759, 59.851949623094939, 29.510000228881836 ] ] } },
{ "type": "Feature", "properties": { }, "geometry": { "type": "LineString", "coordinates": [ [ 17.634061738472759, 59.851949623094939, 29.510000228881836 ], [ 17.634294421819003, 59.851689370359729, 28.840000152587891 ], [ 17.634399072029918, 59.851558478933249, 28.489999771118164 ], [ 17.63441569070342, 59.851537695165227, 28.450000762939453 ] ] } },
{ "type": "Feature", "properties": { }, "geometry": { "type": "LineString", "coordinates": [ [ 17.63441569070342, 59.851537695165227, 28.450000762939453 ], [ 17.634477677675342, 59.851460172317871, 28.180000305175781 ], [ 17.634504310080096, 59.851426847575048, 28.100000381469727 ], [ 17.634606559568041, 59.851298966253502, 27.959999084472656 ], [ 17.634656073826463, 59.851232293200759, 27.840000152587891 ] ] } },
{ "type": "Feature", "properties": { }, "geometry": { "type": "LineString", "coordinates": [ [ 17.639035375273167, 59.853428547030532, 5.03000020980835 ], [ 17.638767751780527, 59.853643953852874, 5.670000076293945 ] ] } },
{ "type": "Feature", "properties": { }, "geometry": { "type": "LineString", "coordinates": [ [ 17.632445650632828, 59.855179172762668, 24.020000457763672 ], [ 17.632506965219029, 59.855065517109793, 25.010000228881836 ] ] } },
{ "type": "Feature", "properties": { }, "geometry": { "type": "LineString", "coordinates": [ [ 17.650971359806157, 59.854397229974801, 5.03000020980835 ], [ 17.650863090236069, 59.854391373319565, 4.869999885559082 ], [ 17.650276613013457, 59.854130125682978, 4.960000038146973 ] ] } },
{ "type": "Feature", "properties": { }, "geometry": { "type": "LineString", "coordinates": [ [ 17.650276613013457, 59.854130125682978, 4.960000038146973 ], [ 17.650231377552252, 59.85410997516059, 4.909999847412109 ], [ 17.650196397936575, 59.854084690175931, 4.940000057220459 ], [ 17.650163607981838, 59.854038525365681, 4.989999771118164 ], [ 17.650098031121445, 59.853995647498508, 4.949999809265137 ], [ 17.64993639091665, 59.853921647859941, 4.710000038146973 ] ] } },
{ "type": "Feature", "properties": { }, "geometry": { "type": "LineString", "coordinates": [ [ 17.637125928810072, 59.864530954893098, 6.699999809265137 ], [ 17.636948058993099, 59.864628538616017, 7.03000020980835 ], [ 17.636857674487281, 59.864682011913906, 7.340000152587891 ] ] } },
{ "type": "Feature", "properties": { }, "geometry": { "type": "LineString", "coordinates": [ [ 17.644805359031466, 59.858689827830027, 6.039999961853027 ], [ 17.644798302953564, 59.858756859318532, 6.130000114440918 ], [ 17.644738944776854, 59.859137416625067, 6.380000114440918 ] ] } },
{ "type": "Feature", "properties": { }, "geometry": { "type": "LineString", "coordinates": [ [ 17.644738944776854, 59.859137416625067, 6.380000114440918 ], [ 17.644732759088569, 59.859177073867095, 6.420000076293945 ], [ 17.644727831219331, 59.859208451364793, 6.440000057220459 ] ] } },
{ "type": "Feature", "properties": { }, "geometry": { "type": "LineString", "coordinates": [ [ 17.644406641285943, 59.859199493604621, 6.5 ], [ 17.644582487342088, 59.859286434232686, 6.539999961853027 ] ] } },
{ "type": "Feature", "properties": { }, "geometry": { "type": "LineString", "coordinates": [ [ 17.645469134090632, 59.858322974711996, 5.940000057220459 ], [ 17.645457808557321, 59.858329419490495, 5.989999771118164 ], [ 17.645204028049953, 59.858464715986074, 6.0 ], [ 17.645170672773194, 59.85848505134841, 5.929999828338623 ] ] } },
{ "type": "Feature", "properties": { }, "geometry": { "type": "LineString", "coordinates": [ [ 17.650971359806157, 59.854397229974801, 5.03000020980835 ], [ 17.651312932856193, 59.854211386970292, 5.28000020980835 ] ] } },
{ "type": "Feature", "properties": { }, "geometry": { "type": "LineString", "coordinates": [ [ 17.645487249377972, 59.858312674596789, 5.949999809265137 ], [ 17.645469134090632, 59.858322974711996, 5.940000057220459 ] ] } },
{ "type": "Feature", "properties": { }, "geometry": { "type": "LineString", "coordinates": [ [ 17.645170672773194, 59.85848505134841, 5.929999828338623 ], [ 17.645159118879285, 59.858492086000552, 5.900000095367432 ] ] } },
{ "type": "Feature", "properties": { }, "geometry": { "type": "LineString", "coordinates": [ [ 17.633923950991527, 59.860185377293057, 7.28000020980835 ], [ 17.634017326947504, 59.860207142469129, 7.369999885559082 ], [ 17.634124743097768, 59.860247741958744, 7.610000133514404 ], [ 17.634614737082043, 59.860466463820899, 8.600000381469727 ] ] } },
{ "type": "Feature", "properties": { }, "geometry": { "type": "LineString", "coordinates": [ [ 17.634614737082043, 59.860466463820899, 8.600000381469727 ], [ 17.634913286131749, 59.860599726814144, 9.340000152587891 ] ] } },
{ "type": "Feature", "properties": { }, "geometry": { "type": "LineString", "coordinates": [ [ 17.633826061863758, 59.860326296930026, 7.210000038146973 ], [ 17.633890225615851, 59.860285640322829, 7.320000171661377 ], [ 17.634017326947504, 59.860207142469129, 7.369999885559082 ] ] } },
{ "type": "Feature", "properties": { }, "geometry": { "type": "LineString", "coordinates": [ [ 17.632679360679681, 59.859666944596718, 7.460000038146973 ], [ 17.632660434309614, 59.859676459660207, 7.440000057220459 ] ] } },
{ "type": "Feature", "properties": { }, "geometry": { "type": "LineString", "coordinates": [ [ 17.64349124781009, 59.849690225556934, 6.670000076293945 ], [ 17.643464342815012, 59.849724679136024, 6.599999904632568 ], [ 17.64340848775355, 59.84979023534909, 6.380000114440918 ], [ 17.643296875752927, 59.849912601732719, 6.010000228881836 ], [ 17.643197140425539, 59.850013080068869, 5.800000190734863 ], [ 17.643110160086817, 59.850095777641712, 5.670000076293945 ] ] } },
{ "type": "Feature", "properties": { }, "geometry": { "type": "LineString", "coordinates": [ [ 17.643110160086817, 59.850095777641712, 5.670000076293945 ], [ 17.643082786191872, 59.850121803596387, 5.559999942779541 ] ] } },
{ "type": "Feature", "properties": { }, "geometry": { "type": "LineString", "coordinates": [ [ 17.632660434309614, 59.859676459660207, 7.440000057220459 ], [ 17.632611826278058, 59.859700894146805, 7.480000019073486 ] ] } },
{ "type": "Feature", "properties": { }, "geometry": { "type": "LineString", "coordinates": [ [ 17.640770055659136, 59.86620257233897, 9.449999809265137 ], [ 17.640828862235413, 59.866172597071824, 9.5 ], [ 17.64089332367994, 59.866139740038861, 9.489999771118164 ], [ 17.641064794918393, 59.866052336666293, 9.319999694824219 ], [ 17.641178289497205, 59.866013734787764, 9.25 ], [ 17.641219145276313, 59.866002654490046, 9.239999771118164 ] ] } },
{ "type": "Feature", "properties": { }, "geometry": { "type": "LineString", "coordinates": [ [ 17.635574230165844, 59.852136078440608, 28.959999084472656 ], [ 17.636274489302654, 59.85241421712454, 24.100000381469727 ] ] } },
{ "type": "Feature", "properties": { }, "geometry": { "type": "LineString", "coordinates": [ [ 17.636274489302654, 59.85241421712454, 24.100000381469727 ], [ 17.636974760094446, 59.852692351993639, 15.590000152587891 ] ] } },
{ "type": "Feature", "properties": { }, "geometry": { "type": "LineString", "coordinates": [ [ 17.636974760094446, 59.852692351993639, 15.590000152587891 ], [ 17.637269093343154, 59.85280925330607, 13.289999961853027 ] ] } },
{ "type": "Feature", "properties": { }, "geometry": { "type": "LineString", "coordinates": [ [ 17.634603018127706, 59.851646133032588, 28.670000076293945 ], [ 17.634862536505931, 59.851307579387544, 27.909999847412109 ] ] } },
{ "type": "Feature", "properties": { }, "geometry": { "type": "LineString", "coordinates": [ [ 17.634343223786217, 59.851893715918287, 29.5 ], [ 17.634389579300709, 59.851876656336955, 29.520000457763672 ], [ 17.634434635665649, 59.851846239135604, 29.459999084472656 ], [ 17.634542996308461, 59.851727179382905, 28.909999847412109 ], [ 17.634603018127706, 59.851646133032588, 28.670000076293945 ] ] } },
{ "type": "Feature", "properties": { }, "geometry": { "type": "LineString", "coordinates": [ [ 17.634343223786217, 59.851893715918287, 29.5 ], [ 17.635116072541528, 59.851893761944822, 29.040000915527344 ] ] } },
{ "type": "Feature", "properties": { }, "geometry": { "type": "LineString", "coordinates": [ [ 17.634603018127706, 59.851646133032588, 28.670000076293945 ], [ 17.635116072541528, 59.851893761944822, 29.040000915527344 ] ] } },
{ "type": "Feature", "properties": { }, "geometry": { "type": "LineString", "coordinates": [ [ 17.635326464212014, 59.85199933773395, 29.110000610351562 ], [ 17.635116072541528, 59.851893761944822, 29.040000915527344 ] ] } },
{ "type": "Feature", "properties": { }, "geometry": { "type": "LineString", "coordinates": [ [ 17.635574230165844, 59.852136078440608, 28.959999084472656 ], [ 17.635394010501312, 59.852035502133006, 29.090000152587891 ] ] } },
{ "type": "Feature", "properties": { }, "geometry": { "type": "LineString", "coordinates": [ [ 17.631307228901431, 59.854314358792855, 24.829999923706055 ], [ 17.631289620345981, 59.854302733407039, 24.889999389648438 ], [ 17.631266787454074, 59.854287650644835, 24.889999389648438 ] ] } },
{ "type": "Feature", "properties": { }, "geometry": { "type": "LineString", "coordinates": [ [ 17.645175332357059, 59.851456573054669, 3.710000038146973 ], [ 17.6458746604753, 59.851671058600346, 3.099999904632568 ] ] } },
{ "type": "Feature", "properties": { }, "geometry": { "type": "LineString", "coordinates": [ [ 17.629936442131356, 59.855032877592301, 23.659999847412109 ], [ 17.630396656370589, 59.855241958310089, 24.209999084472656 ] ] } },
{ "type": "Feature", "properties": { }, "geometry": { "type": "LineString", "coordinates": [ [ 17.636252074624736, 59.864409484065533, 5.630000114440918 ], [ 17.636483436477906, 59.864288621939465, 5.300000190734863 ] ] } },
{ "type": "Feature", "properties": { }, "geometry": { "type": "LineString", "coordinates": [ [ 17.645663488337942, 59.850876388042643, 4.489999771118164 ], [ 17.644907714272474, 59.850637873505683, 4.019999980926514 ] ] } },
{ "type": "Feature", "properties": { }, "geometry": { "type": "LineString", "coordinates": [ [ 17.644907714272474, 59.850637873505683, 4.019999980926514 ], [ 17.644769250790542, 59.850594175005277, 3.829999923706055 ], [ 17.644291043300804, 59.850431067190392, 4.090000152587891 ], [ 17.64419053201685, 59.850395177009993, 4.170000076293945 ], [ 17.644167087198838, 59.850387749330984, 4.21999979019165 ] ] } },
{ "type": "Feature", "properties": { }, "geometry": { "type": "LineString", "coordinates": [ [ 17.644167087198838, 59.850387749330984, 4.21999979019165 ], [ 17.64411550990965, 59.850371408825758, 4.25 ], [ 17.643526725340099, 59.850184916071903, 4.710000038146973 ], [ 17.643412106730526, 59.85014860805429, 4.989999771118164 ] ] } },
{ "type": "Feature", "properties": { }, "geometry": { "type": "LineString", "coordinates": [ [ 17.643412106730526, 59.85014860805429, 4.989999771118164 ], [ 17.643359241720297, 59.850131861814802, 5.070000171661377 ] ] } },
{ "type": "Feature", "properties": { }, "geometry": { "type": "LineString", "coordinates": [ [ 17.639245390937695, 59.853255873318894, 4.699999809265137 ], [ 17.639165967672959, 59.853321172055139, 4.920000076293945 ], [ 17.639079511253222, 59.853392257873303, 4.860000133514404 ] ] } },
{ "type": "Feature", "properties": { }, "geometry": { "type": "LineString", "coordinates": [ [ 17.643334628068757, 59.85016145048079, 5.059999942779541 ], [ 17.643292693263703, 59.850196519225655, 5.03000020980835 ], [ 17.643244462092511, 59.850236853740974, 5.0 ] ] } },
{ "type": "Feature", "properties": { }, "geometry": { "type": "LineString", "coordinates": [ [ 17.643082786191872, 59.850121803596387, 5.559999942779541 ], [ 17.642946568980594, 59.850244942182051, 5.320000171661377 ], [ 17.642632319402111, 59.850509182130324, 4.869999885559082 ] ] } },
{ "type": "Feature", "properties": { }, "geometry": { "type": "LineString", "coordinates": [ [ 17.642632319402111, 59.850509182130324, 4.869999885559082 ], [ 17.642435200351741, 59.850674929190802, 4.710000038146973 ], [ 17.642182282805653, 59.850883866884409, 4.599999904632568 ], [ 17.642170841560159, 59.85089331912144, 4.610000133514404 ] ] } },
{ "type": "Feature", "properties": { }, "geometry": { "type": "LineString", "coordinates": [ [ 17.642170841560159, 59.85089331912144, 4.610000133514404 ], [ 17.642007986111498, 59.851027862209428, 4.46999979019165 ], [ 17.641855613279326, 59.851133336247131, 4.429999828338623 ], [ 17.641814726574793, 59.851151666371152, 4.449999809265137 ], [ 17.641646554390174, 59.851192066577198, 4.559999942779541 ], [ 17.641600463395871, 59.851207610225195, 4.590000152587891 ], [ 17.641585127079818, 59.851216417584304, 4.579999923706055 ] ] } },
{ "type": "Feature", "properties": { }, "geometry": { "type": "LineString", "coordinates": [ [ 17.641585127079818, 59.851216417584304, 4.579999923706055 ], [ 17.641558295874901, 59.851231826227448, 4.599999904632568 ], [ 17.641343916269374, 59.851413635361183, 4.570000171661377 ], [ 17.641132292776234, 59.85160115625915, 4.480000019073486 ], [ 17.641130971463202, 59.851602316713496, 4.480000019073486 ] ] } },
{ "type": "Feature", "properties": { }, "geometry": { "type": "LineString", "coordinates": [ [ 17.641130971463202, 59.851602316713496, 4.480000019073486 ], [ 17.641090772093019, 59.851637622105329, 4.460000038146973 ], [ 17.641063864824883, 59.851671175057966, 4.429999828338623 ], [ 17.641048608735986, 59.851706285820043, 4.429999828338623 ], [ 17.641040004498223, 59.851741220267677, 4.389999866485596 ], [ 17.64103490461563, 59.851796070632481, 4.389999866485596 ], [ 17.641024374522416, 59.851820693707282, 4.389999866485596 ], [ 17.640991406349112, 59.851864532697078, 4.329999923706055 ], [ 17.640967175282302, 59.85189031580606, 4.269999980926514 ], [ 17.64081893093261, 59.852015078664081, 4.269999980926514 ] ] } },
{ "type": "Feature", "properties": { }, "geometry": { "type": "LineString", "coordinates": [ [ 17.64081893093261, 59.852015078664081, 4.269999980926514 ], [ 17.640793508923558, 59.852036473788367, 4.260000228881836 ], [ 17.640361145341455, 59.852400342536789, 4.440000057220459 ] ] } },
{ "type": "Feature", "properties": { }, "geometry": { "type": "LineString", "coordinates": [ [ 17.640361145341455, 59.852400342536789, 4.440000057220459 ], [ 17.639978098197027, 59.852722699794057, 4.559999942779541 ], [ 17.639927830263336, 59.852760397106948, 4.559999942779541 ], [ 17.639893820332652, 59.852782427747599, 4.570000171661377 ] ] } },
{ "type": "Feature", "properties": { }, "geometry": { "type": "LineString", "coordinates": [ [ 17.639893820332652, 59.852782427747599, 4.570000171661377 ], [ 17.639814685154942, 59.852833689060986, 4.53000020980835 ], [ 17.639755631843173, 59.85287159820512, 4.550000190734863 ], [ 17.639711579103253, 59.852903203453245, 4.570000171661377 ], [ 17.639590455902809, 59.853008340521029, 4.639999866485596 ], [ 17.639425978592225, 59.853163297675749, 4.710000038146973 ] ] } },
{ "type": "Feature", "properties": { }, "geometry": { "type": "LineString", "coordinates": [ [ 17.639425978592225, 59.853163297675749, 4.710000038146973 ], [ 17.639367259422574, 59.853218617711065, 4.679999828338623 ], [ 17.639317515554197, 59.853234155241267, 4.699999809265137 ], [ 17.639263922975204, 59.853240633371719, 4.739999771118164 ], [ 17.639245390937695, 59.853255873318894, 4.699999809265137 ] ] } },
{ "type": "Feature", "properties": { }, "geometry": { "type": "LineString", "coordinates": [ [ 17.643707541714186, 59.849748586965632, 5.28000020980835 ], [ 17.643665312589871, 59.849794334414234, 3.960000038146973 ], [ 17.643618906272554, 59.849844604144018, 4.440000057220459 ], [ 17.643557482951891, 59.849910836172079, 5.78000020980835 ], [ 17.643452294860257, 59.850028626705843, 5.409999847412109 ], [ 17.643405019300918, 59.850083139477221, 5.21999979019165 ], [ 17.643359241720297, 59.850131861814802, 5.070000171661377 ], [ 17.643338217956959, 59.850157134992855, 5.059999942779541 ] ] } },
{ "type": "Feature", "properties": { }, "geometry": { "type": "LineString", "coordinates": [ [ 17.643338217956959, 59.850157134992855, 5.059999942779541 ], [ 17.643334628068757, 59.85016145048079, 5.059999942779541 ] ] } },
{ "type": "Feature", "properties": { }, "geometry": { "type": "LineString", "coordinates": [ [ 17.643244462092511, 59.850236853740974, 5.0 ], [ 17.643185307587444, 59.850286330061948, 4.949999809265137 ], [ 17.642784562227494, 59.850621472180244, 4.690000057220459 ] ] } },
{ "type": "Feature", "properties": { }, "geometry": { "type": "LineString", "coordinates": [ [ 17.642784562227494, 59.850621472180244, 4.690000057220459 ], [ 17.642324647498192, 59.851006087756261, 4.489999771118164 ] ] } },
{ "type": "Feature", "properties": { }, "geometry": { "type": "LineString", "coordinates": [ [ 17.642324647498192, 59.851006087756261, 4.489999771118164 ], [ 17.642227494790269, 59.85108733289168, 4.539999961853027 ], [ 17.642068167678126, 59.851220577789441, 4.360000133514404 ] ] } },
{ "type": "Feature", "properties": { }, "geometry": { "type": "LineString", "coordinates": [ [ 17.639079511253222, 59.853392257873303, 4.860000133514404 ], [ 17.63906580146762, 59.8534035251989, 4.960000038146973 ], [ 17.639035375273167, 59.853428547030532, 5.03000020980835 ] ] } },
{ "type": "Feature", "properties": { }, "geometry": { "type": "LineString", "coordinates": [ [ 17.642068167678126, 59.851220577789441, 4.360000133514404 ], [ 17.641612084579297, 59.851599592775997, 4.389999866485596 ], [ 17.641606121074787, 59.851604548642207, 4.409999847412109 ] ] } },
{ "type": "Feature", "properties": { }, "geometry": { "type": "LineString", "coordinates": [ [ 17.641606121074787, 59.851604548642207, 4.409999847412109 ], [ 17.641144072716436, 59.851988520611414, 4.360000133514404 ] ] } },
{ "type": "Feature", "properties": { }, "geometry": { "type": "LineString", "coordinates": [ [ 17.641144072716436, 59.851988520611414, 4.360000133514404 ], [ 17.64068201378258, 59.852372491010605, 4.460000038146973 ] ] } },
{ "type": "Feature", "properties": { }, "geometry": { "type": "LineString", "coordinates": [ [ 17.64068201378258, 59.852372491010605, 4.460000038146973 ], [ 17.640640620242952, 59.852406888484985, 4.460000038146973 ], [ 17.640480467383494, 59.852539976527517, 4.5 ] ] } },
{ "type": "Feature", "properties": { }, "geometry": { "type": "LineString", "coordinates": [ [ 17.642182282805653, 59.850883866884409, 4.599999904632568 ], [ 17.642087935852224, 59.850861327798157, 5.0 ], [ 17.641931846751088, 59.850826194758824, 4.980000019073486 ], [ 17.641923541094144, 59.850824602400678, 4.980000019073486 ] ] } },
{ "type": "Feature", "properties": { }, "geometry": { "type": "LineString", "coordinates": [ [ 17.638163918628081, 59.852630030837574, 7.050000190734863 ], [ 17.638222795764175, 59.852602954203277, 6.929999828338623 ], [ 17.63829192890066, 59.852571360636915, 6.760000228881836 ] ] } },
{ "type": "Feature", "properties": { }, "geometry": { "type": "LineString", "coordinates": [ [ 17.638337509387355, 59.8525746205408, 6.579999923706055 ], [ 17.638333762550971, 59.852574847619508, 6.579999923706055 ], [ 17.63829192890066, 59.852571360636915, 6.760000228881836 ] ] } },
{ "type": "Feature", "properties": { }, "geometry": { "type": "LineString", "coordinates": [ [ 17.638520262850591, 59.852641250676399, 6.159999847412109 ], [ 17.638506602885546, 59.852652683768277, 6.230000019073486 ], [ 17.638439517202308, 59.852743930952144, 6.380000114440918 ], [ 17.638401128087011, 59.852802011015449, 6.340000152587891 ], [ 17.638397910240268, 59.852880371528968, 6.079999923706055 ], [ 17.638453799439777, 59.852950587642241, 5.849999904632568 ], [ 17.638585078064889, 59.853034067867199, 5.630000114440918 ], [ 17.638610089850385, 59.853044832953259, 5.510000228881836 ] ] } },
{ "type": "Feature", "properties": { }, "geometry": { "type": "LineString", "coordinates": [ [ 17.638610089850385, 59.853044832953259, 5.510000228881836 ], [ 17.638737788884701, 59.853099794502668, 5.300000190734863 ], [ 17.639215944726839, 59.853239860960414, 4.710000038146973 ], [ 17.639263922975204, 59.853240633371719, 4.739999771118164 ] ] } },
{ "type": "Feature", "properties": { }, "geometry": { "type": "LineString", "coordinates": [ [ 17.638163918628081, 59.852630030837574, 7.050000190734863 ], [ 17.638020274886607, 59.85254820424327, 7.829999923706055 ], [ 17.637844292862734, 59.852443035056098, 8.789999961853027 ], [ 17.637688494855571, 59.852357875618345, 9.510000228881836 ], [ 17.637596720904703, 59.852304530890116, 10.069999694824219 ] ] } },
{ "type": "Feature", "properties": { }, "geometry": { "type": "LineString", "coordinates": [ [ 17.63906580146762, 59.8534035251989, 4.960000038146973 ], [ 17.638891540322579, 59.853342949187194, 4.980000019073486 ], [ 17.638655291895589, 59.853254464393856, 5.349999904632568 ], [ 17.638451237841828, 59.853134562158644, 5.690000057220459 ], [ 17.638401770478289, 59.853108161456426, 5.789999961853027 ] ] } },
{ "type": "Feature", "properties": { }, "geometry": { "type": "LineString", "coordinates": [ [ 17.638401770478289, 59.853108161456426, 5.789999961853027 ], [ 17.6382611455671, 59.853033109692049, 6.090000152587891 ], [ 17.638184481184993, 59.852920089752224, 6.409999847412109 ], [ 17.63818199481409, 59.852822713929271, 6.630000114440918 ], [ 17.638222092935731, 59.852711950274141, 6.769999980926514 ], [ 17.638217435309215, 59.852695793669469, 6.789999961853027 ] ] } },
{ "type": "Feature", "properties": { }, "geometry": { "type": "LineString", "coordinates": [ [ 17.638217435309215, 59.852695793669469, 6.789999961853027 ], [ 17.63820869638683, 59.852665479619425, 6.809999942779541 ], [ 17.638163918628081, 59.852630030837574, 7.050000190734863 ] ] } },
{ "type": "Feature", "properties": { }, "geometry": { "type": "LineString", "coordinates": [ [ 17.640384034627122, 59.852922663215857, 3.960000038146973 ], [ 17.640509009714467, 59.85294442492664, 3.900000095367432 ], [ 17.640533917517896, 59.852954003977189, 3.849999904632568 ], [ 17.640555738809198, 59.852975979309925, 3.819999933242798 ], [ 17.640587806712876, 59.853026179476764, 3.799999952316284 ], [ 17.640668910566188, 59.853090392606191, 3.759999990463257 ], [ 17.640744883606583, 59.853183253263033, 3.730000019073486 ], [ 17.640765444458125, 59.85322534715862, 3.700000047683716 ], [ 17.64075532148513, 59.853265929604468, 3.660000085830688 ] ] } },
{ "type": "Feature", "properties": { }, "geometry": { "type": "LineString", "coordinates": [ [ 17.642723780473727, 59.853540595402578, 3.230000019073486 ], [ 17.642763839299061, 59.853490082380134, 3.210000038146973 ], [ 17.642789803835161, 59.853445976714831, 3.240000009536743 ], [ 17.64279043503312, 59.853387554222095, 3.319999933242798 ], [ 17.642765380787129, 59.853346164698287, 3.400000095367432 ], [ 17.642714175767107, 59.853284129114961, 3.730000019073486 ] ] } },
{ "type": "Feature", "properties": { }, "geometry": { "type": "LineString", "coordinates": [ [ 17.64314677895991, 59.852109636565153, 3.319999933242798 ], [ 17.643032322756536, 59.852240411093987, 3.210000038146973 ], [ 17.642814353594606, 59.852477085594607, 3.309999942779541 ], [ 17.642774379883001, 59.85251747488411, 3.309999942779541 ] ] } },
{ "type": "Feature", "properties": { }, "geometry": { "type": "LineString", "coordinates": [ [ 17.642774379883001, 59.85251747488411, 3.309999942779541 ], [ 17.642666983508466, 59.852625987243307, 3.470000028610229 ], [ 17.642508707489856, 59.852717076171722, 3.460000038146973 ], [ 17.642198925521086, 59.852852782352556, 3.630000114440918 ] ] } },
{ "type": "Feature", "properties": { }, "geometry": { "type": "LineString", "coordinates": [ [ 17.642198925521086, 59.852852782352556, 3.630000114440918 ], [ 17.642175745749892, 59.852862936641181, 3.599999904632568 ], [ 17.642116241728807, 59.85289584509038, 3.630000114440918 ], [ 17.641970595029882, 59.852976372605191, 3.680000066757202 ] ] } },
{ "type": "Feature", "properties": { }, "geometry": { "type": "LineString", "coordinates": [ [ 17.645034387123378, 59.8515737273027, 3.720000028610229 ], [ 17.644376838311175, 59.851748986711073, 3.369999885559082 ], [ 17.644245368421192, 59.851783241960248, 3.309999942779541 ] ] } },
{ "type": "Feature", "properties": { }, "geometry": { "type": "LineString", "coordinates": [ [ 17.644245368421192, 59.851783241960248, 3.309999942779541 ], [ 17.64397663617466, 59.85185326109508, 3.269999980926514 ], [ 17.643707516320202, 59.851895349254882, 3.210000038146973 ], [ 17.643471396003637, 59.851954490431709, 3.160000085830688 ], [ 17.643437623192565, 59.851968652884558, 3.119999885559082 ] ] } },
{ "type": "Feature", "properties": { }, "geometry": { "type": "LineString", "coordinates": [ [ 17.643437623192565, 59.851968652884558, 3.119999885559082 ], [ 17.643230006840149, 59.852055715271213, 3.210000038146973 ], [ 17.64314677895991, 59.852109636565153, 3.319999933242798 ] ] } },
{ "type": "Feature", "properties": { }, "geometry": { "type": "LineString", "coordinates": [ [ 17.642340318856515, 59.851316080250108, 4.0 ], [ 17.642509052093786, 59.851364335476795, 3.970000028610229 ], [ 17.642717845002089, 59.851438995952535, 3.980000019073486 ], [ 17.64291360590807, 59.851531491443012, 4.050000190734863 ], [ 17.643058032414281, 59.851579742305056, 4.039999961853027 ] ] } },
{ "type": "Feature", "properties": { }, "geometry": { "type": "LineString", "coordinates": [ [ 17.643058032414281, 59.851579742305056, 4.039999961853027 ], [ 17.643086467911729, 59.851589242168949, 4.0 ], [ 17.64329645476742, 59.851632121044084, 3.890000104904175 ], [ 17.643441224246999, 59.851644324381915, 3.859999895095825 ] ] } },
{ "type": "Feature", "properties": { }, "geometry": { "type": "LineString", "coordinates": [ [ 17.642068167678126, 59.851220577789441, 4.360000133514404 ], [ 17.642340318856515, 59.851316080250108, 4.0 ] ] } },
{ "type": "Feature", "properties": { }, "geometry": { "type": "LineString", "coordinates": [ [ 17.643529096429369, 59.851494818088682, 3.910000085830688 ], [ 17.643506710826948, 59.851509679253255, 3.920000076293945 ], [ 17.643475428312179, 59.851551065291218, 3.970000028610229 ], [ 17.643453575936874, 59.851591505287047, 3.940000057220459 ], [ 17.643441224246999, 59.851644324381915, 3.859999895095825 ], [ 17.643463219477905, 59.851659507565692, 3.839999914169312 ], [ 17.643584328330515, 59.85168232901551, 3.660000085830688 ], [ 17.643726857192004, 59.851727861314806, 3.430000066757202 ], [ 17.643847158150646, 59.851777394694416, 3.279999971389771 ], [ 17.643903922524608, 59.85181065529131, 3.269999980926514 ] ] } },
{ "type": "Feature", "properties": { }, "geometry": { "type": "LineString", "coordinates": [ [ 17.643903922524608, 59.85181065529131, 3.269999980926514 ], [ 17.64397663617466, 59.85185326109508, 3.269999980926514 ], [ 17.644060664729341, 59.851941839506168, 3.369999885559082 ], [ 17.644225547263773, 59.852150324193538, 3.650000095367432 ], [ 17.644264488143417, 59.852217645012693, 3.940000057220459 ] ] } },
{ "type": "Feature", "properties": { }, "geometry": { "type": "LineString", "coordinates": [ [ 17.642340318856515, 59.851316080250108, 4.0 ], [ 17.642488926902402, 59.851128687628723, 3.930000066757202 ], [ 17.642621809982394, 59.851017908095805, 4.150000095367432 ], [ 17.642785917170464, 59.850934013850406, 4.210000038146973 ] ] } },
{ "type": "Feature", "properties": { }, "geometry": { "type": "LineString", "coordinates": [ [ 17.642785917170464, 59.850934013850406, 4.210000038146973 ], [ 17.642925546014133, 59.85086263284002, 4.199999809265137 ] ] } },
{ "type": "Feature", "properties": { }, "geometry": { "type": "LineString", "coordinates": [ [ 17.642925546014133, 59.85086263284002, 4.199999809265137 ], [ 17.642962150748009, 59.850842139894979, 4.119999885559082 ], [ 17.643006052120263, 59.850737022769721, 4.039999961853027 ], [ 17.64308488226958, 59.850632710251979, 4.039999961853027 ], [ 17.643130059219015, 59.850595163844233, 4.019999980926514 ], [ 17.643248740168783, 59.85052871713772, 4.010000228881836 ], [ 17.643359224582575, 59.850487723329948, 4.0 ] ] } },
{ "type": "Feature", "properties": { }, "geometry": { "type": "LineString", "coordinates": [ [ 17.643359224582575, 59.850487723329948, 4.0 ], [ 17.643384298384099, 59.850478419994523, 4.03000020980835 ], [ 17.643507219093298, 59.850446349912453, 3.980000019073486 ], [ 17.64356970774033, 59.850446943443671, 3.950000047683716 ], [ 17.64369731381645, 59.850457606776011, 3.940000057220459 ], [ 17.643838408593535, 59.850476164827953, 3.980000019073486 ], [ 17.643934504255579, 59.850494948656674, 4.0 ], [ 17.644095267452638, 59.850558080404305, 4.070000171661377 ], [ 17.644133097925444, 59.850592288879227, 4.119999885559082 ] ] } },
{ "type": "Feature", "properties": { }, "geometry": { "type": "LineString", "coordinates": [ [ 17.644133097925444, 59.850592288879227, 4.119999885559082 ], [ 17.644133569300447, 59.8505927151229, 4.119999885559082 ], [ 17.644148732922062, 59.850641583823837, 4.039999961853027 ], [ 17.644148076398462, 59.850688957332444, 3.970000028610229 ], [ 17.644122591414884, 59.85075301855241, 3.880000114440918 ], [ 17.644101377059854, 59.850781810995635, 3.900000095367432 ] ] } },
{ "type": "Feature", "properties": { }, "geometry": { "type": "LineString", "coordinates": [ [ 17.644101377059854, 59.850781810995635, 3.900000095367432 ], [ 17.644272125011248, 59.850828645859629, 3.859999895095825 ], [ 17.64436370542666, 59.850858198490542, 3.849999904632568 ] ] } },
{ "type": "Feature", "properties": { }, "geometry": { "type": "LineString", "coordinates": [ [ 17.644429525928594, 59.850881187817116, 3.869999885559082 ], [ 17.644477205879891, 59.85089943798846, 3.890000104904175 ] ] } },
{ "type": "Feature", "properties": { }, "geometry": { "type": "LineString", "coordinates": [ [ 17.644101377059854, 59.850781810995635, 3.900000095367432 ], [ 17.643904796782966, 59.850868146580368, 3.970000028610229 ], [ 17.643758486534036, 59.850924249253602, 4.059999942779541 ], [ 17.643676954540592, 59.85094526660567, 4.130000114440918 ], [ 17.643573267068042, 59.850960290510109, 4.230000019073486 ], [ 17.643474169935345, 59.850963230372138, 4.210000038146973 ], [ 17.643387952952626, 59.850960279613133, 4.210000038146973 ], [ 17.643327746594665, 59.850952707897484, 4.199999809265137 ] ] } },
{ "type": "Feature", "properties": { }, "geometry": { "type": "LineString", "coordinates": [ [ 17.643327746594665, 59.850952707897484, 4.199999809265137 ], [ 17.643237312494893, 59.850941334600201, 4.21999979019165 ], [ 17.64307676653403, 59.850904086785029, 4.130000114440918 ], [ 17.642925546014133, 59.85086263284002, 4.199999809265137 ] ] } },
{ "type": "Feature", "properties": { }, "geometry": { "type": "LineString", "coordinates": [ [ 17.644477205879891, 59.85089943798846, 3.890000104904175 ], [ 17.644751905835648, 59.851004570510732, 3.990000009536743 ], [ 17.644921718995732, 59.851091260269172, 4.059999942779541 ], [ 17.645021106332862, 59.851155645818118, 4.099999904632568 ], [ 17.645070490836922, 59.851217053292338, 4.070000171661377 ], [ 17.645072714339864, 59.851222672378064, 4.070000171661377 ] ] } },
{ "type": "Feature", "properties": { }, "geometry": { "type": "LineString", "coordinates": [ [ 17.645072714339864, 59.851222672378064, 4.070000171661377 ], [ 17.6451026634501, 59.851298357541609, 4.039999961853027 ], [ 17.645105819040982, 59.851373142717037, 3.970000028610229 ], [ 17.645073803779308, 59.851422695435524, 3.880000114440918 ], [ 17.645175332357059, 59.851456573054669, 3.710000038146973 ] ] } },
{ "type": "Feature", "properties": { }, "geometry": { "type": "LineString", "coordinates": [ [ 17.643441224246999, 59.851644324381915, 3.859999895095825 ], [ 17.643285027498166, 59.851761940030435, 3.670000076293945 ], [ 17.643071153465829, 59.851896724223991, 3.740000009536743 ], [ 17.643020588311234, 59.851915527466289, 3.730000019073486 ] ] } },
{ "type": "Feature", "properties": { }, "geometry": { "type": "LineString", "coordinates": [ [ 17.641683130444886, 59.851778142893046, 3.829999923706055 ], [ 17.641851973390676, 59.851682617139744, 3.859999895095825 ], [ 17.641985499151552, 59.851580091155185, 3.759999990463257 ], [ 17.642174156894381, 59.851464437901278, 3.740000009536743 ], [ 17.642229488163359, 59.851424312729741, 3.759999990463257 ] ] } },
{ "type": "Feature", "properties": { }, "geometry": { "type": "LineString", "coordinates": [ [ 17.642229488163359, 59.851424312729741, 3.759999990463257 ], [ 17.642261591313833, 59.851401032088361, 3.839999914169312 ], [ 17.642288341451447, 59.851381629436489, 3.869999885559082 ], [ 17.642340318856515, 59.851316080250108, 4.0 ] ] } },
{ "type": "Feature", "properties": { }, "geometry": { "type": "LineString", "coordinates": [ [ 17.642261591313833, 59.851401032088361, 3.839999914169312 ], [ 17.642329730790856, 59.851483856140021, 3.799999952316284 ], [ 17.642394997522469, 59.851560035305688, 3.789999961853027 ], [ 17.642413318919676, 59.851612331228303, 3.799999952316284 ], [ 17.642441387007661, 59.851636158046063, 3.849999904632568 ], [ 17.642549245393063, 59.851702944995353, 3.880000114440918 ], [ 17.642669808038949, 59.851794002319068, 3.920000076293945 ] ] } },
{ "type": "Feature", "properties": { }, "geometry": { "type": "LineString", "coordinates": [ [ 17.642669808038949, 59.851794002319068, 3.920000076293945 ], [ 17.642694407404147, 59.85181258140063, 3.880000114440918 ], [ 17.642733601205997, 59.851847548370522, 3.920000076293945 ] ] } },
{ "type": "Feature", "properties": { }, "geometry": { "type": "LineString", "coordinates": [ [ 17.641851973390676, 59.851682617139744, 3.859999895095825 ], [ 17.64200692910704, 59.851651597177302, 3.779999971389771 ], [ 17.642158520915377, 59.851629980995781, 3.710000038146973 ], [ 17.642262143672923, 59.851623796321199, 3.690000057220459 ], [ 17.642413318919676, 59.851612331228303, 3.799999952316284 ] ] } },
{ "type": "Feature", "properties": { }, "geometry": { "type": "LineString", "coordinates": [ [ 17.641683130444886, 59.851778142893046, 3.829999923706055 ], [ 17.641677655195767, 59.851797746520788, 3.859999895095825 ], [ 17.641727908529987, 59.852093669194126, 3.859999895095825 ] ] } },
{ "type": "Feature", "properties": { }, "geometry": { "type": "LineString", "coordinates": [ [ 17.642127277036998, 59.852478003779026, 3.890000104904175 ], [ 17.6419402314351, 59.852587128981256, 3.859999895095825 ], [ 17.641804437028803, 59.852666202276218, 3.849999904632568 ], [ 17.64174381088619, 59.852678739974415, 3.910000085830688 ], [ 17.641572537953174, 59.852802245052416, 3.809999942779541 ], [ 17.641554083118944, 59.852816120589608, 3.779999971389771 ] ] } },
{ "type": "Feature", "properties": { }, "geometry": { "type": "LineString", "coordinates": [ [ 17.641554083118944, 59.852816120589608, 3.779999971389771 ], [ 17.641455459987263, 59.852890271597076, 3.75 ], [ 17.641415012932388, 59.852907850391496, 3.769999980926514 ], [ 17.641335962745366, 59.852918109479873, 3.420000076293945 ] ] } },
{ "type": "Feature", "properties": { }, "geometry": { "type": "LineString", "coordinates": [ [ 17.641921364512037, 59.852889328571216, 3.599999904632568 ], [ 17.641908904657026, 59.852867279744686, 3.559999942779541 ], [ 17.641789579900742, 59.852724189366157, 3.769999980926514 ], [ 17.64174381088619, 59.852678739974415, 3.910000085830688 ], [ 17.641604034265217, 59.852507365422163, 4.039999961853027 ], [ 17.641616182687066, 59.852473341425345, 4.139999866485596 ] ] } },
{ "type": "Feature", "properties": { }, "geometry": { "type": "LineString", "coordinates": [ [ 17.641616182687066, 59.852473341425345, 4.139999866485596 ], [ 17.64171222355473, 59.852204358068008, 4.050000190734863 ] ] } },
{ "type": "Feature", "properties": { }, "geometry": { "type": "LineString", "coordinates": [ [ 17.641465257293241, 59.853032791004622, 3.720000028610229 ], [ 17.641525827739052, 59.853019847700345, 3.599999904632568 ], [ 17.641890599894097, 59.852900667315033, 3.509999990463257 ], [ 17.641921364512037, 59.852889328571216, 3.599999904632568 ] ] } },
{ "type": "Feature", "properties": { }, "geometry": { "type": "LineString", "coordinates": [ [ 17.640757618391433, 59.85256183266884, 4.130000114440918 ], [ 17.640800894927573, 59.85256474029746, 4.099999904632568 ], [ 17.640864017803064, 59.852577264217011, 4.03000020980835 ], [ 17.641011785738925, 59.852620410187455, 4.019999980926514 ], [ 17.641087079586281, 59.852642468751682, 4.03000020980835 ], [ 17.64120956588085, 59.852665600252585, 4.010000228881836 ], [ 17.641266752920945, 59.852703754113136, 3.990000009536743 ], [ 17.641359244736034, 59.852794248606628, 3.940000057220459 ], [ 17.641368739299772, 59.852813594607724, 3.880000114440918 ], [ 17.641381931092731, 59.852840465319701, 3.880000114440918 ] ] } },
{ "type": "Feature", "properties": { }, "geometry": { "type": "LineString", "coordinates": [ [ 17.641381931092731, 59.852840465319701, 3.880000114440918 ], [ 17.641415012932388, 59.852907850391496, 3.769999980926514 ] ] } },
{ "type": "Feature", "properties": { }, "geometry": { "type": "LineString", "coordinates": [ [ 17.641415012932388, 59.852907850391496, 3.769999980926514 ], [ 17.641465257293241, 59.853032791004622, 3.720000028610229 ] ] } },
{ "type": "Feature", "properties": { }, "geometry": { "type": "LineString", "coordinates": [ [ 17.641465257293241, 59.853032791004622, 3.720000028610229 ], [ 17.64146825524363, 59.853081204608628, 3.640000104904175 ] ] } },
{ "type": "Feature", "properties": { }, "geometry": { "type": "LineString", "coordinates": [ [ 17.641604034265217, 59.852507365422163, 4.039999961853027 ], [ 17.641480015782811, 59.852538563382197, 4.0 ], [ 17.641391802786064, 59.852576801568645, 4.03000020980835 ], [ 17.641259881614594, 59.852640564180071, 4.050000190734863 ], [ 17.64120956588085, 59.852665600252585, 4.010000228881836 ] ] } },
{ "type": "Feature", "properties": { }, "geometry": { "type": "LineString", "coordinates": [ [ 17.64120956588085, 59.852665600252585, 4.010000228881836 ], [ 17.641120685249664, 59.852678183604588, 4.059999942779541 ], [ 17.641048697779073, 59.852699357468104, 4.179999828338623 ], [ 17.640997026866756, 59.85273464932137, 4.159999847412109 ], [ 17.640934336257615, 59.852765436957604, 4.090000152587891 ], [ 17.640713319777465, 59.85286083762891, 3.970000028610229 ], [ 17.640563430054705, 59.852919006990561, 3.890000104904175 ], [ 17.640518557592699, 59.852939965433769, 3.869999885559082 ] ] } },
{ "type": "Feature", "properties": { }, "geometry": { "type": "LineString", "coordinates": [ [ 17.640518557592699, 59.852939965433769, 3.869999885559082 ], [ 17.640509009714467, 59.85294442492664, 3.900000095367432 ] ] } },
{ "type": "Feature", "properties": { }, "geometry": { "type": "LineString", "coordinates": [ [ 17.640509009714467, 59.85294442492664, 3.900000095367432 ], [ 17.640610915136786, 59.852939075515948, 3.740000009536743 ], [ 17.64070063775474, 59.852931693461748, 3.430000066757202 ] ] } },
{ "type": "Feature", "properties": { }, "geometry": { "type": "LineString", "coordinates": [ [ 17.64070063775474, 59.852931693461748, 3.430000066757202 ], [ 17.640681221183037, 59.852963011737799, 3.299999952316284 ], [ 17.640673824769202, 59.852986658241868, 3.299999952316284 ], [ 17.640687607808509, 59.853023570371391, 3.309999942779541 ], [ 17.640773359516523, 59.85308293631509, 3.329999923706055 ], [ 17.640778109400316, 59.853102541727907, 3.25 ], [ 17.640808767783692, 59.853148937053327, 3.25 ], [ 17.640831169400698, 59.853172513874497, 3.259999990463257 ], [ 17.640877045636163, 59.853191058520629, 3.269999980926514 ], [ 17.640990360441538, 59.853192567866529, 3.630000114440918 ] ] } },
{ "type": "Feature", "properties": { }, "geometry": { "type": "LineString", "coordinates": [ [ 17.64080338532699, 59.852901865278334, 3.509999990463257 ], [ 17.640738789674721, 59.852874445437493, 3.910000085830688 ], [ 17.640713319777465, 59.85286083762891, 3.970000028610229 ] ] } },
{ "type": "Feature", "properties": { }, "geometry": { "type": "LineString", "coordinates": [ [ 17.641181869125997, 59.853095674633714, 3.829999923706055 ], [ 17.641142429162606, 59.853070048577379, 3.589999914169312 ], [ 17.641090352942225, 59.853039629559056, 2.890000104904175 ], [ 17.641021288168918, 59.85299962254809, 3.589999914169312 ], [ 17.640957319420306, 59.852965523392328, 3.559999942779541 ], [ 17.640886155916004, 59.852932917645667, 2.779999971389771 ], [ 17.64080338532699, 59.852901865278334, 3.509999990463257 ] ] } },
{ "type": "Feature", "properties": { }, "geometry": { "type": "LineString", "coordinates": [ [ 17.642007986111498, 59.851027862209428, 4.46999979019165 ], [ 17.642121788586781, 59.851055499855612, 4.480000019073486 ], [ 17.642227494790269, 59.85108733289168, 4.539999961853027 ] ] } },
{ "type": "Feature", "properties": { }, "geometry": { "type": "LineString", "coordinates": [ [ 17.639263922975204, 59.853240633371719, 4.739999771118164 ], [ 17.639441245195698, 59.85328378804099, 4.880000114440918 ], [ 17.639576279392166, 59.853320588412871, 4.860000133514404 ] ] } },
{ "type": "Feature", "properties": { }, "geometry": { "type": "LineString", "coordinates": [ [ 17.641338044701111, 59.85307372481946, 3.670000076293945 ], [ 17.641340177603425, 59.853052774979346, 3.589999914169312 ], [ 17.641368185695022, 59.853016872924769, 3.279999971389771 ], [ 17.64137144602606, 59.852976984907883, 3.289999961853027 ], [ 17.641354064029027, 59.852943564142869, 3.339999914169312 ], [ 17.641335962745366, 59.852918109479873, 3.420000076293945 ] ] } },
{ "type": "Feature", "properties": { }, "geometry": { "type": "LineString", "coordinates": [ [ 17.641335962745366, 59.852918109479873, 3.420000076293945 ], [ 17.64128505618087, 59.852856224426354, 3.319999933242798 ], [ 17.641244217002946, 59.852830497999967, 3.369999885559082 ], [ 17.641211532106652, 59.852817213527416, 3.299999952316284 ], [ 17.641173406011845, 59.852806929107224, 3.309999942779541 ], [ 17.641093074864038, 59.852794500825276, 3.5 ], [ 17.641013962195849, 59.852795602996579, 3.369999885559082 ], [ 17.640990337702455, 59.852800067168921, 3.25 ], [ 17.640956274699466, 59.852817253611285, 3.269999980926514 ], [ 17.640853170971006, 59.852875440970571, 3.380000114440918 ], [ 17.64080338532699, 59.852901865278334, 3.509999990463257 ] ] } },
{ "type": "Feature", "properties": { }, "geometry": { "type": "LineString", "coordinates": [ [ 17.64080338532699, 59.852901865278334, 3.509999990463257 ], [ 17.64070063775474, 59.852931693461748, 3.430000066757202 ] ] } },
{ "type": "Feature", "properties": { }, "geometry": { "type": "LineString", "coordinates": [ [ 17.640997026866756, 59.85273464932137, 4.159999847412109 ], [ 17.641060279703062, 59.85275217424153, 4.230000019073486 ], [ 17.641103386587293, 59.852772630241326, 3.849999904632568 ], [ 17.641108025867524, 59.852774514353229, 3.849999904632568 ], [ 17.641132391447382, 59.852781641582084, 4.150000095367432 ], [ 17.641165157988517, 59.852788100561845, 3.730000019073486 ], [ 17.641202968735833, 59.852786756465854, 3.920000076293945 ], [ 17.641234257956039, 59.852798355842801, 4.179999828338623 ], [ 17.641258644441923, 59.852808908841887, 4.150000095367432 ], [ 17.641289387307616, 59.852813923711409, 4.079999923706055 ], [ 17.641368739299772, 59.852813594607724, 3.880000114440918 ] ] } },
{ "type": "Feature", "properties": { }, "geometry": { "type": "LineString", "coordinates": [ [ 17.641108025867524, 59.852774514353229, 3.849999904632568 ], [ 17.641093074864038, 59.852794500825276, 3.5 ] ] } },
{ "type": "Feature", "properties": { }, "geometry": { "type": "LineString", "coordinates": [ [ 17.640990337702455, 59.852800067168921, 3.25 ], [ 17.640934336257615, 59.852765436957604, 4.090000152587891 ] ] } },
{ "type": "Feature", "properties": { }, "geometry": { "type": "LineString", "coordinates": [ [ 17.641852933596365, 59.852139854646026, 3.799999952316284 ], [ 17.642129539542868, 59.852103159098405, 3.640000104904175 ], [ 17.642441553587666, 59.852061262279591, 3.440000057220459 ], [ 17.642626208082419, 59.851995982754332, 3.660000085830688 ] ] } },
{ "type": "Feature", "properties": { }, "geometry": { "type": "LineString", "coordinates": [ [ 17.642110107351165, 59.853687559191911, 3.349999904632568 ], [ 17.642363614408566, 59.853636815583805, 3.0 ], [ 17.642561741297083, 59.853584813620216, 3.079999923706055 ], [ 17.642723780473727, 59.853540595402578, 3.230000019073486 ] ] } },
{ "type": "Feature", "properties": { }, "geometry": { "type": "LineString", "coordinates": [ [ 17.643384298384099, 59.850478419994523, 4.03000020980835 ], [ 17.643185307587444, 59.850286330061948, 4.949999809265137 ] ] } },
{ "type": "Feature", "properties": { }, "geometry": { "type": "LineString", "coordinates": [ [ 17.64411550990965, 59.850371408825758, 4.25 ], [ 17.644486707277707, 59.850070023801152, 4.380000114440918 ] ] } },
{ "type": "Feature", "properties": { }, "geometry": { "type": "LineString", "coordinates": [ [ 17.644006552324658, 59.850445776852446, 4.099999904632568 ], [ 17.644024861716137, 59.850433281626657, 4.099999904632568 ], [ 17.64411550990965, 59.850371408825758, 4.25 ] ] } },
{ "type": "Feature", "properties": { }, "geometry": { "type": "LineString", "coordinates": [ [ 17.643846336127673, 59.849849628818959, 4.440000057220459 ], [ 17.643906240774868, 59.849867926244343, 4.369999885559082 ], [ 17.644463044142977, 59.850038000183964, 4.349999904632568 ], [ 17.644486707277707, 59.850070023801152, 4.380000114440918 ], [ 17.644505549392271, 59.850095527405927, 4.380000114440918 ], [ 17.64454683889215, 59.850108509699723, 4.340000152587891 ] ] } },
{ "type": "Feature", "properties": { }, "geometry": { "type": "LineString", "coordinates": [ [ 17.64454683889215, 59.850108509699723, 4.340000152587891 ], [ 17.64513782442328, 59.85029432552799, 4.329999923706055 ], [ 17.645234900758716, 59.850324844913587, 4.340000152587891 ], [ 17.645247184933382, 59.850365011493743, 4.329999923706055 ] ] } },
{ "type": "Feature", "properties": { }, "geometry": { "type": "LineString", "coordinates": [ [ 17.645247184933382, 59.850365011493743, 4.329999923706055 ], [ 17.645259856325914, 59.850406444084697, 4.230000019073486 ], [ 17.645926297982623, 59.850622996283356, 4.949999809265137 ] ] } },
{ "type": "Feature", "properties": { }, "geometry": { "type": "LineString", "coordinates": [ [ 17.644769250790542, 59.850594175005277, 3.829999923706055 ], [ 17.64513782442328, 59.85029432552799, 4.329999923706055 ] ] } },
{ "type": "Feature", "properties": { }, "geometry": { "type": "LineString", "coordinates": [ [ 17.643526725340099, 59.850184916071903, 4.710000038146973 ], [ 17.643906240774868, 59.849867926244343, 4.369999885559082 ] ] } },
{ "type": "Feature", "properties": { }, "geometry": { "type": "LineString", "coordinates": [ [ 17.63829192890066, 59.852571360636915, 6.760000228881836 ], [ 17.638262852312788, 59.852563984707224, 6.989999771118164 ], [ 17.638244452475135, 59.852558321991197, 7.039999961853027 ], [ 17.638224482089615, 59.852549478684644, 7.139999866485596 ], [ 17.638194468059936, 59.852532206940886, 7.309999942779541 ], [ 17.63814459509662, 59.852504285297087, 7.659999847412109 ] ] } },
{ "type": "Feature", "properties": { }, "geometry": { "type": "LineString", "coordinates": [ [ 17.6405952517656, 59.851973808260375, 4.400000095367432 ], [ 17.640793508923558, 59.852036473788367, 4.260000228881836 ] ] } },
{ "type": "Feature", "properties": { }, "geometry": { "type": "LineString", "coordinates": [ [ 17.643584328330515, 59.85168232901551, 3.660000085830688 ], [ 17.643673652687497, 59.851661212323343, 3.599999904632568 ], [ 17.643761749562401, 59.85164175481745, 3.589999914169312 ], [ 17.643832843623663, 59.85162374519723, 3.559999942779541 ], [ 17.643894407431933, 59.851596554861409, 3.539999961853027 ], [ 17.643948713233321, 59.851551101527875, 3.519999980926514 ] ] } },
{ "type": "Feature", "properties": { }, "geometry": { "type": "LineString", "coordinates": [ [ 17.640640620242952, 59.852406888484985, 4.460000038146973 ], [ 17.640727870445151, 59.852472320176958, 4.179999828338623 ], [ 17.640814308901938, 59.852533835097042, 4.110000133514404 ] ] } },
{ "type": "Feature", "properties": { }, "geometry": { "type": "LineString", "coordinates": [ [ 17.641197417526548, 59.852269367002052, 4.079999923706055 ], [ 17.641344584271152, 59.85222689788106, 4.079999923706055 ], [ 17.641510257362285, 59.852184599640182, 3.970000028610229 ], [ 17.641632445557942, 59.852162268006644, 4.019999980926514 ] ] } },
{ "type": "Feature", "properties": { }, "geometry": { "type": "LineString", "coordinates": [ [ 17.643665312589871, 59.849794334414234, 3.960000038146973 ], [ 17.643757681449955, 59.849822551066147, 6.070000171661377 ] ] } },
{ "type": "Feature", "properties": { }, "geometry": { "type": "LineString", "coordinates": [ [ 17.643757681449955, 59.849822551066147, 6.070000171661377 ], [ 17.643846336127673, 59.849849628818959, 4.440000057220459 ] ] } },
{ "type": "Feature", "properties": { }, "geometry": { "type": "LineString", "coordinates": [ [ 17.64200440970221, 59.853356281884452, 3.480000019073486 ], [ 17.641996236801344, 59.853225807284787, 3.619999885559082 ], [ 17.641970595029882, 59.852976372605191, 3.680000066757202 ], [ 17.64193330703737, 59.85291044408703, 3.589999914169312 ] ] } },
{ "type": "Feature", "properties": { }, "geometry": { "type": "LineString", "coordinates": [ [ 17.64193330703737, 59.85291044408703, 3.589999914169312 ], [ 17.641921364512037, 59.852889328571216, 3.599999904632568 ] ] } },
{ "type": "Feature", "properties": { }, "geometry": { "type": "LineString", "coordinates": [ [ 17.641921364512037, 59.852889328571216, 3.599999904632568 ], [ 17.641961508226203, 59.852879964343039, 3.539999961853027 ], [ 17.641993910025427, 59.852877129699259, 3.509999990463257 ], [ 17.642021332371201, 59.852875772629986, 3.519999980926514 ], [ 17.642058670226305, 59.85287682899353, 3.690000057220459 ], [ 17.642090734080945, 59.852883808646581, 3.579999923706055 ], [ 17.642116241728807, 59.85289584509038, 3.630000114440918 ] ] } },
{ "type": "Feature", "properties": { }, "geometry": { "type": "LineString", "coordinates": [ [ 17.642979886979401, 59.85201582642474, 3.549999952316284 ], [ 17.643008617493408, 59.8520414671423, 3.490000009536743 ], [ 17.64314677895991, 59.852109636565153, 3.319999933242798 ] ] } },
{ "type": "Feature", "properties": { }, "geometry": { "type": "LineString", "coordinates": [ [ 17.642441553587666, 59.852061262279591, 3.440000057220459 ], [ 17.642259816506776, 59.852385247791581, 3.799999952316284 ], [ 17.642205998814081, 59.852427721189869, 3.859999895095825 ] ] } },
{ "type": "Feature", "properties": { }, "geometry": { "type": "LineString", "coordinates": [ [ 17.641612084579297, 59.851599592775997, 4.389999866485596 ], [ 17.641653003774856, 59.85164113515583, 4.389999866485596 ], [ 17.641652438963721, 59.851693381974322, 3.880000114440918 ], [ 17.641671380439377, 59.8517408617017, 3.819999933242798 ], [ 17.641683130444886, 59.851778142893046, 3.829999923706055 ] ] } },
{ "type": "Feature", "properties": { }, "geometry": { "type": "LineString", "coordinates": [ [ 17.64314677895991, 59.852109636565153, 3.319999933242798 ], [ 17.643318876119295, 59.852179215693589, 3.279999971389771 ], [ 17.643826741828235, 59.852400156227652, 3.480000019073486 ] ] } },
{ "type": "Feature", "properties": { }, "geometry": { "type": "LineString", "coordinates": [ [ 17.643826741828235, 59.852400156227652, 3.480000019073486 ], [ 17.643941576316575, 59.852450112830788, 3.809999942779541 ] ] } },
{ "type": "Feature", "properties": { }, "geometry": { "type": "LineString", "coordinates": [ [ 17.641335962745366, 59.852918109479873, 3.420000076293945 ], [ 17.641233798739968, 59.852933050901022, 3.220000028610229 ], [ 17.641166943378099, 59.852939067908743, 3.359999895095825 ], [ 17.641147199633266, 59.852935238458301, 3.380000114440918 ], [ 17.641119207825074, 59.852926149686276, 3.440000057220459 ], [ 17.641093675463729, 59.852926754845534, 3.450000047683716 ], [ 17.641078407775833, 59.852937646793102, 3.480000019073486 ], [ 17.641073341197743, 59.852949861552545, 3.480000019073486 ], [ 17.641069261556087, 59.852972584971674, 3.529999971389771 ], [ 17.641042159176351, 59.852989610341183, 3.549999952316284 ], [ 17.641021288168918, 59.85299962254809, 3.589999914169312 ] ] } },
{ "type": "Feature", "properties": { }, "geometry": { "type": "LineString", "coordinates": [ [ 17.642205998814081, 59.852427721189869, 3.859999895095825 ], [ 17.642221399821732, 59.852436976847734, 3.869999885559082 ], [ 17.642227389492895, 59.852460575993476, 3.950000047683716 ], [ 17.642211846684422, 59.852474621438454, 3.910000085830688 ], [ 17.64218469807172, 59.852483096726573, 3.910000085830688 ], [ 17.642160761748311, 59.852484440954271, 3.900000095367432 ], [ 17.642130565795004, 59.852479179758816, 3.890000104904175 ], [ 17.642127277036998, 59.852478003779026, 3.890000104904175 ] ] } },
{ "type": "Feature", "properties": { }, "geometry": { "type": "LineString", "coordinates": [ [ 17.642127277036998, 59.852478003779026, 3.890000104904175 ], [ 17.642124141904425, 59.85247672478382, 3.890000104904175 ], [ 17.642106022101231, 59.852463483617662, 3.910000085830688 ], [ 17.642102980807874, 59.852447477156318, 3.920000076293945 ], [ 17.642115800033647, 59.852432751192673, 3.890000104904175 ], [ 17.642141222275672, 59.852423011469853, 3.859999895095825 ], [ 17.642172858317497, 59.852420727494575, 3.869999885559082 ], [ 17.64220271191725, 59.852426466657207, 3.859999895095825 ], [ 17.642205998814081, 59.852427721189869, 3.859999895095825 ] ] } },
{ "type": "Feature", "properties": { }, "geometry": { "type": "LineString", "coordinates": [ [ 17.641852933596365, 59.852139854646026, 3.799999952316284 ], [ 17.641849104437913, 59.852167462564353, 3.849999904632568 ], [ 17.641818553463015, 59.852191381209458, 3.950000047683716 ], [ 17.641768733830112, 59.85220480839309, 3.980000019073486 ], [ 17.641726190235694, 59.852205833659418, 4.019999980926514 ], [ 17.64171222355473, 59.852204358068008, 4.050000190734863 ] ] } },
{ "type": "Feature", "properties": { }, "geometry": { "type": "LineString", "coordinates": [ [ 17.64171222355473, 59.852204358068008, 4.050000190734863 ], [ 17.641668518947871, 59.852192579733284, 4.03000020980835 ], [ 17.641636470790861, 59.852169160985433, 4.010000228881836 ], [ 17.641632445557942, 59.852162268006644, 4.019999980926514 ] ] } },
{ "type": "Feature", "properties": { }, "geometry": { "type": "LineString", "coordinates": [ [ 17.641632445557942, 59.852162268006644, 4.019999980926514 ], [ 17.641629744911729, 59.852148003496247, 4.03000020980835 ], [ 17.641634244958905, 59.852133851422188, 4.0 ], [ 17.641663277820509, 59.852109456498113, 3.910000085830688 ], [ 17.641712225802543, 59.852095240261157, 3.890000104904175 ], [ 17.641727908529987, 59.852093669194126, 3.859999895095825 ] ] } },
{ "type": "Feature", "properties": { }, "geometry": { "type": "LineString", "coordinates": [ [ 17.641727908529987, 59.852093669194126, 3.859999895095825 ], [ 17.641733288617619, 59.852093368478336, 3.839999914169312 ], [ 17.64176174597463, 59.852094053545493, 3.809999942779541 ], [ 17.641788949068097, 59.852098304203878, 3.789999961853027 ], [ 17.641813154359419, 59.852105862796762, 3.809999942779541 ], [ 17.641832818295029, 59.852116239239848, 3.809999942779541 ], [ 17.641846665876432, 59.852128759609975, 3.769999980926514 ], [ 17.641852933596365, 59.852139854646026, 3.799999952316284 ] ] } },
{ "type": "Feature", "properties": { }, "geometry": { "type": "LineString", "coordinates": [ [ 17.642979886979401, 59.85201582642474, 3.549999952316284 ], [ 17.64296117384248, 59.852025695690891, 3.549999952316284 ], [ 17.64292884299104, 59.852038079735422, 3.599999904632568 ], [ 17.642879623976629, 59.852049382454986, 3.539999961853027 ], [ 17.642826340292402, 59.8520541142098, 3.480000019073486 ], [ 17.642772396763434, 59.852051956797169, 3.549999952316284 ], [ 17.642721267276787, 59.852043054599633, 3.599999904632568 ], [ 17.642676216200464, 59.85202797021303, 3.630000114440918 ], [ 17.642640136838128, 59.85200768768847, 3.640000104904175 ], [ 17.642626208082419, 59.851995982754332, 3.660000085830688 ] ] } },
{ "type": "Feature", "properties": { }, "geometry": { "type": "LineString", "coordinates": [ [ 17.642626208082419, 59.851995982754332, 3.660000085830688 ], [ 17.642620380401965, 59.851989825513812, 3.660000085830688 ], [ 17.64260513829548, 59.851963706880916, 3.690000057220459 ], [ 17.642603416414243, 59.851936495909214, 3.700000047683716 ], [ 17.642607703196152, 59.851923026182796, 3.720000028610229 ], [ 17.64261533708855, 59.851909938939599, 3.759999990463257 ], [ 17.642640137755233, 59.85188574297338, 3.809999942779541 ], [ 17.642676210382032, 59.851865460674681, 3.859999895095825 ], [ 17.642721262606088, 59.851850380067802, 3.910000085830688 ], [ 17.642733601205997, 59.851847548370522, 3.920000076293945 ] ] } },
{ "type": "Feature", "properties": { }, "geometry": { "type": "LineString", "coordinates": [ [ 17.642733601205997, 59.851847548370522, 3.920000076293945 ], [ 17.64278575389153, 59.851840291112509, 3.869999885559082 ], [ 17.642839855851648, 59.851839861396471, 3.829999923706055 ], [ 17.642892438214052, 59.851846278914479, 3.910000085830688 ], [ 17.642940135482782, 59.851859133011089, 3.950000047683716 ], [ 17.642979881633941, 59.851877607296139, 3.809999942779541 ], [ 17.643009138522018, 59.851900503607439, 3.789999961853027 ], [ 17.643020588311234, 59.851915527466289, 3.730000019073486 ] ] } },
{ "type": "Feature", "properties": { }, "geometry": { "type": "LineString", "coordinates": [ [ 17.643020588311234, 59.851915527466289, 3.730000019073486 ], [ 17.643026019132282, 59.851926368016194, 3.710000038146973 ], [ 17.643026020186383, 59.851967061440526, 3.680000066757202 ], [ 17.643014576515704, 59.851986677923854, 3.559999942779541 ], [ 17.642995955654598, 59.852004846776417, 3.579999923706055 ], [ 17.642979886979401, 59.85201582642474, 3.549999952316284 ] ] } },
{ "type": "Feature", "properties": { }, "geometry": { "type": "LineString", "coordinates": [ [ 17.643934504255579, 59.850494948656674, 4.0 ], [ 17.644006552324658, 59.850445776852446, 4.099999904632568 ] ] } },
{ "type": "Feature", "properties": { }, "geometry": { "type": "LineString", "coordinates": [ [ 17.644400292214296, 59.850869997595957, 3.839999914169312 ], [ 17.644429525928594, 59.850881187817116, 3.869999885559082 ] ] } },
{ "type": "Feature", "properties": { }, "geometry": { "type": "LineString", "coordinates": [ [ 17.64436370542666, 59.850858198490542, 3.849999904632568 ], [ 17.644400292214296, 59.850869997595957, 3.839999914169312 ] ] } },
{ "type": "Feature", "properties": { }, "geometry": { "type": "LineString", "coordinates": [ [ 17.644582487342088, 59.859286434232686, 6.539999961853027 ], [ 17.644665942529002, 59.859329526694459, 6.599999904632568 ] ] } },
{ "type": "Feature", "properties": { }, "geometry": { "type": "LineString", "coordinates": [ [ 17.632214273084436, 59.854002939155883, 27.370000839233398 ], [ 17.632253491067253, 59.853953966747852, 27.020000457763672 ] ] } },
{ "type": "Feature", "properties": { }, "geometry": { "type": "LineString", "coordinates": [ [ 17.632837547694745, 59.853234824087437, 28.180000305175781 ], [ 17.632957421295504, 59.853259750001513, 29.510000228881836 ] ] } },
{ "type": "Feature", "properties": { }, "geometry": { "type": "LineString", "coordinates": [ [ 17.632957421295504, 59.853259750001513, 29.510000228881836 ], [ 17.633039656589681, 59.853276849019537, 29.600000381469727 ], [ 17.633120730538344, 59.853293992635379, 29.600000381469727 ] ] } },
{ "type": "Feature", "properties": { }, "geometry": { "type": "LineString", "coordinates": [ [ 17.632585108084623, 59.853182927407879, 25.600000381469727 ], [ 17.632655959526506, 59.853095612484481, 25.700000762939453 ], [ 17.63252017189248, 59.853067063203035, 25.559999465942383 ] ] } },
{ "type": "Feature", "properties": { }, "geometry": { "type": "LineString", "coordinates": [ [ 17.632363453319506, 59.853231156640291, 25.430000305175781 ], [ 17.632522528864413, 59.853264773354844, 25.559999465942383 ], [ 17.632585108084623, 59.853182927407879, 25.600000381469727 ] ] } },
{ "type": "Feature", "properties": { }, "geometry": { "type": "LineString", "coordinates": [ [ 17.632655959526506, 59.853095612484481, 25.700000762939453 ], [ 17.632994048056009, 59.85268023208846, 26.030000686645508 ] ] } },
{ "type": "Feature", "properties": { }, "geometry": { "type": "LineString", "coordinates": [ [ 17.632994048056009, 59.85268023208846, 26.030000686645508 ], [ 17.633015941021636, 59.852653333697184, 25.989999771118164 ], [ 17.632931932055836, 59.852635917947843, 25.819999694824219 ] ] } },
{ "type": "Feature", "properties": { }, "geometry": { "type": "LineString", "coordinates": [ [ 17.63189446450307, 59.853680546679691, 24.819999694824219 ], [ 17.632139559020974, 59.853731729275438, 25.209999084472656 ], [ 17.632378645250522, 59.853440212582427, 25.450000762939453 ] ] } },
{ "type": "Feature", "properties": { }, "geometry": { "type": "LineString", "coordinates": [ [ 17.632378645250522, 59.853440212582427, 25.450000762939453 ], [ 17.632522528864413, 59.853264773354844, 25.559999465942383 ] ] } },
{ "type": "Feature", "properties": { }, "geometry": { "type": "LineString", "coordinates": [ [ 17.631713801557638, 59.853840466673027, 25.25 ], [ 17.63178534957564, 59.853855710185805, 25.409999847412109 ] ] } },
{ "type": "Feature", "properties": { }, "geometry": { "type": "LineString", "coordinates": [ [ 17.63217239320014, 59.853936944406499, 26.819999694824219 ], [ 17.632253491067253, 59.853953966747852, 27.020000457763672 ] ] } },
{ "type": "Feature", "properties": { }, "geometry": { "type": "LineString", "coordinates": [ [ 17.631631986718194, 59.853823034767117, 24.959999084472656 ], [ 17.631713801557638, 59.853840466673027, 25.25 ] ] } },
{ "type": "Feature", "properties": { }, "geometry": { "type": "LineString", "coordinates": [ [ 17.63178534957564, 59.853855710185805, 25.409999847412109 ], [ 17.632214273084436, 59.854002939155883, 27.370000839233398 ], [ 17.632289686180368, 59.854027669911048, 27.770000457763672 ], [ 17.632316859989572, 59.854032672598777, 27.899999618530273 ], [ 17.632349767656343, 59.854032735370993, 27.969999313354492 ], [ 17.632387655112719, 59.854028758406642, 28.209999084472656 ], [ 17.632460314524497, 59.854017212144932, 28.459999084472656 ] ] } },
{ "type": "Feature", "properties": { }, "geometry": { "type": "LineString", "coordinates": [ [ 17.632003666018122, 59.853901531228644, 25.399999618530273 ], [ 17.632139559020974, 59.853731729275438, 25.209999084472656 ] ] } },
{ "type": "Feature", "properties": { }, "geometry": { "type": "LineString", "coordinates": [ [ 17.632585108084623, 59.853182927407879, 25.600000381469727 ], [ 17.632837547694745, 59.853234824087437, 28.180000305175781 ] ] } },
{ "type": "Feature", "properties": { }, "geometry": { "type": "LineString", "coordinates": [ [ 17.633502320584931, 59.852586548948395, 29.030000686645508 ], [ 17.633441030212055, 59.852533213062479, 28.780000686645508 ], [ 17.633420432707457, 59.852515295018669, 28.719999313354492 ], [ 17.633277385794202, 59.852473095474615, 28.479999542236328 ], [ 17.633149288513611, 59.852446135935786, 28.030000686645508 ], [ 17.633118162044909, 59.852440916478358, 27.979999542236328 ] ] } },
{ "type": "Feature", "properties": { }, "geometry": { "type": "LineString", "coordinates": [ [ 17.632455101067233, 59.854044397676056, 28.360000610351562 ], [ 17.632460314524497, 59.854017212144932, 28.459999084472656 ], [ 17.632465878755013, 59.853988220842503, 28.690000534057617 ], [ 17.632626751141242, 59.853668250885811, 29.389999389648438 ], [ 17.632673510005223, 59.853610486909631, 29.389999389648438 ] ] } },
{ "type": "Feature", "properties": { }, "geometry": { "type": "LineString", "coordinates": [ [ 17.632673510005223, 59.853610486909631, 29.389999389648438 ], [ 17.632957421295504, 59.853259750001513, 29.510000228881836 ], [ 17.633010010622204, 59.853194779277921, 29.610000610351562 ] ] } },
{ "type": "Feature", "properties": { }, "geometry": { "type": "LineString", "coordinates": [ [ 17.633010010622204, 59.853194779277921, 29.610000610351562 ], [ 17.633346494259737, 59.852779069037403, 29.290000915527344 ] ] } },
{ "type": "Feature", "properties": { }, "geometry": { "type": "LineString", "coordinates": [ [ 17.633346494259737, 59.852779069037403, 29.290000915527344 ], [ 17.633502320584931, 59.852586548948395, 29.030000686645508 ] ] } },
{ "type": "Feature", "properties": { }, "geometry": { "type": "LineString", "coordinates": [ [ 17.632506965219029, 59.855065517109793, 25.010000228881836 ], [ 17.632551248839636, 59.854985942995889, 25.489999771118164 ], [ 17.632594284238323, 59.854909720099222, 25.850000381469727 ], [ 17.632605649877888, 59.854849006061535, 25.979999542236328 ], [ 17.632608699989767, 59.854828330750571, 26.030000686645508 ], [ 17.63260263024166, 59.854804661481069, 26.100000381469727 ], [ 17.632588721728606, 59.854785096268543, 26.120000839233398 ], [ 17.632546511016891, 59.854748102455439, 26.079999923706055 ], [ 17.632512374641188, 59.854724109451382, 26.149999618530273 ], [ 17.632517886617809, 59.854635689138341, 26.469999313354492 ] ] } },
{ "type": "Feature", "properties": { }, "geometry": { "type": "LineString", "coordinates": [ [ 17.632517886617809, 59.854635689138341, 26.469999313354492 ], [ 17.632524439331952, 59.854530573363917, 26.819999694824219 ], [ 17.632614786465972, 59.854189905760961, 28.290000915527344 ] ] } },
{ "type": "Feature", "properties": { }, "geometry": { "type": "LineString", "coordinates": [ [ 17.632614786465972, 59.854189905760961, 28.290000915527344 ], [ 17.632653960952929, 59.85404219032371, 28.780000686645508 ], [ 17.632759305632, 59.853747081638289, 29.350000381469727 ] ] } },
{ "type": "Feature", "properties": { }, "geometry": { "type": "LineString", "coordinates": [ [ 17.632759305632, 59.853747081638289, 29.350000381469727 ], [ 17.632767282791239, 59.853724734510919, 29.350000381469727 ], [ 17.63309050634998, 59.85333082690061, 29.600000381469727 ] ] } },
{ "type": "Feature", "properties": { }, "geometry": { "type": "LineString", "coordinates": [ [ 17.63309050634998, 59.85333082690061, 29.600000381469727 ], [ 17.633120730538344, 59.853293992635379, 29.600000381469727 ], [ 17.633188072378623, 59.853211929755332, 29.629999160766602 ], [ 17.633446648837495, 59.852919317980621, 29.479999542236328 ] ] } },
{ "type": "Feature", "properties": { }, "geometry": { "type": "LineString", "coordinates": [ [ 17.633446648837495, 59.852919317980621, 29.479999542236328 ], [ 17.633770687227127, 59.852552619941065, 29.729999542236328 ], [ 17.633808548768954, 59.852509048082815, 29.389999389648438 ] ] } },
{ "type": "Feature", "properties": { }, "geometry": { "type": "LineString", "coordinates": [ [ 17.633808548768954, 59.852509048082815, 29.389999389648438 ], [ 17.633937733205777, 59.852360378991101, 29.479999542236328 ], [ 17.634165916184813, 59.852097773961013, 29.469999313354492 ] ] } },
{ "type": "Feature", "properties": { }, "geometry": { "type": "LineString", "coordinates": [ [ 17.634165916184813, 59.852097773961013, 29.469999313354492 ], [ 17.634343223786217, 59.851893715918287, 29.5 ] ] } },
{ "type": "Feature", "properties": { }, "geometry": { "type": "LineString", "coordinates": [ [ 17.633250698134539, 59.85230213637459, 28.110000610351562 ], [ 17.633586907093303, 59.852368291845146, 28.680000305175781 ], [ 17.633667840657395, 59.852350226541581, 28.950000762939453 ] ] } },
{ "type": "Feature", "properties": { }, "geometry": { "type": "LineString", "coordinates": [ [ 17.632155311168155, 59.854905558557398, 25.170000076293945 ], [ 17.63209875551944, 59.85477590155039, 25.469999313354492 ], [ 17.632281873974197, 59.854473509387368, 27.030000686645508 ] ] } },
{ "type": "Feature", "properties": { }, "geometry": { "type": "LineString", "coordinates": [ [ 17.632281873974197, 59.854473509387368, 27.030000686645508 ], [ 17.632295892163214, 59.854450360257196, 27.090000152587891 ], [ 17.632378873935526, 59.854375222912957, 27.399999618530273 ], [ 17.632416928425478, 59.854216328403538, 27.979999542236328 ], [ 17.63243646845017, 59.85413477233822, 28.219999313354492 ] ] } },
{ "type": "Feature", "properties": { }, "geometry": { "type": "LineString", "coordinates": [ [ 17.63243646845017, 59.85413477233822, 28.219999313354492 ], [ 17.632442874743095, 59.854108041191147, 28.319999694824219 ], [ 17.632455101067233, 59.854044397676056, 28.360000610351562 ] ] } },
{ "type": "Feature", "properties": { }, "geometry": { "type": "LineString", "coordinates": [ [ 17.631614776140836, 59.853832377601229, 24.889999389648438 ], [ 17.631762829231977, 59.853863933690604, 25.309999465942383 ], [ 17.63216641704209, 59.853998706966109, 27.129999160766602 ], [ 17.632214273084436, 59.854002939155883, 27.370000839233398 ] ] } },
{ "type": "Feature", "properties": { }, "geometry": { "type": "LineString", "coordinates": [ [ 17.643274102739692, 59.860214265451397, 7.510000228881836 ], [ 17.643272532638463, 59.860242905852985, 7.489999771118164 ] ] } },
{ "type": "Feature", "properties": { }, "geometry": { "type": "LineString", "coordinates": [ [ 17.645175332357059, 59.851456573054669, 3.710000038146973 ], [ 17.645092584620961, 59.851539201987734, 3.730000019073486 ], [ 17.645034387123378, 59.8515737273027, 3.720000028610229 ] ] } },
{ "type": "Feature", "properties": { }, "geometry": { "type": "LineString", "coordinates": [ [ 17.645034387123378, 59.8515737273027, 3.720000028610229 ], [ 17.644858261837687, 59.851737885151032, 3.619999885559082 ], [ 17.644590962210334, 59.851963099006767, 3.759999990463257 ] ] } },
{ "type": "Feature", "properties": { }, "geometry": { "type": "LineString", "coordinates": [ [ 17.644590962210334, 59.851963099006767, 3.759999990463257 ], [ 17.644392788424661, 59.852130068450862, 3.930000066757202 ], [ 17.644298343931066, 59.85218982629641, 3.900000095367432 ] ] } },
{ "type": "Feature", "properties": { }, "geometry": { "type": "LineString", "coordinates": [ [ 17.644298343931066, 59.85218982629641, 3.900000095367432 ], [ 17.644264488143417, 59.852217645012693, 3.940000057220459 ] ] } },
{ "type": "Feature", "properties": { }, "geometry": { "type": "LineString", "coordinates": [ [ 17.644264488143417, 59.852217645012693, 3.940000057220459 ], [ 17.644010158944663, 59.852426635954345, 3.880000114440918 ], [ 17.643941576316575, 59.852450112830788, 3.809999942779541 ] ] } },
{ "type": "Feature", "properties": { }, "geometry": { "type": "LineString", "coordinates": [ [ 17.643941576316575, 59.852450112830788, 3.809999942779541 ], [ 17.643891903817554, 59.852525623763583, 3.890000104904175 ], [ 17.643551407548415, 59.852778687010989, 3.819999933242798 ], [ 17.6434752389377, 59.852829606499519, 3.710000038146973 ] ] } },
{ "type": "Feature", "properties": { }, "geometry": { "type": "LineString", "coordinates": [ [ 17.6434752389377, 59.852829606499519, 3.710000038146973 ], [ 17.643309436749071, 59.852940446259389, 3.609999895095825 ], [ 17.643020818438668, 59.853123941782727, 3.599999904632568 ], [ 17.642918094696942, 59.853179860884886, 3.599999904632568 ] ] } },
{ "type": "Feature", "properties": { }, "geometry": { "type": "LineString", "coordinates": [ [ 17.642918094696942, 59.853179860884886, 3.599999904632568 ], [ 17.64278919113022, 59.853250030964091, 3.700000047683716 ], [ 17.642714175767107, 59.853284129114961, 3.730000019073486 ] ] } },
{ "type": "Feature", "properties": { }, "geometry": { "type": "LineString", "coordinates": [ [ 17.642714175767107, 59.853284129114961, 3.730000019073486 ], [ 17.642364045722509, 59.853466338511886, 3.660000085830688 ], [ 17.642261667915676, 59.853508073714657, 3.650000095367432 ], [ 17.642221774649752, 59.853525498874788, 3.640000104904175 ] ] } },
{ "type": "Feature", "properties": { }, "geometry": { "type": "LineString", "coordinates": [ [ 17.644102268142603, 59.853177104108354, 2.609999895095825 ], [ 17.643638492898866, 59.853560555131097, 2.589999914169312 ] ] } },
{ "type": "Feature", "properties": { }, "geometry": { "type": "LineString", "coordinates": [ [ 17.643638492898866, 59.853560555131097, 2.589999914169312 ], [ 17.643174819564134, 59.853943911551234, 2.569999933242798 ], [ 17.643174845721187, 59.853944019640345, 2.569999933242798 ] ] } },
{ "type": "Feature", "properties": { }, "geometry": { "type": "LineString", "coordinates": [ [ 17.643174845721187, 59.853944019640345, 2.569999933242798 ], [ 17.643228182713113, 59.854164423169983, 2.740000009536743 ] ] } },
{ "type": "Feature", "properties": { }, "geometry": { "type": "LineString", "coordinates": [ [ 17.626402390662737, 59.856973225117592, 22.030000686645508 ], [ 17.626996817412902, 59.856638464021266, 22.190000534057617 ] ] } },
{ "type": "Feature", "properties": { }, "geometry": { "type": "LineString", "coordinates": [ [ 17.626996817412902, 59.856638464021266, 22.190000534057617 ], [ 17.627591232233399, 59.856303700305993, 22.590000152587891 ] ] } },
{ "type": "Feature", "properties": { }, "geometry": { "type": "LineString", "coordinates": [ [ 17.627591232233399, 59.856303700305993, 22.590000152587891 ], [ 17.627740862484444, 59.85621942977393, 22.790000915527344 ] ] } },
{ "type": "Feature", "properties": { }, "geometry": { "type": "LineString", "coordinates": [ [ 17.627740862484444, 59.85621942977393, 22.790000915527344 ], [ 17.628354155116533, 59.855893399840845, 23.299999237060547 ] ] } },
{ "type": "Feature", "properties": { }, "geometry": { "type": "LineString", "coordinates": [ [ 17.628354155116533, 59.855893399840845, 23.299999237060547 ], [ 17.628365464800172, 59.855887387461088, 23.299999237060547 ] ] } },
{ "type": "Feature", "properties": { }, "geometry": { "type": "LineString", "coordinates": [ [ 17.636862847445013, 59.852036953939873, 18.079999923706055 ], [ 17.637044804024711, 59.852476373631248, 14.159999847412109 ] ] } },
{ "type": "Feature", "properties": { }, "geometry": { "type": "LineString", "coordinates": [ [ 17.637044804024711, 59.852476373631248, 14.159999847412109 ], [ 17.637080192036578, 59.852561833196262, 13.710000038146973 ], [ 17.637263400727988, 59.852760344061608, 13.369999885559082 ], [ 17.637269093343154, 59.85280925330607, 13.289999961853027 ] ] } },
{ "type": "Feature", "properties": { }, "geometry": { "type": "LineString", "coordinates": [ [ 17.637269093343154, 59.85280925330607, 13.289999961853027 ], [ 17.637875695685501, 59.853078509720824, 8.520000457763672 ] ] } },
{ "type": "Feature", "properties": { }, "geometry": { "type": "LineString", "coordinates": [ [ 17.637875695685501, 59.853078509720824, 8.520000457763672 ], [ 17.637911367835063, 59.853311868989032, 7.019999980926514 ] ] } },
{ "type": "Feature", "properties": { }, "geometry": { "type": "LineString", "coordinates": [ [ 17.637875695685501, 59.853078509720824, 8.520000457763672 ], [ 17.638640773323143, 59.853309442493028, 5.53000020980835 ] ] } },
{ "type": "Feature", "properties": { }, "geometry": { "type": "LineString", "coordinates": [ [ 17.638640773323143, 59.853309442493028, 5.53000020980835 ], [ 17.639035375273167, 59.853428547030532, 5.03000020980835 ] ] } },
{ "type": "Feature", "properties": { }, "geometry": { "type": "LineString", "coordinates": [ [ 17.637269093343154, 59.85280925330607, 13.289999961853027 ], [ 17.637400623903734, 59.852995986940698, 13.590000152587891 ], [ 17.637390429970193, 59.853134524333299, 14.210000038146973 ], [ 17.637333510087903, 59.853242915778395, 14.050000190734863 ] ] } },
{ "type": "Feature", "properties": { }, "geometry": { "type": "LineString", "coordinates": [ [ 17.637333510087903, 59.853242915778395, 14.050000190734863 ], [ 17.637247635970088, 59.853406442873293, 13.539999961853027 ], [ 17.637247640698597, 59.853565490154985, 13.069999694824219 ], [ 17.63727001170777, 59.853685632770258, 12.909999847412109 ] ] } },
{ "type": "Feature", "properties": { }, "geometry": { "type": "LineString", "coordinates": [ [ 17.63727001170777, 59.853685632770258, 12.909999847412109 ], [ 17.637278211833589, 59.853729670985764, 12.880000114440918 ], [ 17.637257824787849, 59.853924623796658, 12.529999732971191 ], [ 17.637181595674726, 59.854130482170881, 10.960000038146973 ] ] } },
{ "type": "Feature", "properties": { }, "geometry": { "type": "LineString", "coordinates": [ [ 17.637181595674726, 59.854130482170881, 10.960000038146973 ], [ 17.637064036588136, 59.854447948136254, 8.869999885559082 ], [ 17.637012710387364, 59.854571198468804, 8.029999732971191 ] ] } },
{ "type": "Feature", "properties": { }, "geometry": { "type": "LineString", "coordinates": [ [ 17.637012710387364, 59.854571198468804, 8.029999732971191 ], [ 17.636947588405956, 59.854727575504121, 7.110000133514404 ], [ 17.636935467295107, 59.854752487031853, 7.0 ], [ 17.636917282585134, 59.854771831111329, 6.960000038146973 ] ] } },
{ "type": "Feature", "properties": { }, "geometry": { "type": "LineString", "coordinates": [ [ 17.634659242259467, 59.855437985844276, 14.510000228881836 ], [ 17.634026794144685, 59.855550253870163, 16.729999542236328 ] ] } },
{ "type": "Feature", "properties": { }, "geometry": { "type": "LineString", "coordinates": [ [ 17.638695858795987, 59.853705068367994, 5.78000020980835 ], [ 17.63825035629543, 59.85408373715407, 5.610000133514404 ] ] } },
{ "type": "Feature", "properties": { }, "geometry": { "type": "LineString", "coordinates": [ [ 17.638767751780527, 59.853643953852874, 5.670000076293945 ], [ 17.638695858795987, 59.853705068367994, 5.78000020980835 ] ] } },
{ "type": "Feature", "properties": { }, "geometry": { "type": "LineString", "coordinates": [ [ 17.645636027556641, 59.850897304670269, 4.489999771118164 ], [ 17.645619591496672, 59.850920854850827, 4.570000171661377 ] ] } },
{ "type": "Feature", "properties": { }, "geometry": { "type": "LineString", "coordinates": [ [ 17.645619591496672, 59.850920854850827, 4.570000171661377 ], [ 17.645505114797434, 59.851084916436683, 4.480000019073486 ], [ 17.645314728640113, 59.851317379215459, 4.059999942779541 ], [ 17.645293664370907, 59.851338412976226, 3.950000047683716 ] ] } },
{ "type": "Feature", "properties": { }, "geometry": { "type": "LineString", "coordinates": [ [ 17.645293664370907, 59.851338412976226, 3.950000047683716 ], [ 17.645175332357059, 59.851456573054669, 3.710000038146973 ] ] } },
{ "type": "Feature", "properties": { }, "geometry": { "type": "LineString", "coordinates": [ [ 17.648122026113395, 59.853063814994599, 4.699999809265137 ], [ 17.648096253941638, 59.853046445811444, 4.730000019073486 ] ] } },
{ "type": "Feature", "properties": { }, "geometry": { "type": "LineString", "coordinates": [ [ 17.654646493508853, 59.856673991011199, 8.170000076293945 ], [ 17.65464913277885, 59.856680304856454, 8.300000190734863 ], [ 17.654688629181614, 59.856713556408373, 8.420000076293945 ], [ 17.654738126933584, 59.856737176958582, 8.510000228881836 ], [ 17.65483634250187, 59.856769658122133, 8.609999656677246 ], [ 17.654900184188211, 59.856786764975311, 8.670000076293945 ], [ 17.654995628929463, 59.856806610587157, 8.760000228881836 ], [ 17.655000310706583, 59.856807481825371, 8.760000228881836 ] ] } },
{ "type": "Feature", "properties": { }, "geometry": { "type": "LineString", "coordinates": [ [ 17.654622442813327, 59.856616380082095, 6.420000076293945 ], [ 17.654646493508853, 59.856673991011199, 8.170000076293945 ] ] } },
{ "type": "Feature", "properties": { }, "geometry": { "type": "LineString", "coordinates": [ [ 17.645689778210098, 59.851839704984258, 2.700000047683716 ], [ 17.645231441109136, 59.852224801625582, 2.660000085830688 ] ] } },
{ "type": "Feature", "properties": { }, "geometry": { "type": "LineString", "coordinates": [ [ 17.645231441109136, 59.852224801625582, 2.660000085830688 ], [ 17.645074413439144, 59.852356734505804, 2.680000066757202 ], [ 17.64503338713083, 59.85239918044546, 2.769999980926514 ] ] } },
{ "type": "Feature", "properties": { }, "geometry": { "type": "LineString", "coordinates": [ [ 17.645743361831524, 59.852037162922485, 4.289999961853027 ], [ 17.645722485433136, 59.852054313967741, 4.289999961853027 ], [ 17.64568026350609, 59.852089025203561, 4.300000190734863 ], [ 17.645496363867757, 59.852206422403384, 4.210000038146973 ], [ 17.645307943481313, 59.852330577042089, 3.619999885559082 ], [ 17.6451913059656, 59.852373479206655, 2.980000019073486 ], [ 17.64517299594181, 59.852376459168738, 2.940000057220459 ] ] } },
{ "type": "Feature", "properties": { }, "geometry": { "type": "LineString", "coordinates": [ [ 17.64517299594181, 59.852376459168738, 2.940000057220459 ], [ 17.64503338713083, 59.85239918044546, 2.769999980926514 ] ] } },
{ "type": "Feature", "properties": { }, "geometry": { "type": "LineString", "coordinates": [ [ 17.646131556994519, 59.850402607281438, 4.829999923706055 ], [ 17.645926297982623, 59.850622996283356, 4.949999809265137 ], [ 17.645755710728221, 59.85080614531028, 4.579999923706055 ], [ 17.645752196117702, 59.850808822278935, 4.579999923706055 ] ] } },
{ "type": "Feature", "properties": { }, "geometry": { "type": "LineString", "coordinates": [ [ 17.645752196117702, 59.850808822278935, 4.579999923706055 ], [ 17.645663488337942, 59.850876388042643, 4.489999771118164 ], [ 17.645636027556641, 59.850897304670269, 4.489999771118164 ] ] } },
{ "type": "Feature", "properties": { }, "geometry": { "type": "LineString", "coordinates": [ [ 17.6458746604753, 59.851671058600346, 3.099999904632568 ], [ 17.645926649655983, 59.85172907285191, 3.329999923706055 ], [ 17.645914046793884, 59.851807401199878, 3.740000009536743 ], [ 17.645812778431594, 59.851934279958087, 4.269999980926514 ], [ 17.645743361831524, 59.852037162922485, 4.289999961853027 ] ] } },
{ "type": "Feature", "properties": { }, "geometry": { "type": "LineString", "coordinates": [ [ 17.6460112520389, 59.852119538446352, 4.369999885559082 ], [ 17.646195693511299, 59.851897000428778, 4.340000152587891 ] ] } },
{ "type": "Feature", "properties": { }, "geometry": { "type": "LineString", "coordinates": [ [ 17.648250456918504, 59.853055805969753, 4.760000228881836 ], [ 17.648168057136367, 59.853094838332431, 4.710000038146973 ] ] } },
{ "type": "Feature", "properties": { }, "geometry": { "type": "LineString", "coordinates": [ [ 17.648271766075013, 59.852836014283092, 4.760000228881836 ], [ 17.647978774627799, 59.852993062013525, 4.690000057220459 ] ] } },
{ "type": "Feature", "properties": { }, "geometry": { "type": "LineString", "coordinates": [ [ 17.642019524273472, 59.853824762972955, 3.329999923706055 ], [ 17.641831542345813, 59.853776322311454, 3.549999952316284 ] ] } },
{ "type": "Feature", "properties": { }, "geometry": { "type": "LineString", "coordinates": [ [ 17.641831542345813, 59.853776322311454, 3.549999952316284 ], [ 17.641560593402183, 59.853676426028159, 3.259999990463257 ], [ 17.641437758547944, 59.853634871631606, 3.220000028610229 ], [ 17.641187815062477, 59.853570699575904, 3.329999923706055 ], [ 17.641097928933977, 59.853525086907247, 3.349999904632568 ] ] } },
{ "type": "Feature", "properties": { }, "geometry": { "type": "LineString", "coordinates": [ [ 17.641097928933977, 59.853525086907247, 3.349999904632568 ], [ 17.640801040646352, 59.853374429764102, 3.5 ], [ 17.640771010613886, 59.853348921719352, 3.539999961853027 ], [ 17.640747587520469, 59.853315829093546, 3.640000104904175 ], [ 17.640716759996042, 59.853291179315733, 3.640000104904175 ], [ 17.640702870542381, 59.853283641950561, 3.680000066757202 ], [ 17.640671342661665, 59.853271076472808, 3.720000028610229 ], [ 17.640636326644348, 59.85326339194453, 3.700000047683716 ], [ 17.640587359740962, 59.853255252099927, 3.740000009536743 ], [ 17.640455925252486, 59.853243606357438, 3.779999971389771 ] ] } },
{ "type": "Feature", "properties": { }, "geometry": { "type": "LineString", "coordinates": [ [ 17.640455925252486, 59.853243606357438, 3.779999971389771 ], [ 17.640211373494015, 59.853221937496286, 3.869999885559082 ], [ 17.640116759209761, 59.85321272882792, 3.890000104904175 ], [ 17.640092570434202, 59.853206404450574, 3.900000095367432 ], [ 17.640069763810015, 59.853197104374992, 3.920000076293945 ], [ 17.640049728719866, 59.853183373144248, 3.900000095367432 ], [ 17.640010840496377, 59.853149898234662, 4.090000152587891 ], [ 17.639909171452008, 59.853033197951341, 4.679999828338623 ] ] } },
{ "type": "Feature", "properties": { }, "geometry": { "type": "LineString", "coordinates": [ [ 17.640049728719866, 59.853183373144248, 3.900000095367432 ], [ 17.640170594840278, 59.853117563711173, 3.829999923706055 ], [ 17.640350618619983, 59.852971286279889, 3.920000076293945 ], [ 17.640384034627122, 59.852922663215857, 3.960000038146973 ], [ 17.640480187172997, 59.852795810675048, 4.010000228881836 ] ] } },
{ "type": "Feature", "properties": { }, "geometry": { "type": "LineString", "coordinates": [ [ 17.640480187172997, 59.852795810675048, 4.010000228881836 ], [ 17.640480981945903, 59.852794762139411, 4.010000228881836 ], [ 17.640614858143682, 59.852632871525394, 4.119999885559082 ], [ 17.640675551161294, 59.852584743234161, 4.130000114440918 ], [ 17.640757618391433, 59.85256183266884, 4.130000114440918 ], [ 17.640814308901938, 59.852533835097042, 4.110000133514404 ] ] } },
{ "type": "Feature", "properties": { }, "geometry": { "type": "LineString", "coordinates": [ [ 17.639612655366395, 59.853289187150182, 4.869999885559082 ], [ 17.639740564592934, 59.853269155230514, 4.150000095367432 ], [ 17.639967703928598, 59.853219194919632, 3.960000038146973 ], [ 17.640049728719866, 59.853183373144248, 3.900000095367432 ] ] } },
{ "type": "Feature", "properties": { }, "geometry": { "type": "LineString", "coordinates": [ [ 17.642172793039705, 59.853554612839851, 3.609999895095825 ], [ 17.642156039749178, 59.853618676735259, 3.519999980926514 ], [ 17.642110107351165, 59.853687559191911, 3.349999904632568 ], [ 17.642090521206114, 59.853716932430167, 3.359999895095825 ], [ 17.642021684861302, 59.853820179868976, 3.329999923706055 ], [ 17.642019524273472, 59.853824762972955, 3.329999923706055 ], [ 17.641949209206757, 59.853974343892318, 3.329999923706055 ], [ 17.641940321994188, 59.853986852404496, 3.349999904632568 ] ] } },
{ "type": "Feature", "properties": { }, "geometry": { "type": "LineString", "coordinates": [ [ 17.641940321994188, 59.853986852404496, 3.349999904632568 ], [ 17.641824585253065, 59.854149747852333, 3.259999990463257 ], [ 17.641617983840813, 59.854198592450814, 3.220000028610229 ] ] } },
{ "type": "Feature", "properties": { }, "geometry": { "type": "LineString", "coordinates": [ [ 17.642196565180402, 59.85354048071904, 3.630000114440918 ], [ 17.642172793039705, 59.853554612839851, 3.609999895095825 ] ] } },
{ "type": "Feature", "properties": { }, "geometry": { "type": "LineString", "coordinates": [ [ 17.642221774649752, 59.853525498874788, 3.640000104904175 ], [ 17.642196565180402, 59.85354048071904, 3.630000114440918 ] ] } },
{ "type": "Feature", "properties": { }, "geometry": { "type": "LineString", "coordinates": [ [ 17.640702870542381, 59.853283641950561, 3.680000066757202 ], [ 17.64075532148513, 59.853265929604468, 3.660000085830688 ] ] } },
{ "type": "Feature", "properties": { }, "geometry": { "type": "LineString", "coordinates": [ [ 17.64075532148513, 59.853265929604468, 3.660000085830688 ], [ 17.640813799131315, 59.853261886813755, 3.619999885559082 ], [ 17.640868795719726, 59.853249141315658, 3.650000095367432 ], [ 17.640979799818982, 59.85319956796166, 3.630000114440918 ], [ 17.640990360441538, 59.853192567866529, 3.630000114440918 ], [ 17.641091059593826, 59.853125777478851, 3.730000019073486 ], [ 17.641181869125997, 59.853095674633714, 3.829999923706055 ], [ 17.641338044701111, 59.85307372481946, 3.670000076293945 ], [ 17.64146825524363, 59.853081204608628, 3.640000104904175 ], [ 17.641499319114921, 59.853092341854214, 3.670000076293945 ] ] } },
{ "type": "Feature", "properties": { }, "geometry": { "type": "LineString", "coordinates": [ [ 17.641499319114921, 59.853092341854214, 3.670000076293945 ], [ 17.641592406655807, 59.8531257161887, 3.589999914169312 ], [ 17.641922334296037, 59.853306686136122, 3.549999952316284 ], [ 17.64200440970221, 59.853356281884452, 3.480000019073486 ], [ 17.642089921071928, 59.853425216937467, 3.480000019073486 ] ] } },
{ "type": "Feature", "properties": { }, "geometry": { "type": "LineString", "coordinates": [ [ 17.642089921071928, 59.853425216937467, 3.480000019073486 ], [ 17.642155121239238, 59.853477777867518, 3.480000019073486 ], [ 17.642172793039705, 59.853554612839851, 3.609999895095825 ] ] } },
{ "type": "Feature", "properties": { }, "geometry": { "type": "LineString", "coordinates": [ [ 17.640814308901938, 59.852533835097042, 4.110000133514404 ], [ 17.641088426294168, 59.85238550434218, 4.139999866485596 ], [ 17.641197417526548, 59.852269367002052, 4.079999923706055 ], [ 17.641266676384618, 59.852156743947468, 4.03000020980835 ] ] } },
{ "type": "Feature", "properties": { }, "geometry": { "type": "LineString", "coordinates": [ [ 17.641266676384618, 59.852156743947468, 4.03000020980835 ], [ 17.641308300929882, 59.852089057161919, 4.019999980926514 ], [ 17.641446775133311, 59.851942184345639, 3.910000085830688 ], [ 17.641677655195767, 59.851797746520788, 3.859999895095825 ] ] } },
{ "type": "Feature", "properties": { }, "geometry": { "type": "LineString", "coordinates": [ [ 17.642172793039705, 59.853554612839851, 3.609999895095825 ], [ 17.64215882484099, 59.853562916303176, 3.640000104904175 ], [ 17.641996434178008, 59.853647284667922, 3.559999942779541 ], [ 17.641915226438257, 59.853698801881592, 3.589999914169312 ], [ 17.641879913697643, 59.853731652876554, 3.559999942779541 ], [ 17.641831542345813, 59.853776322311454, 3.549999952316284 ] ] } },
{ "type": "Feature", "properties": { }, "geometry": { "type": "LineString", "coordinates": [ [ 17.641831542345813, 59.853776322311454, 3.549999952316284 ], [ 17.641766421784343, 59.85397549321948, 3.410000085830688 ], [ 17.641669646276842, 59.854146240867912, 3.230000019073486 ], [ 17.641617983840813, 59.854198592450814, 3.220000028610229 ] ] } },
{ "type": "Feature", "properties": { }, "geometry": { "type": "LineString", "coordinates": [ [ 17.641617983840813, 59.854198592450814, 3.220000028610229 ], [ 17.641558676492348, 59.85423187496707, 3.230000019073486 ], [ 17.641547824871115, 59.854244491367332, 3.269999980926514 ], [ 17.641540250924024, 59.854258448158077, 3.220000028610229 ], [ 17.641537453373811, 59.854272444706723, 3.170000076293945 ], [ 17.641540568182499, 59.854290705290566, 3.170000076293945 ], [ 17.641537283143215, 59.854307838041805, 3.109999895095825 ] ] } },
{ "type": "Feature", "properties": { }, "geometry": { "type": "LineString", "coordinates": [ [ 17.643228182713113, 59.854164423169983, 2.740000009536743 ], [ 17.642810916922794, 59.854529699741086, 2.769999980926514 ], [ 17.642779721342574, 59.854552354714009, 2.75 ] ] } },
{ "type": "Feature", "properties": { }, "geometry": { "type": "LineString", "coordinates": [ [ 17.642779721342574, 59.854552354714009, 2.75 ], [ 17.642548735620842, 59.854720100866082, 4.039999961853027 ], [ 17.642396301071734, 59.854847725561655, 4.269999980926514 ], [ 17.642285507204527, 59.854925770395916, 4.320000171661377 ] ] } },
{ "type": "Feature", "properties": { }, "geometry": { "type": "LineString", "coordinates": [ [ 17.642285507204527, 59.854925770395916, 4.320000171661377 ], [ 17.642226368390553, 59.8549674284627, 4.320000171661377 ], [ 17.642034873381764, 59.855013493523188, 4.579999923706055 ], [ 17.6419615214608, 59.855017114456501, 4.679999828338623 ] ] } },
{ "type": "Feature", "properties": { }, "geometry": { "type": "LineString", "coordinates": [ [ 17.641108337745177, 59.854729925801344, 4.440000057220459 ], [ 17.641128910196301, 59.854771127175688, 4.639999866485596 ], [ 17.641270839484552, 59.854827338365567, 4.889999866485596 ], [ 17.641807651481571, 59.854990493580246, 4.659999847412109 ] ] } },
{ "type": "Feature", "properties": { }, "geometry": { "type": "LineString", "coordinates": [ [ 17.641807651481571, 59.854990493580246, 4.659999847412109 ], [ 17.641859273112033, 59.855006182928307, 4.800000190734863 ], [ 17.641918180672942, 59.855017620393191, 4.699999809265137 ], [ 17.6419615214608, 59.855017114456501, 4.679999828338623 ] ] } },
{ "type": "Feature", "properties": { }, "geometry": { "type": "LineString", "coordinates": [ [ 17.641900685169379, 59.855049392797518, 4.630000114440918 ], [ 17.641873241074716, 59.855099252574703, 4.639999866485596 ], [ 17.641856220548345, 59.855130180298531, 4.590000152587891 ], [ 17.641854919117677, 59.855132540528224, 4.590000152587891 ] ] } },
{ "type": "Feature", "properties": { }, "geometry": { "type": "LineString", "coordinates": [ [ 17.641854919117677, 59.855132540528224, 4.590000152587891 ], [ 17.641822892926701, 59.855190729450449, 4.349999904632568 ] ] } },
{ "type": "Feature", "properties": { }, "geometry": { "type": "LineString", "coordinates": [ [ 17.641918180672942, 59.855017620393191, 4.699999809265137 ], [ 17.641900685169379, 59.855049392797518, 4.630000114440918 ] ] } },
{ "type": "Feature", "properties": { }, "geometry": { "type": "LineString", "coordinates": [ [ 17.64122855795177, 59.854942608051104, 4.960000038146973 ], [ 17.641856220548345, 59.855130180298531, 4.590000152587891 ] ] } },
{ "type": "Feature", "properties": { }, "geometry": { "type": "LineString", "coordinates": [ [ 17.638289276418181, 59.854212303479031, 5.309999942779541 ], [ 17.638298912136872, 59.854221396778335, 5.260000228881836 ], [ 17.638319851431323, 59.854241948287459, 5.260000228881836 ] ] } },
{ "type": "Feature", "properties": { }, "geometry": { "type": "LineString", "coordinates": [ [ 17.641054249972132, 59.85489190032952, 4.639999866485596 ], [ 17.641133798282418, 59.854914287559552, 4.769999980926514 ] ] } },
{ "type": "Feature", "properties": { }, "geometry": { "type": "LineString", "coordinates": [ [ 17.641133798282418, 59.854914287559552, 4.769999980926514 ], [ 17.64122855795177, 59.854942608051104, 4.960000038146973 ] ] } },
{ "type": "Feature", "properties": { }, "geometry": { "type": "LineString", "coordinates": [ [ 17.641008581105115, 59.854824884939951, 4.730000019073486 ], [ 17.640964664107383, 59.854866687974571, 4.630000114440918 ] ] } },
{ "type": "Feature", "properties": { }, "geometry": { "type": "LineString", "coordinates": [ [ 17.638689925414806, 59.857587180818307, 5.179999828338623 ], [ 17.639199660954826, 59.85733468540672, 5.179999828338623 ], [ 17.639284283278545, 59.857256525969355, 5.139999866485596 ] ] } },
{ "type": "Feature", "properties": { }, "geometry": { "type": "LineString", "coordinates": [ [ 17.639284283278545, 59.857256525969355, 5.139999866485596 ], [ 17.639614310084141, 59.856951700424368, 5.119999885559082 ] ] } },
{ "type": "Feature", "properties": { }, "geometry": { "type": "LineString", "coordinates": [ [ 17.652504851094513, 59.859585861181102, 10.430000305175781 ], [ 17.65242587888055, 59.859628445910609, 10.390000343322754 ] ] } },
{ "type": "Feature", "properties": { }, "geometry": { "type": "LineString", "coordinates": [ [ 17.652606470138625, 59.859531070923033, 10.340000152587891 ], [ 17.652594387083123, 59.859537745732617, 10.350000381469727 ], [ 17.652504851094513, 59.859585861181102, 10.430000305175781 ] ] } },
{ "type": "Feature", "properties": { }, "geometry": { "type": "LineString", "coordinates": [ [ 17.651127720921394, 59.860082754895274, 10.680000305175781 ], [ 17.651081046831816, 59.860107742738045, 10.739999771118164 ] ] } },
{ "type": "Feature", "properties": { }, "geometry": { "type": "LineString", "coordinates": [ [ 17.65422219841156, 59.856686766405382, 5.25 ], [ 17.654181466779661, 59.856694861374763, 5.269999980926514 ], [ 17.654008608234104, 59.856730639205836, 5.289999961853027 ], [ 17.653960615501099, 59.856741228911687, 5.340000152587891 ] ] } },
{ "type": "Feature", "properties": { }, "geometry": { "type": "LineString", "coordinates": [ [ 17.653960615501099, 59.856741228911687, 5.340000152587891 ], [ 17.65390071169481, 59.856754442848491, 5.449999809265137 ] ] } },
{ "type": "Feature", "properties": { }, "geometry": { "type": "LineString", "coordinates": [ [ 17.654275482444877, 59.856676176967227, 5.360000133514404 ], [ 17.65422219841156, 59.856686766405382, 5.25 ] ] } },
{ "type": "Feature", "properties": { }, "geometry": { "type": "LineString", "coordinates": [ [ 17.648581172775035, 59.861483564382752, 10.220000267028809 ], [ 17.648483818280901, 59.861537187717367, 10.220000267028809 ], [ 17.648536748909713, 59.861559677998763, 10.319999694824219 ] ] } },
{ "type": "Feature", "properties": { }, "geometry": { "type": "LineString", "coordinates": [ [ 17.648488932345245, 59.861769039838535, 10.369999885559082 ], [ 17.64844383846129, 59.861747819453733, 10.390000343322754 ], [ 17.648291690907925, 59.861675582221714, 10.159999847412109 ], [ 17.648217335967757, 59.861645606863618, 10.140000343322754 ] ] } },
{ "type": "Feature", "properties": { }, "geometry": { "type": "LineString", "coordinates": [ [ 17.652244180490438, 59.859466891723585, 10.420000076293945 ], [ 17.652179017766233, 59.85950283812133, 10.409999847412109 ] ] } },
{ "type": "Feature", "properties": { }, "geometry": { "type": "LineString", "coordinates": [ [ 17.65230207174994, 59.859435046245565, 10.390000343322754 ], [ 17.652244180490438, 59.859466891723585, 10.420000076293945 ] ] } },
{ "type": "Feature", "properties": { }, "geometry": { "type": "LineString", "coordinates": [ [ 17.654985494289022, 59.857849666501771, 8.909999847412109 ], [ 17.654792696056827, 59.857770576294705, 8.859999656677246 ], [ 17.654767620450357, 59.857759397186001, 8.819999694824219 ], [ 17.654653345256225, 59.857697938440275, 8.859999656677246 ], [ 17.65457873470233, 59.85765314628221, 8.920000076293945 ] ] } },
{ "type": "Feature", "properties": { }, "geometry": { "type": "LineString", "coordinates": [ [ 17.653489066436499, 59.85878166811964, 9.800000190734863 ], [ 17.653379674292207, 59.858842133459703, 9.819999694824219 ], [ 17.652887240527139, 59.859113081452129, 10.090000152587891 ] ] } },
{ "type": "Feature", "properties": { }, "geometry": { "type": "LineString", "coordinates": [ [ 17.652887240527139, 59.859113081452129, 10.090000152587891 ], [ 17.65230207174994, 59.859435046245565, 10.390000343322754 ] ] } },
{ "type": "Feature", "properties": { }, "geometry": { "type": "LineString", "coordinates": [ [ 17.648915356156245, 59.861534407564697, 10.579999923706055 ], [ 17.648830773100759, 59.861603006557665, 10.619999885559082 ], [ 17.648785554744478, 59.861636779613718, 10.670000076293945 ], [ 17.64868962902478, 59.861689546344948, 10.539999961853027 ], [ 17.648673361513307, 59.861698060906463, 10.449999809265137 ] ] } },
{ "type": "Feature", "properties": { }, "geometry": { "type": "LineString", "coordinates": [ [ 17.648673361513307, 59.861698060906463, 10.449999809265137 ], [ 17.648579936199049, 59.861746965572557, 10.529999732971191 ], [ 17.648509351950036, 59.861778643548092, 10.470000267028809 ], [ 17.648488932345245, 59.861769039838535, 10.369999885559082 ] ] } },
{ "type": "Feature", "properties": { }, "geometry": { "type": "LineString", "coordinates": [ [ 17.652179017766233, 59.85950283812133, 10.409999847412109 ], [ 17.652117180430686, 59.859536954405293, 10.439999580383301 ], [ 17.651577752193703, 59.85983451499694, 10.600000381469727 ] ] } },
{ "type": "Feature", "properties": { }, "geometry": { "type": "LineString", "coordinates": [ [ 17.651577752193703, 59.85983451499694, 10.600000381469727 ], [ 17.651208442884794, 59.860038229904845, 10.649999618530273 ] ] } },
{ "type": "Feature", "properties": { }, "geometry": { "type": "LineString", "coordinates": [ [ 17.65242587888055, 59.859628445910609, 10.390000343322754 ], [ 17.652375023186014, 59.859655874027283, 10.399999618530273 ], [ 17.651821916970039, 59.859958880724207, 10.689999580383301 ] ] } },
{ "type": "Feature", "properties": { }, "geometry": { "type": "LineString", "coordinates": [ [ 17.651821916970039, 59.859958880724207, 10.689999580383301 ], [ 17.651438319805191, 59.860169021165696, 10.720000267028809 ] ] } },
{ "type": "Feature", "properties": { }, "geometry": { "type": "LineString", "coordinates": [ [ 17.651081046831816, 59.860107742738045, 10.739999771118164 ], [ 17.650986168200628, 59.860158520093712, 10.689999580383301 ], [ 17.650475103929114, 59.860437260820817, 10.770000457763672 ] ] } },
{ "type": "Feature", "properties": { }, "geometry": { "type": "LineString", "coordinates": [ [ 17.650475103929114, 59.860437260820817, 10.770000457763672 ], [ 17.649872850354392, 59.860765728845514, 10.579999923706055 ] ] } },
{ "type": "Feature", "properties": { }, "geometry": { "type": "LineString", "coordinates": [ [ 17.653842131177385, 59.858860013110949, 9.720000267028809 ], [ 17.653792230531149, 59.858885588094495, 9.760000228881836 ] ] } },
{ "type": "Feature", "properties": { }, "geometry": { "type": "LineString", "coordinates": [ [ 17.653792230531149, 59.858885588094495, 9.760000228881836 ], [ 17.653715958129638, 59.858923122632731, 9.789999961853027 ] ] } },
{ "type": "Feature", "properties": { }, "geometry": { "type": "LineString", "coordinates": [ [ 17.651291893132303, 59.860249524549964, 10.640000343322754 ], [ 17.651250561852034, 59.860272306275, 10.579999923706055 ], [ 17.650691344500693, 59.860581536049111, 10.800000190734863 ] ] } },
{ "type": "Feature", "properties": { }, "geometry": { "type": "LineString", "coordinates": [ [ 17.650691344500693, 59.860581536049111, 10.800000190734863 ], [ 17.650122043675495, 59.860896333398195, 11.0 ] ] } },
{ "type": "Feature", "properties": { }, "geometry": { "type": "LineString", "coordinates": [ [ 17.6499890413304, 59.860964102092559, 10.970000267028809 ], [ 17.649936659437252, 59.860989789719028, 10.970000267028809 ], [ 17.64987126865098, 59.861022734404081, 10.939999580383301 ], [ 17.649762603000333, 59.861081518765154, 10.930000305175781 ], [ 17.649376407260473, 59.861290403788431, 10.840000152587891 ] ] } },
{ "type": "Feature", "properties": { }, "geometry": { "type": "LineString", "coordinates": [ [ 17.649376407260473, 59.861290403788431, 10.840000152587891 ], [ 17.649223392993299, 59.861373164905871, 10.989999771118164 ], [ 17.649177173394516, 59.861381732713546, 10.829999923706055 ], [ 17.648954911641535, 59.861503810601107, 10.670000076293945 ], [ 17.648915356156245, 59.861534407564697, 10.579999923706055 ] ] } },
{ "type": "Feature", "properties": { }, "geometry": { "type": "LineString", "coordinates": [ [ 17.648581172775035, 59.861483564382752, 10.220000267028809 ], [ 17.648729953254172, 59.861399340776032, 10.289999961853027 ], [ 17.649178966210766, 59.86115029568731, 10.479999542236328 ] ] } },
{ "type": "Feature", "properties": { }, "geometry": { "type": "LineString", "coordinates": [ [ 17.649178966210766, 59.86115029568731, 10.479999542236328 ], [ 17.649686010275364, 59.860869057369221, 10.649999618530273 ], [ 17.649761879829988, 59.860826858041293, 10.619999885559082 ] ] } },
{ "type": "Feature", "properties": { }, "geometry": { "type": "LineString", "coordinates": [ [ 17.647496616894713, 59.859685146598714, 7.659999847412109 ], [ 17.647457999741899, 59.859706366410421, 7.650000095367432 ], [ 17.647404829657013, 59.85973201178242, 7.590000152587891 ] ] } },
{ "type": "Feature", "properties": { }, "geometry": { "type": "LineString", "coordinates": [ [ 17.653715958129638, 59.858923122632731, 9.789999961853027 ], [ 17.65363564503317, 59.858962651562358, 9.840000152587891 ], [ 17.653110448598078, 59.859252724051302, 10.079999923706055 ] ] } },
{ "type": "Feature", "properties": { }, "geometry": { "type": "LineString", "coordinates": [ [ 17.653110448598078, 59.859252724051302, 10.079999923706055 ], [ 17.652606470138625, 59.859531070923033, 10.340000152587891 ] ] } },
{ "type": "Feature", "properties": { }, "geometry": { "type": "LineString", "coordinates": [ [ 17.651208442884794, 59.860038229904845, 10.649999618530273 ], [ 17.651127720921394, 59.860082754895274, 10.680000305175781 ] ] } },
{ "type": "Feature", "properties": { }, "geometry": { "type": "LineString", "coordinates": [ [ 17.651438319805191, 59.860169021165696, 10.720000267028809 ], [ 17.651379827786918, 59.860201071058704, 10.689999580383301 ] ] } },
{ "type": "Feature", "properties": { }, "geometry": { "type": "LineString", "coordinates": [ [ 17.655290526694504, 59.858177585030539, 9.180000305175781 ], [ 17.655219175552499, 59.858221088491852, 9.260000228881836 ], [ 17.655150245476701, 59.858245334775376, 9.180000305175781 ], [ 17.65506380796775, 59.858269912757343, 9.090000152587891 ], [ 17.654909760097482, 59.85830018002536, 9.130000114440918 ], [ 17.654512860763763, 59.858385271754806, 9.380000114440918 ] ] } },
{ "type": "Feature", "properties": { }, "geometry": { "type": "LineString", "coordinates": [ [ 17.654512860763763, 59.858385271754806, 9.380000114440918 ], [ 17.654300970143211, 59.858430698576882, 9.5 ], [ 17.654135622051065, 59.858468537768736, 9.529999732971191 ], [ 17.653883866031492, 59.858546071565563, 9.779999732971191 ], [ 17.65375383203369, 59.858612383849781, 9.710000038146973 ] ] } },
{ "type": "Feature", "properties": { }, "geometry": { "type": "LineString", "coordinates": [ [ 17.65375383203369, 59.858612383849781, 9.710000038146973 ], [ 17.653602047661117, 59.858689787486938, 9.819999694824219 ], [ 17.653574104082409, 59.858709130835493, 9.789999961853027 ], [ 17.653562938772289, 59.858716857935569, 9.840000152587891 ] ] } },
{ "type": "Feature", "properties": { }, "geometry": { "type": "LineString", "coordinates": [ [ 17.649154572370335, 59.85915081160482, 9.300000190734863 ], [ 17.648915691247957, 59.859034380880416, 5.940000057220459 ] ] } },
{ "type": "Feature", "properties": { }, "geometry": { "type": "LineString", "coordinates": [ [ 17.649154572370335, 59.85915081160482, 9.300000190734863 ], [ 17.649263190003715, 59.859208248898568, 9.520000457763672 ], [ 17.649331572785684, 59.859244782258635, 9.510000228881836 ] ] } },
{ "type": "Feature", "properties": { }, "geometry": { "type": "LineString", "coordinates": [ [ 17.650117956938477, 59.858558026379015, 9.189999580383301 ], [ 17.65054496320576, 59.85833146361837, 9.380000114440918 ], [ 17.650772231788313, 59.858256569709113, 9.439999580383301 ] ] } },
{ "type": "Feature", "properties": { }, "geometry": { "type": "LineString", "coordinates": [ [ 17.650772231788313, 59.858256569709113, 9.439999580383301 ], [ 17.650860956050003, 59.858227331389187, 9.470000267028809 ], [ 17.65094170430967, 59.858193555744272, 9.489999771118164 ], [ 17.651034048409937, 59.858137740012282, 9.510000228881836 ], [ 17.651059568106923, 59.858120765873508, 9.529999732971191 ], [ 17.651251817699944, 59.857941513794138, 9.659999847412109 ], [ 17.651309166186007, 59.857906837659222, 9.760000228881836 ] ] } },
{ "type": "Feature", "properties": { }, "geometry": { "type": "LineString", "coordinates": [ [ 17.651309166186007, 59.857906837659222, 9.760000228881836 ], [ 17.651356155255044, 59.857878425341362, 9.840000152587891 ], [ 17.651419599703576, 59.857847653262816, 9.880000114440918 ], [ 17.651915708204406, 59.857607038168432, 9.600000381469727 ], [ 17.651949620724409, 59.857594946084646, 9.609999656677246 ] ] } },
{ "type": "Feature", "properties": { }, "geometry": { "type": "LineString", "coordinates": [ [ 17.651949620724409, 59.857594946084646, 9.609999656677246 ], [ 17.652119544244727, 59.857534356711419, 9.5 ], [ 17.652313446720939, 59.857483760112835, 9.380000114440918 ], [ 17.65265843794586, 59.857402244576704, 9.260000228881836 ], [ 17.652738091953669, 59.85738812822963, 9.199999809265137 ] ] } },
{ "type": "Feature", "properties": { }, "geometry": { "type": "LineString", "coordinates": [ [ 17.652738091953669, 59.85738812822963, 9.199999809265137 ], [ 17.653098439150039, 59.857324266461966, 9.069999694824219 ], [ 17.65343027935748, 59.857246004745917, 9.149999618530273 ], [ 17.653555478050595, 59.85721045351206, 9.199999809265137 ] ] } },
{ "type": "Feature", "properties": { }, "geometry": { "type": "LineString", "coordinates": [ [ 17.653555478050595, 59.85721045351206, 9.199999809265137 ], [ 17.653884237101849, 59.857117098659778, 9.210000038146973 ], [ 17.653740587213775, 59.856985879561712, 9.310000419616699 ] ] } },
{ "type": "Feature", "properties": { }, "geometry": { "type": "LineString", "coordinates": [ [ 17.651419599703576, 59.857847653262816, 9.880000114440918 ], [ 17.651300842149674, 59.857759493185036, 9.630000114440918 ] ] } },
{ "type": "Feature", "properties": { }, "geometry": { "type": "LineString", "coordinates": [ [ 17.648074536619692, 59.858885598140887, 7.400000095367432 ], [ 17.648223945061499, 59.858953372253225, 7.489999771118164 ], [ 17.648235822000359, 59.858947251622993, 7.460000038146973 ] ] } },
{ "type": "Feature", "properties": { }, "geometry": { "type": "LineString", "coordinates": [ [ 17.648235822000359, 59.858947251622993, 7.460000038146973 ], [ 17.648382330342031, 59.858871825094106, 4.230000019073486 ] ] } },
{ "type": "Feature", "properties": { }, "geometry": { "type": "LineString", "coordinates": [ [ 17.648382330342031, 59.858871825094106, 4.230000019073486 ], [ 17.648494729110269, 59.858813951717217, 4.090000152587891 ] ] } },
{ "type": "Feature", "properties": { }, "geometry": { "type": "LineString", "coordinates": [ [ 17.655290526694504, 59.858177585030539, 9.180000305175781 ], [ 17.655261871594483, 59.858150846047216, 9.210000038146973 ], [ 17.65523581248339, 59.858127844956464, 9.210000038146973 ], [ 17.655041699087967, 59.857906949997925, 9.0 ], [ 17.654985494289022, 59.857849666501771, 8.909999847412109 ], [ 17.654910858345353, 59.857773610692405, 8.810000419616699 ], [ 17.65490953660419, 59.857771945800437, 8.810000419616699 ] ] } },
{ "type": "Feature", "properties": { }, "geometry": { "type": "LineString", "coordinates": [ [ 17.65490953660419, 59.857771945800437, 8.810000419616699 ], [ 17.654799014070026, 59.857632728727488, 8.319999694824219 ], [ 17.654723473433009, 59.857539831166953, 8.029999732971191 ], [ 17.654554828808688, 59.857360285536416, 7.059999942779541 ] ] } },
{ "type": "Feature", "properties": { }, "geometry": { "type": "LineString", "coordinates": [ [ 17.654554828808688, 59.857360285536416, 7.059999942779541 ], [ 17.654354577563605, 59.85714708742325, 5.820000171661377 ], [ 17.65417475513356, 59.856982621473875, 5.25 ], [ 17.654150460793804, 59.856960403532348, 5.28000020980835 ] ] } },
{ "type": "Feature", "properties": { }, "geometry": { "type": "LineString", "coordinates": [ [ 17.654150460793804, 59.856960403532348, 5.28000020980835 ], [ 17.653987901763923, 59.85681173726978, 5.25 ], [ 17.65390071169481, 59.856754442848491, 5.449999809265137 ], [ 17.653834087833872, 59.856710638481886, 5.659999847412109 ], [ 17.653702290396279, 59.856672295270087, 5.900000095367432 ], [ 17.653568770769571, 59.856638275106548, 6.019999980926514 ] ] } },
{ "type": "Feature", "properties": { }, "geometry": { "type": "LineString", "coordinates": [ [ 17.653568770769571, 59.856638275106548, 6.019999980926514 ], [ 17.653536533339359, 59.856630061132321, 6.059999942779541 ], [ 17.653283826471096, 59.856597095883934, 6.320000171661377 ], [ 17.653257765063529, 59.856560932053981, 6.199999809265137 ], [ 17.653247124376566, 59.856528012076744, 6.170000076293945 ] ] } },
{ "type": "Feature", "properties": { }, "geometry": { "type": "LineString", "coordinates": [ [ 17.651379827786918, 59.860201071058704, 10.689999580383301 ], [ 17.651291893132303, 59.860249524549964, 10.640000343322754 ] ] } },
{ "type": "Feature", "properties": { }, "geometry": { "type": "LineString", "coordinates": [ [ 17.647116981295383, 59.859792705956629, 7.429999828338623 ], [ 17.647022066887484, 59.859755248865419, 7.329999923706055 ], [ 17.646964991866849, 59.859727702035698, 7.269999980926514 ] ] } },
{ "type": "Feature", "properties": { }, "geometry": { "type": "LineString", "coordinates": [ [ 17.654812899837697, 59.85752546464893, 8.140000343322754 ], [ 17.654993334119336, 59.857490082621538, 8.039999961853027 ], [ 17.655027347912259, 59.857483471998243, 8.0 ] ] } },
{ "type": "Feature", "properties": { }, "geometry": { "type": "LineString", "coordinates": [ [ 17.653978615478106, 59.856053742966552, 7.820000171661377 ], [ 17.653982945632997, 59.856002490637692, 7.440000057220459 ] ] } },
{ "type": "Feature", "properties": { }, "geometry": { "type": "LineString", "coordinates": [ [ 17.653334122864376, 59.855649636514215, 6.449999809265137 ], [ 17.653380836906337, 59.85562514660559, 6.489999771118164 ], [ 17.653991555808886, 59.855904023847927, 7.570000171661377 ] ] } },
{ "type": "Feature", "properties": { }, "geometry": { "type": "LineString", "coordinates": [ [ 17.653991555808886, 59.855904023847927, 7.570000171661377 ], [ 17.654004148458334, 59.855909774046019, 7.619999885559082 ] ] } },
{ "type": "Feature", "properties": { }, "geometry": { "type": "LineString", "coordinates": [ [ 17.653778205835543, 59.856143168340466, 5.75 ], [ 17.653878747945832, 59.856115936934245, 7.21999979019165 ] ] } },
{ "type": "Feature", "properties": { }, "geometry": { "type": "LineString", "coordinates": [ [ 17.655166394058469, 59.857450502071302, 8.289999961853027 ], [ 17.655276854117194, 59.857420778277358, 8.579999923706055 ], [ 17.655325629266137, 59.857406396324521, 8.689999580383301 ], [ 17.655359847102396, 59.857395141810372, 8.729999542236328 ], [ 17.6553860888442, 59.857386039694504, 8.770000457763672 ] ] } },
{ "type": "Feature", "properties": { }, "geometry": { "type": "LineString", "coordinates": [ [ 17.65457873470233, 59.85765314628221, 8.920000076293945 ], [ 17.654540016235998, 59.857619415029987, 8.859999656677246 ], [ 17.654514003600259, 59.857595056654162, 8.850000381469727 ], [ 17.654546309976894, 59.857583162799557, 8.800000190734863 ], [ 17.654723473433009, 59.857539831166953, 8.029999732971191 ], [ 17.654812899837697, 59.85752546464893, 8.140000343322754 ] ] } },
{ "type": "Feature", "properties": { }, "geometry": { "type": "LineString", "coordinates": [ [ 17.655027347912259, 59.857483471998243, 8.0 ], [ 17.655065146511081, 59.85747612832607, 8.069999694824219 ], [ 17.655166394058469, 59.857450502071302, 8.289999961853027 ] ] } },
{ "type": "Feature", "properties": { }, "geometry": { "type": "LineString", "coordinates": [ [ 17.649872850354392, 59.860765728845514, 10.579999923706055 ], [ 17.649817663839386, 59.860795827043482, 10.609999656677246 ] ] } },
{ "type": "Feature", "properties": { }, "geometry": { "type": "LineString", "coordinates": [ [ 17.649761879829988, 59.860826858041293, 10.619999885559082 ], [ 17.649817663839386, 59.860795827043482, 10.609999656677246 ] ] } },
{ "type": "Feature", "properties": { }, "geometry": { "type": "LineString", "coordinates": [ [ 17.645851061194204, 59.860566728925782, 7.079999923706055 ], [ 17.64579675592779, 59.860596450783149, 7.059999942779541 ], [ 17.645739442219213, 59.860627824847469, 7.150000095367432 ] ] } },
{ "type": "Feature", "properties": { }, "geometry": { "type": "LineString", "coordinates": [ [ 17.645680236265129, 59.860407966841294, 6.789999961853027 ], [ 17.645774072247267, 59.860452113422838, 6.949999809265137 ], [ 17.645858467827278, 59.86049181002987, 6.989999771118164 ] ] } },
{ "type": "Feature", "properties": { }, "geometry": { "type": "LineString", "coordinates": [ [ 17.64568854015404, 59.860604343363789, 7.050000190734863 ], [ 17.645447398065272, 59.860929683744843, 7.440000057220459 ], [ 17.645376805071113, 59.86102492065703, 7.610000133514404 ] ] } },
{ "type": "Feature", "properties": { }, "geometry": { "type": "LineString", "coordinates": [ [ 17.645376805071113, 59.86102492065703, 7.610000133514404 ], [ 17.645199109924267, 59.861264646402752, 7.75 ] ] } },
{ "type": "Feature", "properties": { }, "geometry": { "type": "LineString", "coordinates": [ [ 17.644897189212045, 59.861049879406991, 7.289999961853027 ], [ 17.645447398065272, 59.860929683744843, 7.440000057220459 ], [ 17.645715741113818, 59.860871059279013, 8.520000457763672 ] ] } },
{ "type": "Feature", "properties": { }, "geometry": { "type": "LineString", "coordinates": [ [ 17.645715741113818, 59.860871059279013, 8.520000457763672 ], [ 17.646088720885317, 59.860789573754197, 7.550000190734863 ] ] } },
{ "type": "Feature", "properties": { }, "geometry": { "type": "LineString", "coordinates": [ [ 17.650122043675495, 59.860896333398195, 11.0 ], [ 17.650081329180399, 59.860918852486549, 10.989999771118164 ] ] } },
{ "type": "Feature", "properties": { }, "geometry": { "type": "LineString", "coordinates": [ [ 17.650081329180399, 59.860918852486549, 10.989999771118164 ], [ 17.6499890413304, 59.860964102092559, 10.970000267028809 ] ] } },
{ "type": "Feature", "properties": { }, "geometry": { "type": "LineString", "coordinates": [ [ 17.644849073225711, 59.860093347772541, 7.300000190734863 ], [ 17.644821413472421, 59.860108293635335, 7.119999885559082 ] ] } },
{ "type": "Feature", "properties": { }, "geometry": { "type": "LineString", "coordinates": [ [ 17.653778205835543, 59.856143168340466, 5.75 ], [ 17.653661374676656, 59.856173012232937, 5.710000038146973 ], [ 17.653510201184481, 59.856210714904464, 5.679999828338623 ], [ 17.653356777125055, 59.856250232984841, 5.739999771118164 ] ] } },
{ "type": "Feature", "properties": { }, "geometry": { "type": "LineString", "coordinates": [ [ 17.65477358673926, 59.85660317083498, 6.96999979019165 ], [ 17.654622442813327, 59.856616380082095, 6.420000076293945 ], [ 17.654429245562259, 59.856629227495034, 5.78000020980835 ], [ 17.65438477138845, 59.856632594146923, 5.690000057220459 ], [ 17.654309703922817, 59.856647106256098, 5.460000038146973 ], [ 17.654287733770083, 59.856659448317856, 5.409999847412109 ], [ 17.654275482444877, 59.856676176967227, 5.360000133514404 ], [ 17.65427877204192, 59.856715726400225, 5.269999980926514 ], [ 17.65440422989651, 59.856836877218072, 5.349999904632568 ] ] } },
{ "type": "Feature", "properties": { }, "geometry": { "type": "LineString", "coordinates": [ [ 17.65440422989651, 59.856836877218072, 5.349999904632568 ], [ 17.654574216193787, 59.857001026169712, 5.820000171661377 ], [ 17.654723581750087, 59.85714087314431, 6.119999885559082 ], [ 17.654821722754594, 59.857233562296706, 6.699999809265137 ] ] } },
{ "type": "Feature", "properties": { }, "geometry": { "type": "LineString", "coordinates": [ [ 17.654821722754594, 59.857233562296706, 6.699999809265137 ], [ 17.654901280821754, 59.857308700377168, 7.210000038146973 ], [ 17.655065146511081, 59.85747612832607, 8.069999694824219 ], [ 17.655228255901577, 59.857633081099685, 8.729999542236328 ] ] } },
{ "type": "Feature", "properties": { }, "geometry": { "type": "LineString", "coordinates": [ [ 17.655228255901577, 59.857633081099685, 8.729999542236328 ], [ 17.655410172655081, 59.857808129330387, 9.020000457763672 ], [ 17.655639464686146, 59.858031432793247, 9.239999771118164 ] ] } },
{ "type": "Feature", "properties": { }, "geometry": { "type": "LineString", "coordinates": [ [ 17.655639464686146, 59.858031432793247, 9.239999771118164 ], [ 17.655672819596177, 59.858063916264079, 9.289999961853027 ], [ 17.655720056906095, 59.858084826823877, 9.310000419616699 ], [ 17.655774562522115, 59.858098359942652, 9.270000457763672 ], [ 17.655855515471512, 59.858112058924412, 9.239999771118164 ], [ 17.65591653462721, 59.858116359634131, 9.159999847412109 ], [ 17.65596085033329, 59.858117171405617, 9.109999656677246 ], [ 17.656373414473766, 59.858044783466724, 9.079999923706055 ] ] } },
{ "type": "Feature", "properties": { }, "geometry": { "type": "LineString", "coordinates": [ [ 17.648537533204244, 59.861791010512228, 10.649999618530273 ], [ 17.648509351950036, 59.861778643548092, 10.470000267028809 ] ] } },
{ "type": "Feature", "properties": { }, "geometry": { "type": "LineString", "coordinates": [ [ 17.650908313728237, 59.858937418920654, 9.619999885559082 ], [ 17.650987505078795, 59.858977067188597, 9.739999771118164 ] ] } },
{ "type": "Feature", "properties": { }, "geometry": { "type": "LineString", "coordinates": [ [ 17.650838773268305, 59.858904043245069, 9.619999885559082 ], [ 17.650908313728237, 59.858937418920654, 9.619999885559082 ] ] } },
{ "type": "Feature", "properties": { }, "geometry": { "type": "LineString", "coordinates": [ [ 17.655410172655081, 59.857808129330387, 9.020000457763672 ], [ 17.65566681750084, 59.857753863592514, 9.010000228881836 ] ] } },
{ "type": "Feature", "properties": { }, "geometry": { "type": "LineString", "coordinates": [ [ 17.655482683826602, 59.85753667238663, 8.850000381469727 ], [ 17.655555477505487, 59.857483175031142, 8.869999885559082 ], [ 17.6556802584007, 59.857420195109363, 9.090000152587891 ] ] } },
{ "type": "Feature", "properties": { }, "geometry": { "type": "LineString", "coordinates": [ [ 17.651695082330153, 59.856875529936055, 7.949999809265137 ], [ 17.651610604696682, 59.856839450550162, 7.809999942779541 ], [ 17.65152160344903, 59.856801427919471, 7.860000133514404 ] ] } },
{ "type": "Feature", "properties": { }, "geometry": { "type": "LineString", "coordinates": [ [ 17.647901769881173, 59.858817529997843, 7.409999847412109 ], [ 17.647776983462101, 59.858761951534305, 7.400000095367432 ], [ 17.647559899049543, 59.858665251848372, 7.389999866485596 ] ] } },
{ "type": "Feature", "properties": { }, "geometry": { "type": "LineString", "coordinates": [ [ 17.64725927397479, 59.859544577091121, 7.309999942779541 ], [ 17.646880484501025, 59.859384452656691, 7.389999866485596 ], [ 17.646795031034827, 59.859348325555708, 7.329999923706055 ], [ 17.646784155359928, 59.859330399566836, 7.340000152587891 ], [ 17.646789611416494, 59.85930884744559, 7.329999923706055 ], [ 17.646927762666632, 59.859232328311286, 7.480000019073486 ] ] } },
{ "type": "Feature", "properties": { }, "geometry": { "type": "LineString", "coordinates": [ [ 17.646927762666632, 59.859232328311286, 7.480000019073486 ], [ 17.64752768196492, 59.858900039644084, 7.360000133514404 ] ] } },
{ "type": "Feature", "properties": { }, "geometry": { "type": "LineString", "coordinates": [ [ 17.64752768196492, 59.858900039644084, 7.360000133514404 ], [ 17.64763797831926, 59.858838946701795, 7.400000095367432 ] ] } },
{ "type": "Feature", "properties": { }, "geometry": { "type": "LineString", "coordinates": [ [ 17.646743898797528, 59.859462219024564, 7.360000133514404 ], [ 17.646812362094565, 59.859423239638794, 7.309999942779541 ], [ 17.646880484501025, 59.859384452656691, 7.389999866485596 ] ] } },
{ "type": "Feature", "properties": { }, "geometry": { "type": "LineString", "coordinates": [ [ 17.652955653457902, 59.855884388818779, 3.950000047683716 ], [ 17.652745258552113, 59.856001752026117, 4.21999979019165 ] ] } },
{ "type": "Feature", "properties": { }, "geometry": { "type": "LineString", "coordinates": [ [ 17.652569527631222, 59.856099771904269, 8.550000190734863 ], [ 17.652004773837092, 59.856414794451773, 8.380000114440918 ], [ 17.652011947600865, 59.856439182982264, 8.449999809265137 ] ] } },
{ "type": "Feature", "properties": { }, "geometry": { "type": "LineString", "coordinates": [ [ 17.652011947600865, 59.856439182982264, 8.449999809265137 ], [ 17.6520367252052, 59.856523418718176, 8.340000152587891 ] ] } },
{ "type": "Feature", "properties": { }, "geometry": { "type": "LineString", "coordinates": [ [ 17.652745258552113, 59.856001752026117, 4.21999979019165 ], [ 17.652569527631222, 59.856099771904269, 8.550000190734863 ] ] } },
{ "type": "Feature", "properties": { }, "geometry": { "type": "LineString", "coordinates": [ [ 17.647713246843889, 59.85879725312617, 7.389999866485596 ], [ 17.647776983462101, 59.858761951534305, 7.400000095367432 ] ] } },
{ "type": "Feature", "properties": { }, "geometry": { "type": "LineString", "coordinates": [ [ 17.64763797831926, 59.858838946701795, 7.400000095367432 ], [ 17.647665630525466, 59.858823629191839, 7.360000133514404 ], [ 17.647713246843889, 59.85879725312617, 7.389999866485596 ] ] } },
{ "type": "Feature", "properties": { }, "geometry": { "type": "LineString", "coordinates": [ [ 17.654967458187002, 59.857052546840805, 9.109999656677246 ], [ 17.655004768854507, 59.85702792483729, 9.119999885559082 ], [ 17.655128392433813, 59.857000747985701, 9.010000228881836 ], [ 17.655210103426345, 59.8569965326991, 8.960000038146973 ] ] } },
{ "type": "Feature", "properties": { }, "geometry": { "type": "LineString", "coordinates": [ [ 17.655325629266137, 59.857406396324521, 8.689999580383301 ], [ 17.655150299358841, 59.857313377822749, 8.829999923706055 ], [ 17.655020919291481, 59.857179966349236, 9.069999694824219 ], [ 17.654959448935355, 59.857098634149139, 9.0 ], [ 17.654967458187002, 59.857052546840805, 9.109999656677246 ] ] } },
{ "type": "Feature", "properties": { }, "geometry": { "type": "LineString", "coordinates": [ [ 17.646950724563222, 59.861185894336785, 8.609999656677246 ], [ 17.646875064477673, 59.861152297000253, 8.520000457763672 ], [ 17.646800444863853, 59.861119164081686, 8.409999847412109 ] ] } },
{ "type": "Feature", "properties": { }, "geometry": { "type": "LineString", "coordinates": [ [ 17.655380736603078, 59.857150293808836, 9.260000228881836 ], [ 17.655364599491648, 59.857147679260038, 9.239999771118164 ], [ 17.655275992178812, 59.857132828173462, 9.189999580383301 ], [ 17.655212404235758, 59.857120741510435, 9.189999580383301 ], [ 17.655158204649243, 59.857107573183171, 9.149999618530273 ], [ 17.655096754431256, 59.857092766599983, 9.159999847412109 ], [ 17.655024280404589, 59.857072836010509, 9.130000114440918 ], [ 17.654967458187002, 59.857052546840805, 9.109999656677246 ], [ 17.654914769389087, 59.857032852381352, 9.100000381469727 ], [ 17.654878536238698, 59.85702288339597, 9.140000343322754 ], [ 17.654828237293348, 59.857014390152145, 9.170000076293945 ], [ 17.654755401865419, 59.857008292971443, 9.029999732971191 ] ] } },
{ "type": "Feature", "properties": { }, "geometry": { "type": "LineString", "coordinates": [ [ 17.65054496320576, 59.85833146361837, 9.380000114440918 ], [ 17.650388301121581, 59.85822686351365, 9.149999618530273 ] ] } },
{ "type": "Feature", "properties": { }, "geometry": { "type": "LineString", "coordinates": [ [ 17.651034048409937, 59.858137740012282, 9.510000228881836 ], [ 17.650756858922009, 59.85803171329664, 9.439999580383301 ] ] } },
{ "type": "Feature", "properties": { }, "geometry": { "type": "LineString", "coordinates": [ [ 17.651251817699944, 59.857941513794138, 9.659999847412109 ], [ 17.651095516284787, 59.85786086227273, 9.630000114440918 ] ] } },
{ "type": "Feature", "properties": { }, "geometry": { "type": "LineString", "coordinates": [ [ 17.649868028495899, 59.859438771854208, 9.829999923706055 ], [ 17.649778692465738, 59.859487716515233, 9.760000228881836 ] ] } },
{ "type": "Feature", "properties": { }, "geometry": { "type": "LineString", "coordinates": [ [ 17.649951843695248, 59.859392850562827, 9.829999923706055 ], [ 17.649898988226038, 59.859421809794377, 9.819999694824219 ], [ 17.649868028495899, 59.859438771854208, 9.829999923706055 ] ] } },
{ "type": "Feature", "properties": { }, "geometry": { "type": "LineString", "coordinates": [ [ 17.649778692465738, 59.859487716515233, 9.760000228881836 ], [ 17.649747073150674, 59.859505034444844, 9.770000457763672 ], [ 17.6497093372218, 59.859525716129085, 9.800000190734863 ] ] } },
{ "type": "Feature", "properties": { }, "geometry": { "type": "LineString", "coordinates": [ [ 17.652093999913049, 59.858214256207397, 9.899999618530273 ], [ 17.651491322771896, 59.858545273660638, 9.859999656677246 ] ] } },
{ "type": "Feature", "properties": { }, "geometry": { "type": "LineString", "coordinates": [ [ 17.651491322771896, 59.858545273660638, 9.859999656677246 ], [ 17.650888633665669, 59.858876288421186, 9.710000038146973 ] ] } },
{ "type": "Feature", "properties": { }, "geometry": { "type": "LineString", "coordinates": [ [ 17.650888633665669, 59.858876288421186, 9.710000038146973 ], [ 17.650878654734569, 59.858881769068603, 9.659999847412109 ] ] } },
{ "type": "Feature", "properties": { }, "geometry": { "type": "LineString", "coordinates": [ [ 17.652149481826992, 59.858183779834285, 9.899999618530273 ], [ 17.652093999913049, 59.858214256207397, 9.899999618530273 ] ] } },
{ "type": "Feature", "properties": { }, "geometry": { "type": "LineString", "coordinates": [ [ 17.651776216789205, 59.856831210294985, 8.079999923706055 ], [ 17.651806136735864, 59.856843705670741, 8.100000381469727 ], [ 17.651978424689929, 59.856803673763608, 8.239999771118164 ], [ 17.652230800664409, 59.856772642005424, 8.289999961853027 ], [ 17.652416600824477, 59.856759547181994, 8.369999885559082 ], [ 17.652632771413437, 59.856762082676966, 8.470000267028809 ] ] } },
{ "type": "Feature", "properties": { }, "geometry": { "type": "LineString", "coordinates": [ [ 17.652632771413437, 59.856762082676966, 8.470000267028809 ], [ 17.652728253862549, 59.856763202490718, 8.510000228881836 ], [ 17.653008081642465, 59.856796771373801, 8.649999618530273 ], [ 17.653277546863755, 59.85685351142331, 8.800000190734863 ], [ 17.653465684939896, 59.856907919235503, 8.949999809265137 ] ] } },
{ "type": "Feature", "properties": { }, "geometry": { "type": "LineString", "coordinates": [ [ 17.653465684939896, 59.856907919235503, 8.949999809265137 ], [ 17.653508657242295, 59.856920346369527, 8.989999771118164 ], [ 17.653603947114135, 59.856953993811771, 9.199999809265137 ], [ 17.653663011452025, 59.856990655695299, 9.289999961853027 ] ] } },
{ "type": "Feature", "properties": { }, "geometry": { "type": "LineString", "coordinates": [ [ 17.647528817380792, 59.859667896056308, 7.75 ], [ 17.64751550272987, 59.859674766467684, 7.75 ], [ 17.647496616894713, 59.859685146598714, 7.659999847412109 ] ] } },
{ "type": "Feature", "properties": { }, "geometry": { "type": "LineString", "coordinates": [ [ 17.654755401865419, 59.857008292971443, 9.029999732971191 ], [ 17.654754139553894, 59.857008189948047, 9.029999732971191 ], [ 17.654583115379769, 59.856997970084429, 5.920000076293945 ], [ 17.654469259132203, 59.856991165391783, 5.300000190734863 ], [ 17.654271344505919, 59.856985763079699, 5.230000019073486 ], [ 17.65417475513356, 59.856982621473875, 5.25 ], [ 17.653877776835216, 59.85697297757374, 9.399999618530273 ] ] } },
{ "type": "Feature", "properties": { }, "geometry": { "type": "LineString", "coordinates": [ [ 17.653877776835216, 59.85697297757374, 9.399999618530273 ], [ 17.653876689276, 59.856972935260274, 9.399999618530273 ], [ 17.653740587213775, 59.856985879561712, 9.310000419616699 ], [ 17.653663011452025, 59.856990655695299, 9.289999961853027 ], [ 17.653517774700198, 59.857024926610201, 9.260000228881836 ], [ 17.653056461775645, 59.857139116580356, 9.119999885559082 ] ] } },
{ "type": "Feature", "properties": { }, "geometry": { "type": "LineString", "coordinates": [ [ 17.653056461775645, 59.857139116580356, 9.119999885559082 ], [ 17.652362347032941, 59.85731092808151, 9.020000457763672 ], [ 17.652261957851813, 59.85734281364126, 9.119999885559082 ] ] } },
{ "type": "Feature", "properties": { }, "geometry": { "type": "LineString", "coordinates": [ [ 17.652261957851813, 59.85734281364126, 9.119999885559082 ], [ 17.652091387089158, 59.857396989924844, 9.199999809265137 ], [ 17.651917361035469, 59.857472639733899, 9.359999656677246 ], [ 17.651793181570081, 59.857532923469897, 9.439999580383301 ], [ 17.651580677708022, 59.857630716237935, 9.550000190734863 ] ] } },
{ "type": "Feature", "properties": { }, "geometry": { "type": "LineString", "coordinates": [ [ 17.651580677708022, 59.857630716237935, 9.550000190734863 ], [ 17.651300842149674, 59.857759493185036, 9.630000114440918 ], [ 17.651284856674174, 59.857767859667611, 9.680000305175781 ], [ 17.651095516284787, 59.85786086227273, 9.630000114440918 ], [ 17.650936403253439, 59.857941134362321, 9.560000419616699 ] ] } },
{ "type": "Feature", "properties": { }, "geometry": { "type": "LineString", "coordinates": [ [ 17.650936403253439, 59.857941134362321, 9.560000419616699 ], [ 17.650756858922009, 59.85803171329664, 9.439999580383301 ], [ 17.650388301121581, 59.85822686351365, 9.149999618530273 ], [ 17.650318735586168, 59.858265027324705, 9.069999694824219 ] ] } },
{ "type": "Feature", "properties": { }, "geometry": { "type": "LineString", "coordinates": [ [ 17.650318735586168, 59.858265027324705, 9.069999694824219 ], [ 17.650009848479328, 59.858434482006274, 8.890000343322754 ], [ 17.649715997420113, 59.858596017226624, 8.210000038146973 ] ] } },
{ "type": "Feature", "properties": { }, "geometry": { "type": "LineString", "coordinates": [ [ 17.649715997420113, 59.858596017226624, 8.210000038146973 ], [ 17.649113592193405, 59.858927163337029, 6.190000057220459 ] ] } },
{ "type": "Feature", "properties": { }, "geometry": { "type": "LineString", "coordinates": [ [ 17.649113592193405, 59.858927163337029, 6.190000057220459 ], [ 17.648994335256667, 59.858992718559655, 6.0 ], [ 17.648915691247957, 59.859034380880416, 5.940000057220459 ], [ 17.648864322591329, 59.859061589523982, 5.909999847412109 ], [ 17.648572983923298, 59.859189389805998, 6.210000038146973 ], [ 17.648457595231967, 59.859229561449105, 6.550000190734863 ] ] } },
{ "type": "Feature", "properties": { }, "geometry": { "type": "LineString", "coordinates": [ [ 17.648457595231967, 59.859229561449105, 6.550000190734863 ], [ 17.648345519177251, 59.859268579635959, 6.880000114440918 ], [ 17.648144644893151, 59.859332644121743, 7.429999828338623 ], [ 17.647794652430939, 59.859524877871699, 7.650000095367432 ] ] } },
{ "type": "Feature", "properties": { }, "geometry": { "type": "LineString", "coordinates": [ [ 17.647794652430939, 59.859524877871699, 7.650000095367432 ], [ 17.64761884834914, 59.859621437280644, 7.739999771118164 ], [ 17.647528817380792, 59.859667896056308, 7.75 ] ] } },
{ "type": "Feature", "properties": { }, "geometry": { "type": "LineString", "coordinates": [ [ 17.656533565257572, 59.858189088058602, 9.060000419616699 ], [ 17.65629942836042, 59.858229264964443, 9.079999923706055 ], [ 17.65617815199294, 59.858266945433456, 9.119999885559082 ], [ 17.656102840635306, 59.858310493612912, 9.090000152587891 ], [ 17.656060353141324, 59.858335041928967, 9.159999847412109 ], [ 17.656026747376234, 59.858343429071383, 9.229999542236328 ] ] } },
{ "type": "Feature", "properties": { }, "geometry": { "type": "LineString", "coordinates": [ [ 17.646964991866849, 59.859727702035698, 7.269999980926514 ], [ 17.646947835123502, 59.859719424394747, 7.320000171661377 ], [ 17.646857996890947, 59.859665098061527, 7.349999904632568 ], [ 17.64681827384679, 59.859584045915085, 7.300000190734863 ], [ 17.646781683217814, 59.859492823431019, 7.320000171661377 ], [ 17.646777668767786, 59.859487821930465, 7.340000152587891 ] ] } },
{ "type": "Feature", "properties": { }, "geometry": { "type": "LineString", "coordinates": [ [ 17.647404829657013, 59.85973201178242, 7.590000152587891 ], [ 17.647248194574448, 59.859807562279691, 7.630000114440918 ], [ 17.647232470177819, 59.859812825118539, 7.610000133514404 ], [ 17.647208199751198, 59.859816239783726, 7.610000133514404 ], [ 17.647166894051526, 59.859811888320522, 7.53000020980835 ], [ 17.647138800514366, 59.85980100401936, 7.489999771118164 ], [ 17.647116981295383, 59.859792705956629, 7.429999828338623 ] ] } },
{ "type": "Feature", "properties": { }, "geometry": { "type": "LineString", "coordinates": [ [ 17.649389081992013, 59.858081843053839, 7.420000076293945 ], [ 17.649463356412681, 59.858115266926902, 7.449999809265137 ] ] } },
{ "type": "Feature", "properties": { }, "geometry": { "type": "LineString", "coordinates": [ [ 17.649389081992013, 59.858081843053839, 7.420000076293945 ], [ 17.649326588139328, 59.858054313533209, 7.380000114440918 ] ] } },
{ "type": "Feature", "properties": { }, "geometry": { "type": "LineString", "coordinates": [ [ 17.646777668767786, 59.859487821930465, 7.340000152587891 ], [ 17.646770097196072, 59.859478380769445, 7.349999904632568 ], [ 17.646743898797528, 59.859462219024564, 7.360000133514404 ], [ 17.646707674258945, 59.859444724214086, 7.369999885559082 ], [ 17.646393780410182, 59.859302494621296, 7.349999904632568 ] ] } },
{ "type": "Feature", "properties": { }, "geometry": { "type": "LineString", "coordinates": [ [ 17.655553265477529, 59.858422727638875, 9.220000267028809 ], [ 17.655477707523044, 59.858355334815705, 9.079999923706055 ], [ 17.655457236951623, 59.858335654387012, 9.079999923706055 ] ] } },
{ "type": "Feature", "properties": { }, "geometry": { "type": "LineString", "coordinates": [ [ 17.65596085033329, 59.858117171405617, 9.109999656677246 ], [ 17.655982567148047, 59.858148011826785, 9.029999732971191 ], [ 17.65604715523666, 59.858240073312274, 9.039999961853027 ], [ 17.656071182514246, 59.858270460233101, 9.119999885559082 ] ] } },
{ "type": "Feature", "properties": { }, "geometry": { "type": "LineString", "coordinates": [ [ 17.656026747376234, 59.858343429071383, 9.229999542236328 ], [ 17.655963715756492, 59.858359148221552, 9.239999771118164 ], [ 17.655732784652269, 59.858407677807669, 9.25 ], [ 17.655706963134811, 59.858413231065697, 9.220000267028809 ] ] } },
{ "type": "Feature", "properties": { }, "geometry": { "type": "LineString", "coordinates": [ [ 17.655457236951623, 59.858335654387012, 9.079999923706055 ], [ 17.655401336788156, 59.858281905343794, 9.090000152587891 ] ] } },
{ "type": "Feature", "properties": { }, "geometry": { "type": "LineString", "coordinates": [ [ 17.653247124376566, 59.856528012076744, 6.170000076293945 ], [ 17.653236452097158, 59.856494999941987, 6.21999979019165 ], [ 17.653214719526481, 59.856423901254423, 6.400000095367432 ] ] } },
{ "type": "Feature", "properties": { }, "geometry": { "type": "LineString", "coordinates": [ [ 17.65438990139533, 59.85652946112797, 6.050000190734863 ], [ 17.65438477138845, 59.856632594146923, 5.690000057220459 ] ] } },
{ "type": "Feature", "properties": { }, "geometry": { "type": "LineString", "coordinates": [ [ 17.655401336788156, 59.858281905343794, 9.090000152587891 ], [ 17.655368676479995, 59.858250500426657, 9.100000381469727 ], [ 17.655290526694504, 59.858177585030539, 9.180000305175781 ] ] } },
{ "type": "Feature", "properties": { }, "geometry": { "type": "LineString", "coordinates": [ [ 17.655325629266137, 59.857406396324521, 8.689999580383301 ], [ 17.655370708540428, 59.857433946024358, 8.670000076293945 ], [ 17.655482683826602, 59.85753667238663, 8.850000381469727 ] ] } },
{ "type": "Feature", "properties": { }, "geometry": { "type": "LineString", "coordinates": [ [ 17.655482683826602, 59.85753667238663, 8.850000381469727 ], [ 17.65566681750084, 59.857753863592514, 9.010000228881836 ] ] } },
{ "type": "Feature", "properties": { }, "geometry": { "type": "LineString", "coordinates": [ [ 17.649406543323739, 59.858146532692572, 7.429999828338623 ], [ 17.649829294329781, 59.858350933875478, 8.380000114440918 ], [ 17.650009848479328, 59.858434482006274, 8.890000343322754 ] ] } },
{ "type": "Feature", "properties": { }, "geometry": { "type": "LineString", "coordinates": [ [ 17.650117956938477, 59.858558026379015, 9.189999580383301 ], [ 17.650763515699982, 59.858867917525167, 9.819999694824219 ] ] } },
{ "type": "Feature", "properties": { }, "geometry": { "type": "LineString", "coordinates": [ [ 17.650763515699982, 59.858867917525167, 9.819999694824219 ], [ 17.650838773268305, 59.858904043245069, 9.619999885559082 ] ] } },
{ "type": "Feature", "properties": { }, "geometry": { "type": "LineString", "coordinates": [ [ 17.649463356412681, 59.858115266926902, 7.449999809265137 ], [ 17.649406543323739, 59.858146532692572, 7.429999828338623 ] ] } },
{ "type": "Feature", "properties": { }, "geometry": { "type": "LineString", "coordinates": [ [ 17.650343104541065, 59.860986647650392, 11.029999732971191 ], [ 17.650224837057017, 59.860932451943526, 11.109999656677246 ] ] } },
{ "type": "Feature", "properties": { }, "geometry": { "type": "LineString", "coordinates": [ [ 17.65566681750084, 59.857753863592514, 9.010000228881836 ], [ 17.65596085033329, 59.858117171405617, 9.109999656677246 ] ] } },
{ "type": "Feature", "properties": { }, "geometry": { "type": "LineString", "coordinates": [ [ 17.649326588139328, 59.858054313533209, 7.380000114440918 ], [ 17.649270534903554, 59.858029630881425, 7.480000019073486 ] ] } },
{ "type": "Feature", "properties": { }, "geometry": { "type": "LineString", "coordinates": [ [ 17.648217335967757, 59.861645606863618, 10.140000343322754 ], [ 17.648175923751101, 59.86162702474661, 10.109999656677246 ], [ 17.647551160687012, 59.861346927184179, 9.300000190734863 ] ] } },
{ "type": "Feature", "properties": { }, "geometry": { "type": "LineString", "coordinates": [ [ 17.647551160687012, 59.861346927184179, 9.300000190734863 ], [ 17.647056572000935, 59.861125184690842, 8.510000228881836 ], [ 17.646982451568746, 59.86109273421696, 8.449999809265137 ] ] } },
{ "type": "Feature", "properties": { }, "geometry": { "type": "LineString", "coordinates": [ [ 17.656060353141324, 59.858335041928967, 9.159999847412109 ], [ 17.656082818540298, 59.858390279123583, 9.25 ], [ 17.65616453041666, 59.858459925934447, 9.189999580383301 ] ] } },
{ "type": "Feature", "properties": { }, "geometry": { "type": "LineString", "coordinates": [ [ 17.646644974097359, 59.861205083188437, 8.569999694824219 ], [ 17.646146960851656, 59.86148029159925, 8.350000381469727 ] ] } },
{ "type": "Feature", "properties": { }, "geometry": { "type": "LineString", "coordinates": [ [ 17.648232303522398, 59.860341807953752, 9.310000419616699 ], [ 17.647625636475905, 59.860670994716628, 8.930000305175781 ] ] } },
{ "type": "Feature", "properties": { }, "geometry": { "type": "LineString", "coordinates": [ [ 17.647625636475905, 59.860670994716628, 8.930000305175781 ], [ 17.647018957448765, 59.861000178750366, 8.699999809265137 ] ] } },
{ "type": "Feature", "properties": { }, "geometry": { "type": "LineString", "coordinates": [ [ 17.647018957448765, 59.861000178750366, 8.699999809265137 ], [ 17.646949927743968, 59.861037633682614, 8.479999542236328 ], [ 17.646935150204783, 59.861045654100231, 8.409999847412109 ], [ 17.646888440203451, 59.861040419026828, 8.399999618530273 ], [ 17.646354402626095, 59.860796568438637, 7.78000020980835 ] ] } },
{ "type": "Feature", "properties": { }, "geometry": { "type": "LineString", "coordinates": [ [ 17.646354402626095, 59.860796568438637, 7.78000020980835 ], [ 17.645851061194204, 59.860566728925782, 7.079999923706055 ], [ 17.6458164139103, 59.860542513900654, 7.03000020980835 ], [ 17.645828095769172, 59.860510401012128, 6.96999979019165 ], [ 17.645858467827278, 59.86049181002987, 6.989999771118164 ], [ 17.645885660067162, 59.86047669955741, 7.039999961853027 ] ] } },
{ "type": "Feature", "properties": { }, "geometry": { "type": "LineString", "coordinates": [ [ 17.645885660067162, 59.86047669955741, 7.039999961853027 ], [ 17.64648451634957, 59.860143915881544, 7.130000114440918 ] ] } },
{ "type": "Feature", "properties": { }, "geometry": { "type": "LineString", "coordinates": [ [ 17.64648451634957, 59.860143915881544, 7.130000114440918 ], [ 17.6470833606806, 59.859811129547651, 7.440000057220459 ] ] } },
{ "type": "Feature", "properties": { }, "geometry": { "type": "LineString", "coordinates": [ [ 17.6470833606806, 59.859811129547651, 7.440000057220459 ], [ 17.647092334274753, 59.859806142722697, 7.429999828338623 ], [ 17.647116981295383, 59.859792705956629, 7.429999828338623 ] ] } },
{ "type": "Feature", "properties": { }, "geometry": { "type": "LineString", "coordinates": [ [ 17.647092334274753, 59.859806142722697, 7.429999828338623 ], [ 17.647744432869285, 59.860112563588629, 8.529999732971191 ] ] } },
{ "type": "Feature", "properties": { }, "geometry": { "type": "LineString", "coordinates": [ [ 17.647744432869285, 59.860112563588629, 8.529999732971191 ], [ 17.648232303522398, 59.860341807953752, 9.310000419616699 ] ] } },
{ "type": "Feature", "properties": { }, "geometry": { "type": "LineString", "coordinates": [ [ 17.6497093372218, 59.859525716129085, 9.800000190734863 ], [ 17.649105814551167, 59.859856354808691, 9.760000228881836 ] ] } },
{ "type": "Feature", "properties": { }, "geometry": { "type": "LineString", "coordinates": [ [ 17.649105814551167, 59.859856354808691, 9.760000228881836 ], [ 17.648577266221434, 59.860145911342798, 9.409999847412109 ], [ 17.648549767828499, 59.860152489078125, 9.310000419616699 ], [ 17.648520724329984, 59.860144422256091, 9.319999694824219 ] ] } },
{ "type": "Feature", "properties": { }, "geometry": { "type": "LineString", "coordinates": [ [ 17.64751550272987, 59.859674766467684, 7.75 ], [ 17.648169334980928, 59.859980249871562, 8.949999809265137 ] ] } },
{ "type": "Feature", "properties": { }, "geometry": { "type": "LineString", "coordinates": [ [ 17.648169334980928, 59.859980249871562, 8.949999809265137 ], [ 17.648520724329984, 59.860144422256091, 9.319999694824219 ] ] } },
{ "type": "Feature", "properties": { }, "geometry": { "type": "LineString", "coordinates": [ [ 17.653283826471096, 59.856597095883934, 6.320000171661377 ], [ 17.652517558790649, 59.8565579992068, 7.989999771118164 ], [ 17.652401441086589, 59.85657701183451, 8.199999809265137 ] ] } },
{ "type": "Feature", "properties": { }, "geometry": { "type": "LineString", "coordinates": [ [ 17.652401441086589, 59.85657701183451, 8.199999809265137 ], [ 17.65228236642325, 59.856596508493894, 8.329999923706055 ], [ 17.652132823358937, 59.856645990021313, 8.369999885559082 ], [ 17.65201647897463, 59.856699970353283, 8.279999732971191 ], [ 17.651776216789205, 59.856831210294985, 8.079999923706055 ], [ 17.651725317839752, 59.856859013829741, 8.100000381469727 ] ] } },
{ "type": "Feature", "properties": { }, "geometry": { "type": "LineString", "coordinates": [ [ 17.651725317839752, 59.856859013829741, 8.100000381469727 ], [ 17.651695082330153, 59.856875529936055, 7.949999809265137 ], [ 17.65112957607592, 59.857193178902293, 9.579999923706055 ] ] } },
{ "type": "Feature", "properties": { }, "geometry": { "type": "LineString", "coordinates": [ [ 17.65112957607592, 59.857193178902293, 9.579999923706055 ], [ 17.650676579615109, 59.857447624227987, 7.480000019073486 ], [ 17.650532672654933, 59.857526818904191, 10.619999885559082 ] ] } },
{ "type": "Feature", "properties": { }, "geometry": { "type": "LineString", "coordinates": [ [ 17.650532672654933, 59.857526818904191, 10.619999885559082 ], [ 17.649930635519709, 59.857858125391935, 7.489999771118164 ] ] } },
{ "type": "Feature", "properties": { }, "geometry": { "type": "LineString", "coordinates": [ [ 17.649930635519709, 59.857858125391935, 7.489999771118164 ], [ 17.649463356412681, 59.858115266926902, 7.449999809265137 ] ] } },
{ "type": "Feature", "properties": { }, "geometry": { "type": "LineString", "coordinates": [ [ 17.654401213918689, 59.856416495774873, 6.269999980926514 ], [ 17.654392008254195, 59.856487069020005, 6.230000019073486 ], [ 17.65438990139533, 59.85652946112797, 6.050000190734863 ] ] } },
{ "type": "Feature", "properties": { }, "geometry": { "type": "LineString", "coordinates": [ [ 17.655261871594483, 59.858150846047216, 9.210000038146973 ], [ 17.655386121867739, 59.858130565931198, 9.159999847412109 ], [ 17.655633187543671, 59.858095659018417, 9.210000038146973 ], [ 17.655720056906095, 59.858084826823877, 9.310000419616699 ] ] } },
{ "type": "Feature", "properties": { }, "geometry": { "type": "LineString", "coordinates": [ [ 17.655706963134811, 59.858413231065697, 9.220000267028809 ], [ 17.655651494078551, 59.858425164247045, 9.310000419616699 ] ] } },
{ "type": "Feature", "properties": { }, "geometry": { "type": "LineString", "coordinates": [ [ 17.656071182514246, 59.858270460233101, 9.119999885559082 ], [ 17.656102840635306, 59.858310493612912, 9.090000152587891 ] ] } },
{ "type": "Feature", "properties": { }, "geometry": { "type": "LineString", "coordinates": [ [ 17.653489066436499, 59.85878166811964, 9.800000190734863 ], [ 17.653491260554482, 59.858755384700245, 9.789999961853027 ], [ 17.653519838271524, 59.858737905873561, 9.739999771118164 ] ] } },
{ "type": "Feature", "properties": { }, "geometry": { "type": "LineString", "coordinates": [ [ 17.647484140192656, 59.859593453548989, 7.599999904632568 ], [ 17.647374402095252, 59.859547343868726, 7.349999904632568 ], [ 17.647300500976666, 59.859516288238645, 7.340000152587891 ] ] } },
{ "type": "Feature", "properties": { }, "geometry": { "type": "LineString", "coordinates": [ [ 17.653884237101849, 59.857117098659778, 9.210000038146973 ], [ 17.653931876518111, 59.85715923006218, 9.229999542236328 ], [ 17.654117917693579, 59.857209748776242, 9.229999542236328 ], [ 17.654216590753556, 59.857274863150735, 9.199999809265137 ], [ 17.65439513113769, 59.857467079861372, 9.199999809265137 ] ] } },
{ "type": "Feature", "properties": { }, "geometry": { "type": "LineString", "coordinates": [ [ 17.65439513113769, 59.857467079861372, 9.199999809265137 ], [ 17.654514003600259, 59.857595056654162, 8.850000381469727 ] ] } },
{ "type": "Feature", "properties": { }, "geometry": { "type": "LineString", "coordinates": [ [ 17.654514003600259, 59.857595056654162, 8.850000381469727 ], [ 17.654438400597414, 59.857604297504707, 8.760000228881836 ], [ 17.653686969663784, 59.857762425324402, 9.159999847412109 ] ] } },
{ "type": "Feature", "properties": { }, "geometry": { "type": "LineString", "coordinates": [ [ 17.653686969663784, 59.857762425324402, 9.159999847412109 ], [ 17.652880146079905, 59.857932203311165, 9.550000190734863 ], [ 17.652864757591299, 59.857936670456574, 9.550000190734863 ] ] } },
{ "type": "Feature", "properties": { }, "geometry": { "type": "LineString", "coordinates": [ [ 17.652864757591299, 59.857936670456574, 9.550000190734863 ], [ 17.65252163001152, 59.858036276656513, 9.75 ], [ 17.652162738336003, 59.858176503239285, 9.960000038146973 ], [ 17.652149481826992, 59.858183779834285, 9.899999618530273 ] ] } },
{ "type": "Feature", "properties": { }, "geometry": { "type": "LineString", "coordinates": [ [ 17.650878654734569, 59.858881769068603, 9.659999847412109 ], [ 17.650838773268305, 59.858904043245069, 9.619999885559082 ], [ 17.650800765615564, 59.8589252589436, 9.680000305175781 ] ] } },
{ "type": "Feature", "properties": { }, "geometry": { "type": "LineString", "coordinates": [ [ 17.650800765615564, 59.8589252589436, 9.680000305175781 ], [ 17.65019908427044, 59.859256740427355, 9.840000152587891 ] ] } },
{ "type": "Feature", "properties": { }, "geometry": { "type": "LineString", "coordinates": [ [ 17.65019908427044, 59.859256740427355, 9.840000152587891 ], [ 17.649983927663119, 59.859375273397731, 9.899999618530273 ] ] } },
{ "type": "Feature", "properties": { }, "geometry": { "type": "LineString", "coordinates": [ [ 17.649983927663119, 59.859375273397731, 9.899999618530273 ], [ 17.649951843695248, 59.859392850562827, 9.829999923706055 ] ] } },
{ "type": "Feature", "properties": { }, "geometry": { "type": "LineString", "coordinates": [ [ 17.649954485425788, 59.859584465934802, 9.890000343322754 ], [ 17.650003066747129, 59.859558633504825, 9.840000152587891 ], [ 17.650055520991128, 59.859530731591867, 9.789999961853027 ] ] } },
{ "type": "Feature", "properties": { }, "geometry": { "type": "LineString", "coordinates": [ [ 17.650055520991128, 59.859530731591867, 9.789999961853027 ], [ 17.650040256460759, 59.859505670590217, 9.909999847412109 ], [ 17.650047113036582, 59.859480899441316, 9.930000305175781 ], [ 17.650069467983258, 59.859463182643005, 9.949999809265137 ], [ 17.650576944244055, 59.859186215471119, 9.840000152587891 ] ] } },
{ "type": "Feature", "properties": { }, "geometry": { "type": "LineString", "coordinates": [ [ 17.650576944244055, 59.859186215471119, 9.840000152587891 ], [ 17.650933410523262, 59.85899166167539, 9.789999961853027 ], [ 17.650987505078795, 59.858977067188597, 9.739999771118164 ], [ 17.651016330781456, 59.858969291564833, 9.710000038146973 ], [ 17.651053032332307, 59.858974155683015, 9.659999847412109 ], [ 17.651085563377173, 59.858978468509584, 9.600000381469727 ], [ 17.651233464312192, 59.859046694350504, 9.779999732971191 ] ] } },
{ "type": "Feature", "properties": { }, "geometry": { "type": "LineString", "coordinates": [ [ 17.651233464312192, 59.859046694350504, 9.779999732971191 ], [ 17.651891145195652, 59.85935007326529, 10.210000038146973 ] ] } },
{ "type": "Feature", "properties": { }, "geometry": { "type": "LineString", "coordinates": [ [ 17.651891145195652, 59.85935007326529, 10.210000038146973 ], [ 17.65211197930552, 59.859451938929396, 10.390000343322754 ], [ 17.652129556898839, 59.859476153654064, 10.439999580383301 ], [ 17.652127292884192, 59.859494258330209, 10.470000267028809 ], [ 17.652090106130963, 59.859524458839481, 10.550000190734863 ] ] } },
{ "type": "Feature", "properties": { }, "geometry": { "type": "LineString", "coordinates": [ [ 17.650055520991128, 59.859530731591867, 9.789999961853027 ], [ 17.650712726806123, 59.859834376219148, 10.369999885559082 ] ] } },
{ "type": "Feature", "properties": { }, "geometry": { "type": "LineString", "coordinates": [ [ 17.650712726806123, 59.859834376219148, 10.369999885559082 ], [ 17.651094098471336, 59.860010574863637, 10.649999618530273 ], [ 17.651139963776242, 59.86001811673389, 10.680000305175781 ], [ 17.651190278684425, 59.860015383092083, 10.649999618530273 ], [ 17.651211190971416, 59.860008616241167, 10.680000305175781 ], [ 17.651380320521486, 59.859915451421493, 10.699999809265137 ] ] } },
{ "type": "Feature", "properties": { }, "geometry": { "type": "LineString", "coordinates": [ [ 17.651380320521486, 59.859915451421493, 10.699999809265137 ], [ 17.651982046764346, 59.859583985267228, 10.600000381469727 ] ] } },
{ "type": "Feature", "properties": { }, "geometry": { "type": "LineString", "coordinates": [ [ 17.651982046764346, 59.859583985267228, 10.600000381469727 ], [ 17.652090106130963, 59.859524458839481, 10.550000190734863 ] ] } },
{ "type": "Feature", "properties": { }, "geometry": { "type": "LineString", "coordinates": [ [ 17.653350775919698, 59.858828475744367, 10.0 ], [ 17.652749437726357, 59.859160113612205, 10.319999694824219 ] ] } },
{ "type": "Feature", "properties": { }, "geometry": { "type": "LineString", "coordinates": [ [ 17.652749437726357, 59.859160113612205, 10.319999694824219 ], [ 17.652282874300866, 59.859417416837431, 10.470000267028809 ], [ 17.65224992463013, 59.859422484887197, 10.409999847412109 ], [ 17.652198242067005, 59.85940468201737, 10.399999618530273 ] ] } },
{ "type": "Feature", "properties": { }, "geometry": { "type": "LineString", "coordinates": [ [ 17.652198242067005, 59.85940468201737, 10.399999618530273 ], [ 17.6515409694886, 59.859101078777542, 9.949999809265137 ] ] } },
{ "type": "Feature", "properties": { }, "geometry": { "type": "LineString", "coordinates": [ [ 17.6515409694886, 59.859101078777542, 9.949999809265137 ], [ 17.651170168243432, 59.85892979665622, 9.640000343322754 ], [ 17.651161951035171, 59.858914394258932, 9.670000076293945 ], [ 17.651151006252192, 59.858893900324794, 9.760000228881836 ], [ 17.651177075599005, 59.858858313561555, 9.760000228881836 ], [ 17.651339632425, 59.858769751719478, 9.829999923706055 ] ] } },
{ "type": "Feature", "properties": { }, "geometry": { "type": "LineString", "coordinates": [ [ 17.651339632425, 59.858769751719478, 9.829999923706055 ], [ 17.651944961894941, 59.858439959073912, 9.979999542236328 ] ] } },
{ "type": "Feature", "properties": { }, "geometry": { "type": "LineString", "coordinates": [ [ 17.651944961894941, 59.858439959073912, 9.979999542236328 ], [ 17.652247135834912, 59.858275326685856, 10.100000381469727 ], [ 17.652291392262246, 59.858268281984671, 10.050000190734863 ], [ 17.65231479872735, 59.858270294349545, 10.029999732971191 ], [ 17.652359254656577, 59.858287393357401, 9.979999542236328 ], [ 17.652595882405382, 59.858396322747538, 10.050000190734863 ] ] } },
{ "type": "Feature", "properties": { }, "geometry": { "type": "LineString", "coordinates": [ [ 17.652595882405382, 59.858396322747538, 10.050000190734863 ], [ 17.653254177983516, 59.858699356968167, 10.020000457763672 ] ] } },
{ "type": "Feature", "properties": { }, "geometry": { "type": "LineString", "coordinates": [ [ 17.653254177983516, 59.858699356968167, 10.020000457763672 ], [ 17.653414707603265, 59.85877325246733, 9.859999656677246 ], [ 17.653421454223903, 59.858788363173957, 9.869999885559082 ], [ 17.653350775919698, 59.858828475744367, 10.0 ] ] } },
{ "type": "Feature", "properties": { }, "geometry": { "type": "LineString", "coordinates": [ [ 17.651053032332307, 59.858974155683015, 9.659999847412109 ], [ 17.65110820112637, 59.858943885950872, 9.659999847412109 ], [ 17.651161951035171, 59.858914394258932, 9.670000076293945 ] ] } },
{ "type": "Feature", "properties": { }, "geometry": { "type": "LineString", "coordinates": [ [ 17.65231479872735, 59.858270294349545, 10.029999732971191 ], [ 17.652373291379089, 59.858238914932578, 9.920000076293945 ], [ 17.652425917410135, 59.858210680207634, 9.939999580383301 ] ] } },
{ "type": "Feature", "properties": { }, "geometry": { "type": "LineString", "coordinates": [ [ 17.653574104082409, 59.858709130835493, 9.789999961853027 ], [ 17.653494095569414, 59.858712164227214, 9.829999923706055 ], [ 17.653462258448581, 59.858706203410748, 9.890000343322754 ], [ 17.652889037190029, 59.858441499033248, 10.100000381469727 ] ] } },
{ "type": "Feature", "properties": { }, "geometry": { "type": "LineString", "coordinates": [ [ 17.652889037190029, 59.858441499033248, 10.100000381469727 ], [ 17.652449185006002, 59.858238377763392, 9.920000076293945 ], [ 17.652430455779623, 59.858225400041526, 9.949999809265137 ], [ 17.652425917410135, 59.858210680207634, 9.939999580383301 ], [ 17.652440094857628, 59.858178801856475, 9.909999847412109 ], [ 17.652575056139273, 59.858127800502167, 9.880000114440918 ] ] } },
{ "type": "Feature", "properties": { }, "geometry": { "type": "LineString", "coordinates": [ [ 17.652575056139273, 59.858127800502167, 9.880000114440918 ], [ 17.652612107182847, 59.858113799002709, 9.829999923706055 ], [ 17.652873066006606, 59.858034176312422, 9.649999618530273 ], [ 17.653370152542102, 59.857927045698823, 9.359999656677246 ] ] } },
{ "type": "Feature", "properties": { }, "geometry": { "type": "LineString", "coordinates": [ [ 17.653370152542102, 59.857927045698823, 9.359999656677246 ], [ 17.654190377557224, 59.857750267654119, 9.020000457763672 ] ] } },
{ "type": "Feature", "properties": { }, "geometry": { "type": "LineString", "coordinates": [ [ 17.654190377557224, 59.857750267654119, 9.020000457763672 ], [ 17.6542043745564, 59.857747250906762, 9.029999732971191 ], [ 17.654257488434254, 59.857743438870237, 9.060000419616699 ], [ 17.654401708133829, 59.857774136129592, 9.029999732971191 ], [ 17.654419675139092, 59.857781097359954, 9.029999732971191 ], [ 17.654456467287005, 59.857815124462896, 9.039999961853027 ], [ 17.654481129420798, 59.857821015590098, 8.979999542236328 ], [ 17.654767620450357, 59.857759397186001, 8.819999694824219 ] ] } },
{ "type": "Feature", "properties": { }, "geometry": { "type": "LineString", "coordinates": [ [ 17.646950724563222, 59.861185894336785, 8.609999656677246 ], [ 17.647617323002791, 59.861484333373916, 9.439999580383301 ] ] } },
{ "type": "Feature", "properties": { }, "geometry": { "type": "LineString", "coordinates": [ [ 17.647617323002791, 59.861484333373916, 9.439999580383301 ], [ 17.648106896188715, 59.861703511820373, 10.029999732971191 ] ] } },
{ "type": "Feature", "properties": { }, "geometry": { "type": "LineString", "coordinates": [ [ 17.64612106926802, 59.861669011244764, 8.520000457763672 ], [ 17.646704419241644, 59.861329322479484, 8.579999923706055 ] ] } },
{ "type": "Feature", "properties": { }, "geometry": { "type": "LineString", "coordinates": [ [ 17.646704419241644, 59.861329322479484, 8.579999923706055 ], [ 17.646950724563222, 59.861185894336785, 8.609999656677246 ] ] } },
{ "type": "Feature", "properties": { }, "geometry": { "type": "LineString", "coordinates": [ [ 17.646950724563222, 59.861185894336785, 8.609999656677246 ], [ 17.647071845295294, 59.861630593042548, 9.159999847412109 ] ] } },
{ "type": "Feature", "properties": { }, "geometry": { "type": "LineString", "coordinates": [ [ 17.647071845295294, 59.861630593042548, 9.159999847412109 ], [ 17.647086881119375, 59.861685796679716, 9.220000267028809 ], [ 17.647192963163999, 59.862075292018815, 9.630000114440918 ] ] } },
{ "type": "Feature", "properties": { }, "geometry": { "type": "LineString", "coordinates": [ [ 17.647192963163999, 59.862075292018815, 9.630000114440918 ], [ 17.647211160076491, 59.862142103603361, 9.659999847412109 ] ] } },
{ "type": "Feature", "properties": { }, "geometry": { "type": "LineString", "coordinates": [ [ 17.648106896188715, 59.861703511820373, 10.029999732971191 ], [ 17.647214975814901, 59.861688021803083, 9.479999542236328 ] ] } },
{ "type": "Feature", "properties": { }, "geometry": { "type": "LineString", "coordinates": [ [ 17.647214975814901, 59.861688021803083, 9.479999542236328 ], [ 17.647086881119375, 59.861685796679716, 9.220000267028809 ], [ 17.646323056346237, 59.861672522289354, 8.609999656677246 ] ] } },
{ "type": "Feature", "properties": { }, "geometry": { "type": "LineString", "coordinates": [ [ 17.646323056346237, 59.861672522289354, 8.609999656677246 ], [ 17.64612106926802, 59.861669011244764, 8.520000457763672 ] ] } },
{ "type": "Feature", "properties": { }, "geometry": { "type": "LineString", "coordinates": [ [ 17.647056572000935, 59.861125184690842, 8.510000228881836 ], [ 17.647096560003714, 59.861102659765187, 8.659999847412109 ], [ 17.647464818058829, 59.86089516974878, 8.810000419616699 ], [ 17.647654439836064, 59.860791965899637, 8.909999847412109 ] ] } },
{ "type": "Feature", "properties": { }, "geometry": { "type": "LineString", "coordinates": [ [ 17.647654439836064, 59.860791965899637, 8.909999847412109 ], [ 17.648260112721186, 59.860462315349174, 9.460000038146973 ] ] } },
{ "type": "Feature", "properties": { }, "geometry": { "type": "LineString", "coordinates": [ [ 17.648260112721186, 59.860462315349174, 9.460000038146973 ], [ 17.648499228189593, 59.860332169046778, 9.420000076293945 ], [ 17.64857827597768, 59.860303168779105, 9.470000267028809 ], [ 17.648610025860236, 59.860302023134608, 9.5 ], [ 17.648645012829697, 59.860310241588671, 9.510000228881836 ] ] } },
{ "type": "Feature", "properties": { }, "geometry": { "type": "LineString", "coordinates": [ [ 17.649697224535444, 59.8607931835313, 10.569999694824219 ], [ 17.649689237335039, 59.860821853322129, 10.789999961853027 ], [ 17.649640423786561, 59.860848454040692, 10.920000076293945 ] ] } },
{ "type": "Feature", "properties": { }, "geometry": { "type": "LineString", "coordinates": [ [ 17.650956960583546, 59.860145960189236, 10.689999580383301 ], [ 17.650353785514632, 59.86047676429601, 10.779999732971191 ] ] } },
{ "type": "Feature", "properties": { }, "geometry": { "type": "LineString", "coordinates": [ [ 17.650353785514632, 59.86047676429601, 10.779999732971191 ], [ 17.649867694996789, 59.860743348051145, 10.600000381469727 ], [ 17.649834218058427, 59.860747505290171, 10.560000419616699 ], [ 17.649790497168837, 59.860738956163765, 10.510000228881836 ] ] } },
{ "type": "Feature", "properties": { }, "geometry": { "type": "LineString", "coordinates": [ [ 17.649954485425788, 59.859584465934802, 9.890000343322754 ], [ 17.650614202609454, 59.859886730284437, 10.420000076293945 ] ] } },
{ "type": "Feature", "properties": { }, "geometry": { "type": "LineString", "coordinates": [ [ 17.650614202609454, 59.859886730284437, 10.420000076293945 ], [ 17.650981160205248, 59.860054856364059, 10.729999542236328 ], [ 17.6510037122118, 59.860068685241188, 10.710000038146973 ], [ 17.65101343482219, 59.860097912119642, 10.720000267028809 ], [ 17.650996257992119, 59.860122227341144, 10.760000228881836 ], [ 17.650956960583546, 59.860145960189236, 10.689999580383301 ] ] } },
{ "type": "Feature", "properties": { }, "geometry": { "type": "LineString", "coordinates": [ [ 17.649790497168837, 59.860738956163765, 10.510000228881836 ], [ 17.649138762841218, 59.860432333016917, 9.920000076293945 ] ] } },
{ "type": "Feature", "properties": { }, "geometry": { "type": "LineString", "coordinates": [ [ 17.649138762841218, 59.860432333016917, 9.920000076293945 ], [ 17.648752400562579, 59.860250555918249, 9.590000152587891 ], [ 17.648727735608819, 59.860229481328957, 9.630000114440918 ], [ 17.648728137829131, 59.860215311526964, 9.529999732971191 ], [ 17.648919664186597, 59.860108098908469, 9.680000305175781 ] ] } },
{ "type": "Feature", "properties": { }, "geometry": { "type": "LineString", "coordinates": [ [ 17.648919664186597, 59.860108098908469, 9.680000305175781 ], [ 17.649516099201399, 59.859774220377439, 9.859999656677246 ] ] } },
{ "type": "Feature", "properties": { }, "geometry": { "type": "LineString", "coordinates": [ [ 17.649516099201399, 59.859774220377439, 9.859999656677246 ], [ 17.64985305026142, 59.85958559432494, 9.939999580383301 ], [ 17.649919508261682, 59.859576161981131, 9.890000343322754 ], [ 17.649954485425788, 59.859584465934802, 9.890000343322754 ] ] } },
{ "type": "Feature", "properties": { }, "geometry": { "type": "LineString", "coordinates": [ [ 17.64836303230333, 59.860269654116514, 9.310000419616699 ], [ 17.648432209120426, 59.860301403824337, 9.350000381469727 ], [ 17.648499228189593, 59.860332169046778, 9.420000076293945 ] ] } },
{ "type": "Feature", "properties": { }, "geometry": { "type": "LineString", "coordinates": [ [ 17.648645012829697, 59.860310241588671, 9.510000228881836 ], [ 17.648701116366851, 59.860279054738072, 9.510000228881836 ], [ 17.648752400562579, 59.860250555918249, 9.590000152587891 ] ] } },
{ "type": "Feature", "properties": { }, "geometry": { "type": "LineString", "coordinates": [ [ 17.648577266221434, 59.860145911342798, 9.409999847412109 ], [ 17.648648061561197, 59.860178477787208, 9.470000267028809 ], [ 17.648728137829131, 59.860215311526964, 9.529999732971191 ] ] } },
{ "type": "Feature", "properties": { }, "geometry": { "type": "LineString", "coordinates": [ [ 17.64840092141641, 59.86021099582981, 9.279999732971191 ], [ 17.648470269381786, 59.860172461747339, 9.25 ], [ 17.648520724329984, 59.860144422256091, 9.319999694824219 ] ] } },
{ "type": "Feature", "properties": { }, "geometry": { "type": "LineString", "coordinates": [ [ 17.647322062660557, 59.862127538917939, 9.579999923706055 ], [ 17.647394443070407, 59.86216229409483, 9.579999923706055 ], [ 17.647545338942223, 59.862234764538904, 9.869999885559082 ], [ 17.647635691215555, 59.862278151948409, 9.920000076293945 ] ] } },
{ "type": "Feature", "properties": { }, "geometry": { "type": "LineString", "coordinates": [ [ 17.650242601518254, 59.861043205653104, 11.100000381469727 ], [ 17.650121465977165, 59.860989324111635, 11.119999885559082 ] ] } },
{ "type": "Feature", "properties": { }, "geometry": { "type": "LineString", "coordinates": [ [ 17.649025525992741, 59.861632214740474, 10.670000076293945 ], [ 17.649090865297151, 59.861661964223593, 10.729999542236328 ], [ 17.649127671130209, 59.861670614028604, 10.729999542236328 ] ] } },
{ "type": "Feature", "properties": { }, "geometry": { "type": "LineString", "coordinates": [ [ 17.648697603344313, 59.861384309623013, 10.359999656677246 ], [ 17.648729953254172, 59.861399340776032, 10.289999961853027 ], [ 17.648782763760156, 59.861423881968875, 10.399999618530273 ], [ 17.648923469788802, 59.861489210919061, 10.680000305175781 ], [ 17.648954911641535, 59.861503810601107, 10.670000076293945 ], [ 17.649007091032345, 59.861528043200245, 10.810000419616699 ] ] } },
{ "type": "Feature", "properties": { }, "geometry": { "type": "LineString", "coordinates": [ [ 17.648860287934678, 59.861737926752632, 10.670000076293945 ], [ 17.648940192428636, 59.861686802820046, 10.699999809265137 ], [ 17.649025525992741, 59.861632214740474, 10.670000076293945 ] ] } },
{ "type": "Feature", "properties": { }, "geometry": { "type": "LineString", "coordinates": [ [ 17.650956960583546, 59.860145960189236, 10.689999580383301 ], [ 17.650986168200628, 59.860158520093712, 10.689999580383301 ], [ 17.651037626645447, 59.86018071780687, 10.770000457763672 ], [ 17.65119259624873, 59.86024724889581, 10.720000267028809 ], [ 17.651250561852034, 59.860272306275, 10.579999923706055 ], [ 17.651280337963019, 59.860285804015938, 10.720000267028809 ] ] } },
{ "type": "Feature", "properties": { }, "geometry": { "type": "LineString", "coordinates": [ [ 17.649965021146574, 59.861003409025074, 11.100000381469727 ], [ 17.649936659437252, 59.860989789719028, 10.970000267028809 ], [ 17.649888721723105, 59.860966692691711, 11.069999694824219 ], [ 17.649740417317211, 59.860895257736729, 10.779999732971191 ], [ 17.649686010275364, 59.860869057369221, 10.649999618530273 ] ] } },
{ "type": "Feature", "properties": { }, "geometry": { "type": "LineString", "coordinates": [ [ 17.649686010275364, 59.860869057369221, 10.649999618530273 ], [ 17.649640423786561, 59.860848454040692, 10.920000076293945 ] ] } },
{ "type": "Feature", "properties": { }, "geometry": { "type": "LineString", "coordinates": [ [ 17.650121465977165, 59.860989324111635, 11.119999885559082 ], [ 17.650172166938312, 59.860961428932136, 11.0 ], [ 17.650224837057017, 59.860932451943526, 11.109999656677246 ] ] } },
{ "type": "Feature", "properties": { }, "geometry": { "type": "LineString", "coordinates": [ [ 17.651378466474441, 59.860285497782087, 10.789999961853027 ], [ 17.651494969585126, 59.860336343936808, 10.810000419616699 ] ] } },
{ "type": "Feature", "properties": { }, "geometry": { "type": "LineString", "coordinates": [ [ 17.651280337963019, 59.860285804015938, 10.720000267028809 ], [ 17.651315478883753, 59.860271048695658, 10.680000305175781 ], [ 17.651337113528502, 59.860271726450691, 10.689999580383301 ], [ 17.651378466474441, 59.860285497782087, 10.789999961853027 ] ] } },
{ "type": "Feature", "properties": { }, "geometry": { "type": "LineString", "coordinates": [ [ 17.650224837057017, 59.860932451943526, 11.109999656677246 ], [ 17.650183269304382, 59.860902260121797, 11.010000228881836 ], [ 17.65020365999748, 59.86087428992164, 11.109999656677246 ], [ 17.650718406462321, 59.86059294572739, 10.939999580383301 ] ] } },
{ "type": "Feature", "properties": { }, "geometry": { "type": "LineString", "coordinates": [ [ 17.650718406462321, 59.86059294572739, 10.939999580383301 ], [ 17.651280337963019, 59.860285804015938, 10.720000267028809 ] ] } },
{ "type": "Feature", "properties": { }, "geometry": { "type": "LineString", "coordinates": [ [ 17.651378466474441, 59.860285497782087, 10.789999961853027 ], [ 17.651462116132087, 59.860241663154405, 10.649999618530273 ], [ 17.651523293697267, 59.860209601956029, 10.680000305175781 ] ] } },
{ "type": "Feature", "properties": { }, "geometry": { "type": "LineString", "coordinates": [ [ 17.652552627498, 59.859657827045353, 10.300000190734863 ], [ 17.652625976723034, 59.859690853048924, 10.359999656677246 ] ] } },
{ "type": "Feature", "properties": { }, "geometry": { "type": "LineString", "coordinates": [ [ 17.651630601866238, 59.860258937400317, 10.680000305175781 ], [ 17.651523293697267, 59.860209601956029, 10.680000305175781 ], [ 17.651506514644346, 59.860188911498867, 10.699999809265137 ], [ 17.651511766700274, 59.860162395230184, 10.739999771118164 ], [ 17.651947766022708, 59.859920183656847, 10.739999771118164 ] ] } },
{ "type": "Feature", "properties": { }, "geometry": { "type": "LineString", "coordinates": [ [ 17.651947766022708, 59.859920183656847, 10.739999771118164 ], [ 17.652401254814663, 59.859668250896, 10.470000267028809 ], [ 17.652426350481019, 59.859655496447715, 10.460000038146973 ], [ 17.65247649925568, 59.859643878881471, 10.430000305175781 ], [ 17.652526048175485, 59.859646977600164, 10.399999618530273 ], [ 17.652552627498, 59.859657827045353, 10.300000190734863 ] ] } },
{ "type": "Feature", "properties": { }, "geometry": { "type": "LineString", "coordinates": [ [ 17.652552627498, 59.859657827045353, 10.300000190734863 ], [ 17.652602303437522, 59.859629202039891, 10.359999656677246 ], [ 17.652663313754591, 59.85959405290896, 10.359999656677246 ] ] } },
{ "type": "Feature", "properties": { }, "geometry": { "type": "LineString", "coordinates": [ [ 17.653845174624902, 59.858964401717493, 9.909999847412109 ], [ 17.65391870429379, 59.858998514144375, 9.930000305175781 ] ] } },
{ "type": "Feature", "properties": { }, "geometry": { "type": "LineString", "coordinates": [ [ 17.652736337568822, 59.859627865818652, 10.340000152587891 ], [ 17.652663313754591, 59.85959405290896, 10.359999656677246 ], [ 17.65264132549132, 59.859572475390742, 10.369999885559082 ], [ 17.652639754375844, 59.859547267191928, 10.439999580383301 ], [ 17.652655821955133, 59.859532103551672, 10.439999580383301 ], [ 17.653100216541421, 59.85928624309831, 10.260000228881836 ] ] } },
{ "type": "Feature", "properties": { }, "geometry": { "type": "LineString", "coordinates": [ [ 17.653100216541421, 59.85928624309831, 10.260000228881836 ], [ 17.653662129458638, 59.858975358567996, 9.859999656677246 ], [ 17.653706511603048, 59.858957326120489, 9.869999885559082 ] ] } },
{ "type": "Feature", "properties": { }, "geometry": { "type": "LineString", "coordinates": [ [ 17.653706511603048, 59.858957326120489, 9.869999885559082 ], [ 17.653719563900655, 59.858952022970676, 9.920000076293945 ], [ 17.653775010095234, 59.858946586642226, 9.869999885559082 ], [ 17.653806371787137, 59.858950030129435, 9.890000343322754 ], [ 17.653845174624902, 59.858964401717493, 9.909999847412109 ] ] } },
{ "type": "Feature", "properties": { }, "geometry": { "type": "LineString", "coordinates": [ [ 17.653845174624902, 59.858964401717493, 9.909999847412109 ], [ 17.653898660957939, 59.858934271772277, 9.819999694824219 ], [ 17.653948344252537, 59.858906274219642, 9.920000076293945 ] ] } },
{ "type": "Feature", "properties": { }, "geometry": { "type": "LineString", "coordinates": [ [ 17.653350775919698, 59.858828475744367, 10.0 ], [ 17.653379674292207, 59.858842133459703, 9.819999694824219 ], [ 17.653432586538297, 59.858867755706463, 9.960000038146973 ], [ 17.653581954165166, 59.858937416264965, 9.979999542236328 ], [ 17.65363564503317, 59.858962651562358, 9.840000152587891 ], [ 17.653662129458638, 59.858975358567996, 9.859999656677246 ] ] } },
{ "type": "Feature", "properties": { }, "geometry": { "type": "LineString", "coordinates": [ [ 17.654066388840977, 59.85896049966906, 9.829999923706055 ], [ 17.653948344252537, 59.858906274219642, 9.920000076293945 ] ] } },
{ "type": "Feature", "properties": { }, "geometry": { "type": "LineString", "coordinates": [ [ 17.653948344252537, 59.858906274219642, 9.920000076293945 ], [ 17.65386730375576, 59.858847121198913, 9.729999542236328 ] ] } },
{ "type": "Feature", "properties": { }, "geometry": { "type": "LineString", "coordinates": [ [ 17.65391330257993, 59.858823759109555, 9.840000152587891 ], [ 17.653894177903801, 59.858833345555496, 9.699999809265137 ], [ 17.65386730375576, 59.858847121198913, 9.729999542236328 ] ] } },
{ "type": "Feature", "properties": { }, "geometry": { "type": "LineString", "coordinates": [ [ 17.655651494078551, 59.858425164247045, 9.310000419616699 ], [ 17.655553265477529, 59.858422727638875, 9.220000267028809 ], [ 17.655402758631922, 59.85842231638798, 9.210000038146973 ], [ 17.655306945853226, 59.858441551727495, 9.220000267028809 ], [ 17.654809259002558, 59.858545604982787, 9.380000114440918 ], [ 17.654807995910655, 59.858545879406464, 9.380000114440918 ] ] } },
{ "type": "Feature", "properties": { }, "geometry": { "type": "LineString", "coordinates": [ [ 17.654807995910655, 59.858545879406464, 9.380000114440918 ], [ 17.654287709410188, 59.858658917223657, 9.689999580383301 ], [ 17.654154783716528, 59.858702662411162, 9.710000038146973 ], [ 17.654036680811103, 59.858761888203077, 9.789999961853027 ] ] } },
{ "type": "Feature", "properties": { }, "geometry": { "type": "LineString", "coordinates": [ [ 17.654036680811103, 59.858761888203077, 9.789999961853027 ], [ 17.65391330257993, 59.858823759109555, 9.840000152587891 ] ] } },
{ "type": "Feature", "properties": { }, "geometry": { "type": "LineString", "coordinates": [ [ 17.65386730375576, 59.858847121198913, 9.729999542236328 ], [ 17.653842131177385, 59.858860013110949, 9.720000267028809 ] ] } },
{ "type": "Feature", "properties": { }, "geometry": { "type": "LineString", "coordinates": [ [ 17.653562938772289, 59.858716857935569, 9.840000152587891 ], [ 17.653519838271524, 59.858737905873561, 9.739999771118164 ] ] } },
{ "type": "Feature", "properties": { }, "geometry": { "type": "LineString", "coordinates": [ [ 17.653179044745158, 59.855647744686387, 3.869999885559082 ], [ 17.653260745299832, 59.855724337075685, 4.050000190734863 ], [ 17.653315975792999, 59.855766529784106, 4.139999866485596 ], [ 17.653420520876661, 59.85584296848829, 4.190000057220459 ], [ 17.653603490959597, 59.855997614286345, 5.210000038146973 ], [ 17.653645026524639, 59.856030149388765, 5.380000114440918 ] ] } },
{ "type": "Feature", "properties": { }, "geometry": { "type": "LineString", "coordinates": [ [ 17.653645026524639, 59.856030149388765, 5.380000114440918 ], [ 17.65376243420291, 59.856122115234591, 5.710000038146973 ], [ 17.653778205835543, 59.856143168340466, 5.75 ], [ 17.653810457774817, 59.856169392538035, 5.880000114440918 ], [ 17.653947078998517, 59.856261287382829, 6.150000095367432 ], [ 17.654214989497778, 59.8563673065591, 6.21999979019165 ] ] } },
{ "type": "Feature", "properties": { }, "geometry": { "type": "LineString", "coordinates": [ [ 17.654214989497778, 59.8563673065591, 6.21999979019165 ], [ 17.654239778659893, 59.85637711621527, 6.210000038146973 ], [ 17.654309609380007, 59.856397000586263, 6.25 ], [ 17.654401213918689, 59.856416495774873, 6.269999980926514 ], [ 17.654595600097814, 59.856442777142014, 6.71999979019165 ] ] } },
{ "type": "Feature", "properties": { }, "geometry": { "type": "LineString", "coordinates": [ [ 17.649790497168837, 59.860738956163765, 10.510000228881836 ], [ 17.649748075622551, 59.860763615210629, 10.529999732971191 ], [ 17.649697224535444, 59.8607931835313, 10.569999694824219 ] ] } },
{ "type": "Feature", "properties": { }, "geometry": { "type": "LineString", "coordinates": [ [ 17.652090106130963, 59.859524458839481, 10.550000190734863 ], [ 17.652117180430686, 59.859536954405293, 10.439999580383301 ], [ 17.652171092673278, 59.859561821799822, 10.520000457763672 ], [ 17.652319851164883, 59.859630432507608, 10.560000419616699 ], [ 17.652375023186014, 59.859655874027283, 10.399999618530273 ], [ 17.652401254814663, 59.859668250896, 10.470000267028809 ] ] } },
{ "type": "Feature", "properties": { }, "geometry": { "type": "LineString", "coordinates": [ [ 17.65211197930552, 59.859451938929396, 10.390000343322754 ], [ 17.652157514329357, 59.85942699506105, 10.350000381469727 ], [ 17.652198242067005, 59.85940468201737, 10.399999618530273 ] ] } },
{ "type": "Feature", "properties": { }, "geometry": { "type": "LineString", "coordinates": [ [ 17.646949927743968, 59.861037633682614, 8.479999542236328 ], [ 17.64702356298503, 59.861070293792388, 8.520000457763672 ], [ 17.647096560003714, 59.861102659765187, 8.659999847412109 ] ] } },
{ "type": "Feature", "properties": { }, "geometry": { "type": "LineString", "coordinates": [ [ 17.644178149691321, 59.862598761591002, 7.809999942779541 ], [ 17.64414607645778, 59.862583738051406, 7.769999980926514 ], [ 17.643525047897565, 59.862292854996348, 7.21999979019165 ] ] } },
{ "type": "Feature", "properties": { }, "geometry": { "type": "LineString", "coordinates": [ [ 17.643525047897565, 59.862292854996348, 7.21999979019165 ], [ 17.643020054871634, 59.862056315764796, 7.0 ], [ 17.642891875842121, 59.861996275300925, 7.039999961853027 ] ] } },
{ "type": "Feature", "properties": { }, "geometry": { "type": "LineString", "coordinates": [ [ 17.647129777545484, 59.859623371909834, 7.329999923706055 ], [ 17.647185951605685, 59.859593476257594, 7.300000190734863 ], [ 17.647244226618785, 59.85955489426442, 7.329999923706055 ] ] } },
{ "type": "Feature", "properties": { }, "geometry": { "type": "LineString", "coordinates": [ [ 17.640717250372116, 59.863230846220787, 7.420000076293945 ], [ 17.640895897547558, 59.863316429455594, 7.449999809265137 ], [ 17.641363500750789, 59.863540421379881, 7.679999828338623 ] ] } },
{ "type": "Feature", "properties": { }, "geometry": { "type": "LineString", "coordinates": [ [ 17.641363500750789, 59.863540421379881, 7.679999828338623 ], [ 17.641382110165079, 59.863549335589234, 7.699999809265137 ], [ 17.641905107396802, 59.86378883244344, 8.010000228881836 ], [ 17.641975433555952, 59.863783959148222, 8.130000114440918 ] ] } },
{ "type": "Feature", "properties": { }, "geometry": { "type": "LineString", "coordinates": [ [ 17.643348914498002, 59.864411057165789, 9.699999809265137 ], [ 17.643359264997052, 59.864458045381753, 9.760000228881836 ], [ 17.643429701993249, 59.864491449867259, 9.859999656677246 ], [ 17.643516950720826, 59.864530191383352, 9.979999542236328 ], [ 17.643526526500878, 59.864534396062432, 9.970000267028809 ] ] } },
{ "type": "Feature", "properties": { }, "geometry": { "type": "LineString", "coordinates": [ [ 17.643526526500878, 59.864534396062432, 9.970000267028809 ], [ 17.643625124240334, 59.864577656338831, 10.050000190734863 ], [ 17.643681528077732, 59.864603545997703, 10.220000267028809 ] ] } },
{ "type": "Feature", "properties": { }, "geometry": { "type": "LineString", "coordinates": [ [ 17.645006096761655, 59.863044238732961, 8.899999618530273 ], [ 17.644970846722817, 59.86301663791572, 8.800000190734863 ], [ 17.644933023747704, 59.86298700450628, 8.720000267028809 ], [ 17.644888081690578, 59.862936514291185, 8.479999542236328 ], [ 17.644873472925827, 59.862914280457737, 8.359999656677246 ] ] } },
{ "type": "Feature", "properties": { }, "geometry": { "type": "LineString", "coordinates": [ [ 17.644873472925827, 59.862914280457737, 8.359999656677246 ], [ 17.644335642368315, 59.862671317274582, 7.949999809265137 ], [ 17.644318645387642, 59.862663635660191, 7.920000076293945 ] ] } },
{ "type": "Feature", "properties": { }, "geometry": { "type": "LineString", "coordinates": [ [ 17.645489115419974, 59.863277772378517, 9.329999923706055 ], [ 17.645469286378351, 59.863268370471594, 9.359999656677246 ], [ 17.645159503368234, 59.863117261028648, 9.109999656677246 ], [ 17.645006096761655, 59.863044238732961, 8.899999618530273 ] ] } },
{ "type": "Feature", "properties": { }, "geometry": { "type": "LineString", "coordinates": [ [ 17.644263047408504, 59.862638520551286, 7.860000133514404 ], [ 17.644178149691321, 59.862598761591002, 7.809999942779541 ] ] } },
{ "type": "Feature", "properties": { }, "geometry": { "type": "LineString", "coordinates": [ [ 17.644318645387642, 59.862663635660191, 7.920000076293945 ], [ 17.644263047408504, 59.862638520551286, 7.860000133514404 ] ] } },
{ "type": "Feature", "properties": { }, "geometry": { "type": "LineString", "coordinates": [ [ 17.645568078766331, 59.863315215757694, 9.479999542236328 ], [ 17.645489115419974, 59.863277772378517, 9.329999923706055 ] ] } },
{ "type": "Feature", "properties": { }, "geometry": { "type": "LineString", "coordinates": [ [ 17.645663836949975, 59.863361757918646, 9.439999580383301 ], [ 17.645662456970101, 59.863361093272374, 9.439999580383301 ], [ 17.645568078766331, 59.863315215757694, 9.479999542236328 ] ] } },
{ "type": "Feature", "properties": { }, "geometry": { "type": "LineString", "coordinates": [ [ 17.647769387228937, 59.858896504917155, 7.309999942779541 ], [ 17.647801847544418, 59.858876936369739, 7.320000171661377 ], [ 17.647837473231341, 59.858855455408005, 7.320000171661377 ] ] } },
{ "type": "Feature", "properties": { }, "geometry": { "type": "LineString", "coordinates": [ [ 17.647360553093151, 59.862522485763144, 10.069999694824219 ], [ 17.64726665104013, 59.862572876579087, 9.989999771118164 ] ] } },
{ "type": "Feature", "properties": { }, "geometry": { "type": "LineString", "coordinates": [ [ 17.647502251882901, 59.862450876081262, 10.050000190734863 ], [ 17.647360553093151, 59.862522485763144, 10.069999694824219 ] ] } },
{ "type": "Feature", "properties": { }, "geometry": { "type": "LineString", "coordinates": [ [ 17.647556823127701, 59.862416644149093, 10.039999961853027 ], [ 17.647502251882901, 59.862450876081262, 10.050000190734863 ] ] } },
{ "type": "Feature", "properties": { }, "geometry": { "type": "LineString", "coordinates": [ [ 17.647023193542672, 59.862512502934131, 9.819999694824219 ], [ 17.646920276598518, 59.862464870845862, 9.760000228881836 ] ] } },
{ "type": "Feature", "properties": { }, "geometry": { "type": "LineString", "coordinates": [ [ 17.647132538631482, 59.862563831622175, 9.840000152587891 ], [ 17.647023193542672, 59.862512502934131, 9.819999694824219 ] ] } },
{ "type": "Feature", "properties": { }, "geometry": { "type": "LineString", "coordinates": [ [ 17.646970542717835, 59.862191825648338, 9.439999580383301 ], [ 17.647125577685266, 59.8621049584955, 9.489999771118164 ] ] } },
{ "type": "Feature", "properties": { }, "geometry": { "type": "LineString", "coordinates": [ [ 17.646852227506983, 59.862258003705563, 9.399999618530273 ], [ 17.646932395911353, 59.862213199971229, 9.399999618530273 ], [ 17.646970542717835, 59.862191825648338, 9.439999580383301 ] ] } },
{ "type": "Feature", "properties": { }, "geometry": { "type": "LineString", "coordinates": [ [ 17.641732094400798, 59.863917318321292, 8.109999656677246 ], [ 17.641782445618105, 59.863889769038749, 8.229999542236328 ] ] } },
{ "type": "Feature", "properties": { }, "geometry": { "type": "LineString", "coordinates": [ [ 17.641701674557456, 59.863933946298104, 8.109999656677246 ], [ 17.641732094400798, 59.863917318321292, 8.109999656677246 ] ] } },
{ "type": "Feature", "properties": { }, "geometry": { "type": "LineString", "coordinates": [ [ 17.641671898726422, 59.863950225860997, 8.170000076293945 ], [ 17.641701674557456, 59.863933946298104, 8.109999656677246 ] ] } },
{ "type": "Feature", "properties": { }, "geometry": { "type": "LineString", "coordinates": [ [ 17.641883248880909, 59.863834618423198, 8.109999656677246 ], [ 17.641914799547941, 59.863817353844794, 8.020000457763672 ] ] } },
{ "type": "Feature", "properties": { }, "geometry": { "type": "LineString", "coordinates": [ [ 17.641914799547941, 59.863817353844794, 8.020000457763672 ], [ 17.641975433555952, 59.863783959148222, 8.130000114440918 ] ] } },
{ "type": "Feature", "properties": { }, "geometry": { "type": "LineString", "coordinates": [ [ 17.643032479528696, 59.864517263336865, 9.430000305175781 ], [ 17.642990053679419, 59.864542091459917, 9.430000305175781 ] ] } },
{ "type": "Feature", "properties": { }, "geometry": { "type": "LineString", "coordinates": [ [ 17.643217902408583, 59.86441932676334, 9.529999732971191 ], [ 17.643032479528696, 59.864517263336865, 9.430000305175781 ] ] } },
{ "type": "Feature", "properties": { }, "geometry": { "type": "LineString", "coordinates": [ [ 17.643287002219438, 59.86438278495838, 9.689999580383301 ], [ 17.643217902408583, 59.86441932676334, 9.529999732971191 ] ] } },
{ "type": "Feature", "properties": { }, "geometry": { "type": "LineString", "coordinates": [ [ 17.643362292733652, 59.864717570004345, 10.069999694824219 ], [ 17.643409864701596, 59.864692731219755, 10.149999618530273 ] ] } },
{ "type": "Feature", "properties": { }, "geometry": { "type": "LineString", "coordinates": [ [ 17.643409864701596, 59.864692731219755, 10.149999618530273 ], [ 17.643595049337279, 59.864593528345893, 10.090000152587891 ] ] } },
{ "type": "Feature", "properties": { }, "geometry": { "type": "LineString", "coordinates": [ [ 17.643595049337279, 59.864593528345893, 10.090000152587891 ], [ 17.643625124240334, 59.864577656338831, 10.050000190734863 ] ] } },
{ "type": "Feature", "properties": { }, "geometry": { "type": "LineString", "coordinates": [ [ 17.643625124240334, 59.864577656338831, 10.050000190734863 ], [ 17.643664030559151, 59.864557124345346, 10.319999694824219 ] ] } },
{ "type": "Feature", "properties": { }, "geometry": { "type": "LineString", "coordinates": [ [ 17.64591011892584, 59.861610580400843, 8.189999580383301 ], [ 17.645944613872516, 59.861591621024289, 8.329999923706055 ], [ 17.646146960851656, 59.86148029159925, 8.350000381469727 ], [ 17.646198120261904, 59.861463409785287, 8.300000190734863 ], [ 17.64628014395554, 59.861452552913043, 8.359999656677246 ], [ 17.646338982793029, 59.861453390087789, 8.430000305175781 ] ] } },
{ "type": "Feature", "properties": { }, "geometry": { "type": "LineString", "coordinates": [ [ 17.645522654110032, 59.861951860054312, 8.300000190734863 ], [ 17.645517353158226, 59.861927205050122, 8.289999961853027 ], [ 17.64553500135829, 59.861872808969657, 8.270000457763672 ], [ 17.645546519225849, 59.861857159523524, 8.25 ], [ 17.645600717761557, 59.861821686763662, 8.369999885559082 ] ] } },
{ "type": "Feature", "properties": { }, "geometry": { "type": "LineString", "coordinates": [ [ 17.64576120338349, 59.861692490728942, 8.329999923706055 ], [ 17.64580974391637, 59.861665761376457, 8.279999732971191 ], [ 17.64591011892584, 59.861610580400843, 8.189999580383301 ] ] } },
{ "type": "Feature", "properties": { }, "geometry": { "type": "LineString", "coordinates": [ [ 17.648541841041212, 59.861472521029178, 10.279999732971191 ], [ 17.648546630843967, 59.861469969199156, 10.279999732971191 ], [ 17.648697603344313, 59.861384309623013, 10.359999656677246 ], [ 17.649133576711471, 59.861136525460779, 10.579999923706055 ] ] } },
{ "type": "Feature", "properties": { }, "geometry": { "type": "LineString", "coordinates": [ [ 17.649133576711471, 59.861136525460779, 10.579999923706055 ], [ 17.649640423786561, 59.860848454040692, 10.920000076293945 ] ] } },
{ "type": "Feature", "properties": { }, "geometry": { "type": "LineString", "coordinates": [ [ 17.648161310247247, 59.861675364309583, 10.069999694824219 ], [ 17.648168491421572, 59.861671643726858, 10.090000152587891 ], [ 17.648217335967757, 59.861645606863618, 10.140000343322754 ], [ 17.648541841041212, 59.861472521029178, 10.279999732971191 ] ] } },
{ "type": "Feature", "properties": { }, "geometry": { "type": "LineString", "coordinates": [ [ 17.645944613872516, 59.861591621024289, 8.329999923706055 ], [ 17.64527199823921, 59.86129661535815, 7.809999942779541 ] ] } },
{ "type": "Feature", "properties": { }, "geometry": { "type": "LineString", "coordinates": [ [ 17.64527199823921, 59.86129661535815, 7.809999942779541 ], [ 17.645199109924267, 59.861264646402752, 7.75 ], [ 17.644903337088408, 59.861134918714029, 7.400000095367432 ], [ 17.644864965568317, 59.861096109792925, 7.400000095367432 ], [ 17.644874466130684, 59.861071464297957, 7.300000190734863 ], [ 17.644897189212045, 59.861049879406991, 7.289999961853027 ], [ 17.645042845282802, 59.860967874538417, 7.300000190734863 ] ] } },
{ "type": "Feature", "properties": { }, "geometry": { "type": "LineString", "coordinates": [ [ 17.645042845282802, 59.860967874538417, 7.300000190734863 ], [ 17.645622139085923, 59.86064172458876, 7.039999961853027 ], [ 17.645637392035319, 59.860633137780397, 7.03000020980835 ] ] } },
{ "type": "Feature", "properties": { }, "geometry": { "type": "LineString", "coordinates": [ [ 17.645637392035319, 59.860633137780397, 7.03000020980835 ], [ 17.64568854015404, 59.860604343363789, 7.050000190734863 ] ] } },
{ "type": "Feature", "properties": { }, "geometry": { "type": "LineString", "coordinates": [ [ 17.647322062660557, 59.862127538917939, 9.579999923706055 ], [ 17.647344017922592, 59.862119716733254, 9.609999656677246 ], [ 17.647881717615913, 59.86182002177933, 9.930000305175781 ], [ 17.647925580340218, 59.861797326799461, 9.930000305175781 ] ] } },
{ "type": "Feature", "properties": { }, "geometry": { "type": "LineString", "coordinates": [ [ 17.647925580340218, 59.861797326799461, 9.930000305175781 ], [ 17.648106896188715, 59.861703511820373, 10.029999732971191 ], [ 17.648161310247247, 59.861675364309583, 10.069999694824219 ] ] } },
{ "type": "Feature", "properties": { }, "geometry": { "type": "LineString", "coordinates": [ [ 17.640549752243242, 59.865975849664743, 9.220000267028809 ], [ 17.64067393897728, 59.866028270783069, 9.260000228881836 ], [ 17.640792870164315, 59.866078199007006, 9.220000267028809 ] ] } },
{ "type": "Feature", "properties": { }, "geometry": { "type": "LineString", "coordinates": [ [ 17.640792870164315, 59.866078199007006, 9.220000267028809 ], [ 17.640824960006306, 59.866091674118159, 9.289999961853027 ], [ 17.64089332367994, 59.866139740038861, 9.489999771118164 ] ] } },
{ "type": "Feature", "properties": { }, "geometry": { "type": "LineString", "coordinates": [ [ 17.640451895061059, 59.865933764270274, 9.069999694824219 ], [ 17.640549752243242, 59.865975849664743, 9.220000267028809 ] ] } },
{ "type": "Feature", "properties": { }, "geometry": { "type": "LineString", "coordinates": [ [ 17.64612106926802, 59.861669011244764, 8.520000457763672 ], [ 17.646027869590203, 59.861628135531312, 8.380000114440918 ], [ 17.645944613872516, 59.861591621024289, 8.329999923706055 ] ] } },
{ "type": "Feature", "properties": { }, "geometry": { "type": "LineString", "coordinates": [ [ 17.643348914498002, 59.864411057165789, 9.699999809265137 ], [ 17.643472998333305, 59.864467703359701, 9.880000114440918 ], [ 17.643574011599217, 59.864514990929194, 9.890000343322754 ] ] } },
{ "type": "Feature", "properties": { }, "geometry": { "type": "LineString", "coordinates": [ [ 17.640828862235413, 59.866172597071824, 9.5 ], [ 17.640874761049012, 59.866208869166535, 9.529999732971191 ] ] } },
{ "type": "Feature", "properties": { }, "geometry": { "type": "LineString", "coordinates": [ [ 17.645543405198783, 59.860481611057409, 6.760000228881836 ], [ 17.645568818876896, 59.860467930774753, 6.710000038146973 ], [ 17.645680236265129, 59.860407966841294, 6.789999961853027 ], [ 17.646134079337365, 59.860163691578535, 6.980000019073486 ], [ 17.646152430206545, 59.86015353073406, 6.989999771118164 ] ] } },
{ "type": "Feature", "properties": { }, "geometry": { "type": "LineString", "coordinates": [ [ 17.646152430206545, 59.86015353073406, 6.989999771118164 ], [ 17.646715428449482, 59.859841795359962, 7.210000038146973 ], [ 17.646753477099502, 59.859821761385561, 7.21999979019165 ] ] } },
{ "type": "Feature", "properties": { }, "geometry": { "type": "LineString", "coordinates": [ [ 17.646753477099502, 59.859821761385561, 7.21999979019165 ], [ 17.646947835123502, 59.859719424394747, 7.320000171661377 ], [ 17.64706299095673, 59.859658912936979, 7.389999866485596 ], [ 17.647129777545484, 59.859623371909834, 7.329999923706055 ] ] } },
{ "type": "Feature", "properties": { }, "geometry": { "type": "LineString", "coordinates": [ [ 17.647866567087689, 59.858837917501667, 7.400000095367432 ], [ 17.647901769881173, 59.858817529997843, 7.409999847412109 ], [ 17.648222626253713, 59.858631748139317, 2.950000047683716 ], [ 17.648284623187802, 59.858595846012186, 7.440000057220459 ], [ 17.64844990003408, 59.858498248640849, 7.46999979019165 ] ] } },
{ "type": "Feature", "properties": { }, "geometry": { "type": "LineString", "coordinates": [ [ 17.64844990003408, 59.858498248640849, 7.46999979019165 ], [ 17.64856968382913, 59.858427514816761, 7.5 ], [ 17.648740862184731, 59.858313974386363, 7.550000190734863 ], [ 17.649021316729225, 59.85815379641457, 7.53000020980835 ] ] } },
{ "type": "Feature", "properties": { }, "geometry": { "type": "LineString", "coordinates": [ [ 17.649021316729225, 59.85815379641457, 7.53000020980835 ], [ 17.649075276025961, 59.858122978019544, 7.539999961853027 ], [ 17.649270534903554, 59.858029630881425, 7.480000019073486 ], [ 17.649363783555724, 59.857985054711023, 7.440000057220459 ], [ 17.649646392904703, 59.857833785982947, 7.480000019073486 ] ] } },
{ "type": "Feature", "properties": { }, "geometry": { "type": "LineString", "coordinates": [ [ 17.649646392904703, 59.857833785982947, 7.480000019073486 ], [ 17.649766429988222, 59.857769534658402, 7.46999979019165 ], [ 17.649839319681682, 59.85766333194308, 7.599999904632568 ], [ 17.650169883671708, 59.85747888707364, 7.579999923706055 ] ] } },
{ "type": "Feature", "properties": { }, "geometry": { "type": "LineString", "coordinates": [ [ 17.650169883671708, 59.85747888707364, 7.579999923706055 ], [ 17.65076736449365, 59.857145503324659, 7.590000152587891 ] ] } },
{ "type": "Feature", "properties": { }, "geometry": { "type": "LineString", "coordinates": [ [ 17.65076736449365, 59.857145503324659, 7.590000152587891 ], [ 17.651188077098016, 59.856910747534037, 7.820000171661377 ], [ 17.651358657204646, 59.856852299205563, 7.809999942779541 ], [ 17.651407591093605, 59.85683702224231, 7.820000171661377 ] ] } },
{ "type": "Feature", "properties": { }, "geometry": { "type": "LineString", "coordinates": [ [ 17.651407591093605, 59.85683702224231, 7.820000171661377 ], [ 17.65152160344903, 59.856801427919471, 7.860000133514404 ], [ 17.651897682546291, 59.856595337184011, 8.170000076293945 ], [ 17.6520367252052, 59.856523418718176, 8.340000152587891 ], [ 17.652038634246765, 59.856522567478301, 8.340000152587891 ] ] } },
{ "type": "Feature", "properties": { }, "geometry": { "type": "LineString", "coordinates": [ [ 17.652038634246765, 59.856522567478301, 8.340000152587891 ], [ 17.652089637520771, 59.85649982514002, 8.369999885559082 ], [ 17.65216318750063, 59.856479762989842, 8.340000152587891 ], [ 17.652307272547866, 59.8564614201631, 8.25 ], [ 17.652897141563656, 59.8564370324153, 6.96999979019165 ] ] } },
{ "type": "Feature", "properties": { }, "geometry": { "type": "LineString", "coordinates": [ [ 17.652897141563656, 59.8564370324153, 6.96999979019165 ], [ 17.653214719526481, 59.856423901254423, 6.400000095367432 ], [ 17.653314557808653, 59.856419504589283, 6.170000076293945 ], [ 17.653375098011526, 59.856406463671902, 6.110000133514404 ], [ 17.653399131314416, 59.856395236524364, 6.079999923706055 ] ] } },
{ "type": "Feature", "properties": { }, "geometry": { "type": "LineString", "coordinates": [ [ 17.647244226618785, 59.85955489426442, 7.329999923706055 ], [ 17.64725927397479, 59.859544577091121, 7.309999942779541 ], [ 17.647300500976666, 59.859516288238645, 7.340000152587891 ], [ 17.647354581430431, 59.859479196729858, 7.420000076293945 ], [ 17.647411824581653, 59.859422347969563, 7.400000095367432 ], [ 17.647442743907359, 59.859357841399174, 7.429999828338623 ], [ 17.6474779980737, 59.859133635482408, 7.409999847412109 ] ] } },
{ "type": "Feature", "properties": { }, "geometry": { "type": "LineString", "coordinates": [ [ 17.6474779980737, 59.859133635482408, 7.409999847412109 ], [ 17.647479175740227, 59.859126145828874, 7.429999828338623 ], [ 17.647551984282323, 59.85902754808977, 7.429999828338623 ], [ 17.647769387228937, 59.858896504917155, 7.309999942779541 ] ] } },
{ "type": "Feature", "properties": { }, "geometry": { "type": "LineString", "coordinates": [ [ 17.65191473328839, 59.855121231106416, 2.940000057220459 ], [ 17.651568700320006, 59.854970796231214, 3.819999933242798 ], [ 17.65124772831253, 59.854823160526756, 4.610000133514404 ] ] } },
{ "type": "Feature", "properties": { }, "geometry": { "type": "LineString", "coordinates": [ [ 17.65124772831253, 59.854823160526756, 4.610000133514404 ], [ 17.651174031128981, 59.854789262146056, 4.690000057220459 ], [ 17.651037179016239, 59.854765137118299, 4.809999942779541 ], [ 17.650935832394332, 59.854747270621701, 4.849999904632568 ] ] } },
{ "type": "Feature", "properties": { }, "geometry": { "type": "LineString", "coordinates": [ [ 17.637904972129363, 59.864680746451079, 7.900000095367432 ], [ 17.637982810502301, 59.864699872385778, 7.909999847412109 ], [ 17.638022501249331, 59.86470584377529, 7.980000019073486 ], [ 17.638060945362216, 59.864709870067905, 8.010000228881836 ], [ 17.638082450693002, 59.864714093038103, 8.0 ], [ 17.63815181474995, 59.864737899864366, 7.940000057220459 ], [ 17.638224638474256, 59.864771152174072, 7.880000114440918 ], [ 17.638430699107161, 59.864866146783868, 7.940000057220459 ], [ 17.638606372293609, 59.864948555661023, 7.900000095367432 ] ] } },
{ "type": "Feature", "properties": { }, "geometry": { "type": "LineString", "coordinates": [ [ 17.638606372293609, 59.864948555661023, 7.900000095367432 ], [ 17.639152368162812, 59.865204680001469, 8.060000419616699 ], [ 17.639253787127025, 59.865257414701539, 8.199999809265137 ] ] } },
{ "type": "Feature", "properties": { }, "geometry": { "type": "LineString", "coordinates": [ [ 17.639253787127025, 59.865257414701539, 8.199999809265137 ], [ 17.639273114380611, 59.865267464242834, 8.25 ], [ 17.639328418901332, 59.865296220548522, 8.399999618530273 ] ] } },
{ "type": "Feature", "properties": { }, "geometry": { "type": "LineString", "coordinates": [ [ 17.639328418901332, 59.865296220548522, 8.399999618530273 ], [ 17.639462274096765, 59.865365815490172, 8.409999847412109 ], [ 17.639970862136369, 59.865607705961843, 8.270000457763672 ] ] } },
{ "type": "Feature", "properties": { }, "geometry": { "type": "LineString", "coordinates": [ [ 17.639970862136369, 59.865607705961843, 8.270000457763672 ], [ 17.640121671597807, 59.865679431657071, 8.319999694824219 ], [ 17.640446085260756, 59.865836226786818, 8.579999923706055 ], [ 17.640469177227946, 59.865850339278651, 8.640000343322754 ], [ 17.64048760962822, 59.865863967053293, 8.630000114440918 ], [ 17.640498179502096, 59.865876317804464, 8.670000076293945 ], [ 17.640500585072363, 59.865888382621101, 8.729999542236328 ], [ 17.640490327152698, 59.865903842124141, 8.840000152587891 ], [ 17.640475178899454, 59.865918050644524, 8.979999542236328 ], [ 17.640451895061059, 59.865933764270274, 9.069999694824219 ], [ 17.640444222813109, 59.865938160736057, 9.119999885559082 ] ] } },
{ "type": "Feature", "properties": { }, "geometry": { "type": "LineString", "coordinates": [ [ 17.640444222813109, 59.865938160736057, 9.119999885559082 ], [ 17.640331293833423, 59.866002872797139, 9.270000457763672 ], [ 17.640304899514465, 59.866019704278763, 9.199999809265137 ] ] } },
{ "type": "Feature", "properties": { }, "geometry": { "type": "LineString", "coordinates": [ [ 17.637340037114885, 59.864438483736336, 7.420000076293945 ], [ 17.637390749203892, 59.864460794487137, 7.599999904632568 ], [ 17.637835295426967, 59.864656360453466, 7.960000038146973 ], [ 17.637872754172975, 59.864669707258258, 7.949999809265137 ], [ 17.637904972129363, 59.864680746451079, 7.900000095367432 ] ] } },
{ "type": "Feature", "properties": { }, "geometry": { "type": "LineString", "coordinates": [ [ 17.643272532638463, 59.860242905852985, 7.489999771118164 ], [ 17.643264034724737, 59.860270000816122, 7.53000020980835 ], [ 17.64323307161289, 59.860303485661369, 7.690000057220459 ], [ 17.643171568930235, 59.860369982856206, 4.519999980926514 ], [ 17.642893630897689, 59.860522669394136, 3.180000066757202 ], [ 17.642722581009025, 59.860581350413327, 6.760000228881836 ] ] } },
{ "type": "Feature", "properties": { }, "geometry": { "type": "LineString", "coordinates": [ [ 17.642722581009025, 59.860581350413327, 6.760000228881836 ], [ 17.642690467308661, 59.860592367412785, 6.599999904632568 ] ] } },
{ "type": "Feature", "properties": { }, "geometry": { "type": "LineString", "coordinates": [ [ 17.645841163412001, 59.863447956638048, 9.489999771118164 ], [ 17.645719999431833, 59.863389059605716, 9.489999771118164 ], [ 17.645663836949975, 59.863361757918646, 9.439999580383301 ] ] } },
{ "type": "Feature", "properties": { }, "geometry": { "type": "LineString", "coordinates": [ [ 17.647837473231341, 59.858855455408005, 7.320000171661377 ], [ 17.647866567087689, 59.858837917501667, 7.400000095367432 ] ] } },
{ "type": "Feature", "properties": { }, "geometry": { "type": "LineString", "coordinates": [ [ 17.643358208568763, 59.860680925452669, 3.279999971389771 ], [ 17.643054187123603, 59.860560174763712, 3.130000114440918 ], [ 17.642773561166926, 59.860438404069733, 3.329999923706055 ], [ 17.64272276762577, 59.860416361155131, 3.579999923706055 ], [ 17.642671303278156, 59.860394535399863, 3.670000076293945 ] ] } },
{ "type": "Feature", "properties": { }, "geometry": { "type": "LineString", "coordinates": [ [ 17.642671303278156, 59.860394535399863, 3.670000076293945 ], [ 17.642538088620118, 59.860338039545752, 4.409999847412109 ], [ 17.641998387262518, 59.860099737838347, 6.0 ] ] } },
{ "type": "Feature", "properties": { }, "geometry": { "type": "LineString", "coordinates": [ [ 17.641998387262518, 59.860099737838347, 6.0 ], [ 17.641874050580924, 59.860044836961549, 6.340000152587891 ], [ 17.641762359886993, 59.859992187835239, 6.519999980926514 ] ] } },
{ "type": "Feature", "properties": { }, "geometry": { "type": "LineString", "coordinates": [ [ 17.644264250610362, 59.861095358613277, 7.03000020980835 ], [ 17.64422941152139, 59.861079419910247, 6.900000095367432 ], [ 17.643604020998122, 59.860793363379678, 4.289999961853027 ] ] } },
{ "type": "Feature", "properties": { }, "geometry": { "type": "LineString", "coordinates": [ [ 17.643604020998122, 59.860793363379678, 4.289999961853027 ], [ 17.643358208568763, 59.860680925452669, 3.279999971389771 ] ] } },
{ "type": "Feature", "properties": { }, "geometry": { "type": "LineString", "coordinates": [ [ 17.64230714845025, 59.861635013625261, 6.940000057220459 ], [ 17.642913884439924, 59.861921113473542, 6.980000019073486 ], [ 17.642954716385713, 59.861898486398246, 6.940000057220459 ] ] } },
{ "type": "Feature", "properties": { }, "geometry": { "type": "LineString", "coordinates": [ [ 17.642954716385713, 59.861898486398246, 6.940000057220459 ], [ 17.643404793692678, 59.861649072626129, 7.010000228881836 ], [ 17.643554403758305, 59.861566069576291, 7.110000133514404 ] ] } },
{ "type": "Feature", "properties": { }, "geometry": { "type": "LineString", "coordinates": [ [ 17.643554403758305, 59.861566069576291, 7.110000133514404 ], [ 17.644153798481309, 59.861233522038418, 7.269999980926514 ] ] } },
{ "type": "Feature", "properties": { }, "geometry": { "type": "LineString", "coordinates": [ [ 17.644153798481309, 59.861233522038418, 7.269999980926514 ], [ 17.644308261645406, 59.861147823506471, 7.21999979019165 ], [ 17.644324472565231, 59.86113766890491, 7.190000057220459 ], [ 17.644327649365636, 59.861127233654365, 7.179999828338623 ], [ 17.644305667562623, 59.861114648485973, 7.190000057220459 ], [ 17.644264250610362, 59.861095358613277, 7.03000020980835 ] ] } },
{ "type": "Feature", "properties": { }, "geometry": { "type": "LineString", "coordinates": [ [ 17.640036199797283, 59.862899358981146, 7.630000114440918 ], [ 17.640563965410578, 59.863143626221195, 7.400000095367432 ] ] } },
{ "type": "Feature", "properties": { }, "geometry": { "type": "LineString", "coordinates": [ [ 17.640563965410578, 59.863143626221195, 7.400000095367432 ], [ 17.64059101064975, 59.863152712786047, 7.360000133514404 ], [ 17.64062301179073, 59.863156025276467, 7.369999885559082 ] ] } },
{ "type": "Feature", "properties": { }, "geometry": { "type": "LineString", "coordinates": [ [ 17.64062301179073, 59.863156025276467, 7.369999885559082 ], [ 17.640657082554547, 59.863153700104135, 7.389999866485596 ], [ 17.640678413792799, 59.863148389856541, 7.369999885559082 ], [ 17.640848694948652, 59.863058512133065, 7.360000133514404 ], [ 17.641243768433036, 59.862839857815416, 7.210000038146973 ] ] } },
{ "type": "Feature", "properties": { }, "geometry": { "type": "LineString", "coordinates": [ [ 17.641243768433036, 59.862839857815416, 7.210000038146973 ], [ 17.641843969322633, 59.86250766756762, 7.179999828338623 ] ] } },
{ "type": "Feature", "properties": { }, "geometry": { "type": "LineString", "coordinates": [ [ 17.641843969322633, 59.86250766756762, 7.179999828338623 ], [ 17.642444158253589, 59.862175474649582, 6.949999809265137 ] ] } },
{ "type": "Feature", "properties": { }, "geometry": { "type": "LineString", "coordinates": [ [ 17.642444158253589, 59.862175474649582, 6.949999809265137 ], [ 17.642733627363487, 59.862015255798141, 7.010000228881836 ] ] } },
{ "type": "Feature", "properties": { }, "geometry": { "type": "LineString", "coordinates": [ [ 17.642733627363487, 59.862015255798141, 7.010000228881836 ], [ 17.642148830573941, 59.861738458049345, 6.929999828338623 ] ] } },
{ "type": "Feature", "properties": { }, "geometry": { "type": "LineString", "coordinates": [ [ 17.640862262317452, 59.86327568280209, 7.409999847412109 ], [ 17.640870295255453, 59.863253915128105, 7.449999809265137 ], [ 17.640884851777265, 59.863237976754696, 7.420000076293945 ], [ 17.640909677253934, 59.863221932298394, 7.380000114440918 ], [ 17.641429389648206, 59.862934038544843, 7.190000057220459 ] ] } },
{ "type": "Feature", "properties": { }, "geometry": { "type": "LineString", "coordinates": [ [ 17.641429389648206, 59.862934038544843, 7.190000057220459 ], [ 17.642029295817615, 59.862601712922078, 7.03000020980835 ] ] } },
{ "type": "Feature", "properties": { }, "geometry": { "type": "LineString", "coordinates": [ [ 17.642029295817615, 59.862601712922078, 7.03000020980835 ], [ 17.642342003295489, 59.862428480968937, 7.050000190734863 ], [ 17.642628148007613, 59.862268910429492, 6.940000057220459 ] ] } },
{ "type": "Feature", "properties": { }, "geometry": { "type": "LineString", "coordinates": [ [ 17.642628148007613, 59.862268910429492, 6.940000057220459 ], [ 17.642778099595869, 59.862185288057134, 6.849999904632568 ], [ 17.642911842573778, 59.862110195663846, 6.909999847412109 ], [ 17.642927768067956, 59.862105507501894, 6.929999828338623 ], [ 17.643020054871634, 59.862056315764796, 7.0 ], [ 17.643105532521826, 59.862010751132196, 7.03000020980835 ] ] } },
{ "type": "Feature", "properties": { }, "geometry": { "type": "LineString", "coordinates": [ [ 17.644130637126384, 59.862666491411154, 7.699999809265137 ], [ 17.644056989655979, 59.862632666440611, 7.659999847412109 ], [ 17.644026704231141, 59.862618756171294, 7.659999847412109 ], [ 17.643476698435748, 59.862361041000533, 7.25 ] ] } },
{ "type": "Feature", "properties": { }, "geometry": { "type": "LineString", "coordinates": [ [ 17.643476698435748, 59.862361041000533, 7.25 ], [ 17.6429425056733, 59.862110729234395, 6.940000057220459 ], [ 17.642927768067956, 59.862105507501894, 6.929999828338623 ], [ 17.642851639068407, 59.86207076808828, 7.0 ] ] } },
{ "type": "Feature", "properties": { }, "geometry": { "type": "LineString", "coordinates": [ [ 17.644224051028043, 59.862540907339017, 7.739999771118164 ], [ 17.644820374717995, 59.862206958364993, 8.149999618530273 ] ] } },
{ "type": "Feature", "properties": { }, "geometry": { "type": "LineString", "coordinates": [ [ 17.644820374717995, 59.862206958364993, 8.149999618530273 ], [ 17.644977327926771, 59.862119060989563, 8.210000038146973 ], [ 17.645326890679371, 59.861929062612106, 8.300000190734863 ], [ 17.645425508015105, 59.861877073521619, 8.289999961853027 ] ] } },
{ "type": "Feature", "properties": { }, "geometry": { "type": "LineString", "coordinates": [ [ 17.645425508015105, 59.861877073521619, 8.289999961853027 ], [ 17.645478972654647, 59.861848887933142, 8.340000152587891 ], [ 17.645539435884682, 59.861816080234895, 8.409999847412109 ], [ 17.645600717761557, 59.861821686763662, 8.369999885559082 ] ] } },
{ "type": "Feature", "properties": { }, "geometry": { "type": "LineString", "coordinates": [ [ 17.644664017936993, 59.861266140125835, 7.550000190734863 ], [ 17.644532812295168, 59.861206911547697, 7.449999809265137 ], [ 17.644503130446779, 59.861195594624263, 7.400000095367432 ], [ 17.644481774801733, 59.861192932923807, 7.420000076293945 ], [ 17.644454995784642, 59.861197075564931, 7.340000152587891 ], [ 17.644436955058911, 59.861206096319258, 7.389999866485596 ], [ 17.644031623951026, 59.861430930608506, 7.320000171661377 ] ] } },
{ "type": "Feature", "properties": { }, "geometry": { "type": "LineString", "coordinates": [ [ 17.644031623951026, 59.861430930608506, 7.320000171661377 ], [ 17.643642330570191, 59.861646864883745, 7.090000152587891 ], [ 17.643431519253578, 59.861763155207342, 7.079999923706055 ] ] } },
{ "type": "Feature", "properties": { }, "geometry": { "type": "LineString", "coordinates": [ [ 17.643431519253578, 59.861763155207342, 7.079999923706055 ], [ 17.64311562007914, 59.861937413248569, 7.039999961853027 ], [ 17.643095370879582, 59.861969490871303, 7.099999904632568 ], [ 17.643105532521826, 59.862010751132196, 7.03000020980835 ] ] } },
{ "type": "Feature", "properties": { }, "geometry": { "type": "LineString", "coordinates": [ [ 17.643027816529418, 59.861974980132516, 6.960000038146973 ], [ 17.643105532521826, 59.862010751132196, 7.03000020980835 ], [ 17.643678348383425, 59.862282258135693, 7.429999828338623 ] ] } },
{ "type": "Feature", "properties": { }, "geometry": { "type": "LineString", "coordinates": [ [ 17.643678348383425, 59.862282258135693, 7.429999828338623 ], [ 17.644224051028043, 59.862540907339017, 7.739999771118164 ], [ 17.644295634663731, 59.862574830777234, 7.820000171661377 ] ] } },
{ "type": "Feature", "properties": { }, "geometry": { "type": "LineString", "coordinates": [ [ 17.640318330993182, 59.863351427474676, 7.659999847412109 ], [ 17.640328368357657, 59.863331154291053, 7.690000057220459 ], [ 17.640314498986001, 59.863320861195298, 7.679999828338623 ], [ 17.640245007026174, 59.863288178502742, 7.739999771118164 ], [ 17.639767176658712, 59.863070004224824, 7.880000114440918 ], [ 17.639747835701794, 59.863068165034555, 7.949999809265137 ] ] } },
{ "type": "Feature", "properties": { }, "geometry": { "type": "LineString", "coordinates": [ [ 17.639150560655292, 59.863988527727095, 8.060000419616699 ], [ 17.639755486711309, 59.863658502630123, 7.980000019073486 ] ] } },
{ "type": "Feature", "properties": { }, "geometry": { "type": "LineString", "coordinates": [ [ 17.639755486711309, 59.863658502630123, 7.980000019073486 ], [ 17.640318330993182, 59.863351427474676, 7.659999847412109 ] ] } },
{ "type": "Feature", "properties": { }, "geometry": { "type": "LineString", "coordinates": [ [ 17.638549770276448, 59.863718287448123, 7.860000133514404 ], [ 17.639098451170256, 59.863973504933426, 8.100000381469727 ], [ 17.639150560655292, 59.863988527727095, 8.060000419616699 ] ] } },
{ "type": "Feature", "properties": { }, "geometry": { "type": "LineString", "coordinates": [ [ 17.639747835701794, 59.863068165034555, 7.949999809265137 ], [ 17.639722270060137, 59.863073245972501, 7.929999828338623 ], [ 17.6395308038271, 59.863178586601585, 8.020000457763672 ] ] } },
{ "type": "Feature", "properties": { }, "geometry": { "type": "LineString", "coordinates": [ [ 17.63843746224909, 59.863782524194185, 7.730000019073486 ], [ 17.638365336808199, 59.863820251833225, 7.610000133514404 ], [ 17.637835577010073, 59.864113927383436, 7.849999904632568 ] ] } },
{ "type": "Feature", "properties": { }, "geometry": { "type": "LineString", "coordinates": [ [ 17.637835577010073, 59.864113927383436, 7.849999904632568 ], [ 17.637823202036294, 59.864120787438331, 7.829999923706055 ], [ 17.637390749203892, 59.864460794487137, 7.599999904632568 ] ] } },
{ "type": "Feature", "properties": { }, "geometry": { "type": "LineString", "coordinates": [ [ 17.638919685110977, 59.864075192305684, 7.900000095367432 ], [ 17.638365336808199, 59.863820251833225, 7.610000133514404 ] ] } },
{ "type": "Feature", "properties": { }, "geometry": { "type": "LineString", "coordinates": [ [ 17.639265589284513, 59.864157588947478, 8.0 ], [ 17.639245801476427, 59.864150426602698, 7.949999809265137 ], [ 17.639226843005137, 59.864148315556477, 7.96999979019165 ], [ 17.639202304857239, 59.864161163259595, 7.96999979019165 ], [ 17.639113814225507, 59.86421009760177, 7.920000076293945 ], [ 17.638889491718828, 59.86433412625717, 7.840000152587891 ], [ 17.638653779782118, 59.864463146642699, 7.880000114440918 ] ] } },
{ "type": "Feature", "properties": { }, "geometry": { "type": "LineString", "coordinates": [ [ 17.638653779782118, 59.864463146642699, 7.880000114440918 ], [ 17.63815181474995, 59.864737899864366, 7.940000057220459 ] ] } },
{ "type": "Feature", "properties": { }, "geometry": { "type": "LineString", "coordinates": [ [ 17.64062801932085, 59.863465989458604, 7.760000228881836 ], [ 17.641284259665174, 59.863770205307873, 7.929999828338623 ] ] } },
{ "type": "Feature", "properties": { }, "geometry": { "type": "LineString", "coordinates": [ [ 17.641284259665174, 59.863770205307873, 7.929999828338623 ], [ 17.641551502104036, 59.863894089353643, 8.199999809265137 ], [ 17.641671898726422, 59.863950225860997, 8.170000076293945 ], [ 17.64170343561176, 59.863965524870537, 8.149999618530273 ], [ 17.641728339416883, 59.863983205432476, 8.189999580383301 ], [ 17.64172108483378, 59.86400284471376, 8.189999580383301 ], [ 17.641702729634904, 59.864017517476995, 8.210000038146973 ], [ 17.641565181668131, 59.86409313718034, 8.289999961853027 ] ] } },
{ "type": "Feature", "properties": { }, "geometry": { "type": "LineString", "coordinates": [ [ 17.641565181668131, 59.86409313718034, 8.289999961853027 ], [ 17.640962762399088, 59.864424323342931, 8.609999656677246 ] ] } },
{ "type": "Feature", "properties": { }, "geometry": { "type": "LineString", "coordinates": [ [ 17.640962762399088, 59.864424323342931, 8.609999656677246 ], [ 17.640603163563249, 59.864622012067329, 8.760000228881836 ] ] } },
{ "type": "Feature", "properties": { }, "geometry": { "type": "LineString", "coordinates": [ [ 17.640049853791638, 59.864415559814461, 8.420000076293945 ], [ 17.63939171675004, 59.864112374903343, 8.140000343322754 ] ] } },
{ "type": "Feature", "properties": { }, "geometry": { "type": "LineString", "coordinates": [ [ 17.63939171675004, 59.864112374903343, 8.140000343322754 ], [ 17.639368346724542, 59.864101608837466, 8.100000381469727 ], [ 17.639354464944329, 59.864091465786402, 8.0 ], [ 17.639355897513745, 59.864077482415283, 7.940000057220459 ] ] } },
{ "type": "Feature", "properties": { }, "geometry": { "type": "LineString", "coordinates": [ [ 17.639355897513745, 59.864077482415283, 7.940000057220459 ], [ 17.639959757045826, 59.863746962977935, 7.880000114440918 ] ] } },
{ "type": "Feature", "properties": { }, "geometry": { "type": "LineString", "coordinates": [ [ 17.639959757045826, 59.863746962977935, 7.880000114440918 ], [ 17.640126525762852, 59.863655681339267, 7.880000114440918 ], [ 17.640499996310442, 59.863448235775309, 7.75 ], [ 17.640514437510152, 59.863442064450389, 7.710000038146973 ], [ 17.640531860896388, 59.86343880268457, 7.659999847412109 ], [ 17.640553934164469, 59.863438866714318, 7.730000019073486 ], [ 17.640577765972591, 59.863443349535125, 7.760000228881836 ], [ 17.640581129306398, 59.863444864771466, 7.789999961853027 ] ] } },
{ "type": "Feature", "properties": { }, "geometry": { "type": "LineString", "coordinates": [ [ 17.640581129306398, 59.863444864771466, 7.789999961853027 ], [ 17.64062801932085, 59.863465989458604, 7.760000228881836 ] ] } },
{ "type": "Feature", "properties": { }, "geometry": { "type": "LineString", "coordinates": [ [ 17.639462274096765, 59.865365815490172, 8.409999847412109 ], [ 17.64006127440717, 59.865033056784419, 8.569999694824219 ] ] } },
{ "type": "Feature", "properties": { }, "geometry": { "type": "LineString", "coordinates": [ [ 17.64006127440717, 59.865033056784419, 8.569999694824219 ], [ 17.640466416383063, 59.864807985652156, 8.670000076293945 ], [ 17.640522418551836, 59.864778189300203, 8.680000305175781 ], [ 17.640555916423178, 59.864772599357657, 8.739999771118164 ], [ 17.64058620404958, 59.864774797040539, 8.739999771118164 ], [ 17.640610325606684, 59.864779145572811, 8.720000267028809 ], [ 17.640698089997613, 59.864817136519427, 8.840000152587891 ] ] } },
{ "type": "Feature", "properties": { }, "geometry": { "type": "LineString", "coordinates": [ [ 17.640698089997613, 59.864817136519427, 8.840000152587891 ], [ 17.64070472405853, 59.864820008227731, 8.840000152587891 ], [ 17.641357081519562, 59.865119856250921, 9.199999809265137 ] ] } },
{ "type": "Feature", "properties": { }, "geometry": { "type": "LineString", "coordinates": [ [ 17.641357081519562, 59.865119856250921, 9.199999809265137 ], [ 17.641700483918203, 59.865277693405886, 9.229999542236328 ], [ 17.641723355255539, 59.8652926952116, 9.260000228881836 ], [ 17.641722661155665, 59.865308833731866, 9.319999694824219 ], [ 17.641713636601303, 59.86532860845481, 9.329999923706055 ], [ 17.641685123998215, 59.865344912617829, 9.359999656677246 ], [ 17.641500969700456, 59.865447020124719, 9.239999771118164 ] ] } },
{ "type": "Feature", "properties": { }, "geometry": { "type": "LineString", "coordinates": [ [ 17.641500969700456, 59.865447020124719, 9.239999771118164 ], [ 17.640986740078539, 59.865732138910495, 9.079999923706055 ], [ 17.640901608858464, 59.865779617496365, 9.140000343322754 ] ] } },
{ "type": "Feature", "properties": { }, "geometry": { "type": "LineString", "coordinates": [ [ 17.640901608858464, 59.865779617496365, 9.140000343322754 ], [ 17.640549752243242, 59.865975849664743, 9.220000267028809 ] ] } },
{ "type": "Feature", "properties": { }, "geometry": { "type": "LineString", "coordinates": [ [ 17.641977326022136, 59.865400570608159, 9.340000152587891 ], [ 17.641955453205714, 59.865401723363782, 9.409999847412109 ], [ 17.641889276641418, 59.865434965131101, 9.409999847412109 ] ] } },
{ "type": "Feature", "properties": { }, "geometry": { "type": "LineString", "coordinates": [ [ 17.643294350945141, 59.864686242482016, 9.979999542236328 ], [ 17.643262103525366, 59.864686475981173, 9.930000305175781 ], [ 17.643239568784885, 59.86468866297308, 9.920000076293945 ], [ 17.643221009140746, 59.864694538977879, 9.850000381469727 ], [ 17.643207643445468, 59.86470121007325, 9.829999923706055 ], [ 17.642673154851696, 59.864998237419279, 9.659999847412109 ] ] } },
{ "type": "Feature", "properties": { }, "geometry": { "type": "LineString", "coordinates": [ [ 17.642673154851696, 59.864998237419279, 9.659999847412109 ], [ 17.642091806133497, 59.865321297579605, 9.350000381469727 ], [ 17.642077802602987, 59.865332399335337, 9.350000381469727 ] ] } },
{ "type": "Feature", "properties": { }, "geometry": { "type": "LineString", "coordinates": [ [ 17.642077802602987, 59.865332399335337, 9.350000381469727 ], [ 17.642076037721409, 59.865333798502171, 9.350000381469727 ], [ 17.642078987857143, 59.865344560402377, 9.340000152587891 ], [ 17.642212080801961, 59.865408073011032, 9.479999542236328 ] ] } },
{ "type": "Feature", "properties": { }, "geometry": { "type": "LineString", "coordinates": [ [ 17.642990053679419, 59.864542091459917, 9.430000305175781 ], [ 17.64298582689641, 59.864555824057803, 9.529999732971191 ], [ 17.643009916612531, 59.86459432782388, 9.630000114440918 ], [ 17.643012896104917, 59.864614325609338, 9.609999656677246 ], [ 17.642812486467317, 59.86472932261389, 9.729999542236328 ], [ 17.642514996359374, 59.864892833579283, 9.619999885559082 ] ] } },
{ "type": "Feature", "properties": { }, "geometry": { "type": "LineString", "coordinates": [ [ 17.642514996359374, 59.864892833579283, 9.619999885559082 ], [ 17.641912489051549, 59.865223985739597, 9.399999618530273 ] ] } },
{ "type": "Feature", "properties": { }, "geometry": { "type": "LineString", "coordinates": [ [ 17.641912489051549, 59.865223985739597, 9.399999618530273 ], [ 17.64189856188047, 59.865231640330144, 9.369999885559082 ], [ 17.641874019833494, 59.865240662678517, 9.399999618530273 ], [ 17.641838118530135, 59.865235651387536, 9.340000152587891 ], [ 17.64178573898554, 59.865211248654859, 9.270000457763672 ], [ 17.641246745893227, 59.864961540273704, 9.050000190734863 ] ] } },
{ "type": "Feature", "properties": { }, "geometry": { "type": "LineString", "coordinates": [ [ 17.641246745893227, 59.864961540273704, 9.050000190734863 ], [ 17.640699859266029, 59.864708168778662, 8.670000076293945 ], [ 17.640700635820778, 59.864691329097823, 8.680000305175781 ], [ 17.640719791841665, 59.864674499042806, 8.699999809265137 ] ] } },
{ "type": "Feature", "properties": { }, "geometry": { "type": "LineString", "coordinates": [ [ 17.640719791841665, 59.864674499042806, 8.699999809265137 ], [ 17.641321610030516, 59.864343034518853, 8.479999542236328 ] ] } },
{ "type": "Feature", "properties": { }, "geometry": { "type": "LineString", "coordinates": [ [ 17.641321610030516, 59.864343034518853, 8.479999542236328 ], [ 17.64186388735639, 59.864044355482193, 8.310000419616699 ], [ 17.641898825611005, 59.864025109959961, 8.239999771118164 ] ] } },
{ "type": "Feature", "properties": { }, "geometry": { "type": "LineString", "coordinates": [ [ 17.641889276641418, 59.865434965131101, 9.409999847412109 ], [ 17.641378958310167, 59.865709458723266, 9.159999847412109 ], [ 17.641293361882553, 59.865768514265987, 9.159999847412109 ] ] } },
{ "type": "Feature", "properties": { }, "geometry": { "type": "LineString", "coordinates": [ [ 17.641293361882553, 59.865768514265987, 9.159999847412109 ], [ 17.640824960006306, 59.866091674118159, 9.289999961853027 ] ] } },
{ "type": "Feature", "properties": { }, "geometry": { "type": "LineString", "coordinates": [ [ 17.643012896104917, 59.864614325609338, 9.609999656677246 ], [ 17.643116553463152, 59.864660568267254, 9.859999656677246 ] ] } },
{ "type": "Feature", "properties": { }, "geometry": { "type": "LineString", "coordinates": [ [ 17.643116553463152, 59.864660568267254, 9.859999656677246 ], [ 17.643207643445468, 59.86470121007325, 9.829999923706055 ] ] } },
{ "type": "Feature", "properties": { }, "geometry": { "type": "LineString", "coordinates": [ [ 17.638485793982589, 59.863757236576781, 7.789999961853027 ], [ 17.63843746224909, 59.863782524194185, 7.730000019073486 ] ] } },
{ "type": "Feature", "properties": { }, "geometry": { "type": "LineString", "coordinates": [ [ 17.638522518509266, 59.863734879723943, 7.800000190734863 ], [ 17.638485793982589, 59.863757236576781, 7.789999961853027 ] ] } },
{ "type": "Feature", "properties": { }, "geometry": { "type": "LineString", "coordinates": [ [ 17.648320616113423, 59.860293063448282, 9.359999656677246 ], [ 17.64836303230333, 59.860269654116514, 9.310000419616699 ], [ 17.648398825343932, 59.860248126826619, 9.350000381469727 ], [ 17.648407237237993, 59.860231397520202, 9.319999694824219 ], [ 17.64840092141641, 59.86021099582981, 9.279999732971191 ] ] } },
{ "type": "Feature", "properties": { }, "geometry": { "type": "LineString", "coordinates": [ [ 17.643348914498002, 59.864411057165789, 9.699999809265137 ], [ 17.643404992828799, 59.864403257141291, 9.729999542236328 ], [ 17.643521794749656, 59.864343729651878, 9.880000114440918 ], [ 17.643971647670806, 59.864095356902659, 9.979999542236328 ] ] } },
{ "type": "Feature", "properties": { }, "geometry": { "type": "LineString", "coordinates": [ [ 17.643971647670806, 59.864095356902659, 9.979999542236328 ], [ 17.64457265006682, 59.863763523405538, 9.909999847412109 ] ] } },
{ "type": "Feature", "properties": { }, "geometry": { "type": "LineString", "coordinates": [ [ 17.64457265006682, 59.863763523405538, 9.909999847412109 ], [ 17.645173640500094, 59.863431687231099, 9.689999580383301 ] ] } },
{ "type": "Feature", "properties": { }, "geometry": { "type": "LineString", "coordinates": [ [ 17.645173640500094, 59.863431687231099, 9.689999580383301 ], [ 17.64542103356516, 59.863295086738582, 9.409999847412109 ] ] } },
{ "type": "Feature", "properties": { }, "geometry": { "type": "LineString", "coordinates": [ [ 17.643607841927821, 59.864530821617528, 10.050000190734863 ], [ 17.643664030559151, 59.864557124345346, 10.319999694824219 ], [ 17.643719646825868, 59.86458315761999, 10.399999618530273 ] ] } },
{ "type": "Feature", "properties": { }, "geometry": { "type": "LineString", "coordinates": [ [ 17.643574011599217, 59.864514990929194, 9.890000343322754 ], [ 17.643607841927821, 59.864530821617528, 10.050000190734863 ] ] } },
{ "type": "Feature", "properties": { }, "geometry": { "type": "LineString", "coordinates": [ [ 17.643607841927821, 59.864530821617528, 10.050000190734863 ], [ 17.643607577269375, 59.864517500399216, 9.989999771118164 ], [ 17.643610665439621, 59.864504311712722, 9.869999885559082 ], [ 17.643618529149037, 59.864491541056459, 9.930000305175781 ], [ 17.643630861013921, 59.8644786806708, 9.880000114440918 ], [ 17.644160888119487, 59.864187713086359, 10.0 ] ] } },
{ "type": "Feature", "properties": { }, "geometry": { "type": "LineString", "coordinates": [ [ 17.644160888119487, 59.864187713086359, 10.0 ], [ 17.644763769654546, 59.863856742091777, 9.989999771118164 ] ] } },
{ "type": "Feature", "properties": { }, "geometry": { "type": "LineString", "coordinates": [ [ 17.644763769654546, 59.863856742091777, 9.989999771118164 ], [ 17.64536656522095, 59.863525809028459, 9.710000038146973 ], [ 17.645366638660271, 59.863525768146864, 9.710000038146973 ] ] } },
{ "type": "Feature", "properties": { }, "geometry": { "type": "LineString", "coordinates": [ [ 17.645366638660271, 59.863525768146864, 9.710000038146973 ], [ 17.645662456970101, 59.863361093272374, 9.439999580383301 ] ] } },
{ "type": "Feature", "properties": { }, "geometry": { "type": "LineString", "coordinates": [ [ 17.645638933321941, 59.863174430502639, 9.380000114440918 ], [ 17.646238965079888, 59.862842160784282, 9.590000152587891 ] ] } },
{ "type": "Feature", "properties": { }, "geometry": { "type": "LineString", "coordinates": [ [ 17.646238965079888, 59.862842160784282, 9.590000152587891 ], [ 17.64683898487964, 59.862509888397369, 9.800000190734863 ] ] } },
{ "type": "Feature", "properties": { }, "geometry": { "type": "LineString", "coordinates": [ [ 17.64683898487964, 59.862509888397369, 9.800000190734863 ], [ 17.646920276598518, 59.862464870845862, 9.760000228881836 ], [ 17.647031720887473, 59.862403156500186, 9.760000228881836 ], [ 17.647061999066267, 59.862373396252522, 9.689999580383301 ], [ 17.647056405580255, 59.862356884442434, 9.659999847412109 ], [ 17.647030446803278, 59.862341324635551, 9.619999885559082 ], [ 17.646852227506983, 59.862258003705563, 9.399999618530273 ], [ 17.646687495837035, 59.862182930245979, 9.340000152587891 ] ] } },
{ "type": "Feature", "properties": { }, "geometry": { "type": "LineString", "coordinates": [ [ 17.646687495837035, 59.862182930245979, 9.340000152587891 ], [ 17.646026163329733, 59.861881534459847, 8.720000267028809 ] ] } },
{ "type": "Feature", "properties": { }, "geometry": { "type": "LineString", "coordinates": [ [ 17.646026163329733, 59.861881534459847, 8.720000267028809 ], [ 17.645932598860743, 59.861838892657588, 8.560000419616699 ], [ 17.645906363494884, 59.861832467635921, 8.539999961853027 ], [ 17.645842156292407, 59.861843715639104, 8.550000190734863 ], [ 17.645391006362203, 59.862092176801724, 8.319999694824219 ] ] } },
{ "type": "Feature", "properties": { }, "geometry": { "type": "LineString", "coordinates": [ [ 17.645391006362203, 59.862092176801724, 8.319999694824219 ], [ 17.64478917324627, 59.862423615388749, 8.090000152587891 ] ] } },
{ "type": "Feature", "properties": { }, "geometry": { "type": "LineString", "coordinates": [ [ 17.64478917324627, 59.862423615388749, 8.090000152587891 ], [ 17.644413307745758, 59.862630605492292, 7.940000057220459 ] ] } },
{ "type": "Feature", "properties": { }, "geometry": { "type": "LineString", "coordinates": [ [ 17.641975433555952, 59.863783959148222, 8.130000114440918 ], [ 17.642017977659204, 59.86377857271053, 8.199999809265137 ], [ 17.642133379347875, 59.863728625113723, 8.229999542236328 ], [ 17.642316613735453, 59.863629034873512, 8.010000228881836 ], [ 17.642368967080372, 59.863564013825602, 7.889999866485596 ], [ 17.642562535163865, 59.863457381747672, 8.180000305175781 ] ] } },
{ "type": "Feature", "properties": { }, "geometry": { "type": "LineString", "coordinates": [ [ 17.642562535163865, 59.863457381747672, 8.180000305175781 ], [ 17.643164274860084, 59.863125891454764, 8.100000381469727 ] ] } },
{ "type": "Feature", "properties": { }, "geometry": { "type": "LineString", "coordinates": [ [ 17.643164274860084, 59.863125891454764, 8.100000381469727 ], [ 17.643291476793141, 59.863055816435676, 8.189999580383301 ], [ 17.643494811837375, 59.862941423604354, 8.050000190734863 ], [ 17.643764090670501, 59.862793532313511, 7.880000114440918 ] ] } },
{ "type": "Feature", "properties": { }, "geometry": { "type": "LineString", "coordinates": [ [ 17.643764090670501, 59.862793532313511, 7.880000114440918 ], [ 17.644056989655979, 59.862632666440611, 7.659999847412109 ], [ 17.64414607645778, 59.862583738051406, 7.769999980926514 ], [ 17.644224051028043, 59.862540907339017, 7.739999771118164 ] ] } },
{ "type": "Feature", "properties": { }, "geometry": { "type": "LineString", "coordinates": [ [ 17.644413307745758, 59.862630605492292, 7.940000057220459 ], [ 17.644335642368315, 59.862671317274582, 7.949999809265137 ], [ 17.644245017869057, 59.862719020402388, 7.889999866485596 ], [ 17.644007166428374, 59.862844236468547, 7.78000020980835 ], [ 17.643801446154558, 59.862957337518168, 8.050000190734863 ] ] } },
{ "type": "Feature", "properties": { }, "geometry": { "type": "LineString", "coordinates": [ [ 17.643801446154558, 59.862957337518168, 8.050000190734863 ], [ 17.643199042555555, 59.863288521212368, 7.949999809265137 ] ] } },
{ "type": "Feature", "properties": { }, "geometry": { "type": "LineString", "coordinates": [ [ 17.643199042555555, 59.863288521212368, 7.949999809265137 ], [ 17.642596626988791, 59.863619702216326, 8.079999923706055 ] ] } },
{ "type": "Feature", "properties": { }, "geometry": { "type": "LineString", "coordinates": [ [ 17.642596626988791, 59.863619702216326, 8.079999923706055 ], [ 17.642228564674216, 59.863822041772977, 8.020000457763672 ], [ 17.64220980856491, 59.863835023829637, 8.029999732971191 ], [ 17.642195519556225, 59.863847088222748, 8.010000228881836 ], [ 17.642188059931442, 59.863855268124325, 8.039999961853027 ], [ 17.642179644258256, 59.863877200603234, 8.050000190734863 ] ] } },
{ "type": "Feature", "properties": { }, "geometry": { "type": "LineString", "coordinates": [ [ 17.640942125955103, 59.866168531838667, 9.479999542236328 ], [ 17.64089332367994, 59.866139740038861, 9.489999771118164 ] ] } },
{ "type": "Feature", "properties": { }, "geometry": { "type": "LineString", "coordinates": [ [ 17.645863536017263, 59.863310548150622, 9.539999961853027 ], [ 17.645987653249019, 59.863369524059991, 9.619999885559082 ] ] } },
{ "type": "Feature", "properties": { }, "geometry": { "type": "LineString", "coordinates": [ [ 17.647377764250745, 59.862625214121913, 10.239999771118164 ], [ 17.64726665104013, 59.862572876579087, 9.989999771118164 ], [ 17.647237851771813, 59.862565054368979, 10.010000228881836 ], [ 17.647202606396764, 59.862558496717277, 10.010000228881836 ], [ 17.647158695254003, 59.862560400482302, 9.909999847412109 ], [ 17.647132538631482, 59.862563831622175, 9.840000152587891 ], [ 17.647100151720107, 59.862571649398902, 9.800000190734863 ], [ 17.647075147435569, 59.862582959066607, 9.819999694824219 ], [ 17.646718445383208, 59.862779610897356, 9.680000305175781 ] ] } },
{ "type": "Feature", "properties": { }, "geometry": { "type": "LineString", "coordinates": [ [ 17.646718445383208, 59.862779610897356, 9.680000305175781 ], [ 17.64611695122775, 59.863111210590027, 9.449999809265137 ] ] } },
{ "type": "Feature", "properties": { }, "geometry": { "type": "LineString", "coordinates": [ [ 17.64611695122775, 59.863111210590027, 9.449999809265137 ], [ 17.645866082022785, 59.863249510358081, 9.359999656677246 ], [ 17.645847347445521, 59.863263149215612, 9.369999885559082 ], [ 17.645838608089313, 59.863276801313546, 9.439999580383301 ], [ 17.645841822579015, 59.863290876977892, 9.479999542236328 ], [ 17.645850874061654, 59.863303250698991, 9.520000457763672 ], [ 17.645863536017263, 59.863310548150622, 9.539999961853027 ] ] } },
{ "type": "Feature", "properties": { }, "geometry": { "type": "LineString", "coordinates": [ [ 17.641782445618105, 59.863889769038749, 8.229999542236328 ], [ 17.641883248880909, 59.863834618423198, 8.109999656677246 ] ] } },
{ "type": "Feature", "properties": { }, "geometry": { "type": "LineString", "coordinates": [ [ 17.640862262317452, 59.86327568280209, 7.409999847412109 ], [ 17.640921248559042, 59.863302622903795, 7.46999979019165 ], [ 17.641523041196962, 59.863577401547154, 7.880000114440918 ] ] } },
{ "type": "Feature", "properties": { }, "geometry": { "type": "LineString", "coordinates": [ [ 17.641523041196962, 59.863577401547154, 7.880000114440918 ], [ 17.641975433555952, 59.863783959148222, 8.130000114440918 ] ] } },
{ "type": "Feature", "properties": { }, "geometry": { "type": "LineString", "coordinates": [ [ 17.641975433555952, 59.863783959148222, 8.130000114440918 ], [ 17.642096742360501, 59.863839348895304, 8.039999961853027 ], [ 17.642179644258256, 59.863877200603234, 8.050000190734863 ], [ 17.642180971188495, 59.863877809246596, 8.050000190734863 ] ] } },
{ "type": "Feature", "properties": { }, "geometry": { "type": "LineString", "coordinates": [ [ 17.640575249160019, 59.86260316547358, 7.699999809265137 ], [ 17.640036199797283, 59.862899358981146, 7.630000114440918 ] ] } },
{ "type": "Feature", "properties": { }, "geometry": { "type": "LineString", "coordinates": [ [ 17.645695195957842, 59.861728843319604, 8.319999694824219 ], [ 17.645029255958669, 59.861430029666302, 7.849999904632568 ] ] } },
{ "type": "Feature", "properties": { }, "geometry": { "type": "LineString", "coordinates": [ [ 17.645029255958669, 59.861430029666302, 7.849999904632568 ], [ 17.644664017936993, 59.861266140125835, 7.550000190734863 ] ] } },
{ "type": "Feature", "properties": { }, "geometry": { "type": "LineString", "coordinates": [ [ 17.642529021228881, 59.860099992822917, 5.269999980926514 ], [ 17.642662533314915, 59.860099782192925, 6.0 ] ] } },
{ "type": "Feature", "properties": { }, "geometry": { "type": "LineString", "coordinates": [ [ 17.642745083687213, 59.860142287303162, 7.550000190734863 ], [ 17.642801474603768, 59.860141369275325, 7.489999771118164 ], [ 17.64323307161289, 59.860303485661369, 7.690000057220459 ] ] } },
{ "type": "Feature", "properties": { }, "geometry": { "type": "LineString", "coordinates": [ [ 17.642061195988177, 59.859826100315587, 6.420000076293945 ], [ 17.642066609388252, 59.859849354133601, 6.389999866485596 ], [ 17.642084748108509, 59.859873694462394, 6.309999942779541 ], [ 17.642113056236376, 59.859897502322013, 6.289999961853027 ], [ 17.642146075219419, 59.859920309099564, 6.239999771118164 ], [ 17.642194780929017, 59.859946341412083, 6.150000095367432 ], [ 17.642476199616745, 59.860075734946207, 5.46999979019165 ], [ 17.642529021228881, 59.860099992822917, 5.269999980926514 ], [ 17.642646476031928, 59.860153930539667, 4.849999904632568 ] ] } },
{ "type": "Feature", "properties": { }, "geometry": { "type": "LineString", "coordinates": [ [ 17.642646476031928, 59.860153930539667, 4.849999904632568 ], [ 17.642956676912299, 59.860296379953319, 3.599999904632568 ], [ 17.643081554431173, 59.860350690564516, 3.390000104904175 ], [ 17.643308891035197, 59.86045467100066, 3.059999942779541 ] ] } },
{ "type": "Feature", "properties": { }, "geometry": { "type": "LineString", "coordinates": [ [ 17.643308891035197, 59.86045467100066, 3.059999942779541 ], [ 17.643596108368207, 59.860586038501751, 3.759999990463257 ] ] } },
{ "type": "Feature", "properties": { }, "geometry": { "type": "LineString", "coordinates": [ [ 17.642678310071375, 59.864397689525298, 8.880000114440918 ], [ 17.642631970980286, 59.864393608927188, 8.979999542236328 ], [ 17.642336797727634, 59.864256161412428, 8.710000038146973 ], [ 17.642323093540433, 59.864234094743907, 8.579999923706055 ] ] } },
{ "type": "Feature", "properties": { }, "geometry": { "type": "LineString", "coordinates": [ [ 17.64265532272168, 59.860501700208069, 6.300000190734863 ], [ 17.642632743086622, 59.860513788358716, 6.199999809265137 ], [ 17.642618628344277, 59.860524664427011, 6.190000057220459 ], [ 17.64261337948907, 59.860538667371117, 6.25 ], [ 17.642618701410942, 59.860553828583512, 6.329999923706055 ], [ 17.642633806719022, 59.860565324347228, 6.460000038146973 ] ] } },
{ "type": "Feature", "properties": { }, "geometry": { "type": "LineString", "coordinates": [ [ 17.644970846722817, 59.86301663791572, 8.800000190734863 ], [ 17.644946697808237, 59.863029050634921, 8.75 ], [ 17.644925383428749, 59.863030285479518, 8.739999771118164 ], [ 17.644906701735124, 59.863022894752923, 8.729999542236328 ], [ 17.644763981465999, 59.862957352178675, 8.399999618530273 ] ] } },
{ "type": "Feature", "properties": { }, "geometry": { "type": "LineString", "coordinates": [ [ 17.644959659099246, 59.862889557460043, 8.489999771118164 ], [ 17.645070354987574, 59.862942024177414, 8.670000076293945 ], [ 17.645081084129639, 59.862952601164473, 8.770000457763672 ] ] } },
{ "type": "Feature", "properties": { }, "geometry": { "type": "LineString", "coordinates": [ [ 17.64542103356516, 59.863295086738582, 9.409999847412109 ], [ 17.645469286378351, 59.863268370471594, 9.359999656677246 ], [ 17.645516035102656, 59.863242483862983, 9.439999580383301 ] ] } },
{ "type": "Feature", "properties": { }, "geometry": { "type": "LineString", "coordinates": [ [ 17.642662533314915, 59.860099782192925, 6.0 ], [ 17.642720044171394, 59.860129392101435, 7.059999942779541 ], [ 17.642745083687213, 59.860142287303162, 7.550000190734863 ] ] } },
{ "type": "Feature", "properties": { }, "geometry": { "type": "LineString", "coordinates": [ [ 17.642773561166926, 59.860438404069733, 3.329999923706055 ], [ 17.64265532272168, 59.860501700208069, 6.300000190734863 ] ] } },
{ "type": "Feature", "properties": { }, "geometry": { "type": "LineString", "coordinates": [ [ 17.638949522302237, 59.864093259858002, 7.900000095367432 ], [ 17.639079213583091, 59.864022185814001, 7.869999885559082 ] ] } },
{ "type": "Feature", "properties": { }, "geometry": { "type": "LineString", "coordinates": [ [ 17.639079213583091, 59.864022185814001, 7.869999885559082 ], [ 17.639150560655292, 59.863988527727095, 8.060000419616699 ] ] } },
{ "type": "Feature", "properties": { }, "geometry": { "type": "LineString", "coordinates": [ [ 17.63900184503569, 59.86415660933892, 7.71999979019165 ], [ 17.638921720310861, 59.864118328825185, 7.809999942779541 ] ] } },
{ "type": "Feature", "properties": { }, "geometry": { "type": "LineString", "coordinates": [ [ 17.639113814225507, 59.86421009760177, 7.920000076293945 ], [ 17.63900184503569, 59.86415660933892, 7.71999979019165 ] ] } },
{ "type": "Feature", "properties": { }, "geometry": { "type": "LineString", "coordinates": [ [ 17.639150560655292, 59.863988527727095, 8.060000419616699 ], [ 17.639252935953017, 59.864031044487426, 7.989999771118164 ] ] } },
{ "type": "Feature", "properties": { }, "geometry": { "type": "LineString", "coordinates": [ [ 17.639252935953017, 59.864031044487426, 7.989999771118164 ], [ 17.639355897513745, 59.864077482415283, 7.940000057220459 ] ] } },
{ "type": "Feature", "properties": { }, "geometry": { "type": "LineString", "coordinates": [ [ 17.639316500090739, 59.864130229284115, 7.889999866485596 ], [ 17.639368346724542, 59.864101608837466, 8.100000381469727 ] ] } },
{ "type": "Feature", "properties": { }, "geometry": { "type": "LineString", "coordinates": [ [ 17.639265589284513, 59.864157588947478, 8.0 ], [ 17.639316500090739, 59.864130229284115, 7.889999866485596 ] ] } },
{ "type": "Feature", "properties": { }, "geometry": { "type": "LineString", "coordinates": [ [ 17.640465144816119, 59.864657564998332, 8.680000305175781 ], [ 17.640514518934616, 59.864629607554768, 8.75 ] ] } },
{ "type": "Feature", "properties": { }, "geometry": { "type": "LineString", "coordinates": [ [ 17.640408442794541, 59.864688024917179, 8.649999618530273 ], [ 17.640465144816119, 59.864657564998332, 8.680000305175781 ] ] } },
{ "type": "Feature", "properties": { }, "geometry": { "type": "LineString", "coordinates": [ [ 17.640362781231286, 59.864759327884698, 8.609999656677246 ], [ 17.640411920512442, 59.86478218298042, 8.569999694824219 ] ] } },
{ "type": "Feature", "properties": { }, "geometry": { "type": "LineString", "coordinates": [ [ 17.640411920512442, 59.86478218298042, 8.569999694824219 ], [ 17.640466416383063, 59.864807985652156, 8.670000076293945 ] ] } },
{ "type": "Feature", "properties": { }, "geometry": { "type": "LineString", "coordinates": [ [ 17.640645313419423, 59.864740405721705, 8.720000267028809 ], [ 17.64058620404958, 59.864774797040539, 8.739999771118164 ] ] } },
{ "type": "Feature", "properties": { }, "geometry": { "type": "LineString", "coordinates": [ [ 17.640699859266029, 59.864708168778662, 8.670000076293945 ], [ 17.640645313419423, 59.864740405721705, 8.720000267028809 ] ] } },
{ "type": "Feature", "properties": { }, "geometry": { "type": "LineString", "coordinates": [ [ 17.640658174702633, 59.86464676218506, 8.729999542236328 ], [ 17.640603163563249, 59.864622012067329, 8.760000228881836 ] ] } },
{ "type": "Feature", "properties": { }, "geometry": { "type": "LineString", "coordinates": [ [ 17.640719791841665, 59.864674499042806, 8.699999809265137 ], [ 17.640658174702633, 59.86464676218506, 8.729999542236328 ] ] } },
{ "type": "Feature", "properties": { }, "geometry": { "type": "LineString", "coordinates": [ [ 17.641685123998215, 59.865344912617829, 9.359999656677246 ], [ 17.64178599956, 59.865390055801704, 9.369999885559082 ] ] } },
{ "type": "Feature", "properties": { }, "geometry": { "type": "LineString", "coordinates": [ [ 17.64178599956, 59.865390055801704, 9.369999885559082 ], [ 17.641889276641418, 59.865434965131101, 9.409999847412109 ] ] } },
{ "type": "Feature", "properties": { }, "geometry": { "type": "LineString", "coordinates": [ [ 17.642023994385003, 59.865375436418653, 9.380000114440918 ], [ 17.641977326022136, 59.865400570608159, 9.340000152587891 ] ] } },
{ "type": "Feature", "properties": { }, "geometry": { "type": "LineString", "coordinates": [ [ 17.642078987857143, 59.865344560402377, 9.340000152587891 ], [ 17.642023994385003, 59.865375436418653, 9.380000114440918 ] ] } },
{ "type": "Feature", "properties": { }, "geometry": { "type": "LineString", "coordinates": [ [ 17.645906363494884, 59.861832467635921, 8.539999961853027 ], [ 17.645802272885764, 59.861782645545688, 8.399999618530273 ] ] } },
{ "type": "Feature", "properties": { }, "geometry": { "type": "LineString", "coordinates": [ [ 17.645802272885764, 59.861782645545688, 8.399999618530273 ], [ 17.645695195957842, 59.861728843319604, 8.319999694824219 ] ] } },
{ "type": "Feature", "properties": { }, "geometry": { "type": "LineString", "coordinates": [ [ 17.644341656405395, 59.862596647785445, 7.849999904632568 ], [ 17.644413307745758, 59.862630605492292, 7.940000057220459 ] ] } },
{ "type": "Feature", "properties": { }, "geometry": { "type": "LineString", "coordinates": [ [ 17.644295634663731, 59.862574830777234, 7.820000171661377 ], [ 17.644341656405395, 59.862596647785445, 7.849999904632568 ] ] } },
{ "type": "Feature", "properties": { }, "geometry": { "type": "LineString", "coordinates": [ [ 17.644202520718281, 59.86269950235809, 7.760000228881836 ], [ 17.644175804754024, 59.862687233528213, 7.710000038146973 ] ] } },
{ "type": "Feature", "properties": { }, "geometry": { "type": "LineString", "coordinates": [ [ 17.644175804754024, 59.862687233528213, 7.710000038146973 ], [ 17.644130637126384, 59.862666491411154, 7.699999809265137 ] ] } },
{ "type": "Feature", "properties": { }, "geometry": { "type": "LineString", "coordinates": [ [ 17.64297450840451, 59.861950446667649, 6.980000019073486 ], [ 17.643027816529418, 59.861974980132516, 6.960000038146973 ] ] } },
{ "type": "Feature", "properties": { }, "geometry": { "type": "LineString", "coordinates": [ [ 17.642913884439924, 59.861921113473542, 6.980000019073486 ], [ 17.64297450840451, 59.861950446667649, 6.980000019073486 ] ] } },
{ "type": "Feature", "properties": { }, "geometry": { "type": "LineString", "coordinates": [ [ 17.642830586207264, 59.861966405811941, 7.059999942779541 ], [ 17.642913884439924, 59.861921113473542, 6.980000019073486 ] ] } },
{ "type": "Feature", "properties": { }, "geometry": { "type": "LineString", "coordinates": [ [ 17.642733627363487, 59.862015255798141, 7.010000228881836 ], [ 17.642830586207264, 59.861966405811941, 7.059999942779541 ] ] } },
{ "type": "Feature", "properties": { }, "geometry": { "type": "LineString", "coordinates": [ [ 17.642801176941806, 59.862047733485021, 6.96999979019165 ], [ 17.642733627363487, 59.862015255798141, 7.010000228881836 ] ] } },
{ "type": "Feature", "properties": { }, "geometry": { "type": "LineString", "coordinates": [ [ 17.642851639068407, 59.86207076808828, 7.0 ], [ 17.642801176941806, 59.862047733485021, 6.96999979019165 ] ] } },
{ "type": "Feature", "properties": { }, "geometry": { "type": "LineString", "coordinates": [ [ 17.640743644291994, 59.863215598333639, 7.400000095367432 ], [ 17.640862262317452, 59.86327568280209, 7.409999847412109 ] ] } },
{ "type": "Feature", "properties": { }, "geometry": { "type": "LineString", "coordinates": [ [ 17.64062301179073, 59.863156025276467, 7.369999885559082 ], [ 17.640743644291994, 59.863215598333639, 7.400000095367432 ] ] } },
{ "type": "Feature", "properties": { }, "geometry": { "type": "LineString", "coordinates": [ [ 17.640831150004836, 59.863352447279368, 7.519999980926514 ], [ 17.64072374057379, 59.863413382851952, 7.730000019073486 ] ] } },
{ "type": "Feature", "properties": { }, "geometry": { "type": "LineString", "coordinates": [ [ 17.64072374057379, 59.863413382851952, 7.730000019073486 ], [ 17.640692678458532, 59.863430994238804, 7.670000076293945 ] ] } },
{ "type": "Feature", "properties": { }, "geometry": { "type": "LineString", "coordinates": [ [ 17.640692678458532, 59.863430994238804, 7.670000076293945 ], [ 17.64065909576432, 59.863449170111018, 7.690000057220459 ] ] } },
{ "type": "Feature", "properties": { }, "geometry": { "type": "LineString", "coordinates": [ [ 17.640864449187866, 59.863333556116913, 7.440000057220459 ], [ 17.640831150004836, 59.863352447279368, 7.519999980926514 ] ] } },
{ "type": "Feature", "properties": { }, "geometry": { "type": "LineString", "coordinates": [ [ 17.640895897547558, 59.863316429455594, 7.449999809265137 ], [ 17.640864449187866, 59.863333556116913, 7.440000057220459 ] ] } },
{ "type": "Feature", "properties": { }, "geometry": { "type": "LineString", "coordinates": [ [ 17.64065909576432, 59.863449170111018, 7.690000057220459 ], [ 17.64062801932085, 59.863465989458604, 7.760000228881836 ] ] } },
{ "type": "Feature", "properties": { }, "geometry": { "type": "LineString", "coordinates": [ [ 17.640921248559042, 59.863302622903795, 7.46999979019165 ], [ 17.640895897547558, 59.863316429455594, 7.449999809265137 ] ] } },
{ "type": "Feature", "properties": { }, "geometry": { "type": "LineString", "coordinates": [ [ 17.642061195988177, 59.859826100315587, 6.420000076293945 ], [ 17.641916760065719, 59.859904418786769, 6.480000019073486 ] ] } },
{ "type": "Feature", "properties": { }, "geometry": { "type": "LineString", "coordinates": [ [ 17.641916760065719, 59.859904418786769, 6.480000019073486 ], [ 17.641762359886993, 59.859992187835239, 6.519999980926514 ] ] } },
{ "type": "Feature", "properties": { }, "geometry": { "type": "LineString", "coordinates": [ [ 17.644430924051484, 59.860968759467376, 7.099999904632568 ], [ 17.644323635301348, 59.861027675723236, 6.989999771118164 ] ] } },
{ "type": "Feature", "properties": { }, "geometry": { "type": "LineString", "coordinates": [ [ 17.644323635301348, 59.861027675723236, 6.989999771118164 ], [ 17.64422941152139, 59.861079419910247, 6.900000095367432 ] ] } },
{ "type": "Feature", "properties": { }, "geometry": { "type": "LineString", "coordinates": [ [ 17.644800561863331, 59.861009207357128, 7.320000171661377 ], [ 17.644897189212045, 59.861049879406991, 7.289999961853027 ] ] } },
{ "type": "Feature", "properties": { }, "geometry": { "type": "LineString", "coordinates": [ [ 17.644668193065414, 59.860949995154805, 7.179999828338623 ], [ 17.644800561863331, 59.861009207357128, 7.320000171661377 ] ] } },
{ "type": "Feature", "properties": { }, "geometry": { "type": "LineString", "coordinates": [ [ 17.644308261645406, 59.861147823506471, 7.21999979019165 ], [ 17.644370528696651, 59.861176145152406, 7.230000019073486 ] ] } },
{ "type": "Feature", "properties": { }, "geometry": { "type": "LineString", "coordinates": [ [ 17.644370528696651, 59.861176145152406, 7.230000019073486 ], [ 17.644436955058911, 59.861206096319258, 7.389999866485596 ] ] } },
{ "type": "Feature", "properties": { }, "geometry": { "type": "LineString", "coordinates": [ [ 17.644664017936993, 59.861266140125835, 7.550000190734863 ], [ 17.644785294305237, 59.861199640439693, 7.449999809265137 ] ] } },
{ "type": "Feature", "properties": { }, "geometry": { "type": "LineString", "coordinates": [ [ 17.644785294305237, 59.861199640439693, 7.449999809265137 ], [ 17.644903337088408, 59.861134918714029, 7.400000095367432 ] ] } },
{ "type": "Feature", "properties": { }, "geometry": { "type": "LineString", "coordinates": [ [ 17.645417544802818, 59.860548517698284, 6.940000057220459 ], [ 17.645523343750803, 59.86059749198116, 6.949999809265137 ] ] } },
{ "type": "Feature", "properties": { }, "geometry": { "type": "LineString", "coordinates": [ [ 17.645523343750803, 59.86059749198116, 6.949999809265137 ], [ 17.645622139085923, 59.86064172458876, 7.039999961853027 ] ] } },
{ "type": "Feature", "properties": { }, "geometry": { "type": "LineString", "coordinates": [ [ 17.648271859475326, 59.860319976581685, 9.329999923706055 ], [ 17.648320616113423, 59.860293063448282, 9.359999656677246 ] ] } },
{ "type": "Feature", "properties": { }, "geometry": { "type": "LineString", "coordinates": [ [ 17.648232303522398, 59.860341807953752, 9.310000419616699 ], [ 17.648271859475326, 59.860319976581685, 9.329999923706055 ] ] } },
{ "type": "Feature", "properties": { }, "geometry": { "type": "LineString", "coordinates": [ [ 17.645561675379994, 59.863217211962791, 9.420000076293945 ], [ 17.645638933321941, 59.863174430502639, 9.380000114440918 ] ] } },
{ "type": "Feature", "properties": { }, "geometry": { "type": "LineString", "coordinates": [ [ 17.645516035102656, 59.863242483862983, 9.439999580383301 ], [ 17.645561675379994, 59.863217211962791, 9.420000076293945 ] ] } },
{ "type": "Feature", "properties": { }, "geometry": { "type": "LineString", "coordinates": [ [ 17.645863536017263, 59.863310548150622, 9.539999961853027 ], [ 17.645809349963162, 59.863340196168338, 9.510000228881836 ] ] } },
{ "type": "Feature", "properties": { }, "geometry": { "type": "LineString", "coordinates": [ [ 17.645809349963162, 59.863340196168338, 9.510000228881836 ], [ 17.645719999431833, 59.863389059605716, 9.489999771118164 ] ] } },
{ "type": "Feature", "properties": { }, "geometry": { "type": "LineString", "coordinates": [ [ 17.640318330993182, 59.863351427474676, 7.659999847412109 ], [ 17.640418689856325, 59.863397809700231, 7.619999885559082 ] ] } },
{ "type": "Feature", "properties": { }, "geometry": { "type": "LineString", "coordinates": [ [ 17.640418689856325, 59.863397809700231, 7.619999885559082 ], [ 17.640514437510152, 59.863442064450389, 7.710000038146973 ] ] } },
{ "type": "Feature", "properties": { }, "geometry": { "type": "LineString", "coordinates": [ [ 17.641805572067803, 59.864018044727146, 8.189999580383301 ], [ 17.641728339416883, 59.863983205432476, 8.189999580383301 ] ] } },
{ "type": "Feature", "properties": { }, "geometry": { "type": "LineString", "coordinates": [ [ 17.64186388735639, 59.864044355482193, 8.310000419616699 ], [ 17.641805572067803, 59.864018044727146, 8.189999580383301 ] ] } },
{ "type": "Feature", "properties": { }, "geometry": { "type": "LineString", "coordinates": [ [ 17.654050388521739, 59.855977396925823, 7.590000152587891 ], [ 17.654012123034892, 59.855995513810726, 7.420000076293945 ], [ 17.653982945632997, 59.856002490637692, 7.440000057220459 ], [ 17.653945550074774, 59.856002994849192, 7.369999885559082 ], [ 17.653911409242809, 59.855995303268365, 7.300000190734863 ], [ 17.653663829978033, 59.855878892412093, 6.21999979019165 ], [ 17.653389263506114, 59.855749805636613, 4.699999809265137 ], [ 17.653376679826717, 59.855743395815566, 4.619999885559082 ] ] } },
{ "type": "Feature", "properties": { }, "geometry": { "type": "LineString", "coordinates": [ [ 17.653376679826717, 59.855743395815566, 4.619999885559082 ], [ 17.653214728842809, 59.855660901581345, 3.960000038146973 ], [ 17.653179044745158, 59.855647744686387, 3.869999885559082 ] ] } },
{ "type": "Feature", "properties": { }, "geometry": { "type": "LineString", "coordinates": [ [ 17.651299848316242, 59.854541010249896, 4.690000057220459 ], [ 17.651218326046369, 59.854509453729825, 4.78000020980835 ], [ 17.651069966547315, 59.854444417294097, 4.920000076293945 ], [ 17.651011041168953, 59.854416217166417, 4.900000095367432 ] ] } },
{ "type": "Feature", "properties": { }, "geometry": { "type": "LineString", "coordinates": [ [ 17.647615712737494, 59.853146230394266, 4.579999923706055 ], [ 17.647689087626805, 59.853108250776408, 4.610000133514404 ], [ 17.647748305069868, 59.853077601100338, 4.690000057220459 ] ] } },
{ "type": "Feature", "properties": { }, "geometry": { "type": "LineString", "coordinates": [ [ 17.647971753121112, 59.85330660263282, 4.730000019073486 ], [ 17.648046083295064, 59.853265070304992, 4.75 ], [ 17.648091497736328, 59.853239694763417, 4.78000020980835 ] ] } },
{ "type": "Feature", "properties": { }, "geometry": { "type": "LineString", "coordinates": [ [ 17.647821409603058, 59.8530388702194, 4.590000152587891 ], [ 17.647939284968142, 59.852975119373212, 4.730000019073486 ] ] } },
{ "type": "Feature", "properties": { }, "geometry": { "type": "LineString", "coordinates": [ [ 17.648091497736328, 59.853239694763417, 4.78000020980835 ], [ 17.648126137497123, 59.853220339162036, 4.71999979019165 ], [ 17.648169904145892, 59.853197744861724, 4.630000114440918 ] ] } },
{ "type": "Feature", "properties": { }, "geometry": { "type": "LineString", "coordinates": [ [ 17.648169904145892, 59.853197744861724, 4.630000114440918 ], [ 17.6482732918052, 59.853144392577235, 4.739999771118164 ] ] } },
{ "type": "Feature", "properties": { }, "geometry": { "type": "LineString", "coordinates": [ [ 17.647748305069868, 59.853077601100338, 4.690000057220459 ], [ 17.64778305363555, 59.853059613888959, 4.639999866485596 ], [ 17.647821409603058, 59.8530388702194, 4.590000152587891 ] ] } },
{ "type": "Feature", "properties": { }, "geometry": { "type": "LineString", "coordinates": [ [ 17.648033750040621, 59.853018045171083, 4.679999828338623 ], [ 17.648096253941638, 59.853046445811444, 4.730000019073486 ] ] } },
{ "type": "Feature", "properties": { }, "geometry": { "type": "LineString", "coordinates": [ [ 17.645810100938981, 59.852071675207831, 4.429999828338623 ], [ 17.645945170977232, 59.852102072746504, 4.480000019073486 ], [ 17.64598356211846, 59.852112221981685, 4.360000133514404 ] ] } },
{ "type": "Feature", "properties": { }, "geometry": { "type": "LineString", "coordinates": [ [ 17.651351335876214, 59.854560937281271, 4.820000171661377 ], [ 17.651378302816777, 59.854522441451778, 4.800000190734863 ], [ 17.651476503049356, 59.854458512740663, 4.849999904632568 ], [ 17.651646294047485, 59.854362138829636, 4.78000020980835 ] ] } },
{ "type": "Feature", "properties": { }, "geometry": { "type": "LineString", "coordinates": [ [ 17.651681268936663, 59.85470249618772, 4.570000171661377 ], [ 17.651485613461276, 59.854612994753232, 4.75 ], [ 17.6514253994856, 59.854589653168617, 4.789999961853027 ], [ 17.651351335876214, 59.854560937281271, 4.820000171661377 ], [ 17.651299848316242, 59.854541010249896, 4.690000057220459 ] ] } },
{ "type": "Feature", "properties": { }, "geometry": { "type": "LineString", "coordinates": [ [ 17.653179044745158, 59.855647744686387, 3.869999885559082 ], [ 17.653135433751643, 59.855614197342405, 3.710000038146973 ], [ 17.653063430505462, 59.855559494303492, 3.529999971389771 ], [ 17.652955768203693, 59.855480769774402, 3.230000019073486 ], [ 17.652817405817654, 59.855369986296495, 3.240000009536743 ], [ 17.652693912336385, 59.855271108620506, 3.259999990463257 ] ] } },
{ "type": "Feature", "properties": { }, "geometry": { "type": "LineString", "coordinates": [ [ 17.652693912336385, 59.855271108620506, 3.259999990463257 ], [ 17.65264209298531, 59.855229618145252, 3.200000047683716 ], [ 17.652526169007391, 59.855149632201588, 3.259999990463257 ], [ 17.652429423135509, 59.85509477792796, 3.309999942779541 ], [ 17.652188413987403, 59.854975276915482, 3.619999885559082 ], [ 17.652107293387505, 59.854935049650294, 3.730000019073486 ] ] } },
{ "type": "Feature", "properties": { }, "geometry": { "type": "LineString", "coordinates": [ [ 17.652107293387505, 59.854935049650294, 3.730000019073486 ], [ 17.651940945020808, 59.854852557933086, 3.960000038146973 ], [ 17.651773758035834, 59.85476295439863, 4.309999942779541 ], [ 17.651720399896519, 59.854728075473353, 4.460000038146973 ], [ 17.651681268936663, 59.85470249618772, 4.570000171661377 ] ] } },
{ "type": "Feature", "properties": { }, "geometry": { "type": "LineString", "coordinates": [ [ 17.64598356211846, 59.852112221981685, 4.360000133514404 ], [ 17.6460112520389, 59.852119538446352, 4.369999885559082 ], [ 17.646117102396779, 59.852150344821446, 4.539999961853027 ], [ 17.646188122920666, 59.852179374545727, 4.550000190734863 ], [ 17.646668347753142, 59.852397599475914, 4.579999923706055 ] ] } },
{ "type": "Feature", "properties": { }, "geometry": { "type": "LineString", "coordinates": [ [ 17.646668347753142, 59.852397599475914, 4.579999923706055 ], [ 17.647330446926048, 59.852698464548951, 4.610000133514404 ] ] } },
{ "type": "Feature", "properties": { }, "geometry": { "type": "LineString", "coordinates": [ [ 17.647330446926048, 59.852698464548951, 4.610000133514404 ], [ 17.647939284968142, 59.852975119373212, 4.730000019073486 ], [ 17.647978774627799, 59.852993062013525, 4.690000057220459 ], [ 17.647992558448269, 59.852999325971439, 4.699999809265137 ] ] } },
{ "type": "Feature", "properties": { }, "geometry": { "type": "LineString", "coordinates": [ [ 17.647992558448269, 59.852999325971439, 4.699999809265137 ], [ 17.648033750040621, 59.853018045171083, 4.679999828338623 ] ] } },
{ "type": "Feature", "properties": { }, "geometry": { "type": "LineString", "coordinates": [ [ 17.636280101074231, 59.858753046233623, 7.900000095367432 ], [ 17.63625272569152, 59.858766813946332, 7.929999828338623 ], [ 17.636168755314738, 59.858809046223968, 7.820000171661377 ] ] } },
{ "type": "Feature", "properties": { }, "geometry": { "type": "LineString", "coordinates": [ [ 17.649671612849499, 59.854111388010431, 4.690000057220459 ], [ 17.649626030491977, 59.854091227254386, 4.679999828338623 ] ] } },
{ "type": "Feature", "properties": { }, "geometry": { "type": "LineString", "coordinates": [ [ 17.649626030491977, 59.854091227254386, 4.679999828338623 ], [ 17.649576984231686, 59.854064947600051, 4.670000076293945 ] ] } },
{ "type": "Feature", "properties": { }, "geometry": { "type": "LineString", "coordinates": [ [ 17.645615911447315, 59.858237345766412, 5.929999828338623 ], [ 17.645570662869094, 59.858265222409152, 5.900000095367432 ] ] } },
{ "type": "Feature", "properties": { }, "geometry": { "type": "LineString", "coordinates": [ [ 17.645086997106592, 59.858536041819512, 5.809999942779541 ], [ 17.645042476159272, 59.858560356085789, 5.71999979019165 ] ] } },
{ "type": "Feature", "properties": { }, "geometry": { "type": "LineString", "coordinates": [ [ 17.631809769312998, 59.862033341338808, 7.650000095367432 ], [ 17.631694694741544, 59.861978403084429, 6.110000133514404 ], [ 17.631408058811871, 59.86185054015251, 6.110000133514404 ], [ 17.631232539690732, 59.861775553094958, 7.820000171661377 ] ] } },
{ "type": "Feature", "properties": { }, "geometry": { "type": "LineString", "coordinates": [ [ 17.649549558054673, 59.854019788190882, 4.769999980926514 ], [ 17.649518904168517, 59.854003616789619, 4.820000171661377 ], [ 17.649421279792342, 59.853952054418116, 4.800000190734863 ], [ 17.649374492693834, 59.853924879797532, 4.800000190734863 ], [ 17.649329065603794, 59.85389232431119, 4.769999980926514 ], [ 17.649268995235357, 59.853848578580838, 4.78000020980835 ], [ 17.64923126935977, 59.853815097144519, 4.78000020980835 ], [ 17.649211328215021, 59.853804634551572, 4.78000020980835 ], [ 17.649046792303356, 59.853730299555643, 4.789999961853027 ], [ 17.648956221549636, 59.85368799840608, 4.809999942779541 ] ] } },
{ "type": "Feature", "properties": { }, "geometry": { "type": "LineString", "coordinates": [ [ 17.648956221549636, 59.85368799840608, 4.809999942779541 ], [ 17.648611054127553, 59.853526786088722, 4.800000190734863 ], [ 17.648301178090648, 59.85338324064648, 4.829999923706055 ] ] } },
{ "type": "Feature", "properties": { }, "geometry": { "type": "LineString", "coordinates": [ [ 17.648301178090648, 59.85338324064648, 4.829999923706055 ], [ 17.648046083295064, 59.853265070304992, 4.75 ] ] } },
{ "type": "Feature", "properties": { }, "geometry": { "type": "LineString", "coordinates": [ [ 17.64956407181478, 59.854058026749946, 4.710000038146973 ], [ 17.649565670491562, 59.854040392343542, 4.769999980926514 ], [ 17.649561153335242, 59.85403079706014, 4.78000020980835 ], [ 17.649549558054673, 59.854019788190882, 4.769999980926514 ] ] } },
{ "type": "Feature", "properties": { }, "geometry": { "type": "LineString", "coordinates": [ [ 17.637767769396767, 59.858030178127485, 6.78000020980835 ], [ 17.637729817568168, 59.858054129800799, 6.78000020980835 ] ] } },
{ "type": "Feature", "properties": { }, "geometry": { "type": "LineString", "coordinates": [ [ 17.637809019527563, 59.858010378859717, 6.789999961853027 ], [ 17.637767769396767, 59.858030178127485, 6.78000020980835 ] ] } },
{ "type": "Feature", "properties": { }, "geometry": { "type": "LineString", "coordinates": [ [ 17.636510380264465, 59.861299534818613, 9.960000038146973 ], [ 17.636612793404549, 59.861332766297217, 9.939999580383301 ] ] } },
{ "type": "Feature", "properties": { }, "geometry": { "type": "LineString", "coordinates": [ [ 17.636612793404549, 59.861332766297217, 9.939999580383301 ], [ 17.636640463175926, 59.861349057572447, 9.930000305175781 ] ] } },
{ "type": "Feature", "properties": { }, "geometry": { "type": "LineString", "coordinates": [ [ 17.641355924290917, 59.85555928273844, 4.28000020980835 ], [ 17.641330769537905, 59.855578753054118, 4.300000190734863 ] ] } },
{ "type": "Feature", "properties": { }, "geometry": { "type": "LineString", "coordinates": [ [ 17.641391679346722, 59.855536059267692, 4.230000019073486 ], [ 17.641355924290917, 59.85555928273844, 4.28000020980835 ] ] } },
{ "type": "Feature", "properties": { }, "geometry": { "type": "LineString", "coordinates": [ [ 17.634682847264351, 59.859588670719624, 7.46999979019165 ], [ 17.634668030912071, 59.859596433542045, 7.489999771118164 ], [ 17.634621016757578, 59.859621051027261, 7.539999961853027 ], [ 17.634565701850349, 59.859650695555445, 7.579999923706055 ] ] } },
{ "type": "Feature", "properties": { }, "geometry": { "type": "LineString", "coordinates": [ [ 17.632145690362982, 59.862227342860912, 7.260000228881836 ], [ 17.632074789543125, 59.862197075356335, 7.309999942779541 ], [ 17.63189680198094, 59.862106770583644, 7.420000076293945 ], [ 17.631811960038569, 59.86206668867365, 7.579999923706055 ], [ 17.631809769312998, 59.862033341338808, 7.650000095367432 ] ] } },
{ "type": "Feature", "properties": { }, "geometry": { "type": "LineString", "coordinates": [ [ 17.63220970723151, 59.862254671540981, 7.190000057220459 ], [ 17.632145690362982, 59.862227342860912, 7.260000228881836 ] ] } },
{ "type": "Feature", "properties": { }, "geometry": { "type": "LineString", "coordinates": [ [ 17.643966936531772, 59.85899711469618, 6.289999961853027 ], [ 17.643993381291811, 59.859009267636047, 6.340000152587891 ], [ 17.644076636617115, 59.859047517803184, 6.230000019073486 ], [ 17.644094465245114, 59.859055710929056, 6.300000190734863 ] ] } },
{ "type": "Feature", "properties": { }, "geometry": { "type": "LineString", "coordinates": [ [ 17.650668698302994, 59.855896138933737, 5.889999866485596 ], [ 17.650638072693752, 59.855929147789929, 5.96999979019165 ], [ 17.650588001807908, 59.855963640342026, 5.949999809265137 ], [ 17.650545458461732, 59.855991871185445, 5.949999809265137 ], [ 17.650345819575204, 59.856120777196253, 5.949999809265137 ], [ 17.650121090959956, 59.85624892552466, 5.929999828338623 ] ] } },
{ "type": "Feature", "properties": { }, "geometry": { "type": "LineString", "coordinates": [ [ 17.650121090959956, 59.85624892552466, 5.929999828338623 ], [ 17.650117835651617, 59.85625078180842, 5.900000095367432 ], [ 17.650041769996143, 59.856301058496705, 5.909999847412109 ], [ 17.64997014083821, 59.856379233775705, 5.980000019073486 ], [ 17.649891374414221, 59.856460957512425, 6.070000171661377 ], [ 17.649814981776277, 59.856541505608355, 6.179999828338623 ], [ 17.649743474934581, 59.856607807851297, 6.230000019073486 ], [ 17.64970541980346, 59.856635012972355, 6.300000190734863 ], [ 17.649694899380616, 59.856641477631499, 6.289999961853027 ] ] } },
{ "type": "Feature", "properties": { }, "geometry": { "type": "LineString", "coordinates": [ [ 17.649694899380616, 59.856641477631499, 6.289999961853027 ], [ 17.649665007517385, 59.856659845763573, 6.300000190734863 ], [ 17.649213861385693, 59.85691097527954, 6.679999828338623 ], [ 17.649099524139594, 59.856975772161213, 6.710000038146973 ] ] } },
{ "type": "Feature", "properties": { }, "geometry": { "type": "LineString", "coordinates": [ [ 17.649099524139594, 59.856975772161213, 6.710000038146973 ], [ 17.648507172290209, 59.857311462550378, 6.639999866485596 ] ] } },
{ "type": "Feature", "properties": { }, "geometry": { "type": "LineString", "coordinates": [ [ 17.648507172290209, 59.857311462550378, 6.639999866485596 ], [ 17.648482845976815, 59.857325248260942, 6.599999904632568 ], [ 17.6479545976004, 59.85762459970185, 6.619999885559082 ], [ 17.647914538361874, 59.857634263794324, 6.599999904632568 ], [ 17.647899041201168, 59.85763462693351, 6.590000152587891 ] ] } },
{ "type": "Feature", "properties": { }, "geometry": { "type": "LineString", "coordinates": [ [ 17.647899041201168, 59.85763462693351, 6.590000152587891 ], [ 17.647744456834186, 59.857638249150881, 6.46999979019165 ], [ 17.64768427415477, 59.857639659630308, 6.400000095367432 ], [ 17.647222686676542, 59.857650464252295, 5.730000019073486 ], [ 17.647007663209568, 59.85765550096994, 5.590000152587891 ] ] } },
{ "type": "Feature", "properties": { }, "geometry": { "type": "LineString", "coordinates": [ [ 17.647007663209568, 59.85765550096994, 5.590000152587891 ], [ 17.64659354548461, 59.857665200285659, 5.289999961853027 ], [ 17.646563908719479, 59.857671727833178, 5.329999923706055 ], [ 17.646460762246935, 59.857735552187869, 5.170000076293945 ] ] } },
{ "type": "Feature", "properties": { }, "geometry": { "type": "LineString", "coordinates": [ [ 17.647766924836525, 59.85855688051889, 2.900000095367432 ], [ 17.647841047034611, 59.858518079375941, 2.210000038146973 ], [ 17.647959718640557, 59.858455961662258, 2.180000066757202 ] ] } },
{ "type": "Feature", "properties": { }, "geometry": { "type": "LineString", "coordinates": [ [ 17.647590435455736, 59.858649269613032, 7.409999847412109 ], [ 17.647766924836525, 59.85855688051889, 2.900000095367432 ] ] } },
{ "type": "Feature", "properties": { }, "geometry": { "type": "LineString", "coordinates": [ [ 17.639641623462285, 59.856873691801447, 4.960000038146973 ], [ 17.639607968739917, 59.85690037736272, 4.980000019073486 ], [ 17.639587746935266, 59.856917799731839, 4.929999828338623 ] ] } },
{ "type": "Feature", "properties": { }, "geometry": { "type": "LineString", "coordinates": [ [ 17.639650252602603, 59.85686670201958, 4.980000019073486 ], [ 17.639641623462285, 59.856873691801447, 4.960000038146973 ] ] } },
{ "type": "Feature", "properties": { }, "geometry": { "type": "LineString", "coordinates": [ [ 17.638616273578727, 59.857548592092115, 5.099999904632568 ], [ 17.638580099479142, 59.857566883700436, 5.099999904632568 ] ] } },
{ "type": "Feature", "properties": { }, "geometry": { "type": "LineString", "coordinates": [ [ 17.638580099479142, 59.857566883700436, 5.099999904632568 ], [ 17.638546788585703, 59.857583733143876, 5.099999904632568 ] ] } },
{ "type": "Feature", "properties": { }, "geometry": { "type": "LineString", "coordinates": [ [ 17.637748935423765, 59.85798423753883, 6.679999828338623 ], [ 17.637710558702274, 59.858003743654699, 6.730000019073486 ] ] } },
{ "type": "Feature", "properties": { }, "geometry": { "type": "LineString", "coordinates": [ [ 17.637710558702274, 59.858003743654699, 6.730000019073486 ], [ 17.637661829310293, 59.858028510870064, 6.739999771118164 ] ] } },
{ "type": "Feature", "properties": { }, "geometry": { "type": "LineString", "coordinates": [ [ 17.634650269410116, 59.859567380825759, 7.489999771118164 ], [ 17.634627832680721, 59.859579257713925, 7.46999979019165 ] ] } },
{ "type": "Feature", "properties": { }, "geometry": { "type": "LineString", "coordinates": [ [ 17.634627832680721, 59.859579257713925, 7.46999979019165 ], [ 17.634588263820785, 59.859600207173457, 7.480000019073486 ] ] } },
{ "type": "Feature", "properties": { }, "geometry": { "type": "LineString", "coordinates": [ [ 17.633923950991527, 59.860185377293057, 7.28000020980835 ], [ 17.633869650474832, 59.860170781821651, 7.289999961853027 ] ] } },
{ "type": "Feature", "properties": { }, "geometry": { "type": "LineString", "coordinates": [ [ 17.633869650474832, 59.860170781821651, 7.289999961853027 ], [ 17.633832736709355, 59.860160863529238, 7.320000171661377 ], [ 17.633673043788807, 59.860118661600332, 7.510000228881836 ], [ 17.633645986163675, 59.860108339056616, 7.559999942779541 ] ] } },
{ "type": "Feature", "properties": { }, "geometry": { "type": "LineString", "coordinates": [ [ 17.641868101399989, 59.855226618118557, 4.380000114440918 ], [ 17.641423779441027, 59.855515207553871, 4.289999961853027 ], [ 17.641391679346722, 59.855536059267692, 4.230000019073486 ] ] } },
{ "type": "Feature", "properties": { }, "geometry": { "type": "LineString", "coordinates": [ [ 17.641330769537905, 59.855578753054118, 4.300000190734863 ], [ 17.64128414219768, 59.855614850256664, 4.449999809265137 ], [ 17.640844609226281, 59.855955133038854, 4.730000019073486 ] ] } },
{ "type": "Feature", "properties": { }, "geometry": { "type": "LineString", "coordinates": [ [ 17.640844609226281, 59.855955133038854, 4.730000019073486 ], [ 17.640358439616509, 59.856331511813458, 4.849999904632568 ] ] } },
{ "type": "Feature", "properties": { }, "geometry": { "type": "LineString", "coordinates": [ [ 17.640358439616509, 59.856331511813458, 4.849999904632568 ], [ 17.64033518010752, 59.856349518412543, 4.880000114440918 ], [ 17.640310024733235, 59.856368995665783, 4.880000114440918 ] ] } },
{ "type": "Feature", "properties": { }, "geometry": { "type": "LineString", "coordinates": [ [ 17.640232411385597, 59.856431267848087, 4.980000019073486 ], [ 17.640206120371584, 59.856453159068508, 5.079999923706055 ], [ 17.640092067840264, 59.856548118632823, 5.03000020980835 ], [ 17.639770994593395, 59.856815452205176, 4.960000038146973 ] ] } },
{ "type": "Feature", "properties": { }, "geometry": { "type": "LineString", "coordinates": [ [ 17.639770994593395, 59.856815452205176, 4.960000038146973 ], [ 17.639697673175437, 59.856876500737805, 5.010000228881836 ] ] } },
{ "type": "Feature", "properties": { }, "geometry": { "type": "LineString", "coordinates": [ [ 17.638611490888898, 59.857625170901677, 5.269999980926514 ], [ 17.638513115293943, 59.857672397428068, 5.300000190734863 ], [ 17.637965933468088, 59.857935054870467, 6.480000019073486 ] ] } },
{ "type": "Feature", "properties": { }, "geometry": { "type": "LineString", "coordinates": [ [ 17.637965933468088, 59.857935054870467, 6.480000019073486 ], [ 17.637853192290699, 59.857989171938691, 6.75 ], [ 17.637809019527563, 59.858010378859717, 6.789999961853027 ] ] } },
{ "type": "Feature", "properties": { }, "geometry": { "type": "LineString", "coordinates": [ [ 17.637729817568168, 59.858054129800799, 6.78000020980835 ], [ 17.637678326241645, 59.858086625642031, 6.829999923706055 ], [ 17.637616200331539, 59.858125830079501, 6.860000133514404 ], [ 17.637097089250585, 59.858369525084456, 6.920000076293945 ] ] } },
{ "type": "Feature", "properties": { }, "geometry": { "type": "LineString", "coordinates": [ [ 17.637097089250585, 59.858369525084456, 6.920000076293945 ], [ 17.636444703446529, 59.858675777570923, 7.599999904632568 ] ] } },
{ "type": "Feature", "properties": { }, "geometry": { "type": "LineString", "coordinates": [ [ 17.636444703446529, 59.858675777570923, 7.599999904632568 ], [ 17.636280101074231, 59.858753046233623, 7.900000095367432 ] ] } },
{ "type": "Feature", "properties": { }, "geometry": { "type": "LineString", "coordinates": [ [ 17.636168755314738, 59.858809046223968, 7.820000171661377 ], [ 17.635767910824608, 59.859010646787496, 7.130000114440918 ], [ 17.635544883073656, 59.859129914105786, 6.940000057220459 ] ] } },
{ "type": "Feature", "properties": { }, "geometry": { "type": "LineString", "coordinates": [ [ 17.635544883073656, 59.859129914105786, 6.940000057220459 ], [ 17.634933476612755, 59.859456866292163, 7.400000095367432 ] ] } },
{ "type": "Feature", "properties": { }, "geometry": { "type": "LineString", "coordinates": [ [ 17.634933476612755, 59.859456866292163, 7.400000095367432 ], [ 17.634888247566952, 59.859481052350418, 7.460000038146973 ], [ 17.634682847264351, 59.859588670719624, 7.46999979019165 ] ] } },
{ "type": "Feature", "properties": { }, "geometry": { "type": "LineString", "coordinates": [ [ 17.634565701850349, 59.859650695555445, 7.579999923706055 ], [ 17.634501343268472, 59.859685182122881, 7.710000038146973 ], [ 17.634367912761267, 59.859779781817394, 7.849999904632568 ], [ 17.634093475249056, 59.860029771867893, 7.71999979019165 ] ] } },
{ "type": "Feature", "properties": { }, "geometry": { "type": "LineString", "coordinates": [ [ 17.634093475249056, 59.860029771867893, 7.71999979019165 ], [ 17.634007629310169, 59.860107969595269, 7.559999942779541 ], [ 17.633923950991527, 59.860185377293057, 7.28000020980835 ] ] } },
{ "type": "Feature", "properties": { }, "geometry": { "type": "LineString", "coordinates": [ [ 17.646393780410182, 59.859302494621296, 7.349999904632568 ], [ 17.646998130583114, 59.858972242832422, 7.389999866485596 ] ] } },
{ "type": "Feature", "properties": { }, "geometry": { "type": "LineString", "coordinates": [ [ 17.646998130583114, 59.858972242832422, 7.389999866485596 ], [ 17.647559899049543, 59.858665251848372, 7.389999866485596 ], [ 17.647590435455736, 59.858649269613032, 7.409999847412109 ] ] } },
{ "type": "Feature", "properties": { }, "geometry": { "type": "LineString", "coordinates": [ [ 17.642186152331789, 59.855155199951774, 4.269999980926514 ], [ 17.642152024639319, 59.855180568056738, 4.349999904632568 ], [ 17.642107246130873, 59.855213844660014, 4.309999942779541 ] ] } },
{ "type": "Feature", "properties": { }, "geometry": { "type": "LineString", "coordinates": [ [ 17.642107246130873, 59.855213844660014, 4.309999942779541 ], [ 17.642085991922297, 59.855229646445189, 4.449999809265137 ], [ 17.642045045628024, 59.855219647266686, 4.440000057220459 ], [ 17.642016467487512, 59.855214617642702, 4.440000057220459 ], [ 17.641965626489757, 59.855213082797043, 4.389999866485596 ], [ 17.641917038706101, 59.855218126714867, 4.289999961853027 ], [ 17.641868101399989, 59.855226618118557, 4.380000114440918 ] ] } },
{ "type": "Feature", "properties": { }, "geometry": { "type": "LineString", "coordinates": [ [ 17.641878022201507, 59.855200836599685, 4.349999904632568 ], [ 17.641868101399989, 59.855226618118557, 4.380000114440918 ] ] } },
{ "type": "Feature", "properties": { }, "geometry": { "type": "LineString", "coordinates": [ [ 17.634913286131749, 59.860599726814144, 9.340000152587891 ], [ 17.634981040507999, 59.860630020079022, 9.5 ], [ 17.63499025128586, 59.86063413986556, 9.5 ] ] } },
{ "type": "Feature", "properties": { }, "geometry": { "type": "LineString", "coordinates": [ [ 17.636137803948269, 59.858793484423543, 7.820000171661377 ], [ 17.636109460019505, 59.858807692639871, 7.789999961853027 ], [ 17.63551331262169, 59.859114113688904, 6.929999828338623 ] ] } },
{ "type": "Feature", "properties": { }, "geometry": { "type": "LineString", "coordinates": [ [ 17.63551331262169, 59.859114113688904, 6.929999828338623 ], [ 17.635279570846109, 59.859234255207753, 7.0 ], [ 17.634895083331344, 59.85943778780981, 7.269999980926514 ] ] } },
{ "type": "Feature", "properties": { }, "geometry": { "type": "LineString", "coordinates": [ [ 17.634895083331344, 59.85943778780981, 7.269999980926514 ], [ 17.634650269410116, 59.859567380825759, 7.489999771118164 ] ] } },
{ "type": "Feature", "properties": { }, "geometry": { "type": "LineString", "coordinates": [ [ 17.637661829310293, 59.858028510870064, 6.739999771118164 ], [ 17.637602723531057, 59.858058546785969, 6.679999828338623 ], [ 17.637534471404518, 59.858093241429984, 6.619999885559082 ], [ 17.637030694143139, 59.858345824154426, 6.769999980926514 ] ] } },
{ "type": "Feature", "properties": { }, "geometry": { "type": "LineString", "coordinates": [ [ 17.637030694143139, 59.858345824154426, 6.769999980926514 ], [ 17.636398673968923, 59.858662696942091, 7.610000133514404 ] ] } },
{ "type": "Feature", "properties": { }, "geometry": { "type": "LineString", "coordinates": [ [ 17.636398673968923, 59.858662696942091, 7.610000133514404 ], [ 17.636279755993691, 59.858722317245856, 7.880000114440918 ] ] } },
{ "type": "Feature", "properties": { }, "geometry": { "type": "LineString", "coordinates": [ [ 17.638546788585703, 59.857583733143876, 5.099999904632568 ], [ 17.638466708552897, 59.857624240124565, 5.150000095367432 ], [ 17.638441617405533, 59.857636791909968, 5.139999866485596 ], [ 17.637914492248949, 59.857900457938101, 6.329999923706055 ] ] } },
{ "type": "Feature", "properties": { }, "geometry": { "type": "LineString", "coordinates": [ [ 17.637914492248949, 59.857900457938101, 6.329999923706055 ], [ 17.637869471442404, 59.857922976887657, 6.440000057220459 ], [ 17.637793884825658, 59.857961394764281, 6.690000057220459 ], [ 17.637748935423765, 59.85798423753883, 6.679999828338623 ] ] } },
{ "type": "Feature", "properties": { }, "geometry": { "type": "LineString", "coordinates": [ [ 17.639587746935266, 59.856917799731839, 4.929999828338623 ], [ 17.639196035075951, 59.857255341464899, 5.079999923706055 ], [ 17.639114713851832, 59.85729647522048, 5.090000152587891 ] ] } },
{ "type": "Feature", "properties": { }, "geometry": { "type": "LineString", "coordinates": [ [ 17.639114713851832, 59.85729647522048, 5.090000152587891 ], [ 17.638616273578727, 59.857548592092115, 5.099999904632568 ] ] } },
{ "type": "Feature", "properties": { }, "geometry": { "type": "LineString", "coordinates": [ [ 17.6402400458622, 59.856389179326591, 4.900000095367432 ], [ 17.640057357633758, 59.856537087221291, 4.960000038146973 ], [ 17.639769145303703, 59.856770440694689, 4.849999904632568 ] ] } },
{ "type": "Feature", "properties": { }, "geometry": { "type": "LineString", "coordinates": [ [ 17.639769145303703, 59.856770440694689, 4.849999904632568 ], [ 17.639650252602603, 59.85686670201958, 4.980000019073486 ] ] } },
{ "type": "Feature", "properties": { }, "geometry": { "type": "LineString", "coordinates": [ [ 17.634588263820785, 59.859600207173457, 7.480000019073486 ], [ 17.634459428757317, 59.859668404627229, 7.599999904632568 ], [ 17.634367888827779, 59.859724042300137, 7.679999828338623 ], [ 17.634190414524682, 59.85987990289815, 7.789999961853027 ], [ 17.634091134740022, 59.85996992975884, 7.679999828338623 ] ] } },
{ "type": "Feature", "properties": { }, "geometry": { "type": "LineString", "coordinates": [ [ 17.634091134740022, 59.85996992975884, 7.679999828338623 ], [ 17.633954218505377, 59.860094084423721, 7.389999866485596 ], [ 17.633869650474832, 59.860170781821651, 7.289999961853027 ] ] } },
{ "type": "Feature", "properties": { }, "geometry": { "type": "LineString", "coordinates": [ [ 17.644727831219331, 59.859208451364793, 6.440000057220459 ], [ 17.644697688053874, 59.859312443034923, 6.5 ], [ 17.644665942529002, 59.859329526694459, 6.599999904632568 ], [ 17.644230956030786, 59.859563563776518, 6.409999847412109 ] ] } },
{ "type": "Feature", "properties": { }, "geometry": { "type": "LineString", "coordinates": [ [ 17.644230956030786, 59.859563563776518, 6.409999847412109 ], [ 17.644134547036792, 59.859615434360045, 6.329999923706055 ], [ 17.644088182429769, 59.859696246452074, 6.380000114440918 ], [ 17.643718380686323, 59.859923589603241, 7.96999979019165 ] ] } },
{ "type": "Feature", "properties": { }, "geometry": { "type": "LineString", "coordinates": [ [ 17.643718380686323, 59.859923589603241, 7.96999979019165 ], [ 17.643301289667011, 59.860179999871356, 7.769999980926514 ], [ 17.643283256850584, 59.860195437323135, 7.639999866485596 ], [ 17.643274102739692, 59.860214265451397, 7.510000228881836 ] ] } },
{ "type": "Feature", "properties": { }, "geometry": { "type": "LineString", "coordinates": [ [ 17.643488793519086, 59.858747724950966, 5.679999828338623 ], [ 17.643582783567027, 59.858820614410938, 5.909999847412109 ], [ 17.643966936531772, 59.85899711469618, 6.289999961853027 ] ] } },
{ "type": "Feature", "properties": { }, "geometry": { "type": "LineString", "coordinates": [ [ 17.644094465245114, 59.859055710929056, 6.300000190734863 ], [ 17.644154089735448, 59.859083107814115, 6.409999847412109 ] ] } },
{ "type": "Feature", "properties": { }, "geometry": { "type": "LineString", "coordinates": [ [ 17.642067695765331, 59.855043063847454, 4.440000057220459 ], [ 17.642123181070328, 59.855093050572883, 4.380000114440918 ] ] } },
{ "type": "Feature", "properties": { }, "geometry": { "type": "LineString", "coordinates": [ [ 17.642123181070328, 59.855093050572883, 4.380000114440918 ], [ 17.642186152331789, 59.855155199951774, 4.269999980926514 ] ] } },
{ "type": "Feature", "properties": { }, "geometry": { "type": "LineString", "coordinates": [ [ 17.642034873381764, 59.855013493523188, 4.579999923706055 ], [ 17.642067695765331, 59.855043063847454, 4.440000057220459 ] ] } },
{ "type": "Feature", "properties": { }, "geometry": { "type": "LineString", "coordinates": [ [ 17.636279755993691, 59.858722317245856, 7.880000114440918 ], [ 17.636224578606047, 59.858749982554976, 7.989999771118164 ] ] } },
{ "type": "Feature", "properties": { }, "geometry": { "type": "LineString", "coordinates": [ [ 17.636224578606047, 59.858749982554976, 7.989999771118164 ], [ 17.636137803948269, 59.858793484423543, 7.820000171661377 ] ] } },
{ "type": "Feature", "properties": { }, "geometry": { "type": "LineString", "coordinates": [ [ 17.64503338713083, 59.85239918044546, 2.769999980926514 ], [ 17.644980432177434, 59.852436683946614, 2.769999980926514 ], [ 17.644569144857925, 59.852782337062848, 2.650000095367432 ] ] } },
{ "type": "Feature", "properties": { }, "geometry": { "type": "LineString", "coordinates": [ [ 17.644569144857925, 59.852782337062848, 2.650000095367432 ], [ 17.644137013650816, 59.85314549873906, 2.589999914169312 ], [ 17.644112390260553, 59.853167896787831, 2.609999895095825 ] ] } },
{ "type": "Feature", "properties": { }, "geometry": { "type": "LineString", "coordinates": [ [ 17.644112390260553, 59.853167896787831, 2.609999895095825 ], [ 17.644102268142603, 59.853177104108354, 2.609999895095825 ] ] } },
{ "type": "Feature", "properties": { }, "geometry": { "type": "LineString", "coordinates": [ [ 17.635147092638249, 59.860704263768071, 9.729999542236328 ], [ 17.635174297281132, 59.86071643179276, 9.720000267028809 ], [ 17.635814057766908, 59.861002491674441, 9.729999542236328 ] ] } },
{ "type": "Feature", "properties": { }, "geometry": { "type": "LineString", "coordinates": [ [ 17.635814057766908, 59.861002491674441, 9.729999542236328 ], [ 17.635947486015507, 59.861062151213794, 9.75 ], [ 17.636368267566347, 59.861250452735035, 9.819999694824219 ], [ 17.636486187237765, 59.861291689423247, 9.939999580383301 ], [ 17.636492117144904, 59.86129361239405, 9.939999580383301 ] ] } },
{ "type": "Feature", "properties": { }, "geometry": { "type": "LineString", "coordinates": [ [ 17.636492117144904, 59.86129361239405, 9.939999580383301 ], [ 17.636510380264465, 59.861299534818613, 9.960000038146973 ] ] } },
{ "type": "Feature", "properties": { }, "geometry": { "type": "LineString", "coordinates": [ [ 17.636640463175926, 59.861349057572447, 9.930000305175781 ], [ 17.636651777237894, 59.861355719046905, 9.939999580383301 ], [ 17.636755328155381, 59.86141670128594, 9.659999847412109 ], [ 17.636806645472003, 59.861446923174761, 9.529999732971191 ], [ 17.637284556877525, 59.861658403855159, 8.609999656677246 ] ] } },
{ "type": "Feature", "properties": { }, "geometry": { "type": "LineString", "coordinates": [ [ 17.637284556877525, 59.861658403855159, 8.609999656677246 ], [ 17.637624324190888, 59.861808751648788, 8.319999694824219 ], [ 17.637684941985192, 59.861830000070256, 8.260000228881836 ], [ 17.637829167400547, 59.861880565966736, 8.189999580383301 ] ] } },
{ "type": "Feature", "properties": { }, "geometry": { "type": "LineString", "coordinates": [ [ 17.639124741712408, 59.862538439961412, 7.760000228881836 ], [ 17.63900025794748, 59.862538330256449, 7.78000020980835 ], [ 17.638432808700255, 59.862278062113219, 7.940000057220459 ] ] } },
{ "type": "Feature", "properties": { }, "geometry": { "type": "LineString", "coordinates": [ [ 17.638432808700255, 59.862278062113219, 7.940000057220459 ], [ 17.638017433252916, 59.86208754047064, 8.170000076293945 ], [ 17.637942645807538, 59.862005318471809, 8.149999618530273 ], [ 17.637899983017096, 59.861958420689, 8.109999656677246 ], [ 17.637880028262366, 59.861936482463655, 8.020000457763672 ] ] } },
{ "type": "Feature", "properties": { }, "geometry": { "type": "LineString", "coordinates": [ [ 17.637880028262366, 59.861936482463655, 8.020000457763672 ], [ 17.637829167400547, 59.861880565966736, 8.189999580383301 ] ] } },
{ "type": "Feature", "properties": { }, "geometry": { "type": "LineString", "coordinates": [ [ 17.645948979375977, 59.858030217163723, 5.619999885559082 ], [ 17.645871277560666, 59.858079988835918, 5.71999979019165 ], [ 17.64563221041324, 59.858227303413535, 5.880000114440918 ], [ 17.645615911447315, 59.858237345766412, 5.929999828338623 ] ] } },
{ "type": "Feature", "properties": { }, "geometry": { "type": "LineString", "coordinates": [ [ 17.646460762246935, 59.857735552187869, 5.170000076293945 ], [ 17.646276749637963, 59.857837013242367, 5.28000020980835 ], [ 17.646039358723154, 59.857967906173151, 5.489999771118164 ], [ 17.645948979375977, 59.858030217163723, 5.619999885559082 ] ] } },
{ "type": "Feature", "properties": { }, "geometry": { "type": "LineString", "coordinates": [ [ 17.646254684856086, 59.857707488999665, 5.380000114440918 ], [ 17.646219637643476, 59.857705088594493, 5.46999979019165 ], [ 17.646200771792724, 59.857703797596876, 5.480000019073486 ], [ 17.645999005392888, 59.857689966076912, 5.340000152587891 ], [ 17.645898184611013, 59.8576452891811, 5.170000076293945 ], [ 17.645812132174694, 59.857607153507949, 5.039999961853027 ], [ 17.64578642816825, 59.857595764084365, 4.989999771118164 ], [ 17.645765462163116, 59.857586470769178, 4.909999847412109 ] ] } },
{ "type": "Feature", "properties": { }, "geometry": { "type": "LineString", "coordinates": [ [ 17.647226540632289, 59.858071183499696, 4.369999885559082 ], [ 17.647071666721498, 59.858002468962361, 2.710000038146973 ], [ 17.646557332330257, 59.857774264515086, 4.840000152587891 ] ] } },
{ "type": "Feature", "properties": { }, "geometry": { "type": "LineString", "coordinates": [ [ 17.646557332330257, 59.857774264515086, 4.840000152587891 ], [ 17.646482713798914, 59.857741156672127, 5.159999847412109 ], [ 17.646460762246935, 59.857735552187869, 5.170000076293945 ], [ 17.646411647989414, 59.857723013254279, 5.260000228881836 ], [ 17.646389405598157, 59.857719755854667, 5.230000019073486 ] ] } },
{ "type": "Feature", "properties": { }, "geometry": { "type": "LineString", "coordinates": [ [ 17.645042476159272, 59.858560356085789, 5.71999979019165 ], [ 17.644962250755469, 59.858604160604315, 5.769999980926514 ], [ 17.644805359031466, 59.858689827830027, 6.039999961853027 ], [ 17.644762178080946, 59.858713394138043, 6.039999961853027 ], [ 17.644692545737893, 59.858757328258456, 6.099999904632568 ] ] } },
{ "type": "Feature", "properties": { }, "geometry": { "type": "LineString", "coordinates": [ [ 17.648384543377038, 59.858740120930271, 3.490000009536743 ], [ 17.648363134271833, 59.858725783251998, 3.430000066757202 ], [ 17.648297400820155, 59.858681736944945, 3.269999980926514 ], [ 17.648222626253713, 59.858631748139317, 2.950000047683716 ], [ 17.647959718640557, 59.858455961662258, 2.180000066757202 ], [ 17.647848189946242, 59.858381391882659, 4.320000171661377 ] ] } },
{ "type": "Feature", "properties": { }, "geometry": { "type": "LineString", "coordinates": [ [ 17.647848189946242, 59.858381391882659, 4.320000171661377 ], [ 17.64773780708185, 59.858307587795167, 7.309999942779541 ], [ 17.647226540632289, 59.858071183499696, 4.369999885559082 ] ] } },
{ "type": "Feature", "properties": { }, "geometry": { "type": "LineString", "coordinates": [ [ 17.648864322591329, 59.859061589523982, 5.909999847412109 ], [ 17.648494729110269, 59.858813951717217, 4.090000152587891 ], [ 17.648384543377038, 59.858740120930271, 3.490000009536743 ] ] } },
{ "type": "Feature", "properties": { }, "geometry": { "type": "LineString", "coordinates": [ [ 17.640310024733235, 59.856368995665783, 4.880000114440918 ], [ 17.640269760595675, 59.85640016813722, 4.920000076293945 ] ] } },
{ "type": "Feature", "properties": { }, "geometry": { "type": "LineString", "coordinates": [ [ 17.640269760595675, 59.85640016813722, 4.920000076293945 ], [ 17.640232411385597, 59.856431267848087, 4.980000019073486 ] ] } },
{ "type": "Feature", "properties": { }, "geometry": { "type": "LineString", "coordinates": [ [ 17.650768637012728, 59.854445468491619, 4.809999942779541 ], [ 17.650779686572587, 59.854439142987303, 4.760000228881836 ], [ 17.650835660117618, 59.854407079693722, 4.75 ] ] } },
{ "type": "Feature", "properties": { }, "geometry": { "type": "LineString", "coordinates": [ [ 17.639697673175437, 59.856876500737805, 5.010000228881836 ], [ 17.639677961484271, 59.856892906442518, 5.010000228881836 ] ] } },
{ "type": "Feature", "properties": { }, "geometry": { "type": "LineString", "coordinates": [ [ 17.633852383421765, 59.860337847613231, 7.230000019073486 ], [ 17.633826061863758, 59.860326296930026, 7.210000038146973 ], [ 17.633788180691649, 59.860309674063899, 7.170000076293945 ], [ 17.63376475950971, 59.86029898612734, 7.150000095367432 ] ] } },
{ "type": "Feature", "properties": { }, "geometry": { "type": "LineString", "coordinates": [ [ 17.638667503180059, 59.857598287247846, 5.210000038146973 ], [ 17.638611490888898, 59.857625170901677, 5.269999980926514 ] ] } },
{ "type": "Feature", "properties": { }, "geometry": { "type": "LineString", "coordinates": [ [ 17.63744939055038, 59.861963023958488, 8.289999961853027 ], [ 17.63739021688178, 59.861934365880529, 8.319999694824219 ], [ 17.637325801637164, 59.861903178898118, 8.460000038146973 ], [ 17.636901114048186, 59.861697406365018, 8.930000305175781 ], [ 17.636804407757104, 59.86165282130537, 9.039999961853027 ] ] } },
{ "type": "Feature", "properties": { }, "geometry": { "type": "LineString", "coordinates": [ [ 17.636804407757104, 59.86165282130537, 9.039999961853027 ], [ 17.636599820914682, 59.861558498818674, 9.359999656677246 ], [ 17.636547705825866, 59.861534552786118, 9.399999618530273 ], [ 17.636435565094249, 59.861483021723025, 9.640000343322754 ] ] } },
{ "type": "Feature", "properties": { }, "geometry": { "type": "LineString", "coordinates": [ [ 17.635661435456434, 59.861135318074375, 9.600000381469727 ], [ 17.635566562949382, 59.86109203460326, 9.619999885559082 ], [ 17.63505158907904, 59.860858819989502, 9.399999618530273 ], [ 17.634998568525663, 59.860834786760641, 9.350000381469727 ] ] } },
{ "type": "Feature", "properties": { }, "geometry": { "type": "LineString", "coordinates": [ [ 17.634998568525663, 59.860834786760641, 9.350000381469727 ], [ 17.634976590317148, 59.86082482443166, 9.260000228881836 ], [ 17.634944663840013, 59.860810352543915, 9.25 ] ] } },
{ "type": "Feature", "properties": { }, "geometry": { "type": "LineString", "coordinates": [ [ 17.634818109279273, 59.860755047213068, 9.149999618530273 ], [ 17.634786955940989, 59.860741958845161, 9.130000114440918 ], [ 17.634468829314606, 59.860608315876576, 8.479999542236328 ], [ 17.634139266904654, 59.860463719878503, 7.869999885559082 ] ] } },
{ "type": "Feature", "properties": { }, "geometry": { "type": "LineString", "coordinates": [ [ 17.634139266904654, 59.860463719878503, 7.869999885559082 ], [ 17.633852383421765, 59.860337847613231, 7.230000019073486 ] ] } },
{ "type": "Feature", "properties": { }, "geometry": { "type": "LineString", "coordinates": [ [ 17.636251312176061, 59.86140035730417, 9.869999885559082 ], [ 17.636171803840792, 59.861365239263847, 9.829999923706055 ], [ 17.635968756257746, 59.861275541692436, 9.800000190734863 ], [ 17.635661435456434, 59.861135318074375, 9.600000381469727 ] ] } },
{ "type": "Feature", "properties": { }, "geometry": { "type": "LineString", "coordinates": [ [ 17.643274401756631, 59.864676757000225, 9.869999885559082 ], [ 17.643174160599653, 59.864629103939194, 9.810000419616699 ], [ 17.643047549356297, 59.864569267583349, 9.550000190734863 ] ] } },
{ "type": "Feature", "properties": { }, "geometry": { "type": "LineString", "coordinates": [ [ 17.63771472639618, 59.862097703577476, 8.159999847412109 ], [ 17.637572844993468, 59.862022800223329, 8.300000190734863 ] ] } },
{ "type": "Feature", "properties": { }, "geometry": { "type": "LineString", "coordinates": [ [ 17.634944663840013, 59.860810352543915, 9.25 ], [ 17.634879972051351, 59.860781032951479, 9.210000038146973 ], [ 17.634818109279273, 59.860755047213068, 9.149999618530273 ] ] } },
{ "type": "Feature", "properties": { }, "geometry": { "type": "LineString", "coordinates": [ [ 17.637572844993468, 59.862022800223329, 8.300000190734863 ], [ 17.63744939055038, 59.861963023958488, 8.289999961853027 ] ] } },
{ "type": "Feature", "properties": { }, "geometry": { "type": "LineString", "coordinates": [ [ 17.646389405598157, 59.857719755854667, 5.230000019073486 ], [ 17.646350390119231, 59.857714051878432, 5.260000228881836 ], [ 17.646254684856086, 59.857707488999665, 5.380000114440918 ] ] } },
{ "type": "Feature", "properties": { }, "geometry": { "type": "LineString", "coordinates": [ [ 17.636435565094249, 59.861483021723025, 9.640000343322754 ], [ 17.636364227997912, 59.861450238409901, 9.829999923706055 ], [ 17.636251312176061, 59.86140035730417, 9.869999885559082 ] ] } },
{ "type": "Feature", "properties": { }, "geometry": { "type": "LineString", "coordinates": [ [ 17.638910202935723, 59.862656612302921, 7.920000076293945 ], [ 17.638856667598159, 59.862631739132077, 7.809999942779541 ], [ 17.638682881104142, 59.86255100952939, 7.699999809265137 ], [ 17.638293242017468, 59.862374368122694, 7.840000152587891 ], [ 17.63825164462693, 59.862353722134621, 7.929999828338623 ] ] } },
{ "type": "Feature", "properties": { }, "geometry": { "type": "LineString", "coordinates": [ [ 17.63825164462693, 59.862353722134621, 7.929999828338623 ], [ 17.638039738155729, 59.86224854621625, 8.050000190734863 ], [ 17.637763134421828, 59.862123250967876, 8.119999885559082 ], [ 17.637734665447976, 59.862108225065647, 8.149999618530273 ], [ 17.63771472639618, 59.862097703577476, 8.159999847412109 ] ] } },
{ "type": "Feature", "properties": { }, "geometry": { "type": "LineString", "coordinates": [ [ 17.650935832394332, 59.854747270621701, 4.849999904632568 ], [ 17.650787292727408, 59.85468322966873, 4.940000057220459 ], [ 17.650636311634052, 59.854617781577986, 4.889999866485596 ], [ 17.650628307066217, 59.854608592044677, 4.940000057220459 ] ] } },
{ "type": "Feature", "properties": { }, "geometry": { "type": "LineString", "coordinates": [ [ 17.640629209800977, 59.86343834891953, 7.670000076293945 ], [ 17.640473796619258, 59.863367874258365, 7.590000152587891 ] ] } },
{ "type": "Feature", "properties": { }, "geometry": { "type": "LineString", "coordinates": [ [ 17.631232539690732, 59.861775553094958, 7.820000171661377 ], [ 17.631231819530026, 59.861775246284189, 7.820000171661377 ], [ 17.631164254841604, 59.861752049532839, 7.369999885559082 ], [ 17.631130684467003, 59.861740521855744, 7.25 ], [ 17.631097055078637, 59.861727018149914, 7.070000171661377 ] ] } },
{ "type": "Feature", "properties": { }, "geometry": { "type": "LineString", "coordinates": [ [ 17.641740677614909, 59.863953385370444, 8.119999885559082 ], [ 17.641733171921782, 59.863949767162822, 8.100000381469727 ], [ 17.641701674557456, 59.863933946298104, 8.109999656677246 ], [ 17.641633775981347, 59.863899654847586, 8.079999923706055 ], [ 17.641562681251539, 59.863863428877494, 8.050000190734863 ], [ 17.641414722130659, 59.863800257704931, 7.929999828338623 ], [ 17.641261399810976, 59.863723539114353, 7.809999942779541 ], [ 17.641091067555248, 59.86364597087686, 7.730000019073486 ] ] } },
{ "type": "Feature", "properties": { }, "geometry": { "type": "LineString", "coordinates": [ [ 17.641091067555248, 59.86364597087686, 7.730000019073486 ], [ 17.641069311389344, 59.863636063213491, 7.710000038146973 ], [ 17.640958067115353, 59.863580099464713, 7.699999809265137 ], [ 17.640826678719698, 59.863517373253671, 7.679999828338623 ], [ 17.64071054466902, 59.863467803055187, 7.670000076293945 ], [ 17.64065909576432, 59.863449170111018, 7.690000057220459 ], [ 17.640629251329528, 59.863438362362352, 7.670000076293945 ], [ 17.640629209800977, 59.86343834891953, 7.670000076293945 ] ] } },
{ "type": "Feature", "properties": { }, "geometry": { "type": "LineString", "coordinates": [ [ 17.632611826278058, 59.859700894146805, 7.480000019073486 ], [ 17.632551038407559, 59.859724894104026, 7.400000095367432 ] ] } },
{ "type": "Feature", "properties": { }, "geometry": { "type": "LineString", "coordinates": [ [ 17.650632640475326, 59.854523363089427, 4.849999904632568 ], [ 17.650670439067458, 59.854501716156847, 4.849999904632568 ], [ 17.650734886063347, 59.854464806888728, 4.849999904632568 ], [ 17.650768637012728, 59.854445468491619, 4.809999942779541 ] ] } },
{ "type": "Feature", "properties": { }, "geometry": { "type": "LineString", "coordinates": [ [ 17.634994706048044, 59.862141450422584, 8.569999694824219 ], [ 17.635054604056933, 59.862169773848741, 8.619999885559082 ], [ 17.635099851499284, 59.862190788641371, 8.640000343322754 ] ] } },
{ "type": "Feature", "properties": { }, "geometry": { "type": "LineString", "coordinates": [ [ 17.645614240256489, 59.857518030933477, 4.75 ], [ 17.645574372343486, 59.857499452725818, 4.860000133514404 ], [ 17.644959622631973, 59.857212999152424, 5.03000020980835 ] ] } },
{ "type": "Feature", "properties": { }, "geometry": { "type": "LineString", "coordinates": [ [ 17.644959622631973, 59.857212999152424, 5.03000020980835 ], [ 17.644431844642671, 59.856967065318415, 5.190000057220459 ] ] } },
{ "type": "Feature", "properties": { }, "geometry": { "type": "LineString", "coordinates": [ [ 17.645765462163116, 59.857586470769178, 4.909999847412109 ], [ 17.645676634249526, 59.857547105969502, 4.789999961853027 ], [ 17.645614240256489, 59.857518030933477, 4.75 ] ] } },
{ "type": "Feature", "properties": { }, "geometry": { "type": "LineString", "coordinates": [ [ 17.633586016359331, 59.861495650453293, 7.760000228881836 ], [ 17.633621820180288, 59.861500009190067, 7.769999980926514 ], [ 17.633657981562713, 59.861504796176163, 7.760000228881836 ], [ 17.633734581393156, 59.861547368775646, 7.690000057220459 ], [ 17.634248670709905, 59.861789312362497, 7.980000019073486 ] ] } },
{ "type": "Feature", "properties": { }, "geometry": { "type": "LineString", "coordinates": [ [ 17.634248670709905, 59.861789312362497, 7.980000019073486 ], [ 17.634519596723752, 59.861916814832597, 8.180000305175781 ], [ 17.634899500518301, 59.862096436850287, 8.5 ] ] } },
{ "type": "Feature", "properties": { }, "geometry": { "type": "LineString", "coordinates": [ [ 17.634899500518301, 59.862096436850287, 8.5 ], [ 17.634994706048044, 59.862141450422584, 8.569999694824219 ] ] } },
{ "type": "Feature", "properties": { }, "geometry": { "type": "LineString", "coordinates": [ [ 17.635099851499284, 59.862190788641371, 8.640000343322754 ], [ 17.635303802690114, 59.862285523142717, 8.810000419616699 ], [ 17.635755578450468, 59.862495271469967, 9.079999923706055 ] ] } },
{ "type": "Feature", "properties": { }, "geometry": { "type": "LineString", "coordinates": [ [ 17.635755578450468, 59.862495271469967, 9.079999923706055 ], [ 17.636142220398412, 59.862674776414607, 8.630000114440918 ], [ 17.636141387026761, 59.862683772606545, 8.670000076293945 ], [ 17.636126720757439, 59.862691910880784, 8.659999847412109 ] ] } },
{ "type": "Feature", "properties": { }, "geometry": { "type": "LineString", "coordinates": [ [ 17.643702230774078, 59.855723187726845, 5.039999961853027 ], [ 17.642948639434792, 59.85548284425483, 4.78000020980835 ] ] } },
{ "type": "Feature", "properties": { }, "geometry": { "type": "LineString", "coordinates": [ [ 17.642948639434792, 59.85548284425483, 4.78000020980835 ], [ 17.642634449399626, 59.855382637066263, 4.670000076293945 ], [ 17.642192322516362, 59.855244691359744, 4.420000076293945 ] ] } },
{ "type": "Feature", "properties": { }, "geometry": { "type": "LineString", "coordinates": [ [ 17.642192322516362, 59.855244691359744, 4.420000076293945 ], [ 17.642192155403968, 59.855244639219372, 4.420000076293945 ], [ 17.642107246130873, 59.855213844660014, 4.309999942779541 ], [ 17.642082354121627, 59.855209183607258, 4.349999904632568 ], [ 17.642028754182743, 59.85519948839611, 4.369999885559082 ], [ 17.641955580790249, 59.855197409658494, 4.360000133514404 ], [ 17.641878022201507, 59.855200836599685, 4.349999904632568 ], [ 17.641822892926701, 59.855190729450449, 4.349999904632568 ] ] } },
{ "type": "Feature", "properties": { }, "geometry": { "type": "LineString", "coordinates": [ [ 17.642186152331789, 59.855155199951774, 4.269999980926514 ], [ 17.642936721559611, 59.855397918985382, 4.730000019073486 ] ] } },
{ "type": "Feature", "properties": { }, "geometry": { "type": "LineString", "coordinates": [ [ 17.642936721559611, 59.855397918985382, 4.730000019073486 ], [ 17.64368730165809, 59.855640633657359, 4.889999866485596 ] ] } },
{ "type": "Feature", "properties": { }, "geometry": { "type": "LineString", "coordinates": [ [ 17.64368730165809, 59.855640633657359, 4.889999866485596 ], [ 17.64374161885657, 59.855658197874227, 4.900000095367432 ], [ 17.643870164975052, 59.855693189956973, 4.980000019073486 ] ] } },
{ "type": "Feature", "properties": { }, "geometry": { "type": "LineString", "coordinates": [ [ 17.643702230774078, 59.855723187726845, 5.039999961853027 ], [ 17.64375864585816, 59.855740199227114, 5.019999980926514 ], [ 17.643780723121154, 59.855741804364236, 5.03000020980835 ], [ 17.643791222429897, 59.85574014446572, 5.039999961853027 ] ] } },
{ "type": "Feature", "properties": { }, "geometry": { "type": "LineString", "coordinates": [ [ 17.643870164975052, 59.855693189956973, 4.980000019073486 ], [ 17.643866567252147, 59.8557076951558, 5.019999980926514 ], [ 17.643846355147812, 59.855720107187025, 5.059999942779541 ] ] } },
{ "type": "Feature", "properties": { }, "geometry": { "type": "LineString", "coordinates": [ [ 17.643791222429897, 59.85574014446572, 5.039999961853027 ], [ 17.643816383156373, 59.855736155751039, 5.059999942779541 ], [ 17.643846355147812, 59.855720107187025, 5.059999942779541 ] ] } },
{ "type": "Feature", "properties": { }, "geometry": { "type": "LineString", "coordinates": [ [ 17.651011041168953, 59.854416217166417, 4.900000095367432 ], [ 17.650971359806157, 59.854397229974801, 5.03000020980835 ] ] } },
{ "type": "Feature", "properties": { }, "geometry": { "type": "LineString", "coordinates": [ [ 17.65058021810701, 59.854553391833569, 4.940000057220459 ], [ 17.650632640475326, 59.854523363089427, 4.849999904632568 ] ] } },
{ "type": "Feature", "properties": { }, "geometry": { "type": "LineString", "coordinates": [ [ 17.650835660117618, 59.854407079693722, 4.75 ], [ 17.650863090236069, 59.854391373319565, 4.869999885559082 ] ] } },
{ "type": "Feature", "properties": { }, "geometry": { "type": "LineString", "coordinates": [ [ 17.633250792773616, 59.863061634453707, 6.929999828338623 ], [ 17.633404099160462, 59.862972069629393, 6.809999942779541 ] ] } },
{ "type": "Feature", "properties": { }, "geometry": { "type": "LineString", "coordinates": [ [ 17.633581764599167, 59.861548092112599, 7.659999847412109 ], [ 17.633604215415314, 59.861552639485474, 7.690000057220459 ], [ 17.633736627945115, 59.861610890952264, 7.730000019073486 ], [ 17.634244511595323, 59.861847529071234, 8.069999694824219 ] ] } },
{ "type": "Feature", "properties": { }, "geometry": { "type": "LineString", "coordinates": [ [ 17.634244511595323, 59.861847529071234, 8.069999694824219 ], [ 17.63489921304248, 59.862152566044323, 8.479999542236328 ] ] } },
{ "type": "Feature", "properties": { }, "geometry": { "type": "LineString", "coordinates": [ [ 17.63489921304248, 59.862152566044323, 8.479999542236328 ], [ 17.635553926470976, 59.86245759966814, 8.989999771118164 ] ] } },
{ "type": "Feature", "properties": { }, "geometry": { "type": "LineString", "coordinates": [ [ 17.635553926470976, 59.86245759966814, 8.989999771118164 ], [ 17.636123430837259, 59.862722926783121, 8.609999656677246 ] ] } },
{ "type": "Feature", "properties": { }, "geometry": { "type": "LineString", "coordinates": [ [ 17.633581764599167, 59.861548092112599, 7.659999847412109 ], [ 17.633634122189065, 59.861518350191297, 7.710000038146973 ], [ 17.633657981562713, 59.861504796176163, 7.760000228881836 ], [ 17.633685369643345, 59.861489408491387, 7.78000020980835 ] ] } },
{ "type": "Feature", "properties": { }, "geometry": { "type": "LineString", "coordinates": [ [ 17.632397983426113, 59.862312449712114, 7.119999885559082 ], [ 17.632322369445248, 59.86227784394459, 7.159999847412109 ], [ 17.632321912178504, 59.862266225434176, 7.150000095367432 ], [ 17.632357266913335, 59.862243605068102, 7.210000038146973 ], [ 17.632827893373491, 59.861976294649544, 7.510000228881836 ] ] } },
{ "type": "Feature", "properties": { }, "geometry": { "type": "LineString", "coordinates": [ [ 17.632827893373491, 59.861976294649544, 7.510000228881836 ], [ 17.633419526809394, 59.861640245253284, 7.690000057220459 ] ] } },
{ "type": "Feature", "properties": { }, "geometry": { "type": "LineString", "coordinates": [ [ 17.633419526809394, 59.861640245253284, 7.690000057220459 ], [ 17.633581764599167, 59.861548092112599, 7.659999847412109 ] ] } },
{ "type": "Feature", "properties": { }, "geometry": { "type": "LineString", "coordinates": [ [ 17.634933731631691, 59.863383055210988, 7.670000076293945 ], [ 17.634879840911438, 59.863392934935099, 7.769999980926514 ], [ 17.634836388813291, 59.863386138532768, 7.800000190734863 ], [ 17.634808984698122, 59.863376486953555, 7.809999942779541 ], [ 17.634455473075334, 59.863220910430357, 7.349999904632568 ], [ 17.634322134513553, 59.863176418612866, 7.179999828338623 ], [ 17.634227838956818, 59.863134080396016, 7.130000114440918 ] ] } },
{ "type": "Feature", "properties": { }, "geometry": { "type": "LineString", "coordinates": [ [ 17.634227838956818, 59.863134080396016, 7.130000114440918 ], [ 17.633562074410193, 59.862835150527594, 6.789999961853027 ] ] } },
{ "type": "Feature", "properties": { }, "geometry": { "type": "LineString", "coordinates": [ [ 17.633562074410193, 59.862835150527594, 6.789999961853027 ], [ 17.632896321797741, 59.862536217199853, 7.090000152587891 ] ] } },
{ "type": "Feature", "properties": { }, "geometry": { "type": "LineString", "coordinates": [ [ 17.632896321797741, 59.862536217199853, 7.090000152587891 ], [ 17.632397983426113, 59.862312449712114, 7.119999885559082 ] ] } },
{ "type": "Feature", "properties": { }, "geometry": { "type": "LineString", "coordinates": [ [ 17.636123430837259, 59.862722926783121, 8.609999656677246 ], [ 17.636039537163114, 59.862768911833086, 8.619999885559082 ], [ 17.635534949916075, 59.863055166898526, 8.279999732971191 ], [ 17.635529693889843, 59.863058033433667, 8.279999732971191 ] ] } },
{ "type": "Feature", "properties": { }, "geometry": { "type": "LineString", "coordinates": [ [ 17.635529693889843, 59.863058033433667, 8.279999732971191 ], [ 17.634933731631691, 59.863383055210988, 7.670000076293945 ] ] } },
{ "type": "Feature", "properties": { }, "geometry": { "type": "LineString", "coordinates": [ [ 17.636530670383181, 59.862496807431199, 8.689999580383301 ], [ 17.637130641599846, 59.862164514486359, 8.590000152587891 ] ] } },
{ "type": "Feature", "properties": { }, "geometry": { "type": "LineString", "coordinates": [ [ 17.637130641599846, 59.862164514486359, 8.590000152587891 ], [ 17.637347824974896, 59.862044225586793, 8.409999847412109 ], [ 17.637403934405889, 59.862013150689926, 8.380000114440918 ], [ 17.637410878341026, 59.861988949622656, 8.270000457763672 ], [ 17.637348745460876, 59.861956032371474, 8.340000152587891 ], [ 17.63709139586355, 59.861838912897646, 8.550000190734863 ] ] } },
{ "type": "Feature", "properties": { }, "geometry": { "type": "LineString", "coordinates": [ [ 17.63709139586355, 59.861838912897646, 8.550000190734863 ], [ 17.636492411125104, 59.861566310518086, 9.539999961853027 ], [ 17.636429651269165, 59.861537748467477, 9.630000114440918 ] ] } },
{ "type": "Feature", "properties": { }, "geometry": { "type": "LineString", "coordinates": [ [ 17.636429651269165, 59.861537748467477, 9.630000114440918 ], [ 17.63640628361231, 59.861527113811533, 9.689999580383301 ], [ 17.636370027190676, 59.861518475000985, 9.739999771118164 ], [ 17.636332357943438, 59.861517644810412, 9.789999961853027 ], [ 17.636288520499672, 59.861528337401261, 9.810000419616699 ] ] } },
{ "type": "Feature", "properties": { }, "geometry": { "type": "LineString", "coordinates": [ [ 17.636288520499672, 59.861528337401261, 9.810000419616699 ], [ 17.635693450077774, 59.861862846984081, 9.689999580383301 ] ] } },
{ "type": "Feature", "properties": { }, "geometry": { "type": "LineString", "coordinates": [ [ 17.635693450077774, 59.861862846984081, 9.689999580383301 ], [ 17.635142354690867, 59.862172628360092, 8.880000114440918 ] ] } },
{ "type": "Feature", "properties": { }, "geometry": { "type": "LineString", "coordinates": [ [ 17.635142354690867, 59.862172628360092, 8.880000114440918 ], [ 17.635140220482128, 59.862185947609547, 8.880000114440918 ], [ 17.635775583829183, 59.862481824101238, 9.170000076293945 ] ] } },
{ "type": "Feature", "properties": { }, "geometry": { "type": "LineString", "coordinates": [ [ 17.635775583829183, 59.862481824101238, 9.170000076293945 ], [ 17.636201476679304, 59.862680149504989, 8.689999580383301 ] ] } },
{ "type": "Feature", "properties": { }, "geometry": { "type": "LineString", "coordinates": [ [ 17.636280751352746, 59.862635213330108, 8.789999961853027 ], [ 17.636201476679304, 59.862680149504989, 8.689999580383301 ] ] } },
{ "type": "Feature", "properties": { }, "geometry": { "type": "LineString", "coordinates": [ [ 17.636280751352746, 59.862635213330108, 8.789999961853027 ], [ 17.636530670383181, 59.862496807431199, 8.689999580383301 ] ] } },
{ "type": "Feature", "properties": { }, "geometry": { "type": "LineString", "coordinates": [ [ 17.634858582458204, 59.863624250588593, 7.460000038146973 ], [ 17.634909777074597, 59.863606987135448, 7.480000019073486 ], [ 17.634966795694709, 59.86360513205328, 7.46999979019165 ], [ 17.635038739221429, 59.86361588354918, 7.440000057220459 ], [ 17.635438009234534, 59.863757915547247, 7.389999866485596 ], [ 17.635592656476035, 59.863829083305092, 7.480000019073486 ] ] } },
{ "type": "Feature", "properties": { }, "geometry": { "type": "LineString", "coordinates": [ [ 17.635592656476035, 59.863829083305092, 7.480000019073486 ], [ 17.635669085466727, 59.863864255299312, 7.519999980926514 ], [ 17.63576757391349, 59.863911813381144, 7.289999961853027 ] ] } },
{ "type": "Feature", "properties": { }, "geometry": { "type": "LineString", "coordinates": [ [ 17.634696132666999, 59.863714036312771, 7.400000095367432 ], [ 17.634858582458204, 59.863624250588593, 7.460000038146973 ] ] } },
{ "type": "Feature", "properties": { }, "geometry": { "type": "LineString", "coordinates": [ [ 17.634501060769818, 59.863627049610869, 7.579999923706055 ], [ 17.634588894807028, 59.863577962602498, 7.639999866485596 ], [ 17.634619693215871, 59.863557181607142, 7.650000095367432 ], [ 17.634638466745294, 59.863536305786695, 7.630000114440918 ], [ 17.634639774327553, 59.863512945773365, 7.659999847412109 ], [ 17.63463338732657, 59.86349246644172, 7.659999847412109 ], [ 17.634620840252378, 59.863478306106124, 7.639999866485596 ], [ 17.634592940094439, 59.863463510835075, 7.619999885559082 ], [ 17.634216806281721, 59.863294011192245, 7.179999828338623 ] ] } },
{ "type": "Feature", "properties": { }, "geometry": { "type": "LineString", "coordinates": [ [ 17.634216806281721, 59.863294011192245, 7.179999828338623 ], [ 17.633592151470111, 59.863012512658017, 6.929999828338623 ], [ 17.633550866196398, 59.863007728209929, 6.860000133514404 ], [ 17.633541678150095, 59.863011107933616, 6.860000133514404 ] ] } },
{ "type": "Feature", "properties": { }, "geometry": { "type": "LineString", "coordinates": [ [ 17.633541678150095, 59.863011107933616, 6.860000133514404 ], [ 17.633525317468621, 59.863017126030513, 6.860000133514404 ], [ 17.633360570975302, 59.86311302179778, 6.909999847412109 ] ] } },
{ "type": "Feature", "properties": { }, "geometry": { "type": "LineString", "coordinates": [ [ 17.636167065524223, 59.861470561386326, 9.880000114440918 ], [ 17.636185199877936, 59.861455437000281, 9.899999618530273 ], [ 17.636187162661557, 59.861437402993786, 9.890000343322754 ], [ 17.636173309284057, 59.861420028348739, 9.920000076293945 ], [ 17.636150681239155, 59.861405784525289, 9.890000343322754 ], [ 17.636123090109098, 59.861393346052139, 9.850000381469727 ], [ 17.635593791611075, 59.861154663715112, 9.560000419616699 ] ] } },
{ "type": "Feature", "properties": { }, "geometry": { "type": "LineString", "coordinates": [ [ 17.635593791611075, 59.861154663715112, 9.560000419616699 ], [ 17.635565048303175, 59.86114170202179, 9.600000381469727 ], [ 17.63497776239312, 59.860876857806268, 9.220000267028809 ], [ 17.634929042873896, 59.860855185949909, 9.220000267028809 ] ] } },
{ "type": "Feature", "properties": { }, "geometry": { "type": "LineString", "coordinates": [ [ 17.634929042873896, 59.860855185949909, 9.220000267028809 ], [ 17.634924202637986, 59.860853032869919, 9.220000267028809 ], [ 17.634893975423346, 59.86083958336738, 9.170000076293945 ] ] } },
{ "type": "Feature", "properties": { }, "geometry": { "type": "LineString", "coordinates": [ [ 17.635083020825743, 59.862123008410549, 8.680000305175781 ], [ 17.635619118894034, 59.861826866123181, 9.600000381469727 ], [ 17.635625324493581, 59.861801602123464, 9.689999580383301 ], [ 17.635633041186324, 59.861780911825811, 9.539999961853027 ], [ 17.635634192585989, 59.861779155695345, 9.539999961853027 ] ] } },
{ "type": "Feature", "properties": { }, "geometry": { "type": "LineString", "coordinates": [ [ 17.635634192585989, 59.861779155695345, 9.539999961853027 ], [ 17.63564391504617, 59.861764326858918, 9.590000152587891 ], [ 17.635674482581706, 59.86174515623555, 9.689999580383301 ], [ 17.635697745103464, 59.861731635206276, 9.720000267028809 ], [ 17.636167065524223, 59.861470561386326, 9.880000114440918 ] ] } },
{ "type": "Feature", "properties": { }, "geometry": { "type": "LineString", "coordinates": [ [ 17.633685369643345, 59.861489408491387, 7.78000020980835 ], [ 17.633713904871701, 59.861509087833795, 7.809999942779541 ], [ 17.633753322682168, 59.861538471133535, 7.800000190734863 ], [ 17.634319842276607, 59.861803380451903, 8.109999656677246 ] ] } },
{ "type": "Feature", "properties": { }, "geometry": { "type": "LineString", "coordinates": [ [ 17.634319842276607, 59.861803380451903, 8.109999656677246 ], [ 17.634973455053785, 59.862109006926765, 8.720000267028809 ] ] } },
{ "type": "Feature", "properties": { }, "geometry": { "type": "LineString", "coordinates": [ [ 17.634973455053785, 59.862109006926765, 8.720000267028809 ], [ 17.635004998955509, 59.862123756491002, 8.710000038146973 ], [ 17.635030991257189, 59.862134599759266, 8.789999961853027 ], [ 17.635055993147216, 59.862135790970449, 8.640000343322754 ], [ 17.635083020825743, 59.862123008410549, 8.680000305175781 ] ] } },
{ "type": "Feature", "properties": { }, "geometry": { "type": "LineString", "coordinates": [ [ 17.633685369643345, 59.861489408491387, 7.78000020980835 ], [ 17.634288935581843, 59.86115877429193, 8.319999694824219 ] ] } },
{ "type": "Feature", "properties": { }, "geometry": { "type": "LineString", "coordinates": [ [ 17.634288935581843, 59.86115877429193, 8.319999694824219 ], [ 17.634854329489531, 59.86084904238129, 9.109999656677246 ], [ 17.634870401888833, 59.86084385260606, 9.100000381469727 ], [ 17.634893975423346, 59.86083958336738, 9.170000076293945 ] ] } },
{ "type": "Feature", "properties": { }, "geometry": { "type": "LineString", "coordinates": [ [ 17.634737616456949, 59.860770034816881, 9.060000419616699 ], [ 17.634742613795659, 59.860797808359244, 9.020000457763672 ], [ 17.634180314318986, 59.861109626444033, 8.310000419616699 ] ] } },
{ "type": "Feature", "properties": { }, "geometry": { "type": "LineString", "coordinates": [ [ 17.634180314318986, 59.861109626444033, 8.310000419616699 ], [ 17.63358075351573, 59.861442098454624, 7.940000057220459 ] ] } },
{ "type": "Feature", "properties": { }, "geometry": { "type": "LineString", "coordinates": [ [ 17.63358075351573, 59.861442098454624, 7.940000057220459 ], [ 17.63357423373817, 59.861445713789223, 7.96999979019165 ] ] } },
{ "type": "Feature", "properties": { }, "geometry": { "type": "LineString", "coordinates": [ [ 17.631837873669209, 59.862052594280222, 7.570000171661377 ], [ 17.631863267908155, 59.861999373114934, 7.440000057220459 ], [ 17.631936651450435, 59.861822320499201, 6.809999942779541 ], [ 17.631979812065296, 59.861714695837875, 6.730000019073486 ], [ 17.632012690394085, 59.861642016951421, 6.710000038146973 ], [ 17.632026723391387, 59.861613956748222, 6.710000038146973 ] ] } },
{ "type": "Feature", "properties": { }, "geometry": { "type": "LineString", "coordinates": [ [ 17.632026723391387, 59.861613956748222, 6.710000038146973 ], [ 17.632067598569581, 59.861532222989958, 6.699999809265137 ], [ 17.632128252291885, 59.861424484038245, 6.75 ], [ 17.632197630510532, 59.861322295199393, 6.739999771118164 ], [ 17.632280367076277, 59.861205763234246, 6.690000057220459 ], [ 17.632295069590594, 59.861186238238801, 6.690000057220459 ] ] } },
{ "type": "Feature", "properties": { }, "geometry": { "type": "LineString", "coordinates": [ [ 17.632295069590594, 59.861186238238801, 6.690000057220459 ], [ 17.632333371701243, 59.861135372775472, 6.670000076293945 ], [ 17.632350854501254, 59.861116286151152, 6.650000095367432 ], [ 17.63236565073155, 59.861101293306305, 6.639999866485596 ], [ 17.632386830548345, 59.861086800938814, 6.650000095367432 ], [ 17.632417092667122, 59.86106958584444, 6.679999828338623 ], [ 17.632485089483634, 59.861032850544419, 6.739999771118164 ], [ 17.632524249146829, 59.861011702945106, 6.769999980926514 ] ] } },
{ "type": "Feature", "properties": { }, "geometry": { "type": "LineString", "coordinates": [ [ 17.632167450965781, 59.862213738304909, 7.269999980926514 ], [ 17.632098749422443, 59.86218375518127, 7.28000020980835 ], [ 17.631921297405128, 59.862092547494811, 7.5 ], [ 17.631837873669209, 59.862052594280222, 7.570000171661377 ], [ 17.631809769312998, 59.862033341338808, 7.650000095367432 ] ] } },
{ "type": "Feature", "properties": { }, "geometry": { "type": "LineString", "coordinates": [ [ 17.632485089483634, 59.861032850544419, 6.739999771118164 ], [ 17.633140360779205, 59.861337569404306, 7.420000076293945 ] ] } },
{ "type": "Feature", "properties": { }, "geometry": { "type": "LineString", "coordinates": [ [ 17.633140360779205, 59.861337569404306, 7.420000076293945 ], [ 17.633438339770169, 59.861476134735334, 7.739999771118164 ], [ 17.633460780907669, 59.861487313446837, 7.800000190734863 ], [ 17.633476357179728, 59.861499171973598, 7.78000020980835 ] ] } },
{ "type": "Feature", "properties": { }, "geometry": { "type": "LineString", "coordinates": [ [ 17.633476357179728, 59.861499171973598, 7.78000020980835 ], [ 17.632871803538251, 59.861829352341104, 7.630000114440918 ] ] } },
{ "type": "Feature", "properties": { }, "geometry": { "type": "LineString", "coordinates": [ [ 17.632871803538251, 59.861829352341104, 7.630000114440918 ], [ 17.632267237922314, 59.862159529998401, 7.349999904632568 ] ] } },
{ "type": "Feature", "properties": { }, "geometry": { "type": "LineString", "coordinates": [ [ 17.632267237922314, 59.862159529998401, 7.349999904632568 ], [ 17.63222207608591, 59.862184194326751, 7.349999904632568 ], [ 17.632167450965781, 59.862213738304909, 7.269999980926514 ] ] } },
{ "type": "Feature", "properties": { }, "geometry": { "type": "LineString", "coordinates": [ [ 17.638392525788028, 59.857612343502964, 5.050000190734863 ], [ 17.638299784305818, 59.857566157044225, 4.71999979019165 ], [ 17.638586143326879, 59.857423197332523, 4.340000152587891 ], [ 17.638840984975506, 59.857296454139913, 4.28000020980835 ] ] } },
{ "type": "Feature", "properties": { }, "geometry": { "type": "LineString", "coordinates": [ [ 17.638840984975506, 59.857296454139913, 4.28000020980835 ], [ 17.639011956275237, 59.857211422296842, 4.309999942779541 ], [ 17.63913184225823, 59.857120172715575, 4.300000190734863 ], [ 17.639306845352621, 59.856972291833223, 4.289999961853027 ], [ 17.639357601763361, 59.856933501067601, 4.300000190734863 ] ] } },
{ "type": "Feature", "properties": { }, "geometry": { "type": "LineString", "coordinates": [ [ 17.639357601763361, 59.856933501067601, 4.300000190734863 ], [ 17.639525288692202, 59.856805344968294, 4.5 ] ] } },
{ "type": "Feature", "properties": { }, "geometry": { "type": "LineString", "coordinates": [ [ 17.64170840079581, 59.859636266777514, 6.590000152587891 ], [ 17.642312233772696, 59.859305772373574, 6.21999979019165 ] ] } },
{ "type": "Feature", "properties": { }, "geometry": { "type": "LineString", "coordinates": [ [ 17.642312233772696, 59.859305772373574, 6.21999979019165 ], [ 17.642474671071145, 59.859216864390625, 6.28000020980835 ] ] } },
{ "type": "Feature", "properties": { }, "geometry": { "type": "LineString", "coordinates": [ [ 17.640441632517092, 59.859178345571628, 7.739999771118164 ], [ 17.641113354031642, 59.85947384230905, 7.210000038146973 ] ] } },
{ "type": "Feature", "properties": { }, "geometry": { "type": "LineString", "coordinates": [ [ 17.641113354031642, 59.85947384230905, 7.210000038146973 ], [ 17.641500925925811, 59.859644334920461, 6.829999923706055 ], [ 17.641542420279759, 59.859662910273926, 6.800000190734863 ], [ 17.641564453967305, 59.85966903500448, 6.78000020980835 ], [ 17.64160015754274, 59.859672344293969, 6.769999980926514 ], [ 17.641632066947711, 59.859669441194185, 6.71999979019165 ], [ 17.641656996805278, 59.859660767945137, 6.670000076293945 ], [ 17.64170840079581, 59.859636266777514, 6.590000152587891 ] ] } },
{ "type": "Feature", "properties": { }, "geometry": { "type": "LineString", "coordinates": [ [ 17.636486187237765, 59.861291689423247, 9.939999580383301 ], [ 17.636585706126716, 59.861240951269401, 9.989999771118164 ], [ 17.637090152822338, 59.860961312909943, 9.789999961853027 ] ] } },
{ "type": "Feature", "properties": { }, "geometry": { "type": "LineString", "coordinates": [ [ 17.637090152822338, 59.860961312909943, 9.789999961853027 ], [ 17.637324897540694, 59.860831180708551, 9.579999923706055 ] ] } },
{ "type": "Feature", "properties": { }, "geometry": { "type": "LineString", "coordinates": [ [ 17.637512260742213, 59.860873944542476, 9.479999542236328 ], [ 17.637468534822379, 59.860899310883084, 9.529999732971191 ], [ 17.636916165335602, 59.861207979583355, 9.899999618530273 ] ] } },
{ "type": "Feature", "properties": { }, "geometry": { "type": "LineString", "coordinates": [ [ 17.636916165335602, 59.861207979583355, 9.899999618530273 ], [ 17.636651777237894, 59.861355719046905, 9.939999580383301 ] ] } },
{ "type": "Feature", "properties": { }, "geometry": { "type": "LineString", "coordinates": [ [ 17.641419517397271, 59.859752166803723, 6.880000114440918 ], [ 17.64075648354606, 59.859451744195276, 7.349999904632568 ] ] } },
{ "type": "Feature", "properties": { }, "geometry": { "type": "LineString", "coordinates": [ [ 17.64075648354606, 59.859451744195276, 7.349999904632568 ], [ 17.640349453142672, 59.859267313128413, 7.739999771118164 ] ] } },
{ "type": "Feature", "properties": { }, "geometry": { "type": "LineString", "coordinates": [ [ 17.640007168231655, 59.860534944587442, 7.679999828338623 ], [ 17.64002500598987, 59.860541724766705, 7.610000133514404 ], [ 17.640050465201814, 59.860544511878452, 7.570000171661377 ], [ 17.640078177548201, 59.860536832413523, 7.590000152587891 ], [ 17.640123296740502, 59.860513250262301, 7.590000152587891 ], [ 17.640600620800921, 59.860262420757927, 7.25 ], [ 17.640639230746693, 59.860241349589337, 7.239999771118164 ] ] } },
{ "type": "Feature", "properties": { }, "geometry": { "type": "LineString", "coordinates": [ [ 17.640639230746693, 59.860241349589337, 7.239999771118164 ], [ 17.641244011652361, 59.859911288770242, 6.789999961853027 ] ] } },
{ "type": "Feature", "properties": { }, "geometry": { "type": "LineString", "coordinates": [ [ 17.641244011652361, 59.859911288770242, 6.789999961853027 ], [ 17.641310639951637, 59.859874925629782, 6.809999942779541 ], [ 17.641415123436932, 59.859814797584107, 6.840000152587891 ], [ 17.641432212872601, 59.859801128121958, 6.840000152587891 ], [ 17.641440758603135, 59.859782983307795, 6.840000152587891 ], [ 17.641438299594043, 59.859766672500406, 6.829999923706055 ], [ 17.641419517397271, 59.859752166803723, 6.880000114440918 ] ] } },
{ "type": "Feature", "properties": { }, "geometry": { "type": "LineString", "coordinates": [ [ 17.639523428433112, 59.860368888248018, 8.710000038146973 ], [ 17.639593958254714, 59.860333904252393, 8.640000343322754 ], [ 17.640007168231655, 59.860534944587442, 7.679999828338623 ] ] } },
{ "type": "Feature", "properties": { }, "geometry": { "type": "LineString", "coordinates": [ [ 17.64100787135818, 59.861130275003845, 6.5 ], [ 17.640479684516549, 59.860878901795544, 6.940000057220459 ] ] } },
{ "type": "Feature", "properties": { }, "geometry": { "type": "LineString", "coordinates": [ [ 17.639866071614438, 59.861892132629272, 7.579999923706055 ], [ 17.63981189694746, 59.86192104270684, 7.670000076293945 ], [ 17.639200480941955, 59.861651182876685, 7.809999942779541 ] ] } },
{ "type": "Feature", "properties": { }, "geometry": { "type": "LineString", "coordinates": [ [ 17.639200480941955, 59.861651182876685, 7.809999942779541 ], [ 17.638769724051194, 59.861461055935756, 7.699999809265137 ] ] } },
{ "type": "Feature", "properties": { }, "geometry": { "type": "LineString", "coordinates": [ [ 17.638769724051194, 59.861461055935756, 7.699999809265137 ], [ 17.638171262392628, 59.861794030799295, 7.989999771118164 ] ] } },
{ "type": "Feature", "properties": { }, "geometry": { "type": "LineString", "coordinates": [ [ 17.638171262392628, 59.861794030799295, 7.989999771118164 ], [ 17.637917586305687, 59.861935169465283, 8.090000152587891 ], [ 17.637904912311001, 59.861949549398943, 8.109999656677246 ], [ 17.637899983017096, 59.861958420689, 8.109999656677246 ] ] } },
{ "type": "Feature", "properties": { }, "geometry": { "type": "LineString", "coordinates": [ [ 17.638910202935723, 59.862656612302921, 7.920000076293945 ], [ 17.638834139660776, 59.862644004002078, 7.920000076293945 ], [ 17.638236270792468, 59.862367380633351, 7.940000057220459 ] ] } },
{ "type": "Feature", "properties": { }, "geometry": { "type": "LineString", "coordinates": [ [ 17.638236270792468, 59.862367380633351, 7.940000057220459 ], [ 17.63776194853466, 59.862147914847711, 8.180000305175781 ], [ 17.637693074895481, 59.8621297156038, 8.220000267028809 ] ] } },
{ "type": "Feature", "properties": { }, "geometry": { "type": "LineString", "coordinates": [ [ 17.637693074895481, 59.8621297156038, 8.220000267028809 ], [ 17.637632915554317, 59.862125396288405, 8.289999961853027 ], [ 17.637589395082493, 59.862126610929828, 8.279999732971191 ], [ 17.637568948432612, 59.862129090613045, 8.260000228881836 ], [ 17.637546895384251, 59.862135399855489, 8.289999961853027 ], [ 17.637418352584042, 59.86220733455184, 8.420000076293945 ], [ 17.637050937547603, 59.862412769414533, 8.659999847412109 ] ] } },
{ "type": "Feature", "properties": { }, "geometry": { "type": "LineString", "coordinates": [ [ 17.637050937547603, 59.862412769414533, 8.659999847412109 ], [ 17.636481068642297, 59.862731396476065, 8.590000152587891 ] ] } },
{ "type": "Feature", "properties": { }, "geometry": { "type": "LineString", "coordinates": [ [ 17.641762359886993, 59.859992187835239, 6.519999980926514 ], [ 17.641725696481672, 59.859986677949379, 6.5 ], [ 17.641690109021059, 59.859984836774338, 6.53000020980835 ], [ 17.641650892979495, 59.859986623103488, 6.610000133514404 ], [ 17.641595745714149, 59.85999954310843, 6.679999828338623 ], [ 17.641566203860172, 59.860009650827692, 6.679999828338623 ], [ 17.641096786475547, 59.860258786570633, 6.929999828338623 ] ] } },
{ "type": "Feature", "properties": { }, "geometry": { "type": "LineString", "coordinates": [ [ 17.641096786475547, 59.860258786570633, 6.929999828338623 ], [ 17.640950430963048, 59.860336461313999, 7.21999979019165 ], [ 17.640862696859966, 59.86037110597529, 7.21999979019165 ], [ 17.640708361421115, 59.860427815263314, 7.300000190734863 ], [ 17.640446513711527, 59.860539673045153, 7.199999809265137 ], [ 17.640423932104152, 59.860552068498876, 7.190000057220459 ] ] } },
{ "type": "Feature", "properties": { }, "geometry": { "type": "LineString", "coordinates": [ [ 17.640423932104152, 59.860552068498876, 7.190000057220459 ], [ 17.640324097019892, 59.86060686963102, 7.300000190734863 ], [ 17.640305714084388, 59.860627096090688, 7.309999942779541 ], [ 17.640299984470058, 59.860644334918213, 7.320000171661377 ], [ 17.640300731938911, 59.860659680758168, 7.349999904632568 ], [ 17.640311930452118, 59.860677022591211, 7.239999771118164 ], [ 17.640341064405579, 59.860698394497966, 7.139999866485596 ], [ 17.640743054599692, 59.860885258247556, 6.570000171661377 ] ] } },
{ "type": "Feature", "properties": { }, "geometry": { "type": "LineString", "coordinates": [ [ 17.640743054599692, 59.860885258247556, 6.570000171661377 ], [ 17.640758603834374, 59.860892486188021, 6.570000171661377 ], [ 17.641385234713976, 59.861196941225927, 6.619999885559082 ] ] } },
{ "type": "Feature", "properties": { }, "geometry": { "type": "LineString", "coordinates": [ [ 17.641385234713976, 59.861196941225927, 6.619999885559082 ], [ 17.641397446303838, 59.861202874266262, 6.619999885559082 ], [ 17.641388206101272, 59.861246543988038, 6.659999847412109 ] ] } },
{ "type": "Feature", "properties": { }, "geometry": { "type": "LineString", "coordinates": [ [ 17.640582491925546, 59.85657281406241, 5.510000228881836 ], [ 17.640567687571906, 59.856565387815934, 5.5 ], [ 17.640451226441016, 59.856529236420741, 5.420000076293945 ], [ 17.640206120371584, 59.856453159068508, 5.079999923706055 ] ] } },
{ "type": "Feature", "properties": { }, "geometry": { "type": "LineString", "coordinates": [ [ 17.64033518010752, 59.856349518412543, 4.880000114440918 ], [ 17.640675125218454, 59.85649130338237, 5.449999809265137 ], [ 17.641029332725658, 59.856631500039981, 5.650000095367432 ] ] } },
{ "type": "Feature", "properties": { }, "geometry": { "type": "LineString", "coordinates": [ [ 17.641029332725658, 59.856631500039981, 5.650000095367432 ], [ 17.641229162189536, 59.856710592340391, 5.739999771118164 ], [ 17.641686428185221, 59.856885674511595, 5.989999771118164 ], [ 17.641735068368153, 59.856890644191985, 5.960000038146973 ], [ 17.641748815797101, 59.856890559228567, 5.940000057220459 ] ] } },
{ "type": "Feature", "properties": { }, "geometry": { "type": "LineString", "coordinates": [ [ 17.641748815797101, 59.856890559228567, 5.940000057220459 ], [ 17.641798275784655, 59.856890253538538, 5.929999828338623 ], [ 17.641845859419846, 59.856885065680252, 5.929999828338623 ], [ 17.641880896370896, 59.856877866910132, 5.869999885559082 ], [ 17.64217546875814, 59.856718152795743, 5.789999961853027 ], [ 17.64239319882298, 59.856597998694092, 5.699999809265137 ] ] } },
{ "type": "Feature", "properties": { }, "geometry": { "type": "LineString", "coordinates": [ [ 17.64239319882298, 59.856597998694092, 5.699999809265137 ], [ 17.642711200077414, 59.85642250785736, 5.599999904632568 ], [ 17.642842618679889, 59.856353279270003, 5.610000133514404 ], [ 17.642888291020643, 59.856325445011485, 5.53000020980835 ], [ 17.642898545869325, 59.856309078792265, 5.46999979019165 ], [ 17.642882390884179, 59.856292386317051, 5.5 ], [ 17.642818537270816, 59.856262520209199, 5.480000019073486 ] ] } },
{ "type": "Feature", "properties": { }, "geometry": { "type": "LineString", "coordinates": [ [ 17.642818537270816, 59.856262520209199, 5.480000019073486 ], [ 17.642165077304277, 59.85595687393235, 4.949999809265137 ] ] } },
{ "type": "Feature", "properties": { }, "geometry": { "type": "LineString", "coordinates": [ [ 17.642165077304277, 59.85595687393235, 4.949999809265137 ], [ 17.64193064657934, 59.855847220233613, 4.590000152587891 ], [ 17.641497461230383, 59.855659179898929, 4.400000095367432 ] ] } },
{ "type": "Feature", "properties": { }, "geometry": { "type": "LineString", "coordinates": [ [ 17.641497461230383, 59.855659179898929, 4.400000095367432 ], [ 17.641476398044279, 59.855650036542301, 4.400000095367432 ], [ 17.641396920118012, 59.855618054689934, 4.300000190734863 ], [ 17.641350409683596, 59.855610636683167, 4.380000114440918 ], [ 17.64131598033314, 59.855611199127232, 4.409999847412109 ], [ 17.64128414219768, 59.855614850256664, 4.449999809265137 ] ] } },
{ "type": "Feature", "properties": { }, "geometry": { "type": "LineString", "coordinates": [ [ 17.641423779441027, 59.855515207553871, 4.289999961853027 ], [ 17.641428041191361, 59.855528648424347, 4.21999979019165 ], [ 17.641438321118763, 59.855543196243161, 4.190000057220459 ], [ 17.641451550429416, 59.855553923175542, 4.179999828338623 ], [ 17.642048825502087, 59.855828740897337, 4.789999961853027 ] ] } },
{ "type": "Feature", "properties": { }, "geometry": { "type": "LineString", "coordinates": [ [ 17.642048825502087, 59.855828740897337, 4.789999961853027 ], [ 17.642586026963951, 59.856075911348896, 5.139999866485596 ], [ 17.642705978087925, 59.856132369515052, 5.289999961853027 ] ] } },
{ "type": "Feature", "properties": { }, "geometry": { "type": "LineString", "coordinates": [ [ 17.642705978087925, 59.856132369515052, 5.289999961853027 ], [ 17.642957401838704, 59.856250707761667, 5.559999942779541 ], [ 17.642976308276847, 59.856258129891515, 5.619999885559082 ], [ 17.642996375655681, 59.85625866914161, 5.650000095367432 ], [ 17.64301483030966, 59.856255300627396, 5.650000095367432 ], [ 17.643031870934948, 59.856247163806046, 5.679999828338623 ], [ 17.643340763790182, 59.856075175749446, 5.679999828338623 ] ] } },
{ "type": "Feature", "properties": { }, "geometry": { "type": "LineString", "coordinates": [ [ 17.643340763790182, 59.856075175749446, 5.679999828338623 ], [ 17.643352349482999, 59.856068724918131, 5.639999866485596 ], [ 17.643758497694563, 59.855848613349323, 5.289999961853027 ], [ 17.643791066751678, 59.855813911143045, 5.239999771118164 ], [ 17.643795097614362, 59.855781623757252, 5.119999885559082 ], [ 17.643768109651564, 59.855765855641565, 5.199999809265137 ], [ 17.643732486752963, 59.855751995484901, 5.199999809265137 ], [ 17.643690601527343, 59.855737356635551, 5.159999847412109 ] ] } },
{ "type": "Feature", "properties": { }, "geometry": { "type": "LineString", "coordinates": [ [ 17.643690601527343, 59.855737356635551, 5.159999847412109 ], [ 17.643615370353267, 59.855711063340379, 5.119999885559082 ], [ 17.64293654095836, 59.855497475723169, 4.889999866485596 ] ] } },
{ "type": "Feature", "properties": { }, "geometry": { "type": "LineString", "coordinates": [ [ 17.64293654095836, 59.855497475723169, 4.889999866485596 ], [ 17.642503047706711, 59.85536107764699, 4.690000057220459 ], [ 17.64218019679133, 59.855259334430016, 4.46999979019165 ] ] } },
{ "type": "Feature", "properties": { }, "geometry": { "type": "LineString", "coordinates": [ [ 17.64218019679133, 59.855259334430016, 4.46999979019165 ], [ 17.642085991922297, 59.855229646445189, 4.449999809265137 ] ] } },
{ "type": "Feature", "properties": { }, "geometry": { "type": "LineString", "coordinates": [ [ 17.643460092554768, 59.856456778298075, 5.840000152587891 ], [ 17.643588243702169, 59.856518153334328, 5.829999923706055 ], [ 17.643643182934774, 59.856553453408871, 5.650000095367432 ], [ 17.643772835054556, 59.856615483369723, 5.519999980926514 ], [ 17.643703171661379, 59.856651751487739, 5.429999828338623 ] ] } },
{ "type": "Feature", "properties": { }, "geometry": { "type": "LineString", "coordinates": [ [ 17.643190340534506, 59.856357624769473, 5.75 ], [ 17.643352629776306, 59.856432811634306, 5.840000152587891 ], [ 17.643460092554768, 59.856456778298075, 5.840000152587891 ] ] } },
{ "type": "Feature", "properties": { }, "geometry": { "type": "LineString", "coordinates": [ [ 17.645451045001874, 59.856340993664539, 4.639999866485596 ], [ 17.645466031495829, 59.856327273100575, 4.590000152587891 ], [ 17.645470159958215, 59.856312021974276, 4.570000171661377 ], [ 17.645460963143435, 59.856297588296712, 4.539999961853027 ], [ 17.645446992960316, 59.856287740330288, 4.5 ], [ 17.644976653587879, 59.856137888053944, 4.730000019073486 ], [ 17.644790038134417, 59.85607960664823, 4.949999809265137 ] ] } },
{ "type": "Feature", "properties": { }, "geometry": { "type": "LineString", "coordinates": [ [ 17.644790038134417, 59.85607960664823, 4.949999809265137 ], [ 17.644144762359474, 59.855878078546368, 5.170000076293945 ] ] } },
{ "type": "Feature", "properties": { }, "geometry": { "type": "LineString", "coordinates": [ [ 17.644144762359474, 59.855878078546368, 5.170000076293945 ], [ 17.644074819337778, 59.855854443707806, 5.25 ], [ 17.644007632276651, 59.855875408474517, 5.239999771118164 ], [ 17.643521125386847, 59.85614849224806, 5.619999885559082 ] ] } },
{ "type": "Feature", "properties": { }, "geometry": { "type": "LineString", "coordinates": [ [ 17.643521125386847, 59.85614849224806, 5.619999885559082 ], [ 17.643398682822674, 59.856217220155393, 5.679999828338623 ], [ 17.643202071226703, 59.856325296993049, 5.809999942779541 ], [ 17.643185508316098, 59.856336700559922, 5.800000190734863 ], [ 17.643179367829379, 59.8563488370336, 5.789999961853027 ], [ 17.643190340534506, 59.856357624769473, 5.75 ] ] } },
{ "type": "Feature", "properties": { }, "geometry": { "type": "LineString", "coordinates": [ [ 17.644798445778093, 59.856766582200954, 5.010000228881836 ], [ 17.644724090731675, 59.856730923233528, 5.03000020980835 ], [ 17.644750542348525, 59.856715673278345, 5.090000152587891 ], [ 17.64473480271467, 59.856652875792697, 5.210000038146973 ], [ 17.64515510079611, 59.856421199656396, 4.96999979019165 ] ] } },
{ "type": "Feature", "properties": { }, "geometry": { "type": "LineString", "coordinates": [ [ 17.64515510079611, 59.856421199656396, 4.96999979019165 ], [ 17.645354864937673, 59.856311084350573, 4.650000095367432 ], [ 17.645446992960316, 59.856287740330288, 4.5 ] ] } },
{ "type": "Feature", "properties": { }, "geometry": { "type": "LineString", "coordinates": [ [ 17.642005530646347, 59.857022413971158, 6.079999923706055 ], [ 17.641992057830979, 59.857016174601178, 6.099999904632568 ], [ 17.641990645373941, 59.857000613688612, 6.090000152587891 ], [ 17.64201534015714, 59.856982680011541, 6.159999847412109 ], [ 17.642064548425086, 59.856955338983795, 6.130000114440918 ], [ 17.642270934917381, 59.856840657853823, 6.059999942779541 ], [ 17.642555497378389, 59.85668607718199, 5.929999828338623 ] ] } },
{ "type": "Feature", "properties": { }, "geometry": { "type": "LineString", "coordinates": [ [ 17.642555497378389, 59.85668607718199, 5.929999828338623 ], [ 17.64301662852931, 59.85643557614376, 5.75 ], [ 17.64304088210995, 59.856423411441106, 5.739999771118164 ], [ 17.643057836340315, 59.856417753219404, 5.730000019073486 ], [ 17.643080847051603, 59.856416434591367, 5.690000057220459 ] ] } },
{ "type": "Feature", "properties": { }, "geometry": { "type": "LineString", "coordinates": [ [ 17.643080847051603, 59.856416434591367, 5.690000057220459 ], [ 17.643740267405107, 59.856718829216412, 5.650000095367432 ] ] } },
{ "type": "Feature", "properties": { }, "geometry": { "type": "LineString", "coordinates": [ [ 17.643740267405107, 59.856718829216412, 5.650000095367432 ], [ 17.644175152162955, 59.856918252252456, 5.360000133514404 ], [ 17.644207381044243, 59.856900352380713, 5.210000038146973 ] ] } },
{ "type": "Feature", "properties": { }, "geometry": { "type": "LineString", "coordinates": [ [ 17.643457946278676, 59.858678985052919, 5.78000020980835 ], [ 17.64406384249861, 59.858349455601818, 5.389999866485596 ] ] } },
{ "type": "Feature", "properties": { }, "geometry": { "type": "LineString", "coordinates": [ [ 17.64406384249861, 59.858349455601818, 5.389999866485596 ], [ 17.644339689056892, 59.858199427567733, 5.239999771118164 ] ] } },
{ "type": "Feature", "properties": { }, "geometry": { "type": "LineString", "coordinates": [ [ 17.644339689056892, 59.858199427567733, 5.239999771118164 ], [ 17.644368380467927, 59.858180677946514, 5.239999771118164 ], [ 17.644393679720647, 59.858158541701386, 5.269999980926514 ], [ 17.644397268058011, 59.85814228788437, 5.28000020980835 ], [ 17.644389603270891, 59.858128501460726, 5.300000190734863 ], [ 17.644373843794035, 59.858116505111965, 5.269999980926514 ], [ 17.644359525381564, 59.858109512063258, 5.28000020980835 ], [ 17.643819548360362, 59.857897476159209, 5.139999866485596 ] ] } },
{ "type": "Feature", "properties": { }, "geometry": { "type": "LineString", "coordinates": [ [ 17.643819548360362, 59.857897476159209, 5.139999866485596 ], [ 17.643312022110848, 59.857698178367542, 5.289999961853027 ], [ 17.643265195285181, 59.857685899270891, 5.349999904632568 ], [ 17.64322825828333, 59.85768588440618, 5.340000152587891 ], [ 17.643199265745988, 59.857694318356678, 5.360000133514404 ], [ 17.643172382845059, 59.857707720773554, 5.429999828338623 ] ] } },
{ "type": "Feature", "properties": { }, "geometry": { "type": "LineString", "coordinates": [ [ 17.64305118112458, 59.857655049656941, 5.690000057220459 ], [ 17.643078822801151, 59.857636221466791, 5.71999979019165 ], [ 17.64308243273236, 59.857619824499928, 5.75 ], [ 17.643075934308577, 59.857606657001547, 5.730000019073486 ], [ 17.642460224555226, 59.857360873183275, 6.070000171661377 ] ] } },
{ "type": "Feature", "properties": { }, "geometry": { "type": "LineString", "coordinates": [ [ 17.642460224555226, 59.857360873183275, 6.070000171661377 ], [ 17.641847667825353, 59.857116341498461, 6.21999979019165 ], [ 17.641783889585152, 59.857086286033791, 6.269999980926514 ] ] } },
{ "type": "Feature", "properties": { }, "geometry": { "type": "LineString", "coordinates": [ [ 17.644716201160072, 59.85825428433207, 5.409999847412109 ], [ 17.64467466659196, 59.858256089625577, 5.380000114440918 ], [ 17.644642672033477, 59.858264726968315, 5.360000133514404 ], [ 17.644612111937338, 59.858275940832989, 5.320000171661377 ], [ 17.644568144326232, 59.858299886924591, 5.380000114440918 ], [ 17.644085270538707, 59.858562886698067, 5.489999771118164 ] ] } },
{ "type": "Feature", "properties": { }, "geometry": { "type": "LineString", "coordinates": [ [ 17.644085270538707, 59.858562886698067, 5.489999771118164 ], [ 17.643821982325036, 59.858706285546027, 5.710000038146973 ], [ 17.643633740202791, 59.858789390355454, 5.789999961853027 ], [ 17.643582783567027, 59.858820614410938, 5.909999847412109 ], [ 17.643525099814489, 59.858837733349802, 5.940000057220459 ], [ 17.643453124744408, 59.858877247937194, 6.0 ] ] } },
{ "type": "Feature", "properties": { }, "geometry": { "type": "LineString", "coordinates": [ [ 17.643453124744408, 59.858877247937194, 6.0 ], [ 17.64323808076011, 59.858995307116331, 5.949999809265137 ], [ 17.643218777776518, 59.859006865621041, 5.989999771118164 ], [ 17.643207664378391, 59.859020986363362, 6.050000190734863 ], [ 17.643221689499423, 59.85903325323028, 6.070000171661377 ], [ 17.643314018261577, 59.859075119051212, 6.119999885559082 ], [ 17.64358245085289, 59.85919683043722, 6.429999828338623 ] ] } },
{ "type": "Feature", "properties": { }, "geometry": { "type": "LineString", "coordinates": [ [ 17.64358245085289, 59.85919683043722, 6.429999828338623 ], [ 17.643601421822666, 59.859205432106208, 6.440000057220459 ], [ 17.64362124049411, 59.859208931388444, 6.449999809265137 ], [ 17.643645680397434, 59.859204493253813, 6.449999809265137 ], [ 17.643662055228738, 59.859196412571372, 6.460000038146973 ], [ 17.643955233692129, 59.859031833179941, 6.260000228881836 ], [ 17.643993381291811, 59.859009267636047, 6.340000152587891 ], [ 17.644186828992044, 59.858894801142739, 6.269999980926514 ] ] } },
{ "type": "Feature", "properties": { }, "geometry": { "type": "LineString", "coordinates": [ [ 17.644186828992044, 59.858894801142739, 6.269999980926514 ], [ 17.644226026309482, 59.858871607253633, 6.269999980926514 ], [ 17.644459852215721, 59.858733251740297, 6.110000133514404 ], [ 17.644770382233844, 59.858555239647714, 6.010000228881836 ] ] } },
{ "type": "Feature", "properties": { }, "geometry": { "type": "LineString", "coordinates": [ [ 17.644770382233844, 59.858555239647714, 6.010000228881836 ], [ 17.644955038964888, 59.858449383485613, 5.940000057220459 ], [ 17.644969933395846, 59.858432859633155, 5.960000038146973 ], [ 17.64497983526984, 59.858416129170415, 5.949999809265137 ], [ 17.644987185790491, 59.858382047656306, 5.929999828338623 ], [ 17.644986251313828, 59.858366512843951, 5.889999866485596 ] ] } },
{ "type": "Feature", "properties": { }, "geometry": { "type": "LineString", "coordinates": [ [ 17.644543134292668, 59.858010824287902, 5.28000020980835 ], [ 17.644573159796838, 59.858020085673381, 5.260000228881836 ], [ 17.644612913106467, 59.858024076521033, 5.260000228881836 ], [ 17.644649765657036, 59.858019253170063, 5.25 ], [ 17.644685682069259, 59.858009366398854, 5.199999809265137 ], [ 17.644758330993113, 59.857973380423225, 5.150000095367432 ], [ 17.64517445646586, 59.857731711895426, 5.03000020980835 ] ] } },
{ "type": "Feature", "properties": { }, "geometry": { "type": "LineString", "coordinates": [ [ 17.64517445646586, 59.857731711895426, 5.03000020980835 ], [ 17.645574372343486, 59.857499452725818, 4.860000133514404 ], [ 17.645765696560019, 59.857395595190425, 4.769999980926514 ] ] } },
{ "type": "Feature", "properties": { }, "geometry": { "type": "LineString", "coordinates": [ [ 17.645765696560019, 59.857395595190425, 4.769999980926514 ], [ 17.646372198079838, 59.857066358695114, 4.5 ] ] } },
{ "type": "Feature", "properties": { }, "geometry": { "type": "LineString", "coordinates": [ [ 17.646372198079838, 59.857066358695114, 4.5 ], [ 17.646804927197213, 59.856831448088663, 4.369999885559082 ], [ 17.646860054764311, 59.856796584119778, 4.349999904632568 ], [ 17.646873504375364, 59.856780531634008, 4.389999866485596 ], [ 17.646872895038658, 59.856760750336875, 4.28000020980835 ], [ 17.646856201795764, 59.856740978410492, 4.199999809265137 ], [ 17.64683731959655, 59.856727360590682, 4.230000019073486 ], [ 17.64682591848285, 59.856720734807055, 4.239999771118164 ] ] } },
{ "type": "Feature", "properties": { }, "geometry": { "type": "LineString", "coordinates": [ [ 17.64682591848285, 59.856720734807055, 4.239999771118164 ], [ 17.646822551290857, 59.856718777954953, 4.239999771118164 ], [ 17.646802567699883, 59.8567090153607, 4.289999961853027 ], [ 17.646072482403724, 59.85648104423818, 4.449999809265137 ] ] } },
{ "type": "Feature", "properties": { }, "geometry": { "type": "LineString", "coordinates": [ [ 17.646072482403724, 59.85648104423818, 4.449999809265137 ], [ 17.645831740239515, 59.856405870257937, 4.489999771118164 ], [ 17.645735723571224, 59.856377820936636, 4.510000228881836 ], [ 17.645703183376114, 59.856371008729674, 4.519999980926514 ], [ 17.645676166368762, 59.856369253372591, 4.53000020980835 ], [ 17.645649687437057, 59.85637182706941, 4.53000020980835 ], [ 17.6455878438748, 59.856404041715862, 4.590000152587891 ], [ 17.645372260966177, 59.856522614198347, 4.800000190734863 ] ] } },
{ "type": "Feature", "properties": { }, "geometry": { "type": "LineString", "coordinates": [ [ 17.645372260966177, 59.856522614198347, 4.800000190734863 ], [ 17.644868007496971, 59.856799953372175, 5.119999885559082 ], [ 17.644798445778093, 59.856766582200954, 5.010000228881836 ] ] } },
{ "type": "Feature", "properties": { }, "geometry": { "type": "LineString", "coordinates": [ [ 17.644543134292668, 59.858010824287902, 5.28000020980835 ], [ 17.643939065527764, 59.857772981485653, 5.079999923706055 ], [ 17.643887596754617, 59.85776012488158, 5.090000152587891 ], [ 17.64383384656535, 59.857739374275916, 5.079999923706055 ] ] } },
{ "type": "Feature", "properties": { }, "geometry": { "type": "LineString", "coordinates": [ [ 17.64383384656535, 59.857739374275916, 5.079999923706055 ], [ 17.643471370521212, 59.857599436812713, 5.099999904632568 ], [ 17.643444293733676, 59.85758389167669, 5.119999885559082 ], [ 17.643443401537681, 59.857565822042147, 5.130000114440918 ] ] } },
{ "type": "Feature", "properties": { }, "geometry": { "type": "LineString", "coordinates": [ [ 17.649486027180725, 59.855343482169111, 3.990000009536743 ], [ 17.648830605295903, 59.855038911400641, 3.880000114440918 ] ] } },
{ "type": "Feature", "properties": { }, "geometry": { "type": "LineString", "coordinates": [ [ 17.648830605295903, 59.855038911400641, 3.880000114440918 ], [ 17.648391330590101, 59.854834777986213, 3.950000047683716 ] ] } },
{ "type": "Feature", "properties": { }, "geometry": { "type": "LineString", "coordinates": [ [ 17.645955216769618, 59.856315883921603, 4.269999980926514 ], [ 17.646712704523043, 59.856553122420863, 4.179999828338623 ] ] } },
{ "type": "Feature", "properties": { }, "geometry": { "type": "LineString", "coordinates": [ [ 17.646712704523043, 59.856553122420863, 4.179999828338623 ], [ 17.646992877437537, 59.856640868137362, 4.139999866485596 ], [ 17.647019510966398, 59.856646956541333, 4.170000076293945 ], [ 17.64705313175455, 59.85664872871466, 4.170000076293945 ], [ 17.647089196516866, 59.856647453786238, 4.190000057220459 ], [ 17.647120843922412, 59.856641499533175, 4.239999771118164 ], [ 17.647147833840176, 59.856631713066825, 4.269999980926514 ], [ 17.647197134539667, 59.856604575197117, 4.269999980926514 ], [ 17.647415406711101, 59.85648486625449, 4.53000020980835 ] ] } },
{ "type": "Feature", "properties": { }, "geometry": { "type": "LineString", "coordinates": [ [ 17.647415406711101, 59.85648486625449, 4.53000020980835 ], [ 17.648018542510282, 59.856154076834429, 4.610000133514404 ] ] } },
{ "type": "Feature", "properties": { }, "geometry": { "type": "LineString", "coordinates": [ [ 17.648018542510282, 59.856154076834429, 4.610000133514404 ], [ 17.648581098696038, 59.855845534929962, 4.480000019073486 ], [ 17.648621413021001, 59.855823168513673, 4.440000057220459 ] ] } },
{ "type": "Feature", "properties": { }, "geometry": { "type": "LineString", "coordinates": [ [ 17.648621413021001, 59.855823168513673, 4.440000057220459 ], [ 17.64922075874291, 59.855490646120444, 4.21999979019165 ] ] } },
{ "type": "Feature", "properties": { }, "geometry": { "type": "LineString", "coordinates": [ [ 17.64922075874291, 59.855490646120444, 4.21999979019165 ], [ 17.649421031368753, 59.855379530996238, 4.010000228881836 ], [ 17.649486027180725, 59.855343482169111, 3.990000009536743 ] ] } },
{ "type": "Feature", "properties": { }, "geometry": { "type": "LineString", "coordinates": [ [ 17.648391330590101, 59.854834777986213, 3.950000047683716 ], [ 17.647789537025059, 59.855166174457658, 3.869999885559082 ] ] } },
{ "type": "Feature", "properties": { }, "geometry": { "type": "LineString", "coordinates": [ [ 17.647789537025059, 59.855166174457658, 3.869999885559082 ], [ 17.647517973297294, 59.85531571649269, 4.099999904632568 ], [ 17.647189854494982, 59.855498538106659, 4.300000190734863 ] ] } },
{ "type": "Feature", "properties": { }, "geometry": { "type": "LineString", "coordinates": [ [ 17.647189854494982, 59.855498538106659, 4.300000190734863 ], [ 17.64684865379958, 59.85568864573321, 4.369999885559082 ], [ 17.646748214279004, 59.855744607057261, 4.420000076293945 ], [ 17.646591920543372, 59.855831703331241, 4.340000152587891 ] ] } },
{ "type": "Feature", "properties": { }, "geometry": { "type": "LineString", "coordinates": [ [ 17.646591920543372, 59.855831703331241, 4.340000152587891 ], [ 17.64650312027981, 59.855881187898099, 4.340000152587891 ], [ 17.646254530679474, 59.856019722953285, 4.260000228881836 ], [ 17.645997049474538, 59.856166247803309, 4.329999923706055 ] ] } },
{ "type": "Feature", "properties": { }, "geometry": { "type": "LineString", "coordinates": [ [ 17.645997049474538, 59.856166247803309, 4.329999923706055 ], [ 17.645925123760932, 59.856207178257236, 4.300000190734863 ] ] } },
{ "type": "Feature", "properties": { }, "geometry": { "type": "LineString", "coordinates": [ [ 17.645925123760932, 59.856207178257236, 4.300000190734863 ], [ 17.645906024078567, 59.856220653216539, 4.28000020980835 ], [ 17.645890183227994, 59.856242050032179, 4.239999771118164 ], [ 17.645887513915859, 59.856267721805537, 4.230000019073486 ], [ 17.645904200853597, 59.856291498363625, 4.21999979019165 ], [ 17.645955216769618, 59.856315883921603, 4.269999980926514 ] ] } },
{ "type": "Feature", "properties": { }, "geometry": { "type": "LineString", "coordinates": [ [ 17.648495361948619, 59.854777558148839, 3.950000047683716 ], [ 17.64915191856997, 59.855081507067688, 4.150000095367432 ] ] } },
{ "type": "Feature", "properties": { }, "geometry": { "type": "LineString", "coordinates": [ [ 17.64915191856997, 59.855081507067688, 4.150000095367432 ], [ 17.649592167148509, 59.855285312496036, 4.179999828338623 ] ] } },
{ "type": "Feature", "properties": { }, "geometry": { "type": "LineString", "coordinates": [ [ 17.649592167148509, 59.855285312496036, 4.179999828338623 ], [ 17.650078837770344, 59.855018619060615, 5.039999961853027 ], [ 17.650098584826484, 59.855005480187423, 5.059999942779541 ], [ 17.650115578232196, 59.854990576574544, 5.150000095367432 ], [ 17.650160778908763, 59.854942505828944, 5.110000133514404 ] ] } },
{ "type": "Feature", "properties": { }, "geometry": { "type": "LineString", "coordinates": [ [ 17.650160778908763, 59.854942505828944, 5.110000133514404 ], [ 17.650266791429978, 59.8548297613237, 5.289999961853027 ], [ 17.650285223679926, 59.854813115601331, 5.079999923706055 ], [ 17.650308501880669, 59.854797992613868, 5.039999961853027 ], [ 17.650549977858912, 59.854670221223934, 4.820000171661377 ], [ 17.650636311634052, 59.854617781577986, 4.889999866485596 ] ] } },
{ "type": "Feature", "properties": { }, "geometry": { "type": "LineString", "coordinates": [ [ 17.649691728457164, 59.854120276672759, 4.710000038146973 ], [ 17.649089180436579, 59.854451319969598, 4.389999866485596 ] ] } },
{ "type": "Feature", "properties": { }, "geometry": { "type": "LineString", "coordinates": [ [ 17.649089180436579, 59.854451319969598, 4.389999866485596 ], [ 17.648495361948619, 59.854777558148839, 3.950000047683716 ] ] } },
{ "type": "Feature", "properties": { }, "geometry": { "type": "LineString", "coordinates": [ [ 17.64956407181478, 59.854058026749946, 4.710000038146973 ], [ 17.649522605449452, 59.854035805883328, 4.820000171661377 ], [ 17.64948733246262, 59.854016893689121, 4.860000133514404 ], [ 17.649304626241754, 59.853933124348842, 4.860000133514404 ], [ 17.649264785150724, 59.853910685102328, 4.860000133514404 ], [ 17.64921727637531, 59.853871383276818, 4.820000171661377 ], [ 17.649160482841857, 59.853846151662708, 4.730000019073486 ], [ 17.648969467787165, 59.853759101484208, 4.659999847412109 ], [ 17.64893366839765, 59.85374290572441, 4.71999979019165 ] ] } },
{ "type": "Feature", "properties": { }, "geometry": { "type": "LineString", "coordinates": [ [ 17.64893366839765, 59.85374290572441, 4.71999979019165 ], [ 17.648639693383199, 59.853609909502055, 4.789999961853027 ], [ 17.648311646473772, 59.853460632003831, 4.809999942779541 ], [ 17.648271133478367, 59.853442272863589, 4.789999961853027 ] ] } },
{ "type": "Feature", "properties": { }, "geometry": { "type": "LineString", "coordinates": [ [ 17.648271133478367, 59.853442272863589, 4.789999961853027 ], [ 17.647971753121112, 59.85330660263282, 4.730000019073486 ], [ 17.647831021651186, 59.853242829673817, 4.579999923706055 ] ] } },
{ "type": "Feature", "properties": { }, "geometry": { "type": "LineString", "coordinates": [ [ 17.64956407181478, 59.854058026749946, 4.710000038146973 ], [ 17.648963846878406, 59.854390135821156, 4.300000190734863 ] ] } },
{ "type": "Feature", "properties": { }, "geometry": { "type": "LineString", "coordinates": [ [ 17.648963846878406, 59.854390135821156, 4.300000190734863 ], [ 17.648569971903356, 59.854608064827545, 3.880000114440918 ] ] } },
{ "type": "Feature", "properties": { }, "geometry": { "type": "LineString", "coordinates": [ [ 17.646584148563925, 59.855623805673773, 4.260000228881836 ], [ 17.64592926614224, 59.855318938029455, 4.610000133514404 ] ] } },
{ "type": "Feature", "properties": { }, "geometry": { "type": "LineString", "coordinates": [ [ 17.64592926614224, 59.855318938029455, 4.610000133514404 ], [ 17.645455322377575, 59.855098297254116, 4.789999961853027 ] ] } },
{ "type": "Feature", "properties": { }, "geometry": { "type": "LineString", "coordinates": [ [ 17.645455322377575, 59.855098297254116, 4.789999961853027 ], [ 17.645445420560108, 59.855088224761474, 4.849999904632568 ], [ 17.645437706112123, 59.855073911187013, 4.889999866485596 ], [ 17.645447172833446, 59.855051207807648, 4.849999904632568 ], [ 17.645544475198911, 59.854993640250001, 4.949999809265137 ], [ 17.645979440070402, 59.854754652793822, 4.75 ] ] } },
{ "type": "Feature", "properties": { }, "geometry": { "type": "LineString", "coordinates": [ [ 17.645979440070402, 59.854754652793822, 4.75 ], [ 17.646562745939342, 59.854434153159957, 4.46999979019165 ], [ 17.646581963154876, 59.854423595113204, 4.489999771118164 ] ] } },
{ "type": "Feature", "properties": { }, "geometry": { "type": "LineString", "coordinates": [ [ 17.646581963154876, 59.854423595113204, 4.489999771118164 ], [ 17.646607451087927, 59.854409591884313, 4.340000152587891 ] ] } },
{ "type": "Feature", "properties": { }, "geometry": { "type": "LineString", "coordinates": [ [ 17.648569971903356, 59.854608064827545, 3.880000114440918 ], [ 17.64848338753211, 59.854655968373486, 3.910000085830688 ], [ 17.64831415946762, 59.854749961467, 3.990000009536743 ], [ 17.648143055023471, 59.854844991396497, 3.980000019073486 ], [ 17.647970802143231, 59.854940660197983, 3.740000009536743 ] ] } },
{ "type": "Feature", "properties": { }, "geometry": { "type": "LineString", "coordinates": [ [ 17.647970802143231, 59.854940660197983, 3.740000009536743 ], [ 17.647900556794525, 59.854979674061234, 3.700000047683716 ], [ 17.647481842261694, 59.855212221935673, 4.159999847412109 ], [ 17.647398331990527, 59.855258328363142, 4.21999979019165 ], [ 17.64737144446978, 59.855273172410861, 4.300000190734863 ] ] } },
{ "type": "Feature", "properties": { }, "geometry": { "type": "LineString", "coordinates": [ [ 17.64737144446978, 59.855273172410861, 4.300000190734863 ], [ 17.646770474629285, 59.855604950664159, 4.369999885559082 ] ] } },
{ "type": "Feature", "properties": { }, "geometry": { "type": "LineString", "coordinates": [ [ 17.646770474629285, 59.855604950664159, 4.369999885559082 ], [ 17.646724132839303, 59.855630534255113, 4.329999923706055 ], [ 17.646691138412255, 59.855643146673316, 4.28000020980835 ], [ 17.646669458648709, 59.855646544875455, 4.28000020980835 ], [ 17.646645274295341, 59.85564530380023, 4.260000228881836 ], [ 17.64662217922135, 59.855639443973601, 4.260000228881836 ], [ 17.646584148563925, 59.855623805673773, 4.260000228881836 ] ] } },
{ "type": "Feature", "properties": { }, "geometry": { "type": "LineString", "coordinates": [ [ 17.644297485934988, 59.855763494178667, 5.159999847412109 ], [ 17.644316342494623, 59.855772937158363, 5.199999809265137 ], [ 17.644332536726573, 59.855781048861452, 5.190000057220459 ], [ 17.645044910773358, 59.856007633176347, 4.880000114440918 ] ] } },
{ "type": "Feature", "properties": { }, "geometry": { "type": "LineString", "coordinates": [ [ 17.645044910773358, 59.856007633176347, 4.880000114440918 ], [ 17.645137492384485, 59.856037080031378, 4.78000020980835 ], [ 17.645184866116075, 59.856074601522963, 4.599999904632568 ], [ 17.64559210160661, 59.856203622367104, 4.21999979019165 ], [ 17.645631599106423, 59.856215112872476, 4.21999979019165 ], [ 17.645660988709114, 59.856214450746144, 4.21999979019165 ], [ 17.645755888805823, 59.85616399727018, 4.300000190734863 ] ] } },
{ "type": "Feature", "properties": { }, "geometry": { "type": "LineString", "coordinates": [ [ 17.645755888805823, 59.85616399727018, 4.300000190734863 ], [ 17.645789697122993, 59.856146023082488, 4.320000171661377 ], [ 17.646358917092812, 59.855833165073093, 4.400000095367432 ] ] } },
{ "type": "Feature", "properties": { }, "geometry": { "type": "LineString", "coordinates": [ [ 17.646358917092812, 59.855833165073093, 4.400000095367432 ], [ 17.646377923519569, 59.855822718506928, 4.329999923706055 ], [ 17.646507527832309, 59.855750838728305, 4.289999961853027 ], [ 17.64652335286813, 59.855738821420076, 4.25 ], [ 17.646530117449423, 59.855724373801095, 4.25 ], [ 17.646526434112371, 59.85571050029867, 4.25 ], [ 17.64650924589478, 59.855696198824063, 4.269999980926514 ], [ 17.646478066303633, 59.85568155767168, 4.309999942779541 ] ] } },
{ "type": "Feature", "properties": { }, "geometry": { "type": "LineString", "coordinates": [ [ 17.646478066303633, 59.85568155767168, 4.309999942779541 ], [ 17.645820880784591, 59.855377946057374, 4.409999847412109 ] ] } },
{ "type": "Feature", "properties": { }, "geometry": { "type": "LineString", "coordinates": [ [ 17.645820880784591, 59.855377946057374, 4.409999847412109 ], [ 17.645345118285228, 59.855158144087795, 4.909999847412109 ] ] } },
{ "type": "Feature", "properties": { }, "geometry": { "type": "LineString", "coordinates": [ [ 17.645345118285228, 59.855158144087795, 4.909999847412109 ], [ 17.645321882373526, 59.855150809314615, 4.949999809265137 ], [ 17.64529875622215, 59.855149032796426, 4.989999771118164 ], [ 17.645264187479867, 59.855152825436896, 4.989999771118164 ], [ 17.645243987781932, 59.855162225229869, 4.96999979019165 ], [ 17.644717650582152, 59.85545081303399, 5.190000057220459 ] ] } },
{ "type": "Feature", "properties": { }, "geometry": { "type": "LineString", "coordinates": [ [ 17.644717650582152, 59.85545081303399, 5.190000057220459 ], [ 17.644383345595873, 59.855634106966946, 5.289999961853027 ], [ 17.64428673906605, 59.855687341171013, 5.300000190734863 ], [ 17.644264146065016, 59.855712256822827, 5.269999980926514 ], [ 17.644267313871747, 59.85574084490802, 5.210000038146973 ], [ 17.644297485934988, 59.855763494178667, 5.159999847412109 ] ] } },
{ "type": "Feature", "properties": { }, "geometry": { "type": "LineString", "coordinates": [ [ 17.646528466900055, 59.854247007117536, 4.289999961853027 ], [ 17.645874290647182, 59.853941770673252, 4.690000057220459 ] ] } },
{ "type": "Feature", "properties": { }, "geometry": { "type": "LineString", "coordinates": [ [ 17.645874290647182, 59.853941770673252, 4.690000057220459 ], [ 17.645220126370017, 59.853636530884074, 4.46999979019165 ] ] } },
{ "type": "Feature", "properties": { }, "geometry": { "type": "LineString", "coordinates": [ [ 17.645220126370017, 59.853636530884074, 4.46999979019165 ], [ 17.644820582363071, 59.853450095141291, 4.130000114440918 ], [ 17.644792163095236, 59.853442671727095, 4.119999885559082 ], [ 17.644762332467021, 59.853439480922084, 4.170000076293945 ], [ 17.644735894533689, 59.853440504706519, 4.170000076293945 ], [ 17.644712271370341, 59.853447125182264, 4.199999809265137 ], [ 17.644691910461564, 59.853458355459324, 4.239999771118164 ], [ 17.644571952970008, 59.853539479868239, 4.300000190734863 ] ] } },
{ "type": "Feature", "properties": { }, "geometry": { "type": "LineString", "coordinates": [ [ 17.644571952970008, 59.853539479868239, 4.300000190734863 ], [ 17.644039415670292, 59.853899616190631, 3.880000114440918 ] ] } },
{ "type": "Feature", "properties": { }, "geometry": { "type": "LineString", "coordinates": [ [ 17.644039415670292, 59.853899616190631, 3.880000114440918 ], [ 17.643596702721929, 59.85419899995329, 4.050000190734863 ], [ 17.643588219917117, 59.854208528186831, 4.03000020980835 ], [ 17.643586992324437, 59.854221907945202, 3.990000009536743 ], [ 17.64359147292587, 59.854232389250733, 3.970000028610229 ], [ 17.643603187262823, 59.854241354774992, 3.980000019073486 ], [ 17.643647105896203, 59.854262283520967, 4.099999904632568 ] ] } },
{ "type": "Feature", "properties": { }, "geometry": { "type": "LineString", "coordinates": [ [ 17.643647105896203, 59.854262283520967, 4.099999904632568 ], [ 17.643815463266595, 59.854342511240638, 4.110000133514404 ], [ 17.64430180659954, 59.854567223928896, 4.369999885559082 ] ] } },
{ "type": "Feature", "properties": { }, "geometry": { "type": "LineString", "coordinates": [ [ 17.64430180659954, 59.854567223928896, 4.369999885559082 ], [ 17.644958953801044, 59.854870848009071, 4.579999923706055 ] ] } },
{ "type": "Feature", "properties": { }, "geometry": { "type": "LineString", "coordinates": [ [ 17.644958953801044, 59.854870848009071, 4.579999923706055 ], [ 17.645221516512006, 59.854992158311724, 4.739999771118164 ], [ 17.645271026750017, 59.855003526189343, 4.739999771118164 ], [ 17.645298444972891, 59.855001383366961, 4.75 ], [ 17.645326143352531, 59.854991868540928, 4.739999771118164 ], [ 17.645608510885868, 59.854835424492641, 4.900000095367432 ] ] } },
{ "type": "Feature", "properties": { }, "geometry": { "type": "LineString", "coordinates": [ [ 17.645608510885868, 59.854835424492641, 4.900000095367432 ], [ 17.646208295955383, 59.854503110320422, 4.659999847412109 ] ] } },
{ "type": "Feature", "properties": { }, "geometry": { "type": "LineString", "coordinates": [ [ 17.646208295955383, 59.854503110320422, 4.659999847412109 ], [ 17.646437492194757, 59.854376120447533, 4.460000038146973 ], [ 17.646558803247011, 59.85430878285166, 4.400000095367432 ], [ 17.646572782214669, 59.85429930093207, 4.349999904632568 ], [ 17.646578335323916, 59.854288446643054, 4.420000076293945 ], [ 17.646575384735414, 59.854275036650129, 4.329999923706055 ], [ 17.646557818718687, 59.854261163925379, 4.300000190734863 ], [ 17.646528466900055, 59.854247007117536, 4.289999961853027 ] ] } },
{ "type": "Feature", "properties": { }, "geometry": { "type": "LineString", "coordinates": [ [ 17.638521527534902, 59.857545842508507, 4.989999771118164 ], [ 17.638580101803065, 59.85756688620534, 5.099999904632568 ], [ 17.638667499208427, 59.857598285813609, 5.210000038146973 ], [ 17.639246234649562, 59.857807732384593, 6.699999809265137 ], [ 17.639246234649562, 59.857807732384593, 6.699999809265137 ] ] } },
{ "type": "Feature", "properties": { }, "geometry": { "type": "LineString", "coordinates": [ [ 17.639246234649562, 59.857807732384593, 6.699999809265137 ], [ 17.63989374113774, 59.858042061271604, 7.849999904632568 ], [ 17.639963997891609, 59.858073980547168, 8.109999656677246 ] ] } },
{ "type": "Feature", "properties": { }, "geometry": { "type": "LineString", "coordinates": [ [ 17.639963997891609, 59.858073980547168, 8.109999656677246 ], [ 17.639992784909147, 59.858087059129268, 8.210000038146973 ], [ 17.640626222109077, 59.858374839499014, 7.699999809265137 ] ] } },
{ "type": "Feature", "properties": { }, "geometry": { "type": "LineString", "coordinates": [ [ 17.640626222109077, 59.858374839499014, 7.699999809265137 ], [ 17.64065500964595, 59.858387917932255, 7.800000190734863 ], [ 17.641288458273628, 59.858675695026406, 6.760000228881836 ] ] } },
{ "type": "Feature", "properties": { }, "geometry": { "type": "LineString", "coordinates": [ [ 17.641288458273628, 59.858675695026406, 6.760000228881836 ], [ 17.641317246329862, 59.858688773310789, 6.78000020980835 ], [ 17.641438098316954, 59.858747773067577, 6.880000114440918 ], [ 17.641940544699004, 59.858982081096393, 6.46999979019165 ] ] } },
{ "type": "Feature", "properties": { }, "geometry": { "type": "LineString", "coordinates": [ [ 17.641940544699004, 59.858982081096393, 6.46999979019165 ], [ 17.64196142718394, 59.858991819203354, 6.460000038146973 ], [ 17.64196930311229, 59.858995170137156, 6.460000038146973 ], [ 17.642217844537871, 59.859100915282617, 6.320000171661377 ], [ 17.642217848437966, 59.859100917612096, 6.320000171661377 ], [ 17.64229316341336, 59.859101732739546, 6.289999961853027 ], [ 17.64251322172937, 59.859197017894495, 6.170000076293945 ] ] } },
{ "type": "Feature", "properties": { }, "geometry": { "type": "LineString", "coordinates": [ [ 17.642576748750791, 59.859164299911463, 6.150000095367432 ], [ 17.642652864339848, 59.859122385320426, 6.099999904632568 ], [ 17.643178538524538, 59.858832868047863, 6.119999885559082 ] ] } },
{ "type": "Feature", "properties": { }, "geometry": { "type": "LineString", "coordinates": [ [ 17.643178538524538, 59.858832868047863, 6.119999885559082 ], [ 17.643359156958613, 59.858733390050851, 5.889999866485596 ] ] } },
{ "type": "Feature", "properties": { }, "geometry": { "type": "LineString", "coordinates": [ [ 17.643821982325036, 59.858706285546027, 5.710000038146973 ], [ 17.644226026309482, 59.858871607253633, 6.269999980926514 ] ] } },
{ "type": "Feature", "properties": { }, "geometry": { "type": "LineString", "coordinates": [ [ 17.643125401338182, 59.859189223559078, 6.159999847412109 ], [ 17.643114916519046, 59.859195565588308, 6.139999866485596 ], [ 17.643080331037442, 59.859203076798138, 6.059999942779541 ], [ 17.643015018223739, 59.859224096109941, 6.159999847412109 ], [ 17.642955535698317, 59.859253328301399, 6.239999771118164 ], [ 17.642508678145628, 59.859509544044407, 6.230000019073486 ] ] } },
{ "type": "Feature", "properties": { }, "geometry": { "type": "LineString", "coordinates": [ [ 17.642508678145628, 59.859509544044407, 6.230000019073486 ], [ 17.642286382425883, 59.859637000235978, 6.329999923706055 ] ] } },
{ "type": "Feature", "properties": { }, "geometry": { "type": "LineString", "coordinates": [ [ 17.644987614321956, 59.85805299387718, 5.28000020980835 ], [ 17.64483111982803, 59.858134970011108, 5.260000228881836 ], [ 17.644816903679047, 59.858148724972168, 5.329999923706055 ], [ 17.644814768155264, 59.858162180087319, 5.389999866485596 ], [ 17.644823012037612, 59.858176226094621, 5.409999847412109 ], [ 17.644837030901876, 59.858188207401554, 5.429999828338623 ] ] } },
{ "type": "Feature", "properties": { }, "geometry": { "type": "LineString", "coordinates": [ [ 17.64615990987236, 59.85773992339886, 5.519999980926514 ], [ 17.646219637643476, 59.857705088594493, 5.46999979019165 ], [ 17.646532844279694, 59.857522433995669, 5.460000038146973 ], [ 17.646742513939909, 59.857399940643312, 5.449999809265137 ] ] } },
{ "type": "Feature", "properties": { }, "geometry": { "type": "LineString", "coordinates": [ [ 17.646742513939909, 59.857399940643312, 5.449999809265137 ], [ 17.647228839156334, 59.857115814677982, 5.369999885559082 ] ] } },
{ "type": "Feature", "properties": { }, "geometry": { "type": "LineString", "coordinates": [ [ 17.644837030901876, 59.858188207401554, 5.429999828338623 ], [ 17.645112117387189, 59.858294574131428, 5.889999866485596 ], [ 17.645143544130207, 59.858301301812979, 5.929999828338623 ], [ 17.645180871752878, 59.858304391893284, 5.929999828338623 ], [ 17.64521565079577, 59.858298418018968, 5.940000057220459 ], [ 17.645238734804771, 59.858288838949377, 5.909999847412109 ], [ 17.645388236716869, 59.858194111726171, 5.960000038146973 ] ] } },
{ "type": "Feature", "properties": { }, "geometry": { "type": "LineString", "coordinates": [ [ 17.645388236716869, 59.858194111726171, 5.960000038146973 ], [ 17.645415286209555, 59.858176701112534, 5.929999828338623 ], [ 17.64545331489397, 59.858154394472997, 5.920000076293945 ], [ 17.64596757011838, 59.857852742898466, 5.639999866485596 ] ] } },
{ "type": "Feature", "properties": { }, "geometry": { "type": "LineString", "coordinates": [ [ 17.64596757011838, 59.857852742898466, 5.639999866485596 ], [ 17.646013673630261, 59.857825699161339, 5.570000171661377 ], [ 17.646114521800651, 59.857766539632131, 5.559999942779541 ], [ 17.64615990987236, 59.85773992339886, 5.519999980926514 ] ] } },
{ "type": "Feature", "properties": { }, "geometry": { "type": "LineString", "coordinates": [ [ 17.647084408956708, 59.856932504416172, 4.440000057220459 ], [ 17.647057887434826, 59.856933223379706, 4.380000114440918 ], [ 17.647036253127045, 59.856935778438121, 4.409999847412109 ], [ 17.646465741130033, 59.857248328912497, 4.699999809265137 ] ] } },
{ "type": "Feature", "properties": { }, "geometry": { "type": "LineString", "coordinates": [ [ 17.646465741130033, 59.857248328912497, 4.699999809265137 ], [ 17.645892673058402, 59.857562271384523, 4.960000038146973 ] ] } },
{ "type": "Feature", "properties": { }, "geometry": { "type": "LineString", "coordinates": [ [ 17.645892673058402, 59.857562271384523, 4.960000038146973 ], [ 17.645812132174694, 59.857607153507949, 5.039999961853027 ], [ 17.645686465253764, 59.857677168838883, 5.070000171661377 ], [ 17.645294725316514, 59.857895447235521, 5.179999828338623 ] ] } },
{ "type": "Feature", "properties": { }, "geometry": { "type": "LineString", "coordinates": [ [ 17.645294725316514, 59.857895447235521, 5.179999828338623 ], [ 17.645073009985584, 59.85801898575923, 5.269999980926514 ], [ 17.644987614321956, 59.85805299387718, 5.28000020980835 ] ] } },
{ "type": "Feature", "properties": { }, "geometry": { "type": "LineString", "coordinates": [ [ 17.650455438722663, 59.855902068163658, 5.699999809265137 ], [ 17.650488918080502, 59.855876653784776, 5.630000114440918 ], [ 17.65049917887638, 59.855847702565654, 5.639999866485596 ], [ 17.650491129554567, 59.855821382803143, 5.510000228881836 ], [ 17.650469680926282, 59.855803384494557, 5.440000057220459 ], [ 17.650434373234411, 59.855799926922529, 5.400000095367432 ], [ 17.650407049942324, 59.855794524068457, 5.360000133514404 ], [ 17.650265579126515, 59.855727856128276, 5.179999828338623 ], [ 17.650258179438364, 59.855716712864933, 5.159999847412109 ], [ 17.650252295747414, 59.855703676066298, 5.159999847412109 ], [ 17.649982192296669, 59.855576874191563, 4.809999942779541 ] ] } },
{ "type": "Feature", "properties": { }, "geometry": { "type": "LineString", "coordinates": [ [ 17.649982192296669, 59.855576874191563, 4.809999942779541 ], [ 17.649735223411284, 59.855460931650285, 4.210000038146973 ] ] } },
{ "type": "Feature", "properties": { }, "geometry": { "type": "LineString", "coordinates": [ [ 17.648110293121668, 59.856333322788991, 4.599999904632568 ], [ 17.648768307235329, 59.856636489943774, 5.559999942779541 ] ] } },
{ "type": "Feature", "properties": { }, "geometry": { "type": "LineString", "coordinates": [ [ 17.648768307235329, 59.856636489943774, 5.559999942779541 ], [ 17.64902043595788, 59.856752650972723, 5.880000114440918 ], [ 17.649048045242008, 59.856758997714579, 5.949999809265137 ], [ 17.649077142587267, 59.856758419230324, 6.090000152587891 ], [ 17.649110961705766, 59.856754747762061, 6.199999809265137 ], [ 17.649140570357062, 59.856744322861175, 6.190000057220459 ], [ 17.649424153457819, 59.85658834690291, 6.179999828338623 ] ] } },
{ "type": "Feature", "properties": { }, "geometry": { "type": "LineString", "coordinates": [ [ 17.649424153457819, 59.85658834690291, 6.179999828338623 ], [ 17.649575765131225, 59.85650495683111, 6.130000114440918 ], [ 17.649612391432637, 59.856477894717202, 6.28000020980835 ], [ 17.649644635467105, 59.856448836525679, 6.03000020980835 ], [ 17.649805571644873, 59.856282394228046, 5.519999980926514 ], [ 17.649849619037749, 59.856247937604799, 5.599999904632568 ], [ 17.649882442092057, 59.85622372150727, 5.619999885559082 ], [ 17.649900575275019, 59.856212488518914, 5.760000228881836 ] ] } },
{ "type": "Feature", "properties": { }, "geometry": { "type": "LineString", "coordinates": [ [ 17.649900575275019, 59.856212488518914, 5.760000228881836 ], [ 17.649922923270577, 59.856198644560926, 5.670000076293945 ], [ 17.650455438722663, 59.855902068163658, 5.699999809265137 ] ] } },
{ "type": "Feature", "properties": { }, "geometry": { "type": "LineString", "coordinates": [ [ 17.644928931455173, 59.853359407166231, 4.110000133514404 ], [ 17.644957142571634, 59.853374193963013, 4.090000152587891 ], [ 17.645581255380499, 59.853665591343173, 4.460000038146973 ] ] } },
{ "type": "Feature", "properties": { }, "geometry": { "type": "LineString", "coordinates": [ [ 17.645581255380499, 59.853665591343173, 4.460000038146973 ], [ 17.645657502079306, 59.853701190260296, 4.449999809265137 ] ] } },
{ "type": "Feature", "properties": { }, "geometry": { "type": "LineString", "coordinates": [ [ 17.644987614321956, 59.85805299387718, 5.28000020980835 ], [ 17.645388236716869, 59.858194111726171, 5.960000038146973 ] ] } },
{ "type": "Feature", "properties": { }, "geometry": { "type": "LineString", "coordinates": [ [ 17.642209673114557, 59.855138089231929, 4.309999942779541 ], [ 17.642964041393324, 59.855377809074163, 4.789999961853027 ] ] } },
{ "type": "Feature", "properties": { }, "geometry": { "type": "LineString", "coordinates": [ [ 17.642964041393324, 59.855377809074163, 4.789999961853027 ], [ 17.643718420459933, 59.855617524512105, 4.949999809265137 ] ] } },
{ "type": "Feature", "properties": { }, "geometry": { "type": "LineString", "coordinates": [ [ 17.643718420459933, 59.855617524512105, 4.949999809265137 ], [ 17.64394859714837, 59.855690665101044, 5.039999961853027 ], [ 17.643997364826316, 59.855697665681227, 5.050000190734863 ], [ 17.644058468547311, 59.855678957367594, 5.039999961853027 ], [ 17.644113522665698, 59.855647436592953, 5.059999942779541 ], [ 17.644395045213606, 59.855494482124747, 5.190000057220459 ] ] } },
{ "type": "Feature", "properties": { }, "geometry": { "type": "LineString", "coordinates": [ [ 17.644395045213606, 59.855494482124747, 5.190000057220459 ], [ 17.644938615967391, 59.855199148191183, 4.949999809265137 ], [ 17.645001089729238, 59.855165048762366, 4.980000019073486 ] ] } },
{ "type": "Feature", "properties": { }, "geometry": { "type": "LineString", "coordinates": [ [ 17.645001089729238, 59.855165048762366, 4.980000019073486 ], [ 17.645135242995035, 59.855091824893101, 4.809999942779541 ], [ 17.645168090907521, 59.855072477582574, 4.78000020980835 ], [ 17.645175581630404, 59.855055859783029, 4.75 ], [ 17.64514162363654, 59.855035863599639, 4.75 ] ] } },
{ "type": "Feature", "properties": { }, "geometry": { "type": "LineString", "coordinates": [ [ 17.643512335870291, 59.854292552752078, 4.059999942779541 ], [ 17.643484144045196, 59.854291669980533, 4.010000228881836 ], [ 17.64346202171027, 59.854295804621728, 4.03000020980835 ], [ 17.643443186097819, 59.85430434874015, 3.960000038146973 ], [ 17.642956571722081, 59.854633266519457, 4.190000057220459 ] ] } },
{ "type": "Feature", "properties": { }, "geometry": { "type": "LineString", "coordinates": [ [ 17.642956571722081, 59.854633266519457, 4.190000057220459 ], [ 17.642423849788308, 59.854993340407809, 4.25 ] ] } },
{ "type": "Feature", "properties": { }, "geometry": { "type": "LineString", "coordinates": [ [ 17.642423849788308, 59.854993340407809, 4.25 ], [ 17.642245871645699, 59.855113636022864, 4.409999847412109 ], [ 17.642209673114557, 59.855138089231929, 4.309999942779541 ], [ 17.642186152331789, 59.855155199951774, 4.269999980926514 ] ] } },
{ "type": "Feature", "properties": { }, "geometry": { "type": "LineString", "coordinates": [ [ 17.64514162363654, 59.855035863599639, 4.75 ], [ 17.644488003525513, 59.85473031726886, 4.480000019073486 ] ] } },
{ "type": "Feature", "properties": { }, "geometry": { "type": "LineString", "coordinates": [ [ 17.644488003525513, 59.85473031726886, 4.480000019073486 ], [ 17.64390582114768, 59.85445815824842, 4.239999771118164 ], [ 17.643832265337682, 59.854425959095792, 4.21999979019165 ] ] } },
{ "type": "Feature", "properties": { }, "geometry": { "type": "LineString", "coordinates": [ [ 17.643832265337682, 59.854425959095792, 4.21999979019165 ], [ 17.643605377123681, 59.854326637824251, 4.139999866485596 ], [ 17.643534806719483, 59.854298925299886, 4.059999942779541 ], [ 17.643512335870291, 59.854292552752078, 4.059999942779541 ] ] } },
{ "type": "Feature", "properties": { }, "geometry": { "type": "LineString", "coordinates": [ [ 17.648003994829324, 59.856393542959694, 4.699999809265137 ], [ 17.647970177112889, 59.856388070393166, 4.739999771118164 ], [ 17.647933976103662, 59.856395972334141, 4.739999771118164 ], [ 17.647393046753486, 59.856696390523894, 4.329999923706055 ], [ 17.64738529122539, 59.856700691185139, 4.21999979019165 ] ] } },
{ "type": "Feature", "properties": { }, "geometry": { "type": "LineString", "coordinates": [ [ 17.64738529122539, 59.856700691185139, 4.21999979019165 ], [ 17.647335640109794, 59.856728224106277, 4.260000228881836 ], [ 17.64732213706349, 59.856738410316851, 4.239999771118164 ], [ 17.647321899036523, 59.856753126433333, 4.300000190734863 ], [ 17.64732931539011, 59.856770086950007, 4.329999923706055 ], [ 17.647345114546404, 59.856784409128295, 4.409999847412109 ], [ 17.647393300486137, 59.856810728353956, 4.53000020980835 ], [ 17.647814782793681, 59.857043962897464, 5.71999979019165 ] ] } },
{ "type": "Feature", "properties": { }, "geometry": { "type": "LineString", "coordinates": [ [ 17.647814782793681, 59.857043962897464, 5.71999979019165 ], [ 17.647829233385064, 59.857051959300023, 5.75 ], [ 17.64797473485455, 59.857132474927738, 5.980000019073486 ], [ 17.647977360713394, 59.857168247513933, 5.949999809265137 ], [ 17.648117933253893, 59.857240796259838, 6.099999904632568 ], [ 17.648137783351334, 59.857245207879807, 6.099999904632568 ], [ 17.648171544868777, 59.857245078247679, 6.099999904632568 ], [ 17.648202185135546, 59.857239579418405, 6.070000171661377 ], [ 17.648231096748287, 59.857231674180035, 6.070000171661377 ], [ 17.648262611009208, 59.857219462346166, 5.989999771118164 ] ] } },
{ "type": "Feature", "properties": { }, "geometry": { "type": "LineString", "coordinates": [ [ 17.648262611009208, 59.857219462346166, 5.989999771118164 ], [ 17.648869659494249, 59.856890482804701, 6.260000228881836 ] ] } },
{ "type": "Feature", "properties": { }, "geometry": { "type": "LineString", "coordinates": [ [ 17.648869659494249, 59.856890482804701, 6.260000228881836 ], [ 17.648944163620499, 59.856850105932523, 6.260000228881836 ], [ 17.648953265993274, 59.856838002348006, 6.210000038146973 ], [ 17.648908994469359, 59.856813917598203, 6.119999885559082 ], [ 17.648400698407368, 59.856577814875038, 5.369999885559082 ] ] } },
{ "type": "Feature", "properties": { }, "geometry": { "type": "LineString", "coordinates": [ [ 17.648400698407368, 59.856577814875038, 5.369999885559082 ], [ 17.648003994829324, 59.856393542959694, 4.699999809265137 ] ] } },
{ "type": "Feature", "properties": { }, "geometry": { "type": "LineString", "coordinates": [ [ 17.647841047034611, 59.858518079375941, 2.210000038146973 ], [ 17.647166332172755, 59.858224325118861, 2.640000104904175 ] ] } },
{ "type": "Feature", "properties": { }, "geometry": { "type": "LineString", "coordinates": [ [ 17.647166332172755, 59.858224325118861, 2.640000104904175 ], [ 17.646514354324797, 59.85794046171241, 4.340000152587891 ], [ 17.64649162883023, 59.857930567519816, 4.409999847412109 ] ] } },
{ "type": "Feature", "properties": { }, "geometry": { "type": "LineString", "coordinates": [ [ 17.64649162883023, 59.857930567519816, 4.409999847412109 ], [ 17.646276749637963, 59.857837013242367, 5.28000020980835 ], [ 17.646198713180269, 59.857803035112887, 5.380000114440918 ], [ 17.646114521800651, 59.857766539632131, 5.559999942779541 ] ] } },
{ "type": "Feature", "properties": { }, "geometry": { "type": "LineString", "coordinates": [ [ 17.645536780060922, 59.858748957062367, 6.059999942779541 ], [ 17.645420422472927, 59.858877551697965, 6.050000190734863 ] ] } },
{ "type": "Feature", "properties": { }, "geometry": { "type": "LineString", "coordinates": [ [ 17.646447331383214, 59.85797686377709, 5.119999885559082 ], [ 17.645882562966595, 59.858283643289852, 6.079999923706055 ], [ 17.645918529441154, 59.858302392636418, 6.070000171661377 ], [ 17.645923938131119, 59.858306214593014, 6.050000190734863 ] ] } },
{ "type": "Feature", "properties": { }, "geometry": { "type": "LineString", "coordinates": [ [ 17.645923938131119, 59.858306214593014, 6.050000190734863 ], [ 17.645951079414868, 59.85832539349181, 6.079999923706055 ], [ 17.64596549311166, 59.858341014240878, 6.079999923706055 ], [ 17.645976248382837, 59.858357536533262, 6.090000152587891 ], [ 17.64599780025328, 59.858386925653797, 6.059999942779541 ], [ 17.646012060299611, 59.858417210839697, 6.110000133514404 ], [ 17.646013597712347, 59.858443790217642, 6.110000133514404 ], [ 17.646007868165341, 59.858468524190428, 6.119999885559082 ], [ 17.645989327077089, 59.858498719270592, 6.110000133514404 ], [ 17.645965355497719, 59.858525233259414, 6.130000114440918 ], [ 17.645924939109488, 59.858556289204451, 6.110000133514404 ], [ 17.645882790829901, 59.858579092788112, 6.130000114440918 ], [ 17.645682674414193, 59.858687294133617, 6.090000152587891 ] ] } },
{ "type": "Feature", "properties": { }, "geometry": { "type": "LineString", "coordinates": [ [ 17.645682674414193, 59.858687294133617, 6.090000152587891 ], [ 17.645668676142304, 59.858694862849859, 6.130000114440918 ], [ 17.645584123671579, 59.858734100782677, 6.079999923706055 ], [ 17.645536780060922, 59.858748957062367, 6.059999942779541 ], [ 17.645492792604802, 59.858754930503245, 6.050000190734863 ], [ 17.645441749573674, 59.858756627341151, 6.050000190734863 ], [ 17.645387105232405, 59.858754649113223, 5.96999979019165 ], [ 17.645303406765766, 59.858743425807681, 6.03000020980835 ], [ 17.645214383418807, 59.858718440424752, 5.960000038146973 ], [ 17.645143585695017, 59.858693502728642, 5.96999979019165 ], [ 17.644962250755469, 59.858604160604315, 5.769999980926514 ] ] } },
{ "type": "Feature", "properties": { }, "geometry": { "type": "LineString", "coordinates": [ [ 17.64563221041324, 59.858227303413535, 5.880000114440918 ], [ 17.645686874006746, 59.858230858628652, 5.96999979019165 ], [ 17.645733108330123, 59.858239222921235, 5.989999771118164 ], [ 17.645787084077842, 59.858250822116105, 6.039999961853027 ], [ 17.645841020893503, 59.858265291528348, 6.039999961853027 ], [ 17.645882562966595, 59.858283643289852, 6.079999923706055 ] ] } },
{ "type": "Feature", "properties": { }, "geometry": { "type": "LineString", "coordinates": [ [ 17.644137013650816, 59.85314549873906, 2.589999914169312 ], [ 17.644609176620413, 59.853338672735603, 4.079999923706055 ], [ 17.644618075874103, 59.853349272223014, 4.130000114440918 ], [ 17.644614302529607, 59.853360947216075, 4.099999904632568 ], [ 17.644550146302677, 59.853404428778063, 4.159999847412109 ] ] } },
{ "type": "Feature", "properties": { }, "geometry": { "type": "LineString", "coordinates": [ [ 17.634786034598054, 59.860791571538506, 9.069999694824219 ], [ 17.634737616456949, 59.860770034816881, 9.060000419616699 ], [ 17.634485252154928, 59.8606577741634, 8.649999618530273 ], [ 17.634118000959702, 59.860493951632996, 8.039999961853027 ] ] } },
{ "type": "Feature", "properties": { }, "geometry": { "type": "LineString", "coordinates": [ [ 17.634118000959702, 59.860493951632996, 8.039999961853027 ], [ 17.633959768300503, 59.860423366768281, 7.5 ], [ 17.633819924323952, 59.860358982904991, 7.179999828338623 ] ] } },
{ "type": "Feature", "properties": { }, "geometry": { "type": "LineString", "coordinates": [ [ 17.632419091772476, 59.860939086272815, 6.550000190734863 ], [ 17.632471734910553, 59.860869966385806, 6.610000133514404 ], [ 17.632553371436668, 59.860782635995399, 6.210000038146973 ], [ 17.632618435424341, 59.860707892787389, 6.650000095367432 ], [ 17.632772247736511, 59.860526999546046, 6.670000076293945 ] ] } },
{ "type": "Feature", "properties": { }, "geometry": { "type": "LineString", "coordinates": [ [ 17.632772247736511, 59.860526999546046, 6.670000076293945 ], [ 17.632787025132227, 59.860509620260316, 6.670000076293945 ], [ 17.632972508752136, 59.86031739086107, 6.519999980926514 ], [ 17.633103719942746, 59.860198025676262, 6.630000114440918 ], [ 17.633191244844056, 59.860132297721897, 6.739999771118164 ] ] } },
{ "type": "Feature", "properties": { }, "geometry": { "type": "LineString", "coordinates": [ [ 17.631904832094968, 59.86230428726212, 7.289999961853027 ], [ 17.631918306558074, 59.862340028605573, 7.320000171661377 ], [ 17.631881906031275, 59.862423845905802, 7.239999771118164 ] ] } },
{ "type": "Feature", "properties": { }, "geometry": { "type": "LineString", "coordinates": [ [ 17.636197880859623, 59.864171932451306, 5.340000152587891 ], [ 17.636003038617378, 59.864091135574945, 6.050000190734863 ], [ 17.635885517628573, 59.864033587356616, 6.46999979019165 ], [ 17.635823649316578, 59.863991570358088, 6.820000171661377 ], [ 17.63577106975201, 59.863924691569146, 7.300000190734863 ], [ 17.63576757391349, 59.863911813381144, 7.289999961853027 ], [ 17.635761789620446, 59.863890472615211, 7.360000133514404 ], [ 17.635765647157044, 59.86387510595884, 7.409999847412109 ], [ 17.635771457034686, 59.86386324061904, 7.440000057220459 ] ] } },
{ "type": "Feature", "properties": { }, "geometry": { "type": "LineString", "coordinates": [ [ 17.636483436477906, 59.864288621939465, 5.300000190734863 ], [ 17.637125928810072, 59.864530954893098, 6.699999809265137 ] ] } },
{ "type": "Feature", "properties": { }, "geometry": { "type": "LineString", "coordinates": [ [ 17.637125928810072, 59.864530954893098, 6.699999809265137 ], [ 17.637340037114885, 59.864438483736336, 7.420000076293945 ] ] } },
{ "type": "Feature", "properties": { }, "geometry": { "type": "LineString", "coordinates": [ [ 17.637340037114885, 59.864438483736336, 7.420000076293945 ], [ 17.63749736242724, 59.86430551438886, 7.710000038146973 ] ] } },
{ "type": "Feature", "properties": { }, "geometry": { "type": "LineString", "coordinates": [ [ 17.636483436477906, 59.864288621939465, 5.300000190734863 ], [ 17.636197880859623, 59.864171932451306, 5.340000152587891 ] ] } },
{ "type": "Feature", "properties": { }, "geometry": { "type": "LineString", "coordinates": [ [ 17.632396387369727, 59.862489501782449, 7.179999828338623 ], [ 17.63227519758804, 59.862470761284399, 7.340000152587891 ], [ 17.63218658612659, 59.862460298780235, 7.269999980926514 ], [ 17.632096865120456, 59.862468659653494, 7.289999961853027 ] ] } },
{ "type": "Feature", "properties": { }, "geometry": { "type": "LineString", "coordinates": [ [ 17.633844329688245, 59.860065283288613, 7.300000190734863 ], [ 17.633729124971161, 59.860028708168159, 6.989999771118164 ] ] } },
{ "type": "Feature", "properties": { }, "geometry": { "type": "LineString", "coordinates": [ [ 17.63423557756742, 59.859551711323178, 6.820000171661377 ], [ 17.634411765547057, 59.859649329555431, 7.429999828338623 ] ] } },
{ "type": "Feature", "properties": { }, "geometry": { "type": "LineString", "coordinates": [ [ 17.636136171380237, 59.85869742639705, 8.340000152587891 ], [ 17.636751328291357, 59.858372265649933, 6.800000190734863 ] ] } },
{ "type": "Feature", "properties": { }, "geometry": { "type": "LineString", "coordinates": [ [ 17.636751328291357, 59.858372265649933, 6.800000190734863 ], [ 17.637366473199748, 59.858047102095036, 6.539999961853027 ] ] } },
{ "type": "Feature", "properties": { }, "geometry": { "type": "LineString", "coordinates": [ [ 17.637366473199748, 59.858047102095036, 6.539999961853027 ], [ 17.637413904709458, 59.858022029576532, 6.429999828338623 ], [ 17.63744056856979, 59.858007362208767, 6.570000171661377 ], [ 17.637453783781371, 59.857998810275902, 6.610000133514404 ], [ 17.637457083391297, 59.857989493405739, 6.610000133514404 ], [ 17.637452049207646, 59.857978951628141, 6.630000114440918 ], [ 17.637440513431823, 59.857966413023128, 6.480000019073486 ], [ 17.637238515133635, 59.857877688750968, 6.519999980926514 ], [ 17.63720245578277, 59.857872308300031, 6.489999771118164 ], [ 17.637163854607664, 59.857876108174153, 6.420000076293945 ] ] } },
{ "type": "Feature", "properties": { }, "geometry": { "type": "LineString", "coordinates": [ [ 17.637457561308086, 59.857747779320931, 6.119999885559082 ], [ 17.637414091477766, 59.857771220473055, 6.380000114440918 ], [ 17.637410602683165, 59.857782132891082, 6.440000057220459 ], [ 17.637668572913206, 59.857902905231818, 6.559999942779541 ] ] } },
{ "type": "Feature", "properties": { }, "geometry": { "type": "LineString", "coordinates": [ [ 17.639384832924009, 59.858716181092532, 8.130000114440918 ], [ 17.640050035587759, 59.859015380288611, 7.889999866485596 ] ] } },
{ "type": "Feature", "properties": { }, "geometry": { "type": "LineString", "coordinates": [ [ 17.640050035587759, 59.859015380288611, 7.889999866485596 ], [ 17.640272107690102, 59.859115263364295, 7.829999923706055 ], [ 17.640359684130306, 59.859147854427256, 7.829999923706055 ], [ 17.640441632517092, 59.859178345571628, 7.739999771118164 ] ] } },
{ "type": "Feature", "properties": { }, "geometry": { "type": "LineString", "coordinates": [ [ 17.637853192290699, 59.857989171938691, 6.75 ], [ 17.637847524378838, 59.858000356453985, 6.769999980926514 ], [ 17.637850462704407, 59.858011404185575, 6.78000020980835 ], [ 17.637859937979375, 59.858021421534055, 6.789999961853027 ], [ 17.638467078198961, 59.858302529341302, 8.229999542236328 ] ] } },
{ "type": "Feature", "properties": { }, "geometry": { "type": "LineString", "coordinates": [ [ 17.638467078198961, 59.858302529341302, 8.229999542236328 ], [ 17.638587584130299, 59.858358323055519, 8.439999580383301 ] ] } },
{ "type": "Feature", "properties": { }, "geometry": { "type": "LineString", "coordinates": [ [ 17.640239890469338, 59.859216640120998, 7.829999923706055 ], [ 17.64017465102744, 59.859186149193029, 7.860000133514404 ], [ 17.639579134180224, 59.858914961470383, 8.039999961853027 ] ] } },
{ "type": "Feature", "properties": { }, "geometry": { "type": "LineString", "coordinates": [ [ 17.639579134180224, 59.858914961470383, 8.039999961853027 ], [ 17.639273745888147, 59.858775890318441, 8.25 ], [ 17.639230201139203, 59.858755813597632, 8.25 ] ] } },
{ "type": "Feature", "properties": { }, "geometry": { "type": "LineString", "coordinates": [ [ 17.638486666110857, 59.858413009665554, 8.619999885559082 ], [ 17.637810586548643, 59.858120050257817, 7.139999866485596 ] ] } },
{ "type": "Feature", "properties": { }, "geometry": { "type": "LineString", "coordinates": [ [ 17.637810586548643, 59.858120050257817, 7.139999866485596 ], [ 17.637759559537564, 59.858097938833787, 6.960000038146973 ], [ 17.637678326241645, 59.858086625642031, 6.829999923706055 ] ] } },
{ "type": "Feature", "properties": { }, "geometry": { "type": "LineString", "coordinates": [ [ 17.640092067840264, 59.856548118632823, 5.03000020980835 ], [ 17.640155843337162, 59.856575212696924, 5.059999942779541 ], [ 17.640191341330844, 59.856577605653797, 5.170000076293945 ], [ 17.640235323175585, 59.856580363767272, 5.25 ], [ 17.640276062925629, 59.856582130486402, 5.340000152587891 ], [ 17.640319525295233, 59.856579866746749, 5.380000114440918 ], [ 17.640352934810331, 59.856572551132771, 5.400000095367432 ], [ 17.640389360577036, 59.856559500342875, 5.380000114440918 ], [ 17.640451226441016, 59.856529236420741, 5.420000076293945 ] ] } },
{ "type": "Feature", "properties": { }, "geometry": { "type": "LineString", "coordinates": [ [ 17.64768427415477, 59.857639659630308, 6.400000095367432 ], [ 17.647559076681162, 59.857582411864655, 6.179999828338623 ], [ 17.647187374859726, 59.85741245264461, 5.619999885559082 ], [ 17.647059391800525, 59.857353932788058, 5.420000076293945 ], [ 17.647027900711496, 59.857372060922543, 5.429999828338623 ] ] } },
{ "type": "Feature", "properties": { }, "geometry": { "type": "LineString", "coordinates": [ [ 17.647027900711496, 59.857372060922543, 5.429999828338623 ], [ 17.646835095074529, 59.857483050667689, 5.429999828338623 ], [ 17.646546856149914, 59.857648965150403, 5.329999923706055 ], [ 17.646563908719479, 59.857671727833178, 5.329999923706055 ] ] } },
{ "type": "Feature", "properties": { }, "geometry": { "type": "LineString", "coordinates": [ [ 17.646835095074529, 59.857483050667689, 5.429999828338623 ], [ 17.647222686676542, 59.857650464252295, 5.730000019073486 ] ] } },
{ "type": "Feature", "properties": { }, "geometry": { "type": "LineString", "coordinates": [ [ 17.647187374859726, 59.85741245264461, 5.619999885559082 ], [ 17.647245648220135, 59.857379495332367, 5.510000228881836 ] ] } },
{ "type": "Feature", "properties": { }, "geometry": { "type": "LineString", "coordinates": [ [ 17.647287300014352, 59.857356786917251, 5.5 ], [ 17.647351469792692, 59.857323197030162, 5.550000190734863 ] ] } },
{ "type": "Feature", "properties": { }, "geometry": { "type": "LineString", "coordinates": [ [ 17.647388860072788, 59.857302658576209, 5.550000190734863 ], [ 17.647451003278842, 59.857267089357045, 5.579999923706055 ] ] } },
{ "type": "Feature", "properties": { }, "geometry": { "type": "LineString", "coordinates": [ [ 17.647489813008725, 59.857244459452453, 5.590000152587891 ], [ 17.647544485624866, 59.857212116909935, 5.610000133514404 ] ] } },
{ "type": "Feature", "properties": { }, "geometry": { "type": "LineString", "coordinates": [ [ 17.647585536580227, 59.857188471131757, 5.559999942779541 ], [ 17.647651525284111, 59.857151511075671, 5.670000076293945 ] ] } },
{ "type": "Feature", "properties": { }, "geometry": { "type": "LineString", "coordinates": [ [ 17.649864547514458, 59.855390517370303, 4.510000228881836 ], [ 17.649933548626848, 59.855425660262405, 4.71999979019165 ] ] } },
{ "type": "Feature", "properties": { }, "geometry": { "type": "LineString", "coordinates": [ [ 17.649933548626848, 59.855425660262405, 4.71999979019165 ], [ 17.650591367293782, 59.855728924673727, 5.519999980926514 ] ] } },
{ "type": "Feature", "properties": { }, "geometry": { "type": "LineString", "coordinates": [ [ 17.650591367293782, 59.855728924673727, 5.519999980926514 ], [ 17.65062770214163, 59.855745675331981, 5.579999923706055 ], [ 17.650700557459285, 59.855805437589346, 5.760000228881836 ], [ 17.650708253800534, 59.855843991787957, 5.849999904632568 ], [ 17.650668698302994, 59.855896138933737, 5.889999866485596 ] ] } },
{ "type": "Feature", "properties": { }, "geometry": { "type": "LineString", "coordinates": [ [ 17.650277664595865, 59.855108950950964, 5.010000228881836 ], [ 17.649847565803157, 59.85533611820604, 4.389999866485596 ], [ 17.649838706733039, 59.855374049262146, 4.440000057220459 ], [ 17.649864547514458, 59.855390517370303, 4.510000228881836 ] ] } },
{ "type": "Feature", "properties": { }, "geometry": { "type": "LineString", "coordinates": [ [ 17.650935832394332, 59.854747270621701, 4.849999904632568 ], [ 17.650756422915272, 59.854829651533066, 5.119999885559082 ], [ 17.650419500449381, 59.855017062972294, 5.119999885559082 ], [ 17.650335206797283, 59.855077675065395, 5.050000190734863 ] ] } },
{ "type": "Feature", "properties": { }, "geometry": { "type": "LineString", "coordinates": [ [ 17.650335206797283, 59.855077675065395, 5.050000190734863 ], [ 17.650330577361636, 59.855081003894021, 5.050000190734863 ], [ 17.650277664595865, 59.855108950950964, 5.010000228881836 ] ] } },
{ "type": "Feature", "properties": { }, "geometry": { "type": "LineString", "coordinates": [ [ 17.645331001960948, 59.852910836155203, 4.440000057220459 ], [ 17.645603654204248, 59.852879530585021, 4.940000057220459 ], [ 17.645935266101677, 59.852849558824332, 4.940000057220459 ], [ 17.646097687483497, 59.852843652345733, 4.579999923706055 ], [ 17.646210425876362, 59.852845302488795, 4.519999980926514 ] ] } },
{ "type": "Feature", "properties": { }, "geometry": { "type": "LineString", "coordinates": [ [ 17.646210425876362, 59.852845302488795, 4.519999980926514 ], [ 17.646291634283031, 59.852846491069968, 4.550000190734863 ], [ 17.646589308061039, 59.852864881591252, 4.590000152587891 ], [ 17.64691185675775, 59.852888031849361, 4.449999809265137 ], [ 17.647040866692866, 59.852894238305794, 4.570000171661377 ] ] } },
{ "type": "Feature", "properties": { }, "geometry": { "type": "LineString", "coordinates": [ [ 17.643297587562767, 59.854250140808084, 3.960000038146973 ], [ 17.643360410968725, 59.854206950777176, 3.920000076293945 ] ] } },
{ "type": "Feature", "properties": { }, "geometry": { "type": "LineString", "coordinates": [ [ 17.643315371855248, 59.854192465917905, 3.390000104904175 ], [ 17.643228182713113, 59.854164423169983, 2.740000009536743 ] ] } },
{ "type": "Feature", "properties": { }, "geometry": { "type": "LineString", "coordinates": [ [ 17.647224471384497, 59.854665049201031, 4.159999847412109 ], [ 17.647481388820239, 59.854662908020515, 4.28000020980835 ] ] } },
{ "type": "Feature", "properties": { }, "geometry": { "type": "LineString", "coordinates": [ [ 17.647233954629726, 59.854194488406954, 4.349999904632568 ], [ 17.647224050726578, 59.854070794057272, 4.699999809265137 ] ] } },
{ "type": "Feature", "properties": { }, "geometry": { "type": "LineString", "coordinates": [ [ 17.646958902999678, 59.854331522949494, 4.010000228881836 ], [ 17.64675630976382, 59.854327802553627, 4.349999904632568 ] ] } },
{ "type": "Feature", "properties": { }, "geometry": { "type": "LineString", "coordinates": [ [ 17.647451990834362, 59.854441358936747, 4.449999809265137 ], [ 17.647495893882102, 59.854415671411395, 4.46999979019165 ], [ 17.64752756152463, 59.854377531563493, 4.329999923706055 ], [ 17.647535800551683, 59.854337978569887, 4.28000020980835 ], [ 17.647527425054374, 59.854300294449132, 4.320000171661377 ], [ 17.647493731471805, 59.854262869784662, 4.340000152587891 ], [ 17.64744093398658, 59.854232432001048, 4.389999866485596 ], [ 17.64738827989115, 59.854212041559755, 4.409999847412109 ], [ 17.647318400518031, 59.85419815049049, 4.389999866485596 ], [ 17.647233954629726, 59.854194488406954, 4.349999904632568 ], [ 17.647157487962822, 59.854201237101421, 4.369999885559082 ], [ 17.64708655350433, 59.854219673530807, 4.28000020980835 ], [ 17.647054054273443, 59.854233465453291, 4.150000095367432 ] ] } },
{ "type": "Feature", "properties": { }, "geometry": { "type": "LineString", "coordinates": [ [ 17.647054054273443, 59.854233465453291, 4.150000095367432 ], [ 17.647027597949233, 59.854244692891555, 4.079999923706055 ], [ 17.646978626711071, 59.854287641839086, 3.970000028610229 ], [ 17.646958902999678, 59.854331522949494, 4.010000228881836 ], [ 17.646964977062723, 59.854373850227553, 4.090000152587891 ], [ 17.646987282401419, 59.854405922172205, 4.210000038146973 ], [ 17.647025259877971, 59.854434038561877, 4.119999885559082 ], [ 17.647079732306111, 59.854457761695286, 4.090000152587891 ], [ 17.647132156356481, 59.8544731174904, 4.110000133514404 ], [ 17.647199402747866, 59.854484106507286, 4.099999904632568 ], [ 17.647275430679038, 59.854486182000734, 4.130000114440918 ], [ 17.647357605457604, 59.854476427558701, 4.230000019073486 ], [ 17.647415272024041, 59.854459821082472, 4.340000152587891 ], [ 17.647429328763753, 59.854452753384948, 4.389999866485596 ] ] } },
{ "type": "Feature", "properties": { }, "geometry": { "type": "LineString", "coordinates": [ [ 17.647429328763753, 59.854452753384948, 4.389999866485596 ], [ 17.647451990834362, 59.854441358936747, 4.449999809265137 ] ] } },
{ "type": "Feature", "properties": { }, "geometry": { "type": "LineString", "coordinates": [ [ 17.647650703974197, 59.854535180273352, 4.400000095367432 ], [ 17.647451990834362, 59.854441358936747, 4.449999809265137 ] ] } },
{ "type": "Feature", "properties": { }, "geometry": { "type": "LineString", "coordinates": [ [ 17.647446108939668, 59.854646650746467, 4.199999809265137 ], [ 17.647650703974197, 59.854535180273352, 4.400000095367432 ], [ 17.647860997138672, 59.854420604021442, 4.349999904632568 ] ] } },
{ "type": "Feature", "properties": { }, "geometry": { "type": "LineString", "coordinates": [ [ 17.642286382425883, 59.859637000235978, 6.329999923706055 ], [ 17.642094499485371, 59.859764381055307, 6.409999847412109 ], [ 17.642079925025214, 59.859776294159424, 6.449999809265137 ], [ 17.642066684768682, 59.859787074101277, 6.429999828338623 ], [ 17.64206026781072, 59.859796860533152, 6.429999828338623 ], [ 17.642056837045661, 59.859809099581057, 6.409999847412109 ], [ 17.642061195988177, 59.859826100315587, 6.420000076293945 ] ] } },
{ "type": "Feature", "properties": { }, "geometry": { "type": "LineString", "coordinates": [ [ 17.635669085466727, 59.863864255299312, 7.519999980926514 ], [ 17.635437761858594, 59.864044737668287, 7.369999885559082 ] ] } },
{ "type": "Feature", "properties": { }, "geometry": { "type": "LineString", "coordinates": [ [ 17.643738132750663, 59.859327400528258, 6.550000190734863 ], [ 17.643721439655856, 59.859331269086574, 6.550000190734863 ], [ 17.643660598939071, 59.859343897471035, 6.599999904632568 ], [ 17.643513412175874, 59.859379031362792, 6.309999942779541 ], [ 17.643343602408656, 59.859416932090284, 6.340000152587891 ], [ 17.643307237738494, 59.859414671552599, 6.369999885559082 ], [ 17.643250895765906, 59.859387443922053, 6.380000114440918 ], [ 17.643105463718083, 59.859230243403807, 6.400000095367432 ] ] } },
{ "type": "Feature", "properties": { }, "geometry": { "type": "LineString", "coordinates": [ [ 17.643105463718083, 59.859230243403807, 6.400000095367432 ], [ 17.643080331037442, 59.859203076798138, 6.059999942779541 ] ] } },
{ "type": "Feature", "properties": { }, "geometry": { "type": "LineString", "coordinates": [ [ 17.644154089735448, 59.859083107814115, 6.409999847412109 ], [ 17.644114028279986, 59.859107453508472, 6.480000019073486 ], [ 17.643930210329675, 59.85922072045706, 6.670000076293945 ], [ 17.643785340071179, 59.859309992271655, 6.619999885559082 ], [ 17.643738132750663, 59.859327400528258, 6.550000190734863 ] ] } },
{ "type": "Feature", "properties": { }, "geometry": { "type": "LineString", "coordinates": [ [ 17.643314018261577, 59.859075119051212, 6.119999885559082 ], [ 17.643248585122535, 59.859114699553139, 6.110000133514404 ] ] } },
{ "type": "Feature", "properties": { }, "geometry": { "type": "LineString", "coordinates": [ [ 17.648042102420391, 59.857312916281948, 6.079999923706055 ], [ 17.648029148471586, 59.85732044333465, 6.099999904632568 ], [ 17.647559076681162, 59.857582411864655, 6.179999828338623 ] ] } },
{ "type": "Feature", "properties": { }, "geometry": { "type": "LineString", "coordinates": [ [ 17.645990597414823, 59.853856704117632, 4.46999979019165 ], [ 17.646646648392789, 59.854160919679501, 4.090000152587891 ] ] } },
{ "type": "Feature", "properties": { }, "geometry": { "type": "LineString", "coordinates": [ [ 17.646646648392789, 59.854160919679501, 4.090000152587891 ], [ 17.646666854759506, 59.854170289375737, 4.090000152587891 ], [ 17.646700810211978, 59.854178850211554, 4.119999885559082 ], [ 17.646739628778441, 59.854181924085452, 4.199999809265137 ], [ 17.646769903099933, 59.854181015481004, 4.190000057220459 ], [ 17.646809922797054, 59.854175992149685, 4.159999847412109 ], [ 17.646844813474036, 59.854165575725752, 4.150000095367432 ], [ 17.646874313282289, 59.854151256174269, 4.21999979019165 ], [ 17.647185397786902, 59.85397992010315, 4.460000038146973 ], [ 17.647243808669486, 59.854007297099322, 4.460000038146973 ] ] } },
{ "type": "Feature", "properties": { }, "geometry": { "type": "LineString", "coordinates": [ [ 17.646684930701795, 59.854367019155546, 4.179999828338623 ], [ 17.64675630976382, 59.854327802553627, 4.349999904632568 ], [ 17.647224050726578, 59.854070794057272, 4.699999809265137 ], [ 17.647287443361378, 59.854035959972499, 4.590000152587891 ] ] } },
{ "type": "Feature", "properties": { }, "geometry": { "type": "LineString", "coordinates": [ [ 17.647287443361378, 59.854035959972499, 4.590000152587891 ], [ 17.647295513406089, 59.85403152549695, 4.590000152587891 ] ] } },
{ "type": "Feature", "properties": { }, "geometry": { "type": "LineString", "coordinates": [ [ 17.64576037250491, 59.853749216524271, 4.369999885559082 ], [ 17.645916619840278, 59.85382216608933, 4.420000076293945 ] ] } },
{ "type": "Feature", "properties": { }, "geometry": { "type": "LineString", "coordinates": [ [ 17.645657502079306, 59.853701190260296, 4.449999809265137 ], [ 17.645717198987249, 59.853702003144562, 4.460000038146973 ], [ 17.645751595781849, 59.853696065295786, 4.519999980926514 ], [ 17.645788055129252, 59.853689714801433, 4.570000171661377 ], [ 17.645834795541067, 59.853681308886657, 4.550000190734863 ], [ 17.645887529734775, 59.853676251506009, 4.579999923706055 ], [ 17.645922310125592, 59.853679827932829, 4.610000133514404 ], [ 17.64595420119328, 59.853688787352056, 4.679999828338623 ], [ 17.646072020998385, 59.853745449556953, 4.599999904632568 ], [ 17.646084691464836, 59.853756158719754, 4.570000171661377 ], [ 17.646090688134645, 59.853767180506516, 4.610000133514404 ], [ 17.646095758378067, 59.853780797720866, 4.570000171661377 ], [ 17.646092603568938, 59.853790069111106, 4.559999942779541 ], [ 17.646078509400954, 59.85380176606369, 4.570000171661377 ], [ 17.645990597414823, 59.853856704117632, 4.46999979019165 ] ] } },
{ "type": "Feature", "properties": { }, "geometry": { "type": "LineString", "coordinates": [ [ 17.647708928974257, 59.853187896714921, 4.53000020980835 ], [ 17.647615712737494, 59.853146230394266, 4.579999923706055 ], [ 17.647205246288795, 59.852962747134065, 4.619999885559082 ], [ 17.647040866692866, 59.852894238305794, 4.570000171661377 ], [ 17.64703704223281, 59.852892644202548, 4.539999961853027 ] ] } },
{ "type": "Feature", "properties": { }, "geometry": { "type": "LineString", "coordinates": [ [ 17.64703704223281, 59.852892644202548, 4.539999961853027 ], [ 17.646987919780305, 59.852872169063353, 4.539999961853027 ], [ 17.646379691080522, 59.85258921864807, 4.579999923706055 ] ] } },
{ "type": "Feature", "properties": { }, "geometry": { "type": "LineString", "coordinates": [ [ 17.646379691080522, 59.85258921864807, 4.579999923706055 ], [ 17.645916160335702, 59.852373577132902, 4.460000038146973 ] ] } },
{ "type": "Feature", "properties": { }, "geometry": { "type": "LineString", "coordinates": [ [ 17.647831021651186, 59.853242829673817, 4.579999923706055 ], [ 17.647773181672836, 59.853216619225449, 4.519999980926514 ], [ 17.647708928974257, 59.853187896714921, 4.53000020980835 ] ] } },
{ "type": "Feature", "properties": { }, "geometry": { "type": "LineString", "coordinates": [ [ 17.636488590408263, 59.862769362325331, 8.449999809265137 ], [ 17.636501230514192, 59.862777945911645, 8.409999847412109 ], [ 17.637146392858963, 59.863072420115998, 7.929999828338623 ] ] } },
{ "type": "Feature", "properties": { }, "geometry": { "type": "LineString", "coordinates": [ [ 17.637146392858963, 59.863072420115998, 7.929999828338623 ], [ 17.6375781609729, 59.86326948915967, 7.590000152587891 ], [ 17.637590500599813, 59.863335974364361, 7.53000020980835 ] ] } },
{ "type": "Feature", "properties": { }, "geometry": { "type": "LineString", "coordinates": [ [ 17.637590500599813, 59.863335974364361, 7.53000020980835 ], [ 17.637458624195347, 59.863328288050376, 7.639999866485596 ], [ 17.636896887745525, 59.863071035949041, 8.119999885559082 ] ] } },
{ "type": "Feature", "properties": { }, "geometry": { "type": "LineString", "coordinates": [ [ 17.636896887745525, 59.863071035949041, 8.119999885559082 ], [ 17.636528577924096, 59.862902361765236, 8.380000114440918 ], [ 17.636392289869345, 59.862842613120584, 8.369999885559082 ], [ 17.636363525535025, 59.862836836445233, 8.470000267028809 ] ] } },
{ "type": "Feature", "properties": { }, "geometry": { "type": "LineString", "coordinates": [ [ 17.636241009941063, 59.862860268385845, 8.420000076293945 ], [ 17.636183971910057, 59.862891910966113, 8.5 ], [ 17.635767079838914, 59.863123047640755, 8.159999847412109 ], [ 17.635640590145531, 59.863192360410828, 8.149999618530273 ] ] } },
{ "type": "Feature", "properties": { }, "geometry": { "type": "LineString", "coordinates": [ [ 17.635640590145531, 59.863192360410828, 8.149999618530273 ], [ 17.635130643985637, 59.863471792339773, 7.789999961853027 ] ] } },
{ "type": "Feature", "properties": { }, "geometry": { "type": "LineString", "coordinates": [ [ 17.633404099160462, 59.862972069629393, 6.809999942779541 ], [ 17.633409447378252, 59.862947708015518, 6.800000190734863 ], [ 17.633395971531311, 59.862929162060105, 6.75 ], [ 17.632788436632101, 59.862663941842861, 7.039999961853027 ] ] } },
{ "type": "Feature", "properties": { }, "geometry": { "type": "LineString", "coordinates": [ [ 17.632788436632101, 59.862663941842861, 7.039999961853027 ], [ 17.632417627035537, 59.862502060903751, 7.179999828338623 ], [ 17.632396387369727, 59.862489501782449, 7.179999828338623 ], [ 17.63238134827084, 59.862475533840957, 7.269999980926514 ], [ 17.632365238697059, 59.862457954108393, 7.269999980926514 ], [ 17.632345335546102, 59.862440907059813, 7.239999771118164 ], [ 17.63225224843346, 59.862404230904843, 7.239999771118164 ], [ 17.632209533205067, 59.862396904994519, 7.230000019073486 ], [ 17.632168477573497, 59.862400438334888, 7.21999979019165 ], [ 17.63213708662542, 59.862416698029328, 7.230000019073486 ], [ 17.632132692403626, 59.862420760395509, 7.269999980926514 ] ] } },
{ "type": "Feature", "properties": { }, "geometry": { "type": "LineString", "coordinates": [ [ 17.632132692403626, 59.862420760395509, 7.269999980926514 ], [ 17.63211807552964, 59.862434273381801, 7.309999942779541 ], [ 17.632096865120456, 59.862468659653494, 7.289999961853027 ], [ 17.632071589153085, 59.862509631504729, 7.199999809265137 ] ] } },
{ "type": "Feature", "properties": { }, "geometry": { "type": "LineString", "coordinates": [ [ 17.633907341861551, 59.860081888653298, 7.349999904632568 ], [ 17.633954218505377, 59.860094084423721, 7.389999866485596 ] ] } },
{ "type": "Feature", "properties": { }, "geometry": { "type": "LineString", "coordinates": [ [ 17.633844329688245, 59.860065283288613, 7.300000190734863 ], [ 17.633907341861551, 59.860081888653298, 7.349999904632568 ] ] } },
{ "type": "Feature", "properties": { }, "geometry": { "type": "LineString", "coordinates": [ [ 17.633954218505377, 59.860094084423721, 7.389999866485596 ], [ 17.634007629310169, 59.860107969595269, 7.559999942779541 ] ] } },
{ "type": "Feature", "properties": { }, "geometry": { "type": "LineString", "coordinates": [ [ 17.632397983426113, 59.862312449712114, 7.119999885559082 ], [ 17.632322983057669, 59.862353572029726, 7.139999866485596 ], [ 17.63225224843346, 59.862404230904843, 7.239999771118164 ] ] } },
{ "type": "Feature", "properties": { }, "geometry": { "type": "LineString", "coordinates": [ [ 17.632168477573497, 59.862400438334888, 7.21999979019165 ], [ 17.632060145821061, 59.862364488008282, 7.190000057220459 ], [ 17.631904832094968, 59.86230428726212, 7.289999961853027 ] ] } },
{ "type": "Feature", "properties": { }, "geometry": { "type": "LineString", "coordinates": [ [ 17.633404099160462, 59.862972069629393, 6.809999942779541 ], [ 17.633456368197248, 59.862992744659238, 6.690000057220459 ], [ 17.633525317468621, 59.863017126030513, 6.860000133514404 ] ] } },
{ "type": "Feature", "properties": { }, "geometry": { "type": "LineString", "coordinates": [ [ 17.632098749422443, 59.86218375518127, 7.28000020980835 ], [ 17.632074789543125, 59.862197075356335, 7.309999942779541 ], [ 17.632037334671701, 59.862217903193645, 7.369999885559082 ], [ 17.631904832094968, 59.86230428726212, 7.289999961853027 ] ] } },
{ "type": "Feature", "properties": { }, "geometry": { "type": "LineString", "coordinates": [ [ 17.63222207608591, 59.862184194326751, 7.349999904632568 ], [ 17.632286317992225, 59.862212424984051, 7.190000057220459 ], [ 17.632357266913335, 59.862243605068102, 7.210000038146973 ] ] } },
{ "type": "Feature", "properties": { }, "geometry": { "type": "LineString", "coordinates": [ [ 17.633476357179728, 59.861499171973598, 7.78000020980835 ], [ 17.633532437486057, 59.861525195513408, 7.710000038146973 ], [ 17.633581764599167, 59.861548092112599, 7.659999847412109 ] ] } },
{ "type": "Feature", "properties": { }, "geometry": { "type": "LineString", "coordinates": [ [ 17.635142354690867, 59.862172628360092, 8.880000114440918 ], [ 17.635113170376158, 59.862136380921676, 8.649999618530273 ], [ 17.635083020825743, 59.862123008410549, 8.680000305175781 ] ] } },
{ "type": "Feature", "properties": { }, "geometry": { "type": "LineString", "coordinates": [ [ 17.636755328155381, 59.86141670128594, 9.659999847412109 ], [ 17.636657834718086, 59.861472481194312, 9.470000267028809 ], [ 17.636575917523793, 59.861518341400803, 9.489999771118164 ], [ 17.636547705825866, 59.861534552786118, 9.399999618530273 ], [ 17.636492411125104, 59.861566310518086, 9.539999961853027 ] ] } },
{ "type": "Feature", "properties": { }, "geometry": { "type": "LineString", "coordinates": [ [ 17.637678326241645, 59.858086625642031, 6.829999923706055 ], [ 17.637602723531057, 59.858058546785969, 6.679999828338623 ], [ 17.637556215165958, 59.858041277024221, 6.539999961853027 ], [ 17.637457083391297, 59.857989493405739, 6.610000133514404 ] ] } },
{ "type": "Feature", "properties": { }, "geometry": { "type": "LineString", "coordinates": [ [ 17.637668572913206, 59.857902905231818, 6.559999942779541 ], [ 17.637738249521405, 59.857938197904815, 6.559999942779541 ], [ 17.637793884825658, 59.857961394764281, 6.690000057220459 ], [ 17.637853192290699, 59.857989171938691, 6.75 ] ] } },
{ "type": "Feature", "properties": { }, "geometry": { "type": "LineString", "coordinates": [ [ 17.637324897540694, 59.860831180708551, 9.579999923706055 ], [ 17.637404159489598, 59.860871463709977, 9.539999961853027 ], [ 17.637468534822379, 59.860899310883084, 9.529999732971191 ] ] } },
{ "type": "Feature", "properties": { }, "geometry": { "type": "LineString", "coordinates": [ [ 17.637348745460876, 59.861956032371474, 8.340000152587891 ], [ 17.63739021688178, 59.861934365880529, 8.319999694824219 ], [ 17.637426210817612, 59.861915571497825, 8.369999885559082 ], [ 17.637537596489484, 59.861855272744023, 8.340000152587891 ], [ 17.637624324190888, 59.861808751648788, 8.319999694824219 ] ] } },
{ "type": "Feature", "properties": { }, "geometry": { "type": "LineString", "coordinates": [ [ 17.637684941985192, 59.861830000070256, 8.260000228881836 ], [ 17.637717917030731, 59.861826626910151, 8.300000190734863 ], [ 17.637746745878921, 59.861821580894436, 8.220000267028809 ], [ 17.637771180854983, 59.861814595747674, 8.220000267028809 ], [ 17.637823092777072, 59.861789279422752, 8.210000038146973 ], [ 17.637939477262513, 59.861724882903928, 8.279999732971191 ], [ 17.63830829858799, 59.861516413236629, 8.0 ] ] } },
{ "type": "Feature", "properties": { }, "geometry": { "type": "LineString", "coordinates": [ [ 17.63830829858799, 59.861516413236629, 8.0 ], [ 17.638543838855021, 59.861383276416447, 7.820000171661377 ], [ 17.638572715921619, 59.861366080492978, 7.820000171661377 ], [ 17.638615532951214, 59.861340582106081, 7.889999866485596 ], [ 17.638908913606773, 59.86118454279427, 8.0 ] ] } },
{ "type": "Feature", "properties": { }, "geometry": { "type": "LineString", "coordinates": [ [ 17.638908913606773, 59.86118454279427, 8.0 ], [ 17.638954926511527, 59.861160069885997, 7.960000038146973 ], [ 17.639508960252432, 59.860852305206869, 7.769999980926514 ] ] } },
{ "type": "Feature", "properties": { }, "geometry": { "type": "LineString", "coordinates": [ [ 17.639508960252432, 59.860852305206869, 7.769999980926514 ], [ 17.639859133066569, 59.860657780777707, 7.550000190734863 ], [ 17.639900515698397, 59.860634830401857, 7.610000133514404 ], [ 17.639903197277931, 59.860619458619901, 7.639999866485596 ], [ 17.639880529446909, 59.860603909978792, 7.699999809265137 ], [ 17.639706922672367, 59.860520507098684, 8.079999923706055 ] ] } },
{ "type": "Feature", "properties": { }, "geometry": { "type": "LineString", "coordinates": [ [ 17.639706922672367, 59.860520507098684, 8.079999923706055 ], [ 17.639427267527427, 59.860386155872682, 8.850000381469727 ], [ 17.639490158576486, 59.860353209517591, 8.859999656677246 ] ] } },
{ "type": "Feature", "properties": { }, "geometry": { "type": "LineString", "coordinates": [ [ 17.634620840252378, 59.863478306106124, 7.639999866485596 ], [ 17.634709813542763, 59.863431221040621, 7.599999904632568 ], [ 17.634808984698122, 59.863376486953555, 7.809999942779541 ] ] } },
{ "type": "Feature", "properties": { }, "geometry": { "type": "LineString", "coordinates": [ [ 17.634924202637986, 59.860853032869919, 9.220000267028809 ], [ 17.634976590317148, 59.86082482443166, 9.260000228881836 ], [ 17.635042629460052, 59.860789261881649, 9.430000305175781 ], [ 17.635174297281132, 59.86071643179276, 9.720000267028809 ] ] } },
{ "type": "Feature", "properties": { }, "geometry": { "type": "LineString", "coordinates": [ [ 17.634737616456949, 59.860770034816881, 9.060000419616699 ], [ 17.634786955940989, 59.860741958845161, 9.130000114440918 ], [ 17.634852232260933, 59.860704834179778, 9.220000267028809 ], [ 17.634981040507999, 59.860630020079022, 9.5 ] ] } },
{ "type": "Feature", "properties": { }, "geometry": { "type": "LineString", "coordinates": [ [ 17.636123090109098, 59.861393346052139, 9.850000381469727 ], [ 17.636171803840792, 59.861365239263847, 9.829999923706055 ], [ 17.636245760132326, 59.861322565222061, 9.899999618530273 ], [ 17.636368267566347, 59.861250452735035, 9.819999694824219 ] ] } },
{ "type": "Feature", "properties": { }, "geometry": { "type": "LineString", "coordinates": [ [ 17.636167065524223, 59.861470561386326, 9.880000114440918 ], [ 17.636227718008552, 59.861500853510712, 9.770000457763672 ], [ 17.636288520499672, 59.861528337401261, 9.810000419616699 ] ] } },
{ "type": "Feature", "properties": { }, "geometry": { "type": "LineString", "coordinates": [ [ 17.637347824974896, 59.862044225586793, 8.409999847412109 ], [ 17.637450659970519, 59.862091324124329, 8.390000343322754 ], [ 17.637546895384251, 59.862135399855489, 8.289999961853027 ] ] } },
{ "type": "Feature", "properties": { }, "geometry": { "type": "LineString", "coordinates": [ [ 17.637693074895481, 59.8621297156038, 8.220000267028809 ], [ 17.637734665447976, 59.862108225065647, 8.149999618530273 ], [ 17.637794539793919, 59.862077281557568, 8.199999809265137 ], [ 17.637942645807538, 59.862005318471809, 8.149999618530273 ] ] } },
{ "type": "Feature", "properties": { }, "geometry": { "type": "LineString", "coordinates": [ [ 17.641783889585152, 59.857086286033791, 6.269999980926514 ], [ 17.641719894826863, 59.857055335504668, 6.150000095367432 ], [ 17.641680887942258, 59.857015446394954, 6.150000095367432 ] ] } },
{ "type": "Feature", "properties": { }, "geometry": { "type": "LineString", "coordinates": [ [ 17.642882390884179, 59.856292386317051, 5.5 ], [ 17.642922125218782, 59.85627047442604, 5.46999979019165 ], [ 17.642957401838704, 59.856250707761667, 5.559999942779541 ] ] } },
{ "type": "Feature", "properties": { }, "geometry": { "type": "LineString", "coordinates": [ [ 17.642842618679889, 59.856353279270003, 5.610000133514404 ], [ 17.64291222087714, 59.856385565658954, 5.539999961853027 ], [ 17.64301662852931, 59.85643557614376, 5.75 ] ] } },
{ "type": "Feature", "properties": { }, "geometry": { "type": "LineString", "coordinates": [ [ 17.643031870934948, 59.856247163806046, 5.679999828338623 ], [ 17.643102279584873, 59.856279519555642, 5.590000152587891 ], [ 17.643202071226703, 59.856325296993049, 5.809999942779541 ] ] } },
{ "type": "Feature", "properties": { }, "geometry": { "type": "LineString", "coordinates": [ [ 17.643795097614362, 59.855781623757252, 5.119999885559082 ], [ 17.643884206049929, 59.855729725445123, 5.090000152587891 ], [ 17.64394859714837, 59.855690665101044, 5.039999961853027 ] ] } },
{ "type": "Feature", "properties": { }, "geometry": { "type": "LineString", "coordinates": [ [ 17.643795097614362, 59.855781623757252, 5.119999885559082 ], [ 17.643907657118586, 59.855834960244302, 5.210000038146973 ], [ 17.644007632276651, 59.855875408474517, 5.239999771118164 ] ] } },
{ "type": "Feature", "properties": { }, "geometry": { "type": "LineString", "coordinates": [ [ 17.644144762359474, 59.855878078546368, 5.170000076293945 ], [ 17.644212724183866, 59.85582580537654, 5.199999809265137 ], [ 17.644297485934988, 59.855763494178667, 5.159999847412109 ] ] } },
{ "type": "Feature", "properties": { }, "geometry": { "type": "LineString", "coordinates": [ [ 17.644264146065016, 59.855712256822827, 5.269999980926514 ], [ 17.644183576986034, 59.855677471910205, 5.090000152587891 ], [ 17.644113522665698, 59.855647436592953, 5.059999942779541 ] ] } },
{ "type": "Feature", "properties": { }, "geometry": { "type": "LineString", "coordinates": [ [ 17.643190340534506, 59.856357624769473, 5.75 ], [ 17.643153083973402, 59.856377623981103, 5.690000057220459 ], [ 17.643080847051603, 59.856416434591367, 5.690000057220459 ] ] } },
{ "type": "Feature", "properties": { }, "geometry": { "type": "LineString", "coordinates": [ [ 17.642005530646347, 59.857022413971158, 6.079999923706055 ], [ 17.641933186371869, 59.857066636626151, 6.050000190734863 ], [ 17.641847667825353, 59.857116341498461, 6.21999979019165 ] ] } },
{ "type": "Feature", "properties": { }, "geometry": { "type": "LineString", "coordinates": [ [ 17.644955038964888, 59.858449383485613, 5.940000057220459 ], [ 17.644568144326232, 59.858299886924591, 5.380000114440918 ] ] } },
{ "type": "Feature", "properties": { }, "geometry": { "type": "LineString", "coordinates": [ [ 17.640239890469338, 59.859216640120998, 7.829999923706055 ], [ 17.640292094728757, 59.859187940628459, 7.739999771118164 ], [ 17.640359684130306, 59.859147854427256, 7.829999923706055 ] ] } },
{ "type": "Feature", "properties": { }, "geometry": { "type": "LineString", "coordinates": [ [ 17.643075934308577, 59.857606657001547, 5.730000019073486 ], [ 17.643156016362532, 59.857553705663008, 5.440000057220459 ], [ 17.643236388164183, 59.857500534315051, 5.480000019073486 ] ] } },
{ "type": "Feature", "properties": { }, "geometry": { "type": "LineString", "coordinates": [ [ 17.643172382845059, 59.857707720773554, 5.429999828338623 ], [ 17.643121301295782, 59.857684955770672, 5.46999979019165 ], [ 17.64305118112458, 59.857655049656941, 5.690000057220459 ] ] } },
{ "type": "Feature", "properties": { }, "geometry": { "type": "LineString", "coordinates": [ [ 17.643471370521212, 59.857599436812713, 5.099999904632568 ], [ 17.643392832706887, 59.857647068118311, 5.090000152587891 ], [ 17.643312022110848, 59.857698178367542, 5.289999961853027 ] ] } },
{ "type": "Feature", "properties": { }, "geometry": { "type": "LineString", "coordinates": [ [ 17.643443401537681, 59.857565822042147, 5.130000114440918 ], [ 17.643385337643988, 59.857539899639207, 5.150000095367432 ], [ 17.643305745460061, 59.857505744084229, 5.380000114440918 ], [ 17.64329553311617, 59.857505827825214, 5.380000114440918 ] ] } },
{ "type": "Feature", "properties": { }, "geometry": { "type": "LineString", "coordinates": [ [ 17.6455878438748, 59.856404041715862, 4.590000152587891 ], [ 17.64551950016795, 59.856372252482807, 4.480000019073486 ], [ 17.645451045001874, 59.856340993664539, 4.639999866485596 ] ] } },
{ "type": "Feature", "properties": { }, "geometry": { "type": "LineString", "coordinates": [ [ 17.645446992960316, 59.856287740330288, 4.5 ], [ 17.64552634083984, 59.856241012222746, 4.300000190734863 ], [ 17.64559210160661, 59.856203622367104, 4.21999979019165 ] ] } },
{ "type": "Feature", "properties": { }, "geometry": { "type": "LineString", "coordinates": [ [ 17.645789697122993, 59.856146023082488, 4.320000171661377 ], [ 17.645877701938321, 59.856185868277592, 4.190000057220459 ], [ 17.645925123760932, 59.856207178257236, 4.300000190734863 ] ] } },
{ "type": "Feature", "properties": { }, "geometry": { "type": "LineString", "coordinates": [ [ 17.645955216769618, 59.856315883921603, 4.269999980926514 ], [ 17.645930487580927, 59.856334268757109, 4.289999961853027 ], [ 17.645896841955302, 59.856358657399269, 4.389999866485596 ], [ 17.645831740239515, 59.856405870257937, 4.489999771118164 ] ] } },
{ "type": "Feature", "properties": { }, "geometry": { "type": "LineString", "coordinates": [ [ 17.646584148563925, 59.855623805673773, 4.260000228881836 ], [ 17.646533337511723, 59.855651473356033, 4.150000095367432 ], [ 17.646478066303633, 59.85568155767168, 4.309999942779541 ] ] } },
{ "type": "Feature", "properties": { }, "geometry": { "type": "LineString", "coordinates": [ [ 17.641651246133161, 59.856984377400366, 6.099999904632568 ], [ 17.641704665487332, 59.856949328674744, 6.019999980926514 ], [ 17.641798275784655, 59.856890253538538, 5.929999828338623 ] ] } },
{ "type": "Feature", "properties": { }, "geometry": { "type": "LineString", "coordinates": [ [ 17.641880896370896, 59.856877866910132, 5.869999885559082 ], [ 17.641969128072034, 59.856915304639287, 5.909999847412109 ], [ 17.642064548425086, 59.856955338983795, 6.130000114440918 ] ] } },
{ "type": "Feature", "properties": { }, "geometry": { "type": "LineString", "coordinates": [ [ 17.645135242995035, 59.855091824893101, 4.809999942779541 ], [ 17.645204653585047, 59.85512496333579, 4.820000171661377 ], [ 17.645264187479867, 59.855152825436896, 4.989999771118164 ] ] } },
{ "type": "Feature", "properties": { }, "geometry": { "type": "LineString", "coordinates": [ [ 17.645455322377575, 59.855098297254116, 4.789999961853027 ], [ 17.645401706823609, 59.855127327113777, 4.75 ], [ 17.645345118285228, 59.855158144087795, 4.909999847412109 ] ] } },
{ "type": "Feature", "properties": { }, "geometry": { "type": "LineString", "coordinates": [ [ 17.645221516512006, 59.854992158311724, 4.739999771118164 ], [ 17.645186614900169, 59.85501141842839, 4.650000095367432 ], [ 17.64514162363654, 59.855035863599639, 4.75 ] ] } },
{ "type": "Feature", "properties": { }, "geometry": { "type": "LineString", "coordinates": [ [ 17.646437492194757, 59.854376120447533, 4.460000038146973 ], [ 17.646505063332768, 59.854407289425048, 4.349999904632568 ], [ 17.646562745939342, 59.854434153159957, 4.46999979019165 ] ] } },
{ "type": "Feature", "properties": { }, "geometry": { "type": "LineString", "coordinates": [ [ 17.646666854759506, 59.854170289375737, 4.090000152587891 ], [ 17.64659949901753, 59.854207497781331, 4.230000019073486 ], [ 17.646528466900055, 59.854247007117536, 4.289999961853027 ] ] } },
{ "type": "Feature", "properties": { }, "geometry": { "type": "LineString", "coordinates": [ [ 17.643603187262823, 59.854241354774992, 3.980000019073486 ], [ 17.64356316685738, 59.854263907938474, 3.950000047683716 ], [ 17.643512335870291, 59.854292552752078, 4.059999942779541 ] ] } },
{ "type": "Feature", "properties": { }, "geometry": { "type": "LineString", "coordinates": [ [ 17.642474671071145, 59.859216864390625, 6.28000020980835 ], [ 17.64251322172937, 59.859197017894495, 6.170000076293945 ], [ 17.642576748750791, 59.859164299911463, 6.150000095367432 ] ] } },
{ "type": "Feature", "properties": { }, "geometry": { "type": "LineString", "coordinates": [ [ 17.644373843794035, 59.858116505111965, 5.269999980926514 ], [ 17.644457334306473, 59.858064405292367, 5.260000228881836 ], [ 17.644543134292668, 59.858010824287902, 5.28000020980835 ] ] } },
{ "type": "Feature", "properties": { }, "geometry": { "type": "LineString", "coordinates": [ [ 17.644568144326232, 59.858299886924591, 5.380000114440918 ], [ 17.644424375066997, 59.858237170512275, 5.239999771118164 ], [ 17.644339689056892, 59.858199427567733, 5.239999771118164 ] ] } },
{ "type": "Feature", "properties": { }, "geometry": { "type": "LineString", "coordinates": [ [ 17.649864547514458, 59.855390517370303, 4.510000228881836 ], [ 17.649794057869098, 59.855428896899873, 4.21999979019165 ], [ 17.649735223411284, 59.855460931650285, 4.210000038146973 ] ] } },
{ "type": "Feature", "properties": { }, "geometry": { "type": "LineString", "coordinates": [ [ 17.647036253127045, 59.856935778438121, 4.409999847412109 ], [ 17.64689351896288, 59.856872836912615, 4.309999942779541 ], [ 17.646804927197213, 59.856831448088663, 4.369999885559082 ] ] } },
{ "type": "Feature", "properties": { }, "geometry": { "type": "LineString", "coordinates": [ [ 17.647393300486137, 59.856810728353956, 4.53000020980835 ], [ 17.647191234587655, 59.856889055766921, 4.400000095367432 ], [ 17.647084408956708, 59.856932504416172, 4.440000057220459 ] ] } },
{ "type": "Feature", "properties": { }, "geometry": { "type": "LineString", "coordinates": [ [ 17.646856201795764, 59.856740978410492, 4.199999809265137 ], [ 17.646919474941956, 59.856696014575114, 4.179999828338623 ], [ 17.646967660776451, 59.856661768397402, 4.099999904632568 ], [ 17.646992877437537, 59.856640868137362, 4.139999866485596 ] ] } },
{ "type": "Feature", "properties": { }, "geometry": { "type": "LineString", "coordinates": [ [ 17.647197134539667, 59.856604575197117, 4.269999980926514 ], [ 17.64729635573477, 59.856651131987604, 4.309999942779541 ], [ 17.647393046753486, 59.856696390523894, 4.329999923706055 ] ] } },
{ "type": "Feature", "properties": { }, "geometry": { "type": "LineString", "coordinates": [ [ 17.648110293121668, 59.856333322788991, 4.599999904632568 ], [ 17.64805779566143, 59.85636267385788, 4.599999904632568 ], [ 17.648003994829324, 59.856393542959694, 4.699999809265137 ] ] } },
{ "type": "Feature", "properties": { }, "geometry": { "type": "LineString", "coordinates": [ [ 17.644928931455173, 59.853359407166231, 4.110000133514404 ], [ 17.644862954233503, 59.853399206607989, 4.119999885559082 ], [ 17.644792163095236, 59.853442671727095, 4.119999885559082 ] ] } },
{ "type": "Feature", "properties": { }, "geometry": { "type": "LineString", "coordinates": [ [ 17.649421031368753, 59.855379530996238, 4.010000228881836 ], [ 17.649522170860152, 59.855425697733118, 4.130000114440918 ], [ 17.649617024215324, 59.855469728207652, 4.130000114440918 ] ] } },
{ "type": "Feature", "properties": { }, "geometry": { "type": "LineString", "coordinates": [ [ 17.639880529446909, 59.860603909978792, 7.699999809265137 ], [ 17.639946408959997, 59.860568241023756, 7.650000095367432 ], [ 17.640007168231655, 59.860534944587442, 7.679999828338623 ] ] } },
{ "type": "Feature", "properties": { }, "geometry": { "type": "LineString", "coordinates": [ [ 17.639859133066569, 59.860657780777707, 7.550000190734863 ], [ 17.639964167999167, 59.860707324368434, 7.409999847412109 ], [ 17.640056678511495, 59.860750966173946, 7.329999923706055 ] ] } },
{ "type": "Feature", "properties": { }, "geometry": { "type": "LineString", "coordinates": [ [ 17.64206026781072, 59.859796860533152, 6.429999828338623 ], [ 17.641855660960619, 59.859704319515274, 6.659999847412109 ], [ 17.64170840079581, 59.859636266777514, 6.590000152587891 ] ] } },
{ "type": "Feature", "properties": { }, "geometry": { "type": "LineString", "coordinates": [ [ 17.641564453967305, 59.85966903500448, 6.78000020980835 ], [ 17.641479939532925, 59.859717513063892, 6.730000019073486 ], [ 17.641419517397271, 59.859752166803723, 6.880000114440918 ] ] } },
{ "type": "Feature", "properties": { }, "geometry": { "type": "LineString", "coordinates": [ [ 17.640156216198747, 59.860730760922785, 7.239999771118164 ], [ 17.640218927987892, 59.860696268883707, 7.190000057220459 ], [ 17.640300731938911, 59.860659680758168, 7.349999904632568 ] ] } },
{ "type": "Feature", "properties": { }, "geometry": { "type": "LineString", "coordinates": [ [ 17.640123296740502, 59.860513250262301, 7.590000152587891 ], [ 17.640227647239541, 59.860565184302047, 7.429999828338623 ], [ 17.640324097019892, 59.86060686963102, 7.300000190734863 ] ] } },
{ "type": "Feature", "properties": { }, "geometry": { "type": "LineString", "coordinates": [ [ 17.644758330993113, 59.857973380423225, 5.150000095367432 ], [ 17.644849540387657, 59.858003711311227, 5.190000057220459 ], [ 17.644987614321956, 59.85805299387718, 5.28000020980835 ] ] } },
{ "type": "Feature", "properties": { }, "geometry": { "type": "LineString", "coordinates": [ [ 17.634966795694709, 59.86360513205328, 7.46999979019165 ], [ 17.635039061839674, 59.863561164965944, 7.5 ], [ 17.635111142173649, 59.863517715485614, 7.769999980926514 ] ] } },
{ "type": "Feature", "properties": { }, "geometry": { "type": "LineString", "coordinates": [ [ 17.634933731631691, 59.863383055210988, 7.670000076293945 ], [ 17.635032635038911, 59.863428935234559, 7.769999980926514 ], [ 17.635130643985637, 59.863471792339773, 7.789999961853027 ] ] } },
{ "type": "Feature", "properties": { }, "geometry": { "type": "LineString", "coordinates": [ [ 17.634638466745294, 59.863536305786695, 7.630000114440918 ], [ 17.634754520602847, 59.863582114012459, 7.559999942779541 ], [ 17.634858582458204, 59.863624250588593, 7.460000038146973 ] ] } },
{ "type": "Feature", "properties": { }, "geometry": { "type": "LineString", "coordinates": [ [ 17.643443186097819, 59.85430434874015, 3.960000038146973 ], [ 17.643366949243372, 59.854275879106495, 3.990000009536743 ], [ 17.643297587562767, 59.854250140808084, 3.960000038146973 ] ] } },
{ "type": "Feature", "properties": { }, "geometry": { "type": "LineString", "coordinates": [ [ 17.648908994469359, 59.856813917598203, 6.119999885559082 ], [ 17.648960718370081, 59.856784810173849, 5.920000076293945 ], [ 17.64902043595788, 59.856752650972723, 5.880000114440918 ] ] } },
{ "type": "Feature", "properties": { }, "geometry": { "type": "LineString", "coordinates": [ [ 17.648262611009208, 59.857219462346166, 5.989999771118164 ], [ 17.6483236169972, 59.857248763940916, 6.070000171661377 ], [ 17.648482845976815, 59.857325248260942, 6.599999904632568 ] ] } },
{ "type": "Feature", "properties": { }, "geometry": { "type": "LineString", "coordinates": [ [ 17.633512139435453, 59.860029930240394, 6.809999942779541 ], [ 17.63348696436978, 59.860045252218285, 6.849999904632568 ], [ 17.633429010433403, 59.860080530891054, 7.03000020980835 ], [ 17.633370237379967, 59.86011865253743, 6.949999809265137 ], [ 17.633340504724639, 59.860137941549795, 6.840000152587891 ] ] } },
{ "type": "Feature", "properties": { }, "geometry": { "type": "LineString", "coordinates": [ [ 17.650588001807908, 59.855963640342026, 5.949999809265137 ], [ 17.650509707285334, 59.855926928979393, 5.71999979019165 ], [ 17.650455438722663, 59.855902068163658, 5.699999809265137 ] ] } },
{ "type": "Feature", "properties": { }, "geometry": { "type": "LineString", "coordinates": [ [ 17.64545331489397, 59.858154394472997, 5.920000076293945 ], [ 17.64553831684432, 59.858190395844261, 5.869999885559082 ], [ 17.64563221041324, 59.858227303413535, 5.880000114440918 ] ] } },
{ "type": "Feature", "properties": { }, "geometry": { "type": "LineString", "coordinates": [ [ 17.644986251313828, 59.858366512843951, 5.889999866485596 ], [ 17.645079331248553, 59.858313720273784, 5.849999904632568 ], [ 17.645112117387189, 59.858294574131428, 5.889999866485596 ] ] } },
{ "type": "Feature", "properties": { }, "geometry": { "type": "LineString", "coordinates": [ [ 17.644837030901876, 59.858188207401554, 5.429999828338623 ], [ 17.644808083307009, 59.858204135648393, 5.440000057220459 ], [ 17.644716201160072, 59.85825428433207, 5.409999847412109 ] ] } },
{ "type": "Feature", "properties": { }, "geometry": { "type": "LineString", "coordinates": [ [ 17.642955535698317, 59.859253328301399, 6.239999771118164 ], [ 17.642774512259169, 59.859175419071725, 6.150000095367432 ], [ 17.642652864339848, 59.859122385320426, 6.099999904632568 ] ] } },
{ "type": "Feature", "properties": { }, "geometry": { "type": "LineString", "coordinates": [ [ 17.647517973297294, 59.85531571649269, 4.099999904632568 ], [ 17.647462064326145, 59.855288803196693, 4.039999961853027 ], [ 17.647398331990527, 59.855258328363142, 4.21999979019165 ] ] } },
{ "type": "Feature", "properties": { }, "geometry": { "type": "LineString", "coordinates": [ [ 17.646724132839303, 59.855630534255113, 4.329999923706055 ], [ 17.646786454042346, 59.855659845753536, 4.190000057220459 ], [ 17.64684865379958, 59.85568864573321, 4.369999885559082 ] ] } },
{ "type": "Feature", "properties": { }, "geometry": { "type": "LineString", "coordinates": [ [ 17.645326143352531, 59.854991868540928, 4.739999771118164 ], [ 17.645389830053954, 59.855023837096503, 4.71999979019165 ], [ 17.645447172833446, 59.855051207807648, 4.849999904632568 ] ] } },
{ "type": "Feature", "properties": { }, "geometry": { "type": "LineString", "coordinates": [ [ 17.63357423373817, 59.861445713789223, 7.96999979019165 ], [ 17.633629915329664, 59.861471402644554, 7.849999904632568 ], [ 17.633685369643345, 59.861489408491387, 7.78000020980835 ] ] } },
{ "type": "Feature", "properties": { }, "geometry": { "type": "LineString", "coordinates": [ [ 17.646514354324797, 59.85794046171241, 4.340000152587891 ], [ 17.646447331383214, 59.85797686377709, 5.119999885559082 ] ] } },
{ "type": "Feature", "properties": { }, "geometry": { "type": "LineString", "coordinates": [ [ 17.644550146302677, 59.853404428778063, 4.159999847412109 ], [ 17.644616025383602, 59.853429822385721, 4.190000057220459 ], [ 17.644691910461564, 59.853458355459324, 4.239999771118164 ] ] } },
{ "type": "Feature", "properties": { }, "geometry": { "type": "LineString", "coordinates": [ [ 17.633819924323952, 59.860358982904991, 7.179999828338623 ], [ 17.63377154632299, 59.860336709834982, 7.050000190734863 ], [ 17.633722093702087, 59.860313944319316, 6.980000019073486 ] ] } },
{ "type": "Feature", "properties": { }, "geometry": { "type": "LineString", "coordinates": [ [ 17.634893975423346, 59.86083958336738, 9.170000076293945 ], [ 17.634827499837169, 59.860810013938462, 9.130000114440918 ], [ 17.634786034598054, 59.860791571538506, 9.069999694824219 ] ] } },
{ "type": "Feature", "properties": { }, "geometry": { "type": "LineString", "coordinates": [ [ 17.633191244844056, 59.860132297721897, 6.739999771118164 ], [ 17.633229343267718, 59.860103683448195, 6.599999904632568 ], [ 17.633248474701865, 59.860093179170079, 6.53000020980835 ] ] } },
{ "type": "Feature", "properties": { }, "geometry": { "type": "LineString", "coordinates": [ [ 17.636039537163114, 59.862768911833086, 8.619999885559082 ], [ 17.63614936030034, 59.862819026412772, 8.649999618530273 ], [ 17.636241009941063, 59.862860268385845, 8.420000076293945 ] ] } },
{ "type": "Feature", "properties": { }, "geometry": { "type": "LineString", "coordinates": [ [ 17.634411765547057, 59.859649329555431, 7.429999828338623 ], [ 17.634459428757317, 59.859668404627229, 7.599999904632568 ], [ 17.634501343268472, 59.859685182122881, 7.710000038146973 ] ] } },
{ "type": "Feature", "properties": { }, "geometry": { "type": "LineString", "coordinates": [ [ 17.637324897540694, 59.860831180708551, 9.579999923706055 ], [ 17.637366772537458, 59.86080829267064, 9.609999656677246 ] ] } },
{ "type": "Feature", "properties": { }, "geometry": { "type": "LineString", "coordinates": [ [ 17.638587584130299, 59.858358323055519, 8.439999580383301 ], [ 17.638852176777913, 59.858477090292716, 8.489999771118164 ], [ 17.638979658319236, 59.858534314665285, 8.569999694824219 ], [ 17.639113163719163, 59.858594237625361, 8.359999656677246 ], [ 17.639253384722693, 59.858657181680549, 7.960000038146973 ] ] } },
{ "type": "Feature", "properties": { }, "geometry": { "type": "LineString", "coordinates": [ [ 17.639253384722693, 59.858657181680549, 7.960000038146973 ], [ 17.639338379041806, 59.858695334740986, 8.060000419616699 ], [ 17.639384832924009, 59.858716181092532, 8.130000114440918 ] ] } },
{ "type": "Feature", "properties": { }, "geometry": { "type": "LineString", "coordinates": [ [ 17.639230201139203, 59.858755813597632, 8.25 ], [ 17.639007640868265, 59.858653199789352, 8.399999618530273 ], [ 17.638874429954605, 59.858591786128457, 8.659999847412109 ], [ 17.638751053788621, 59.858534907628638, 8.510000228881836 ], [ 17.638572367581986, 59.858452523142418, 8.520000457763672 ] ] } },
{ "type": "Feature", "properties": { }, "geometry": { "type": "LineString", "coordinates": [ [ 17.638572367581986, 59.858452523142418, 8.520000457763672 ], [ 17.638486666110857, 59.858413009665554, 8.619999885559082 ] ] } },
{ "type": "Feature", "properties": { }, "geometry": { "type": "LineString", "coordinates": [ [ 17.644986251313828, 59.858366512843951, 5.889999866485596 ], [ 17.644716201160072, 59.85825428433207, 5.409999847412109 ] ] } },
{ "type": "Feature", "properties": { }, "geometry": { "type": "LineString", "coordinates": [ [ 17.645686465253764, 59.857677168838883, 5.070000171661377 ], [ 17.646013673630261, 59.857825699161339, 5.570000171661377 ] ] } },
{ "type": "Feature", "properties": { }, "geometry": { "type": "LineString", "coordinates": [ [ 17.647651525284111, 59.857151511075671, 5.670000076293945 ], [ 17.647691215800364, 59.85712927739187, 5.690000057220459 ], [ 17.647829233385064, 59.857051959300023, 5.75 ] ] } },
{ "type": "Feature", "properties": { }, "geometry": { "type": "LineString", "coordinates": [ [ 17.643360410968725, 59.854206950777176, 3.920000076293945 ], [ 17.643315371855248, 59.854192465917905, 3.390000104904175 ] ] } },
{ "type": "Feature", "properties": { }, "geometry": { "type": "LineString", "coordinates": [ [ 17.636488590408263, 59.862769362325331, 8.449999809265137 ], [ 17.636427691617801, 59.862802217270243, 8.350000381469727 ], [ 17.636363525535025, 59.862836836445233, 8.470000267028809 ] ] } },
{ "type": "Feature", "properties": { }, "geometry": { "type": "LineString", "coordinates": [ [ 17.63887203438081, 59.861402079990363, 7.730000019073486 ], [ 17.638838000677946, 59.861421699181236, 7.670000076293945 ], [ 17.638769724051194, 59.861461055935756, 7.699999809265137 ] ] } },
{ "type": "Feature", "properties": { }, "geometry": { "type": "LineString", "coordinates": [ [ 17.641310639951637, 59.859874925629782, 6.809999942779541 ], [ 17.641437211517722, 59.859930245893537, 6.71999979019165 ], [ 17.641595745714149, 59.85999954310843, 6.679999828338623 ] ] } },
{ "type": "Feature", "properties": { }, "geometry": { "type": "LineString", "coordinates": [ [ 17.648137783351334, 59.857245207879807, 6.099999904632568 ], [ 17.648068057069011, 59.857297839818038, 6.059999942779541 ], [ 17.648042102420391, 59.857312916281948, 6.079999923706055 ] ] } },
{ "type": "Feature", "properties": { }, "geometry": { "type": "LineString", "coordinates": [ [ 17.636201476679304, 59.862680149504989, 8.689999580383301 ], [ 17.636160270817712, 59.862702738208284, 8.619999885559082 ], [ 17.636123430837259, 59.862722926783121, 8.609999656677246 ] ] } },
{ "type": "Feature", "properties": { }, "geometry": { "type": "LineString", "coordinates": [ [ 17.63357423373817, 59.861445713789223, 7.96999979019165 ], [ 17.633529879507062, 59.861469934997871, 7.829999923706055 ], [ 17.633476357179728, 59.861499171973598, 7.78000020980835 ] ] } },
{ "type": "Feature", "properties": { }, "geometry": { "type": "LineString", "coordinates": [ [ 17.638486666110857, 59.858413009665554, 8.619999885559082 ], [ 17.638534588545429, 59.858387044872934, 8.460000038146973 ], [ 17.638587584130299, 59.858358323055519, 8.439999580383301 ] ] } },
{ "type": "Feature", "properties": { }, "geometry": { "type": "LineString", "coordinates": [ [ 17.639338379041806, 59.858695334740986, 8.060000419616699 ], [ 17.639283057905004, 59.858726259146536, 8.199999809265137 ], [ 17.639230201139203, 59.858755813597632, 8.25 ] ] } },
{ "type": "Feature", "properties": { }, "geometry": { "type": "LineString", "coordinates": [ [ 17.638751053788621, 59.858534907628638, 8.510000228881836 ], [ 17.638799990007726, 59.858506930933089, 8.529999732971191 ], [ 17.638852176777913, 59.858477090292716, 8.489999771118164 ] ] } },
{ "type": "Feature", "properties": { }, "geometry": { "type": "LineString", "coordinates": [ [ 17.639113163719163, 59.858594237625361, 8.359999656677246 ], [ 17.639059383508854, 59.858624288765441, 8.359999656677246 ], [ 17.639007640868265, 59.858653199789352, 8.399999618530273 ] ] } },
{ "type": "Feature", "properties": { }, "geometry": { "type": "LineString", "coordinates": [ [ 17.638193277320767, 59.858574076089837, 9.199999809265137 ], [ 17.638731327606131, 59.858668375523173, 8.819999694824219 ], [ 17.639035957054521, 59.858721768518812, 8.430000305175781 ] ] } },
{ "type": "Feature", "properties": { }, "geometry": { "type": "LineString", "coordinates": [ [ 17.639035957054521, 59.858721768518812, 8.430000305175781 ], [ 17.639230201139203, 59.858755813597632, 8.25 ] ] } },
{ "type": "Feature", "properties": { }, "geometry": { "type": "LineString", "coordinates": [ [ 17.638937254041835, 59.858917443860051, 8.989999771118164 ], [ 17.638731327606131, 59.858668375523173, 8.819999694824219 ], [ 17.638576742833212, 59.858507027917042, 8.5 ] ] } },
{ "type": "Feature", "properties": { }, "geometry": { "type": "LineString", "coordinates": [ [ 17.638576742833212, 59.858507027917042, 8.5 ], [ 17.638486666110857, 59.858413009665554, 8.619999885559082 ] ] } },
{ "type": "Feature", "properties": { }, "geometry": { "type": "LineString", "coordinates": [ [ 17.639230201139203, 59.858755813597632, 8.25 ], [ 17.638937254041835, 59.858917443860051, 8.989999771118164 ], [ 17.638600121445236, 59.85876185191389, 9.100000381469727 ] ] } },
{ "type": "Feature", "properties": { }, "geometry": { "type": "LineString", "coordinates": [ [ 17.638600121445236, 59.85876185191389, 9.100000381469727 ], [ 17.638577202475844, 59.858751274367485, 9.090000152587891 ], [ 17.638193277320767, 59.858574076089837, 9.199999809265137 ], [ 17.638423099046229, 59.858447907298917, 8.75 ] ] } },
{ "type": "Feature", "properties": { }, "geometry": { "type": "LineString", "coordinates": [ [ 17.638423099046229, 59.858447907298917, 8.75 ], [ 17.638486666110857, 59.858413009665554, 8.619999885559082 ] ] } },
{ "type": "Feature", "properties": { }, "geometry": { "type": "LineString", "coordinates": [ [ 17.638587584130299, 59.858358323055519, 8.439999580383301 ], [ 17.639123011489318, 59.858454472196001, 8.5 ], [ 17.639427998794076, 59.858509237710507, 8.300000190734863 ] ] } },
{ "type": "Feature", "properties": { }, "geometry": { "type": "LineString", "coordinates": [ [ 17.639427998794076, 59.858509237710507, 8.300000190734863 ], [ 17.639613576171065, 59.858542560761727, 8.329999923706055 ] ] } },
{ "type": "Feature", "properties": { }, "geometry": { "type": "LineString", "coordinates": [ [ 17.639338379041806, 59.858695334740986, 8.060000419616699 ], [ 17.639123011489318, 59.858454472196001, 8.5 ], [ 17.63895975347987, 59.858288973997944, 8.229999542236328 ] ] } },
{ "type": "Feature", "properties": { }, "geometry": { "type": "LineString", "coordinates": [ [ 17.63895975347987, 59.858288973997944, 8.229999542236328 ], [ 17.63887232139815, 59.858200341421018, 8.270000457763672 ] ] } },
{ "type": "Feature", "properties": { }, "geometry": { "type": "LineString", "coordinates": [ [ 17.638587584130299, 59.858358323055519, 8.439999580383301 ], [ 17.63887232139815, 59.858200341421018, 8.270000457763672 ], [ 17.639217413069851, 59.858359666708282, 8.399999618530273 ] ] } },
{ "type": "Feature", "properties": { }, "geometry": { "type": "LineString", "coordinates": [ [ 17.639217413069851, 59.858359666708282, 8.399999618530273 ], [ 17.639259786267768, 59.858379229810311, 8.479999542236328 ], [ 17.639613576171065, 59.858542560761727, 8.329999923706055 ], [ 17.639375462171607, 59.85867474838583, 8.109999656677246 ] ] } },
{ "type": "Feature", "properties": { }, "geometry": { "type": "LineString", "coordinates": [ [ 17.639375462171607, 59.85867474838583, 8.109999656677246 ], [ 17.639338379041806, 59.858695334740986, 8.060000419616699 ] ] } },
{ "type": "Feature", "properties": { }, "geometry": { "type": "LineString", "coordinates": [ [ 17.640639644832923, 59.85663158330653, 5.590000152587891 ], [ 17.640593036039672, 59.856580489948605, 5.570000171661377 ], [ 17.640582491925546, 59.85657281406241, 5.510000228881836 ] ] } },
{ "type": "Feature", "properties": { }, "geometry": { "type": "LineString", "coordinates": [ [ 17.641680887942258, 59.857015446394954, 6.150000095367432 ], [ 17.641651246133161, 59.856984377400366, 6.099999904632568 ], [ 17.64128243866498, 59.856890427184624, 6.039999961853027 ], [ 17.640955617761652, 59.856765557733198, 5.929999828338623 ] ] } },
{ "type": "Feature", "properties": { }, "geometry": { "type": "LineString", "coordinates": [ [ 17.640955617761652, 59.856765557733198, 5.929999828338623 ], [ 17.640667636170889, 59.856655526274459, 5.610000133514404 ], [ 17.64065310473276, 59.856646338628835, 5.579999923706055 ], [ 17.640639644832923, 59.85663158330653, 5.590000152587891 ] ] } },
{ "type": "Feature", "properties": { }, "geometry": { "type": "LineString", "coordinates": [ [ 17.643359156958613, 59.858733390050851, 5.889999866485596 ], [ 17.643406447171763, 59.858707350481481, 5.789999961853027 ], [ 17.643457946278676, 59.858678985052919, 5.78000020980835 ] ] } },
{ "type": "Feature", "properties": { }, "geometry": { "type": "LineString", "coordinates": [ [ 17.638513115293943, 59.857672397428068, 5.300000190734863 ], [ 17.638441617405533, 59.857636791909968, 5.139999866485596 ], [ 17.638392525788028, 59.857612343502964, 5.050000190734863 ] ] } },
{ "type": "Feature", "properties": { }, "geometry": { "type": "LineString", "coordinates": [ [ 17.648495361948619, 59.854777558148839, 3.950000047683716 ], [ 17.648443704066242, 59.854805936032911, 3.900000095367432 ] ] } },
{ "type": "Feature", "properties": { }, "geometry": { "type": "LineString", "coordinates": [ [ 17.648443704066242, 59.854805936032911, 3.900000095367432 ], [ 17.648391330590101, 59.854834777986213, 3.950000047683716 ] ] } },
{ "type": "Feature", "properties": { }, "geometry": { "type": "LineString", "coordinates": [ [ 17.649486027180725, 59.855343482169111, 3.990000009536743 ], [ 17.649541047088334, 59.855313330224078, 4.039999961853027 ], [ 17.649592167148509, 59.855285312496036, 4.179999828338623 ] ] } },
{ "type": "Feature", "properties": { }, "geometry": { "type": "LineString", "coordinates": [ [ 17.647860997138672, 59.854420604021442, 4.349999904632568 ], [ 17.648245740332989, 59.854597350901741, 4.110000133514404 ], [ 17.64831415946762, 59.854749961467, 3.990000009536743 ] ] } },
{ "type": "Feature", "properties": { }, "geometry": { "type": "LineString", "coordinates": [ [ 17.648143055023471, 59.854844991396497, 3.980000019073486 ], [ 17.647831565952295, 59.854824026896665, 4.25 ], [ 17.647481388820239, 59.854662908020515, 4.28000020980835 ], [ 17.647446108939668, 59.854646650746467, 4.199999809265137 ] ] } },
{ "type": "Feature", "properties": { }, "geometry": { "type": "LineString", "coordinates": [ [ 17.645916619840278, 59.85382216608933, 4.420000076293945 ], [ 17.645948823764979, 59.853837200759997, 4.369999885559082 ], [ 17.645990597414823, 59.853856704117632, 4.46999979019165 ] ] } },
{ "type": "Feature", "properties": { }, "geometry": { "type": "LineString", "coordinates": [ [ 17.645657502079306, 59.853701190260296, 4.449999809265137 ], [ 17.645721405609379, 59.853731027162532, 4.360000133514404 ], [ 17.64576037250491, 59.853749216524271, 4.369999885559082 ] ] } },
{ "type": "Feature", "properties": { }, "geometry": { "type": "LineString", "coordinates": [ [ 17.643248585122535, 59.859114699553139, 6.110000133514404 ], [ 17.643176111123722, 59.85915854713587, 6.25 ], [ 17.643125401338182, 59.859189223559078, 6.159999847412109 ] ] } },
{ "type": "Feature", "properties": { }, "geometry": { "type": "LineString", "coordinates": [ [ 17.640349453142672, 59.859267313128413, 7.739999771118164 ], [ 17.640312011985802, 59.85925034780184, 7.739999771118164 ] ] } },
{ "type": "Feature", "properties": { }, "geometry": { "type": "LineString", "coordinates": [ [ 17.640312011985802, 59.85925034780184, 7.739999771118164 ], [ 17.640239890469338, 59.859216640120998, 7.829999923706055 ] ] } },
{ "type": "Feature", "properties": { }, "geometry": { "type": "LineString", "coordinates": [ [ 17.646377923519569, 59.855822718506928, 4.329999923706055 ], [ 17.646446680289468, 59.855854313399895, 4.230000019073486 ] ] } },
{ "type": "Feature", "properties": { }, "geometry": { "type": "LineString", "coordinates": [ [ 17.646446680289468, 59.855854313399895, 4.230000019073486 ], [ 17.64650312027981, 59.855881187898099, 4.340000152587891 ] ] } },
{ "type": "Feature", "properties": { }, "geometry": { "type": "LineString", "coordinates": [ [ 17.636363525535025, 59.862836836445233, 8.470000267028809 ], [ 17.636333333418165, 59.862835920729935, 8.460000038146973 ], [ 17.636302927796294, 59.862836601039795, 8.460000038146973 ], [ 17.636276621759002, 59.862840511236854, 8.460000038146973 ], [ 17.636241009941063, 59.862860268385845, 8.420000076293945 ] ] } },
{ "type": "Feature", "properties": { }, "geometry": { "type": "LineString", "coordinates": [ [ 17.636481068642297, 59.862731396476065, 8.590000152587891 ], [ 17.636468120255017, 59.86274477530646, 8.510000228881836 ], [ 17.636471953562054, 59.862756190584939, 8.470000267028809 ], [ 17.636488590408263, 59.862769362325331, 8.449999809265137 ] ] } },
{ "type": "Feature", "properties": { }, "geometry": { "type": "LineString", "coordinates": [ [ 17.636280751352746, 59.862635213330108, 8.789999961853027 ], [ 17.636388494542128, 59.86268696112073, 8.760000228881836 ] ] } },
{ "type": "Feature", "properties": { }, "geometry": { "type": "LineString", "coordinates": [ [ 17.636388494542128, 59.86268696112073, 8.760000228881836 ], [ 17.636481068642297, 59.862731396476065, 8.590000152587891 ] ] } },
{ "type": "Feature", "properties": { }, "geometry": { "type": "LineString", "coordinates": [ [ 17.647245648220135, 59.857379495332367, 5.510000228881836 ], [ 17.647267212749551, 59.85736730540593, 5.519999980926514 ] ] } },
{ "type": "Feature", "properties": { }, "geometry": { "type": "LineString", "coordinates": [ [ 17.647267212749551, 59.85736730540593, 5.519999980926514 ], [ 17.647287300014352, 59.857356786917251, 5.5 ] ] } },
{ "type": "Feature", "properties": { }, "geometry": { "type": "LineString", "coordinates": [ [ 17.647351469792692, 59.857323197030162, 5.550000190734863 ], [ 17.647369110410974, 59.857313962604216, 5.519999980926514 ] ] } },
{ "type": "Feature", "properties": { }, "geometry": { "type": "LineString", "coordinates": [ [ 17.647369110410974, 59.857313962604216, 5.519999980926514 ], [ 17.647388860072788, 59.857302658576209, 5.550000190734863 ] ] } },
{ "type": "Feature", "properties": { }, "geometry": { "type": "LineString", "coordinates": [ [ 17.647468407769079, 59.857257124456872, 5.570000171661377 ], [ 17.647489813008725, 59.857244459452453, 5.590000152587891 ] ] } },
{ "type": "Feature", "properties": { }, "geometry": { "type": "LineString", "coordinates": [ [ 17.647451003278842, 59.857267089357045, 5.579999923706055 ], [ 17.647468407769079, 59.857257124456872, 5.570000171661377 ] ] } },
{ "type": "Feature", "properties": { }, "geometry": { "type": "LineString", "coordinates": [ [ 17.647565141794015, 59.857199902375065, 5.539999961853027 ], [ 17.647585536580227, 59.857188471131757, 5.559999942779541 ] ] } },
{ "type": "Feature", "properties": { }, "geometry": { "type": "LineString", "coordinates": [ [ 17.647544485624866, 59.857212116909935, 5.610000133514404 ], [ 17.647565141794015, 59.857199902375065, 5.539999961853027 ] ] } },
{ "type": "Feature", "properties": { }, "geometry": { "type": "LineString", "coordinates": [ [ 17.646638435672624, 59.854392572937769, 4.269999980926514 ], [ 17.646684930701795, 59.854367019155546, 4.179999828338623 ] ] } },
{ "type": "Feature", "properties": { }, "geometry": { "type": "LineString", "coordinates": [ [ 17.646607451087927, 59.854409591884313, 4.340000152587891 ], [ 17.646638435672624, 59.854392572937769, 4.269999980926514 ] ] } },
{ "type": "Feature", "properties": { }, "geometry": { "type": "LineString", "coordinates": [ [ 17.635130643985637, 59.863471792339773, 7.789999961853027 ], [ 17.63511272245777, 59.863482672373387, 7.769999980926514 ], [ 17.63510289042156, 59.863494639609399, 7.820000171661377 ], [ 17.635100586255625, 59.863507755257267, 7.840000152587891 ], [ 17.635111142173649, 59.863517715485614, 7.769999980926514 ] ] } },
{ "type": "Feature", "properties": { }, "geometry": { "type": "LineString", "coordinates": [ [ 17.635111142173649, 59.863517715485614, 7.769999980926514 ], [ 17.635773230005896, 59.86381871103081, 7.460000038146973 ] ] } },
{ "type": "Feature", "properties": { }, "geometry": { "type": "LineString", "coordinates": [ [ 17.635773230005896, 59.86381871103081, 7.460000038146973 ], [ 17.636174416228066, 59.864001092290245, 7.639999866485596 ], [ 17.6361728392278, 59.864013779400189, 7.659999847412109 ] ] } },
{ "type": "Feature", "properties": { }, "geometry": { "type": "LineString", "coordinates": [ [ 17.639991714269243, 59.856515312648682, 4.869999885559082 ], [ 17.639920869810325, 59.856494063500371, 4.480000019073486 ] ] } },
{ "type": "Feature", "properties": { }, "geometry": { "type": "LineString", "coordinates": [ [ 17.640057357633758, 59.856537087221291, 4.960000038146973 ], [ 17.640028965037327, 59.856527263878561, 4.880000114440918 ] ] } },
{ "type": "Feature", "properties": { }, "geometry": { "type": "LineString", "coordinates": [ [ 17.640092067840264, 59.856548118632823, 5.03000020980835 ], [ 17.640057357633758, 59.856537087221291, 4.960000038146973 ] ] } },
{ "type": "Feature", "properties": { }, "geometry": { "type": "LineString", "coordinates": [ [ 17.640028965037327, 59.856527263878561, 4.880000114440918 ], [ 17.640011903412049, 59.856521367537766, 4.880000114440918 ] ] } },
{ "type": "Feature", "properties": { }, "geometry": { "type": "LineString", "coordinates": [ [ 17.640011903412049, 59.856521367537766, 4.880000114440918 ], [ 17.639991714269243, 59.856515312648682, 4.869999885559082 ] ] } },
{ "type": "Feature", "properties": { }, "geometry": { "type": "LineString", "coordinates": [ [ 17.645916160335702, 59.852373577132902, 4.460000038146973 ], [ 17.645945827348331, 59.852340295996278, 4.400000095367432 ], [ 17.646000563542678, 59.852278894088215, 4.369999885559082 ], [ 17.646117102396779, 59.852150344821446, 4.539999961853027 ] ] } },
{ "type": "Feature", "properties": { }, "geometry": { "type": "LineString", "coordinates": [ [ 17.647689087626805, 59.853108250776408, 4.610000133514404 ], [ 17.647675131569454, 59.853096332759002, 4.610000133514404 ], [ 17.647037739039426, 59.852802356587688, 4.579999923706055 ] ] } },
{ "type": "Feature", "properties": { }, "geometry": { "type": "LineString", "coordinates": [ [ 17.647037739039426, 59.852802356587688, 4.579999923706055 ], [ 17.646583501377421, 59.852592849426848, 4.510000228881836 ], [ 17.64648482190093, 59.852548565503888, 4.550000190734863 ], [ 17.646372144076171, 59.852503678835525, 4.550000190734863 ] ] } },
{ "type": "Feature", "properties": { }, "geometry": { "type": "LineString", "coordinates": [ [ 17.646372144076171, 59.852503678835525, 4.550000190734863 ], [ 17.646362640917005, 59.85249989311918, 4.559999942779541 ], [ 17.646214339523905, 59.852440646291072, 4.550000190734863 ], [ 17.646100396868572, 59.852395462663388, 4.579999923706055 ], [ 17.64603953123385, 59.852377463867107, 4.570000171661377 ], [ 17.645996716888771, 59.852371722035663, 4.519999980926514 ], [ 17.645959555244026, 59.852368907315608, 4.46999979019165 ], [ 17.645916160335702, 59.852373577132902, 4.460000038146973 ] ] } },
{ "type": "Feature", "properties": { }, "geometry": { "type": "LineString", "coordinates": [ [ 17.651037179016239, 59.854765137118299, 4.809999942779541 ], [ 17.65113888944343, 59.854707683494397, 4.639999866485596 ], [ 17.651273342116482, 59.854637942478689, 4.71999979019165 ], [ 17.651351335876214, 59.854560937281271, 4.820000171661377 ] ] } },
{ "type": "Feature", "properties": { }, "geometry": { "type": "LineString", "coordinates": [ [ 17.649522605449452, 59.854035805883328, 4.820000171661377 ], [ 17.649549558054673, 59.854019788190882, 4.769999980926514 ], [ 17.649584290134417, 59.85399915265257, 4.809999942779541 ], [ 17.649688348412649, 59.853939582871241, 4.809999942779541 ], [ 17.649819333784823, 59.853866936606586, 4.639999866485596 ] ] } },
{ "type": "Feature", "properties": { }, "geometry": { "type": "LineString", "coordinates": [ [ 17.650277664595865, 59.855108950950964, 5.010000228881836 ], [ 17.650184312373348, 59.855209862824147, 4.960000038146973 ], [ 17.650124166730247, 59.855271775135137, 5.019999980926514 ], [ 17.65003973342661, 59.855325760771215, 5.099999904632568 ], [ 17.64996708685344, 59.855370786444681, 4.829999923706055 ], [ 17.649933548626848, 59.855425660262405, 4.71999979019165 ] ] } },
{ "type": "Feature", "properties": { }, "geometry": { "type": "LineString", "coordinates": [ [ 17.647708928974257, 59.853187896714921, 4.53000020980835 ], [ 17.647702349988574, 59.853153067334254, 4.559999942779541 ], [ 17.647697818532365, 59.853132801030583, 4.599999904632568 ], [ 17.647694142043417, 59.85311728568503, 4.619999885559082 ], [ 17.647689087626805, 59.853108250776408, 4.610000133514404 ] ] } },
{ "type": "Feature", "properties": { }, "geometry": { "type": "LineString", "coordinates": [ [ 17.644692545737893, 59.858757328258456, 6.099999904632568 ], [ 17.644154089735448, 59.859083107814115, 6.409999847412109 ] ] } },
{ "type": "Feature", "properties": { }, "geometry": { "type": "LineString", "coordinates": [ [ 17.644154089735448, 59.859083107814115, 6.409999847412109 ], [ 17.644406641285943, 59.859199493604621, 6.5 ] ] } },
{ "type": "Feature", "properties": { }, "geometry": { "type": "LineString", "coordinates": [ [ 17.63499025128586, 59.86063413986556, 9.5 ], [ 17.635076704155914, 59.860672795593416, 9.670000076293945 ], [ 17.635147092638249, 59.860704263768071, 9.729999542236328 ] ] } },
{ "type": "Feature", "properties": { }, "geometry": { "type": "LineString", "coordinates": [ [ 17.64848189701085, 59.852931052314979, 4.960000038146973 ], [ 17.648250456918504, 59.853055805969753, 4.760000228881836 ] ] } },
{ "type": "Feature", "properties": { }, "geometry": { "type": "LineString", "coordinates": [ [ 17.64993639091665, 59.853921647859941, 4.710000038146973 ], [ 17.649819333784823, 59.853866936606586, 4.639999866485596 ], [ 17.649282706425264, 59.853616148819597, 4.610000133514404 ] ] } },
{ "type": "Feature", "properties": { }, "geometry": { "type": "LineString", "coordinates": [ [ 17.649282706425264, 59.853616148819597, 4.610000133514404 ], [ 17.649127110391074, 59.853543431339112, 4.619999885559082 ], [ 17.648629027137481, 59.853310650106749, 4.880000114440918 ] ] } },
{ "type": "Feature", "properties": { }, "geometry": { "type": "LineString", "coordinates": [ [ 17.648629027137481, 59.853310650106749, 4.880000114440918 ], [ 17.6482732918052, 59.853144392577235, 4.739999771118164 ], [ 17.648169902636063, 59.853096071756461, 4.710000038146973 ], [ 17.648168057136367, 59.853094838332431, 4.710000038146973 ], [ 17.648122026113395, 59.853063814994599, 4.699999809265137 ] ] } },
{ "type": "Feature", "properties": { }, "geometry": { "type": "LineString", "coordinates": [ [ 17.649256626280717, 59.853473470527696, 4.739999771118164 ], [ 17.649127110391074, 59.853543431339112, 4.619999885559082 ] ] } },
{ "type": "Feature", "properties": { }, "geometry": { "type": "LineString", "coordinates": [ [ 17.65058021810701, 59.854553391833569, 4.940000057220459 ], [ 17.650548942086196, 59.85452616220082, 4.920000076293945 ], [ 17.649947021085445, 59.85423886616708, 4.900000095367432 ] ] } },
{ "type": "Feature", "properties": { }, "geometry": { "type": "LineString", "coordinates": [ [ 17.649947021085445, 59.85423886616708, 4.900000095367432 ], [ 17.649784342354973, 59.854161218504913, 4.840000152587891 ], [ 17.649691728457164, 59.854120276672759, 4.710000038146973 ] ] } },
{ "type": "Feature", "properties": { }, "geometry": { "type": "LineString", "coordinates": [ [ 17.650628307066217, 59.854608592044677, 4.940000057220459 ], [ 17.65058021810701, 59.854553391833569, 4.940000057220459 ] ] } },
{ "type": "Feature", "properties": { }, "geometry": { "type": "LineString", "coordinates": [ [ 17.649691728457164, 59.854120276672759, 4.710000038146973 ], [ 17.649671612849499, 59.854111388010431, 4.690000057220459 ] ] } },
{ "type": "Feature", "properties": { }, "geometry": { "type": "LineString", "coordinates": [ [ 17.649576984231686, 59.854064947600051, 4.670000076293945 ], [ 17.64956407181478, 59.854058026749946, 4.710000038146973 ] ] } },
{ "type": "Feature", "properties": { }, "geometry": { "type": "LineString", "coordinates": [ [ 17.643294350945141, 59.864686242482016, 9.979999542236328 ], [ 17.643274401756631, 59.864676757000225, 9.869999885559082 ] ] } },
{ "type": "Feature", "properties": { }, "geometry": { "type": "LineString", "coordinates": [ [ 17.643362292733652, 59.864717570004345, 10.069999694824219 ], [ 17.643294350945141, 59.864686242482016, 9.979999542236328 ] ] } },
{ "type": "Feature", "properties": { }, "geometry": { "type": "LineString", "coordinates": [ [ 17.64341924282984, 59.864743832183436, 10.289999961853027 ], [ 17.643362292733652, 59.864717570004345, 10.069999694824219 ] ] } },
{ "type": "Feature", "properties": { }, "geometry": { "type": "LineString", "coordinates": [ [ 17.642990053679419, 59.864542091459917, 9.430000305175781 ], [ 17.642965097839383, 59.864530293828793, 9.449999809265137 ], [ 17.642678310071375, 59.864397689525298, 8.880000114440918 ] ] } },
{ "type": "Feature", "properties": { }, "geometry": { "type": "LineString", "coordinates": [ [ 17.625046763944415, 59.857565053834612, 18.709999084472656 ], [ 17.624985845050571, 59.857597982399078, 18.829999923706055 ], [ 17.624909720561252, 59.857638373473534, 18.709999084472656 ] ] } },
{ "type": "Feature", "properties": { }, "geometry": { "type": "LineString", "coordinates": [ [ 17.624734916177911, 59.857566543208179, 18.920000076293945 ], [ 17.624749333137753, 59.857573297917902, 18.889999389648438 ], [ 17.624878515608454, 59.857654927540572, 18.829999923706055 ] ] } },
{ "type": "Feature", "properties": { }, "geometry": { "type": "LineString", "coordinates": [ [ 17.624884056000052, 59.857485607524097, 18.940000534057617 ], [ 17.624933299139652, 59.857508022172432, 18.889999389648438 ], [ 17.625096306196667, 59.857538276583696, 18.829999923706055 ] ] } },
{ "type": "Feature", "properties": { }, "geometry": { "type": "LineString", "coordinates": [ [ 17.631904832094968, 59.86230428726212, 7.289999961853027 ], [ 17.631692393144235, 59.862135518757334, 7.599999904632568 ] ] } },
{ "type": "Feature", "properties": { }, "geometry": { "type": "LineString", "coordinates": [ [ 17.635242745987078, 59.855319571033306, 13.390000343322754 ], [ 17.635443582310103, 59.855336927869502, 12.340000152587891 ], [ 17.635578032361451, 59.855345135282633, 11.550000190734863 ], [ 17.635708375559783, 59.855342646533543, 10.579999923706055 ], [ 17.635821817684377, 59.855330138989885, 9.989999771118164 ], [ 17.635911777447081, 59.855314211457298, 9.460000038146973 ], [ 17.636007858652906, 59.855283628447545, 8.869999885559082 ], [ 17.636078515720925, 59.855249885360664, 8.640000343322754 ] ] } },
{ "type": "Feature", "properties": { }, "geometry": { "type": "LineString", "coordinates": [ [ 17.636078515720925, 59.855249885360664, 8.640000343322754 ], [ 17.636139420764611, 59.855220799379275, 8.489999771118164 ], [ 17.636179192845621, 59.855203414253083, 8.350000381469727 ], [ 17.636219496543241, 59.855191621738719, 8.279999732971191 ], [ 17.636257613733768, 59.855194113169908, 8.260000228881836 ], [ 17.636295855821949, 59.85520860808122, 8.300000190734863 ] ] } },
{ "type": "Feature", "properties": { }, "geometry": { "type": "LineString", "coordinates": [ [ 17.636917282585134, 59.854771831111329, 6.960000038146973 ], [ 17.636900926208483, 59.854789232731143, 6.920000076293945 ], [ 17.636857444601098, 59.854815036644133, 6.989999771118164 ], [ 17.636819946669124, 59.854832012392549, 7.260000228881836 ], [ 17.636771195917724, 59.854851554804725, 7.679999828338623 ], [ 17.63659807019884, 59.854911448334612, 9.409999847412109 ], [ 17.636425282534073, 59.854968772340563, 10.670000076293945 ], [ 17.636298935795566, 59.855007014164478, 11.220000267028809 ], [ 17.636208701939843, 59.855038157469302, 11.310000419616699 ] ] } },
{ "type": "Feature", "properties": { }, "geometry": { "type": "LineString", "coordinates": [ [ 17.636208701939843, 59.855038157469302, 11.310000419616699 ], [ 17.636155369378365, 59.855056564608631, 11.300000190734863 ] ] } },
{ "type": "Feature", "properties": { }, "geometry": { "type": "LineString", "coordinates": [ [ 17.635622858041256, 59.855224548951014, 12.779999732971191 ], [ 17.635796040352076, 59.855174427437959, 12.270000457763672 ], [ 17.635976771562923, 59.85511317637507, 11.689999580383301 ], [ 17.636155369378365, 59.855056564608631, 11.300000190734863 ] ] } },
{ "type": "Feature", "properties": { }, "geometry": { "type": "LineString", "coordinates": [ [ 17.635622858041256, 59.855224548951014, 12.779999732971191 ], [ 17.635242745987078, 59.855319571033306, 13.390000343322754 ] ] } },
{ "type": "Feature", "properties": { }, "geometry": { "type": "LineString", "coordinates": [ [ 17.634659242259467, 59.855437985844276, 14.510000228881836 ], [ 17.635242745987078, 59.855319571033306, 13.390000343322754 ] ] } },
{ "type": "Feature", "properties": { }, "geometry": { "type": "LineString", "coordinates": [ [ 17.633631705800436, 59.855592471916907, 17.25 ], [ 17.633708354984027, 59.85559440722087, 17.170000076293945 ], [ 17.634026794144685, 59.855550253870163, 16.729999542236328 ] ] } },
{ "type": "Feature", "properties": { }, "geometry": { "type": "LineString", "coordinates": [ [ 17.625096306196667, 59.857538276583696, 18.829999923706055 ], [ 17.625220603026534, 59.857550323204059, 18.889999389648438 ] ] } },
{ "type": "Feature", "properties": { }, "geometry": { "type": "LineString", "coordinates": [ [ 17.639017317877435, 59.85380327956301, 5.349999904632568 ], [ 17.639144415809671, 59.853678329723998, 5.28000020980835 ], [ 17.639399420881944, 59.853457564740943, 4.940000057220459 ], [ 17.639460143439557, 59.853414054351056, 4.949999809265137 ] ] } },
{ "type": "Feature", "properties": { }, "geometry": { "type": "LineString", "coordinates": [ [ 17.639460143439557, 59.853414054351056, 4.949999809265137 ], [ 17.639506465789928, 59.853380862250241, 4.920000076293945 ] ] } },
{ "type": "Feature", "properties": { }, "geometry": { "type": "LineString", "coordinates": [ [ 17.640059811551335, 59.854630830483579, 4.489999771118164 ], [ 17.640105382467585, 59.854642543396139, 4.46999979019165 ], [ 17.64012891101218, 59.854648588372186, 4.449999809265137 ] ] } },
{ "type": "Feature", "properties": { }, "geometry": { "type": "LineString", "coordinates": [ [ 17.639017317877435, 59.85380327956301, 5.349999904632568 ], [ 17.639160555202217, 59.853726415577555, 4.920000076293945 ], [ 17.63937185899821, 59.853556199858687, 4.739999771118164 ], [ 17.639463397961055, 59.853482385158053, 4.690000057220459 ], [ 17.63950390470097, 59.853431236071415, 4.840000152587891 ], [ 17.63950394299443, 59.853430482881762, 4.840000152587891 ] ] } },
{ "type": "Feature", "properties": { }, "geometry": { "type": "LineString", "coordinates": [ [ 17.63950394299443, 59.853430482881762, 4.840000152587891 ], [ 17.639506465789928, 59.853380862250241, 4.920000076293945 ] ] } },
{ "type": "Feature", "properties": { }, "geometry": { "type": "LineString", "coordinates": [ [ 17.623632704876211, 59.858403683027639, 15.079999923706055 ], [ 17.623575415862806, 59.85843558206863, 14.899999618530273 ], [ 17.623367394879608, 59.85855001216796, 14.329999923706055 ] ] } },
{ "type": "Feature", "properties": { }, "geometry": { "type": "LineString", "coordinates": [ [ 17.627737831765053, 59.860332019773402, 9.270000457763672 ], [ 17.627507350372294, 59.860436206963499, 9.149999618530273 ] ] } },
{ "type": "Feature", "properties": { }, "geometry": { "type": "LineString", "coordinates": [ [ 17.623575415862806, 59.85843558206863, 14.899999618530273 ], [ 17.623640456982372, 59.858462951428663, 14.810000419616699 ] ] } },
{ "type": "Feature", "properties": { }, "geometry": { "type": "LineString", "coordinates": [ [ 17.639017317877435, 59.85380327956301, 5.349999904632568 ], [ 17.638873079071622, 59.853759168322341, 5.550000190734863 ], [ 17.638695858795987, 59.853705068367994, 5.78000020980835 ] ] } },
{ "type": "Feature", "properties": { }, "geometry": { "type": "LineString", "coordinates": [ [ 17.632110378331763, 59.855571418138808, 22.079999923706055 ], [ 17.632115281134503, 59.855537736205562, 22.020000457763672 ] ] } },
{ "type": "Feature", "properties": { }, "geometry": { "type": "LineString", "coordinates": [ [ 17.62406052211216, 59.858585372609078, 15.060000419616699 ], [ 17.623997494681962, 59.858619713183373, 15.159999847412109 ] ] } },
{ "type": "Feature", "properties": { }, "geometry": { "type": "LineString", "coordinates": [ [ 17.624111228898929, 59.858557737414415, 15.0 ], [ 17.62406052211216, 59.858585372609078, 15.060000419616699 ] ] } },
{ "type": "Feature", "properties": { }, "geometry": { "type": "LineString", "coordinates": [ [ 17.637696117016329, 59.855901077772607, 5.510000228881836 ], [ 17.637678884167066, 59.855910581085055, 5.460000038146973 ] ] } },
{ "type": "Feature", "properties": { }, "geometry": { "type": "LineString", "coordinates": [ [ 17.64016881591845, 59.854607601313802, 4.519999980926514 ], [ 17.640105382467585, 59.854642543396139, 4.46999979019165 ] ] } },
{ "type": "Feature", "properties": { }, "geometry": { "type": "LineString", "coordinates": [ [ 17.625096306196667, 59.857538276583696, 18.829999923706055 ], [ 17.625046763944415, 59.857565053834612, 18.709999084472656 ] ] } },
{ "type": "Feature", "properties": { }, "geometry": { "type": "LineString", "coordinates": [ [ 17.631692393144235, 59.862135518757334, 7.599999904632568 ], [ 17.631677636963186, 59.862123793525676, 6.940000057220459 ], [ 17.631185851504316, 59.86189960093099, 7.880000114440918 ] ] } },
{ "type": "Feature", "properties": { }, "geometry": { "type": "LineString", "coordinates": [ [ 17.628565176305717, 59.860577040989178, 9.199999809265137 ], [ 17.628544224713764, 59.86056573893449, 9.270000457763672 ], [ 17.628452147034697, 59.860525942202244, 9.310000419616699 ] ] } },
{ "type": "Feature", "properties": { }, "geometry": { "type": "LineString", "coordinates": [ [ 17.626733769115543, 59.85986448432066, 9.659999847412109 ], [ 17.626768963920767, 59.859881262703418, 9.659999847412109 ] ] } },
{ "type": "Feature", "properties": { }, "geometry": { "type": "LineString", "coordinates": [ [ 17.626768963920767, 59.859881262703418, 9.659999847412109 ], [ 17.626817969119401, 59.85990406824223, 9.560000419616699 ] ] } },
{ "type": "Feature", "properties": { }, "geometry": { "type": "LineString", "coordinates": [ [ 17.628394136845181, 59.860650079409076, 9.109999656677246 ], [ 17.628360933475314, 59.860633333056491, 9.130000114440918 ], [ 17.628242898833516, 59.860576944921426, 9.170000076293945 ] ] } },
{ "type": "Feature", "properties": { }, "geometry": { "type": "LineString", "coordinates": [ [ 17.632677099245168, 59.859639466035574, 7.380000114440918 ], [ 17.632898840732075, 59.859744276670867, 7.840000152587891 ], [ 17.632962998559346, 59.859774157491032, 7.960000038146973 ] ] } },
{ "type": "Feature", "properties": { }, "geometry": { "type": "LineString", "coordinates": [ [ 17.632220986939693, 59.859423871987424, 8.310000419616699 ], [ 17.632577080952551, 59.859592193403714, 7.440000057220459 ] ] } },
{ "type": "Feature", "properties": { }, "geometry": { "type": "LineString", "coordinates": [ [ 17.632778262034744, 59.859872023056852, 7.920000076293945 ], [ 17.632737949674489, 59.859853292878228, 7.789999961853027 ], [ 17.632521353030565, 59.859747750941068, 7.480000019073486 ], [ 17.632502182225998, 59.8597384125055, 7.460000038146973 ], [ 17.632129651463721, 59.859563765472586, 8.039999961853027 ] ] } },
{ "type": "Feature", "properties": { }, "geometry": { "type": "LineString", "coordinates": [ [ 17.632129651463721, 59.859563765472586, 8.039999961853027 ], [ 17.632018879851316, 59.859511833807325, 8.319999694824219 ] ] } },
{ "type": "Feature", "properties": { }, "geometry": { "type": "LineString", "coordinates": [ [ 17.633120730538344, 59.853293992635379, 29.600000381469727 ], [ 17.633943285838697, 59.853467882807564, 36.409999847412109 ] ] } },
{ "type": "Feature", "properties": { }, "geometry": { "type": "LineString", "coordinates": [ [ 17.633943285838697, 59.853467882807564, 36.409999847412109 ], [ 17.63435028050651, 59.853553919874706, 41.619998931884766 ], [ 17.634509929434248, 59.853587670188702, 41.779998779296875 ] ] } },
{ "type": "Feature", "properties": { }, "geometry": { "type": "LineString", "coordinates": [ [ 17.631973291721476, 59.858532802953228, 11.189999580383301 ], [ 17.631737248825974, 59.858628166885559, 10.909999847412109 ], [ 17.631277562166616, 59.858813887940151, 10.300000190734863 ] ] } },
{ "type": "Feature", "properties": { }, "geometry": { "type": "LineString", "coordinates": [ [ 17.631277562166616, 59.858813887940151, 10.300000190734863 ], [ 17.631158631148203, 59.858861937454606, 10.180000305175781 ], [ 17.631097713859909, 59.858886546058471, 10.100000381469727 ] ] } },
{ "type": "Feature", "properties": { }, "geometry": { "type": "LineString", "coordinates": [ [ 17.633631705800436, 59.855592471916907, 17.25 ], [ 17.633751674139098, 59.85575138120376, 14.989999771118164 ], [ 17.633834842207605, 59.855874416413933, 13.529999732971191 ], [ 17.633898930070202, 59.855961094527679, 12.479999542236328 ], [ 17.633962120908823, 59.856007729847597, 11.930000305175781 ] ] } },
{ "type": "Feature", "properties": { }, "geometry": { "type": "LineString", "coordinates": [ [ 17.633962120908823, 59.856007729847597, 11.930000305175781 ], [ 17.633998444174694, 59.85603453662047, 11.609999656677246 ], [ 17.634015164879319, 59.856043095852563, 11.489999771118164 ] ] } },
{ "type": "Feature", "properties": { }, "geometry": { "type": "LineString", "coordinates": [ [ 17.634015164879319, 59.856043095852563, 11.489999771118164 ], [ 17.634050816282507, 59.856061354978138, 11.279999732971191 ], [ 17.63421740217731, 59.856147166576015, 9.729999542236328 ], [ 17.634283436573465, 59.856181820090391, 9.609999656677246 ] ] } },
{ "type": "Feature", "properties": { }, "geometry": { "type": "LineString", "coordinates": [ [ 17.637678884167066, 59.855910581085055, 5.460000038146973 ], [ 17.637149706376238, 59.85565164230163, 5.920000076293945 ], [ 17.63703917857454, 59.855597661752327, 6.110000133514404 ] ] } },
{ "type": "Feature", "properties": { }, "geometry": { "type": "LineString", "coordinates": [ [ 17.63703917857454, 59.855597661752327, 6.110000133514404 ], [ 17.636834300263814, 59.855497600748215, 6.630000114440918 ], [ 17.636400231723336, 59.855284353966091, 8.020000457763672 ] ] } },
{ "type": "Feature", "properties": { }, "geometry": { "type": "LineString", "coordinates": [ [ 17.636400231723336, 59.855284353966091, 8.020000457763672 ], [ 17.636332628084173, 59.855251141647265, 8.180000305175781 ], [ 17.636319061660608, 59.855243083422359, 8.210000038146973 ], [ 17.636295855821949, 59.85520860808122, 8.300000190734863 ] ] } },
{ "type": "Feature", "properties": { }, "geometry": { "type": "LineString", "coordinates": [ [ 17.632101628002619, 59.858501385292044, 11.340000152587891 ], [ 17.631993280604519, 59.858545951018613, 11.020000457763672 ], [ 17.631410852213691, 59.858785544107469, 10.359999656677246 ] ] } },
{ "type": "Feature", "properties": { }, "geometry": { "type": "LineString", "coordinates": [ [ 17.631410852213691, 59.858785544107469, 10.359999656677246 ], [ 17.63119656965614, 59.858873691841332, 10.050000190734863 ], [ 17.631127255158077, 59.858900880928083, 10.039999961853027 ], [ 17.630962805080088, 59.858965382719056, 10.149999618530273 ] ] } },
{ "type": "Feature", "properties": { }, "geometry": { "type": "LineString", "coordinates": [ [ 17.63825035629543, 59.85408373715407, 5.610000133514404 ], [ 17.63820659105096, 59.854121767368206, 5.53000020980835 ], [ 17.638236213706197, 59.854154200802185, 5.329999923706055 ], [ 17.638262372200629, 59.854182834910084, 5.289999961853027 ] ] } },
{ "type": "Feature", "properties": { }, "geometry": { "type": "LineString", "coordinates": [ [ 17.641301490533142, 59.854535316804245, 3.910000085830688 ], [ 17.641269272236251, 59.854566399544389, 3.930000066757202 ], [ 17.641250151900373, 59.854589317728809, 3.950000047683716 ], [ 17.641225159786149, 59.854614095400002, 3.990000009536743 ], [ 17.641186869136146, 59.854652059604945, 4.119999885559082 ], [ 17.641108337745177, 59.854729925801344, 4.440000057220459 ] ] } },
{ "type": "Feature", "properties": { }, "geometry": { "type": "LineString", "coordinates": [ [ 17.625220603026534, 59.857550323204059, 18.889999389648438 ], [ 17.625356146006798, 59.857542145019252, 19.040000915527344 ], [ 17.625543203733059, 59.857465814379175, 19.719999313354492 ], [ 17.625882824578035, 59.857271105264836, 20.889999389648438 ] ] } },
{ "type": "Feature", "properties": { }, "geometry": { "type": "LineString", "coordinates": [ [ 17.625882824578035, 59.857271105264836, 20.889999389648438 ], [ 17.626402390662737, 59.856973225117592, 22.030000686645508 ] ] } },
{ "type": "Feature", "properties": { }, "geometry": { "type": "LineString", "coordinates": [ [ 17.631947829209814, 59.855273156032325, 24.079999923706055 ], [ 17.631855948705297, 59.855275343064115, 24.309999465942383 ], [ 17.631770436202107, 59.855315526298803, 24.319999694824219 ], [ 17.631622371645115, 59.855383506066609, 24.629999160766602 ], [ 17.631519969213318, 59.855423120314391, 24.729999542236328 ], [ 17.631433895149105, 59.855444941559519, 24.819999694824219 ], [ 17.631388265701542, 59.855455604196585, 24.850000381469727 ], [ 17.631319438569989, 59.855464703416608, 24.889999389648438 ], [ 17.631240000784576, 59.855469246595227, 24.860000610351562 ], [ 17.63118456923505, 59.855472578148735, 24.889999389648438 ] ] } },
{ "type": "Feature", "properties": { }, "geometry": { "type": "LineString", "coordinates": [ [ 17.63118456923505, 59.855472578148735, 24.889999389648438 ], [ 17.631161523274827, 59.85547396325272, 24.879999160766602 ], [ 17.631089923511592, 59.855478178343049, 24.930000305175781 ], [ 17.631015578221106, 59.855482562482564, 24.950000762939453 ], [ 17.63097021206929, 59.855480685536698, 24.940000534057617 ], [ 17.630929652736992, 59.855472266958621, 24.979999542236328 ], [ 17.630760471896483, 59.855399644108736, 25.219999313354492 ], [ 17.630704497804075, 59.855374702373147, 25.120000839233398 ], [ 17.630607015305891, 59.855331267903914, 24.989999771118164 ], [ 17.6304722657827, 59.855268542055811, 24.430000305175781 ] ] } },
{ "type": "Feature", "properties": { }, "geometry": { "type": "LineString", "coordinates": [ [ 17.638319851431323, 59.854241948287459, 5.260000228881836 ], [ 17.638342194088114, 59.854255091039015, 5.159999847412109 ], [ 17.638361646902663, 59.854261267990019, 5.190000057220459 ], [ 17.638452794710947, 59.854282346447903, 5.119999885559082 ], [ 17.639120208477916, 59.854436690319481, 4.639999866485596 ] ] } },
{ "type": "Feature", "properties": { }, "geometry": { "type": "LineString", "coordinates": [ [ 17.639120208477916, 59.854436690319481, 4.639999866485596 ], [ 17.639254793526199, 59.854467813420115, 4.570000171661377 ], [ 17.639389648458895, 59.854485652137768, 4.550000190734863 ], [ 17.63983960300941, 59.854583190412399, 4.46999979019165 ], [ 17.639904878669206, 59.854597313382342, 4.480000019073486 ], [ 17.639945010695872, 59.85460599761597, 4.519999980926514 ] ] } },
{ "type": "Feature", "properties": { }, "geometry": { "type": "LineString", "coordinates": [ [ 17.639945010695872, 59.85460599761597, 4.519999980926514 ], [ 17.639990190069678, 59.854615774032936, 4.489999771118164 ] ] } },
{ "type": "Feature", "properties": { }, "geometry": { "type": "LineString", "coordinates": [ [ 17.64012891101218, 59.854648588372186, 4.449999809265137 ], [ 17.640829060138866, 59.854828515602605, 4.610000133514404 ], [ 17.640902476901307, 59.854849184405985, 4.599999904632568 ], [ 17.640921603145127, 59.854854567793666, 4.650000095367432 ] ] } },
{ "type": "Feature", "properties": { }, "geometry": { "type": "LineString", "coordinates": [ [ 17.640921603145127, 59.854854567793666, 4.650000095367432 ], [ 17.640964664107383, 59.854866687974571, 4.630000114440918 ], [ 17.641054249972132, 59.85489190032952, 4.639999866485596 ] ] } },
{ "type": "Feature", "properties": { }, "geometry": { "type": "LineString", "coordinates": [ [ 17.638262372200629, 59.854182834910084, 5.289999961853027 ], [ 17.638289276418181, 59.854212303479031, 5.309999942779541 ] ] } },
{ "type": "Feature", "properties": { }, "geometry": { "type": "LineString", "coordinates": [ [ 17.639990190069678, 59.854615774032936, 4.489999771118164 ], [ 17.640059811551335, 59.854630830483579, 4.489999771118164 ] ] } },
{ "type": "Feature", "properties": { }, "geometry": { "type": "LineString", "coordinates": [ [ 17.641064533681714, 59.854771619537807, 4.679999828338623 ], [ 17.641008581105115, 59.854824884939951, 4.730000019073486 ] ] } },
{ "type": "Feature", "properties": { }, "geometry": { "type": "LineString", "coordinates": [ [ 17.641108337745177, 59.854729925801344, 4.440000057220459 ], [ 17.641082617813176, 59.85475440397768, 4.630000114440918 ], [ 17.641064533681714, 59.854771619537807, 4.679999828338623 ] ] } },
{ "type": "Feature", "properties": { }, "geometry": { "type": "LineString", "coordinates": [ [ 17.631693233718408, 59.860619702883689, 6.71999979019165 ], [ 17.631778514653565, 59.86065934777502, 6.739999771118164 ], [ 17.631830585222819, 59.860685352243294, 7.070000171661377 ], [ 17.632257946476617, 59.860898803195646, 6.150000095367432 ], [ 17.632333097744457, 59.860932467334727, 6.150000095367432 ] ] } },
{ "type": "Feature", "properties": { }, "geometry": { "type": "LineString", "coordinates": [ [ 17.632333097744457, 59.860932467334727, 6.150000095367432 ], [ 17.632410406511156, 59.860967097812221, 6.340000152587891 ], [ 17.632524249146829, 59.861011702945106, 6.769999980926514 ], [ 17.6325845905282, 59.861035350383887, 6.539999961853027 ] ] } },
{ "type": "Feature", "properties": { }, "geometry": { "type": "LineString", "coordinates": [ [ 17.632551038407559, 59.859724894104026, 7.400000095367432 ], [ 17.632539472835521, 59.859729465259733, 7.380000114440918 ], [ 17.632521353030565, 59.859747750941068, 7.480000019073486 ], [ 17.632390627975582, 59.859879718515401, 7.079999923706055 ], [ 17.632330961041401, 59.860023541478547, 6.980000019073486 ], [ 17.632245086833251, 59.860131870576069, 6.980000019073486 ], [ 17.632237693689941, 59.860141197407565, 7.0 ] ] } },
{ "type": "Feature", "properties": { }, "geometry": { "type": "LineString", "coordinates": [ [ 17.632237693689941, 59.860141197407565, 7.0 ], [ 17.632139169446631, 59.860265490290899, 7.03000020980835 ] ] } },
{ "type": "Feature", "properties": { }, "geometry": { "type": "LineString", "coordinates": [ [ 17.630898798647554, 59.861660222617651, 6.440000057220459 ], [ 17.630881320678856, 59.861654804505996, 6.440000057220459 ], [ 17.630853493013525, 59.861642626643665, 6.360000133514404 ], [ 17.630243161098395, 59.861356004071908, 6.760000228881836 ] ] } },
{ "type": "Feature", "properties": { }, "geometry": { "type": "LineString", "coordinates": [ [ 17.630243161098395, 59.861356004071908, 6.760000228881836 ], [ 17.630120359016129, 59.861298333112835, 6.880000114440918 ], [ 17.62987233275939, 59.8611817300444, 7.03000020980835 ], [ 17.629840851383115, 59.861166926845719, 7.079999923706055 ], [ 17.629805936556046, 59.861122891141079, 7.139999866485596 ], [ 17.629625327678813, 59.861037733857735, 7.400000095367432 ] ] } },
{ "type": "Feature", "properties": { }, "geometry": { "type": "LineString", "coordinates": [ [ 17.629625327678813, 59.861037733857735, 7.400000095367432 ], [ 17.629258700412656, 59.860864866578083, 8.060000419616699 ], [ 17.629117399736081, 59.860833591085914, 8.25 ], [ 17.628950599405524, 59.860758312767949, 8.529999732971191 ], [ 17.628942154666404, 59.860754456241899, 8.510000228881836 ] ] } },
{ "type": "Feature", "properties": { }, "geometry": { "type": "LineString", "coordinates": [ [ 17.628942154666404, 59.860754456241899, 8.510000228881836 ], [ 17.628653613330602, 59.860622684909174, 9.079999923706055 ], [ 17.62862879954983, 59.860611352924593, 9.069999694824219 ], [ 17.628565176305717, 59.860577040989178, 9.199999809265137 ] ] } },
{ "type": "Feature", "properties": { }, "geometry": { "type": "LineString", "coordinates": [ [ 17.62951931539299, 59.861163178684755, 7.349999904632568 ], [ 17.629497032386212, 59.861152752779908, 7.340000152587891 ], [ 17.629372153852959, 59.861129843462912, 7.539999961853027 ], [ 17.628977530009429, 59.860948242666794, 8.239999771118164 ], [ 17.628860184500077, 59.8608861595268, 8.430000305175781 ], [ 17.628847725780957, 59.860875912699697, 8.470000267028809 ] ] } },
{ "type": "Feature", "properties": { }, "geometry": { "type": "LineString", "coordinates": [ [ 17.628847725780957, 59.860875912699697, 8.470000267028809 ], [ 17.628799340268419, 59.860836117366453, 8.569999694824219 ], [ 17.628507349318518, 59.860702059690787, 8.989999771118164 ], [ 17.628394136845181, 59.860650079409076, 9.109999656677246 ] ] } },
{ "type": "Feature", "properties": { }, "geometry": { "type": "LineString", "coordinates": [ [ 17.630768568365841, 59.861726623953999, 6.309999942779541 ], [ 17.630723099199574, 59.861707368071279, 6.300000190734863 ], [ 17.630220536493784, 59.861482516581582, 6.579999923706055 ], [ 17.630109797022399, 59.861462016417853, 6.690000057220459 ], [ 17.63007287206759, 59.861451565886227, 6.690000057220459 ] ] } },
{ "type": "Feature", "properties": { }, "geometry": { "type": "LineString", "coordinates": [ [ 17.63007287206759, 59.861451565886227, 6.690000057220459 ], [ 17.63004626282175, 59.861444034904615, 6.730000019073486 ], [ 17.629806740826755, 59.861325798519843, 7.019999980926514 ], [ 17.629720205128351, 59.861256219651111, 7.019999980926514 ], [ 17.629705100273522, 59.86124856978153, 7.059999942779541 ], [ 17.629680330929762, 59.861237401269243, 7.079999923706055 ] ] } },
{ "type": "Feature", "properties": { }, "geometry": { "type": "LineString", "coordinates": [ [ 17.623640456982372, 59.858462951428663, 14.810000419616699 ], [ 17.623729189994137, 59.858500291242869, 14.880000114440918 ], [ 17.623832102785105, 59.858546099397046, 14.739999771118164 ] ] } },
{ "type": "Feature", "properties": { }, "geometry": { "type": "LineString", "coordinates": [ [ 17.638675346990301, 59.854134547987066, 5.28000020980835 ], [ 17.638450072584924, 59.854206824575463, 5.369999885559082 ], [ 17.638319851431323, 59.854241948287459, 5.260000228881836 ], [ 17.638214005591916, 59.854293614379579, 5.239999771118164 ] ] } },
{ "type": "Feature", "properties": { }, "geometry": { "type": "LineString", "coordinates": [ [ 17.639017317877435, 59.85380327956301, 5.349999904632568 ], [ 17.638931474921495, 59.853878043270896, 5.349999904632568 ], [ 17.638816081217517, 59.853964077748103, 5.46999979019165 ], [ 17.638700583674087, 59.854069743517094, 5.389999866485596 ], [ 17.638684588000583, 59.854101792324983, 5.380000114440918 ], [ 17.638683055102863, 59.854132073623319, 5.320000171661377 ], [ 17.638675346990301, 59.854134547987066, 5.28000020980835 ] ] } },
{ "type": "Feature", "properties": { }, "geometry": { "type": "LineString", "coordinates": [ [ 17.631837114247304, 59.855673008820958, 23.329999923706055 ], [ 17.631862170929384, 59.855670759004077, 23.239999771118164 ], [ 17.63189293460897, 59.855662713285341, 23.010000228881836 ], [ 17.632030840719292, 59.855625479500368, 22.069999694824219 ], [ 17.632067625613129, 59.855617970020262, 21.969999313354492 ], [ 17.632101804978383, 59.855613424903453, 21.879999160766602 ] ] } },
{ "type": "Feature", "properties": { }, "geometry": { "type": "LineString", "coordinates": [ [ 17.624909720561252, 59.857638373473534, 18.709999084472656 ], [ 17.624878515608454, 59.857654927540572, 18.829999923706055 ], [ 17.624883377193129, 59.857667129179227, 18.829999923706055 ], [ 17.624882050698687, 59.857679761149747, 18.819999694824219 ], [ 17.624861133311281, 59.857704782596109, 18.819999694824219 ], [ 17.624803182684214, 59.857748173129693, 18.690000534057617 ], [ 17.62477345998261, 59.857768445004673, 18.600000381469727 ], [ 17.624378547771069, 59.857988356126711, 17.459999084472656 ] ] } },
{ "type": "Feature", "properties": { }, "geometry": { "type": "LineString", "coordinates": [ [ 17.624378547771069, 59.857988356126711, 17.459999084472656 ], [ 17.623815623456782, 59.858301819587766, 15.670000076293945 ], [ 17.623780387767304, 59.858321441656244, 15.590000152587891 ] ] } },
{ "type": "Feature", "properties": { }, "geometry": { "type": "LineString", "coordinates": [ [ 17.623780387767304, 59.858321441656244, 15.590000152587891 ], [ 17.623632704876211, 59.858403683027639, 15.079999923706055 ] ] } },
{ "type": "Feature", "properties": { }, "geometry": { "type": "LineString", "coordinates": [ [ 17.641301490533142, 59.854535316804245, 3.910000085830688 ], [ 17.641288550865603, 59.854484061954835, 3.859999895095825 ], [ 17.641259633719056, 59.854444141583187, 3.849999904632568 ], [ 17.641131845576719, 59.85437586189115, 3.869999885559082 ], [ 17.640669280953468, 59.85425782986794, 4.079999923706055 ] ] } },
{ "type": "Feature", "properties": { }, "geometry": { "type": "LineString", "coordinates": [ [ 17.640669280953468, 59.85425782986794, 4.079999923706055 ], [ 17.639873548485753, 59.854054778034786, 4.400000095367432 ] ] } },
{ "type": "Feature", "properties": { }, "geometry": { "type": "LineString", "coordinates": [ [ 17.639873548485753, 59.854054778034786, 4.400000095367432 ], [ 17.639269227271086, 59.85390056486191, 4.659999847412109 ], [ 17.639180872202601, 59.853835596909391, 4.75 ], [ 17.639129614408407, 59.85382179100629, 4.920000076293945 ] ] } },
{ "type": "Feature", "properties": { }, "geometry": { "type": "LineString", "coordinates": [ [ 17.639129614408407, 59.85382179100629, 4.920000076293945 ], [ 17.639114227215678, 59.853817646574967, 4.989999771118164 ], [ 17.639077219902848, 59.853809337730397, 5.050000190734863 ], [ 17.639051523686266, 59.853805841456271, 5.190000057220459 ], [ 17.639017317877435, 59.85380327956301, 5.349999904632568 ] ] } },
{ "type": "Feature", "properties": { }, "geometry": { "type": "LineString", "coordinates": [ [ 17.637808423503284, 59.855920797632663, 5.460000038146973 ], [ 17.637861663021656, 59.855946476473264, 5.369999885559082 ], [ 17.638452463458119, 59.856231462267836, 4.980000019073486 ] ] } },
{ "type": "Feature", "properties": { }, "geometry": { "type": "LineString", "coordinates": [ [ 17.638452463458119, 59.856231462267836, 4.980000019073486 ], [ 17.639096512634275, 59.856542125118764, 4.590000152587891 ] ] } },
{ "type": "Feature", "properties": { }, "geometry": { "type": "LineString", "coordinates": [ [ 17.639096512634275, 59.856542125118764, 4.590000152587891 ], [ 17.639147769846542, 59.856566849103004, 4.5 ] ] } },
{ "type": "Feature", "properties": { }, "geometry": { "type": "LineString", "coordinates": [ [ 17.623832102785105, 59.858546099397046, 14.739999771118164 ], [ 17.623874087823467, 59.858564784600972, 14.960000038146973 ], [ 17.623997494681962, 59.858619713183373, 15.159999847412109 ], [ 17.624500402808586, 59.858843547410416, 14.640000343322754 ] ] } },
{ "type": "Feature", "properties": { }, "geometry": { "type": "LineString", "coordinates": [ [ 17.624500402808586, 59.858843547410416, 14.640000343322754 ], [ 17.625168714861029, 59.859140991875314, 13.390000343322754 ] ] } },
{ "type": "Feature", "properties": { }, "geometry": { "type": "LineString", "coordinates": [ [ 17.625168714861029, 59.859140991875314, 13.390000343322754 ], [ 17.625429920927626, 59.859257244009271, 12.819999694824219 ], [ 17.625837041826248, 59.859438431152391, 11.600000381469727 ] ] } },
{ "type": "Feature", "properties": { }, "geometry": { "type": "LineString", "coordinates": [ [ 17.625837041826248, 59.859438431152391, 11.600000381469727 ], [ 17.625884006385515, 59.859459332287486, 11.5 ] ] } },
{ "type": "Feature", "properties": { }, "geometry": { "type": "LineString", "coordinates": [ [ 17.625884006385515, 59.859459332287486, 11.5 ], [ 17.626531663028448, 59.859768126453652, 10.109999656677246 ] ] } },
{ "type": "Feature", "properties": { }, "geometry": { "type": "LineString", "coordinates": [ [ 17.626531663028448, 59.859768126453652, 10.109999656677246 ], [ 17.626648136242263, 59.859823658394596, 9.890000343322754 ], [ 17.626733769115543, 59.85986448432066, 9.659999847412109 ] ] } },
{ "type": "Feature", "properties": { }, "geometry": { "type": "LineString", "coordinates": [ [ 17.648046083295064, 59.853265070304992, 4.75 ], [ 17.647998584620897, 59.853243063145975, 4.730000019073486 ], [ 17.647964495465477, 59.853238409807467, 4.699999809265137 ], [ 17.647924811936853, 59.853239301002731, 4.670000076293945 ], [ 17.647831021651186, 59.853242829673817, 4.579999923706055 ] ] } },
{ "type": "Feature", "properties": { }, "geometry": { "type": "LineString", "coordinates": [ [ 17.63216009946462, 59.855543121292122, 21.850000381469727 ], [ 17.632115281134503, 59.855537736205562, 22.020000457763672 ], [ 17.632050761990584, 59.855534700858421, 22.540000915527344 ], [ 17.631999272769569, 59.85554011317668, 22.799999237060547 ], [ 17.631947959394811, 59.855551846150078, 22.950000762939453 ], [ 17.631761971276557, 59.855635152880303, 23.5 ], [ 17.631602709997814, 59.855718210480212, 24.020000457763672 ] ] } },
{ "type": "Feature", "properties": { }, "geometry": { "type": "LineString", "coordinates": [ [ 17.640083281443431, 59.854681453066661, 4.309999942779541 ], [ 17.639999774917765, 59.854718632185197, 4.309999942779541 ], [ 17.639730066419958, 59.854864908952706, 4.429999828338623 ], [ 17.639471429943402, 59.855007792089353, 4.579999923706055 ] ] } },
{ "type": "Feature", "properties": { }, "geometry": { "type": "LineString", "coordinates": [ [ 17.639471429943402, 59.855007792089353, 4.579999923706055 ], [ 17.638870678519666, 59.855339669217095, 5.0 ] ] } },
{ "type": "Feature", "properties": { }, "geometry": { "type": "LineString", "coordinates": [ [ 17.638870678519666, 59.855339669217095, 5.0 ], [ 17.638456648634175, 59.855568389114616, 5.269999980926514 ], [ 17.638268286372004, 59.855670791587741, 5.360000133514404 ] ] } },
{ "type": "Feature", "properties": { }, "geometry": { "type": "LineString", "coordinates": [ [ 17.638268286372004, 59.855670791587741, 5.360000133514404 ], [ 17.63784621343699, 59.855900246797027, 5.489999771118164 ], [ 17.637820593558772, 59.855914179559875, 5.489999771118164 ] ] } },
{ "type": "Feature", "properties": { }, "geometry": { "type": "LineString", "coordinates": [ [ 17.637820593558772, 59.855914179559875, 5.489999771118164 ], [ 17.637808423503284, 59.855920797632663, 5.460000038146973 ] ] } },
{ "type": "Feature", "properties": { }, "geometry": { "type": "LineString", "coordinates": [ [ 17.629614631149572, 59.855205349470381, 23.540000915527344 ], [ 17.629220578766581, 59.855132005260437, 22.479999542236328 ] ] } },
{ "type": "Feature", "properties": { }, "geometry": { "type": "LineString", "coordinates": [ [ 17.626817969119401, 59.85990406824223, 9.560000419616699 ], [ 17.626891442478804, 59.859938248653428, 9.520000457763672 ], [ 17.627473093736477, 59.86020885560243, 9.310000419616699 ] ] } },
{ "type": "Feature", "properties": { }, "geometry": { "type": "LineString", "coordinates": [ [ 17.627473093736477, 59.86020885560243, 9.310000419616699 ], [ 17.627737831765053, 59.860332019773402, 9.270000457763672 ] ] } },
{ "type": "Feature", "properties": { }, "geometry": { "type": "LineString", "coordinates": [ [ 17.628242898833516, 59.860576944921426, 9.170000076293945 ], [ 17.628202537295085, 59.860557671879, 9.170000076293945 ], [ 17.627817635997967, 59.86037380365336, 9.229999542236328 ], [ 17.627779695730183, 59.860353932532718, 9.229999542236328 ], [ 17.627737831765053, 59.860332019773402, 9.270000457763672 ] ] } },
{ "type": "Feature", "properties": { }, "geometry": { "type": "LineString", "coordinates": [ [ 17.628452147034697, 59.860525942202244, 9.310000419616699 ], [ 17.628368806473009, 59.860489911071866, 9.310000419616699 ], [ 17.628345872594483, 59.860480147527049, 9.289999961853027 ], [ 17.627962500747536, 59.860296484736509, 9.289999961853027 ], [ 17.627916951585735, 59.860270427107913, 9.319999694824219 ] ] } },
{ "type": "Feature", "properties": { }, "geometry": { "type": "LineString", "coordinates": [ [ 17.628069462322241, 59.856401381097342, 21.25 ], [ 17.62801257458089, 59.856432117827524, 21.180000305175781 ] ] } },
{ "type": "Feature", "properties": { }, "geometry": { "type": "LineString", "coordinates": [ [ 17.629571197907705, 59.858430095382666, 16.899999618530273 ], [ 17.629633516724876, 59.858458993776004, 16.659999847412109 ] ] } },
{ "type": "Feature", "properties": { }, "geometry": { "type": "LineString", "coordinates": [ [ 17.629633516724876, 59.858458993776004, 16.659999847412109 ], [ 17.629681853326424, 59.858483067878787, 16.440000534057617 ] ] } },
{ "type": "Feature", "properties": { }, "geometry": { "type": "LineString", "coordinates": [ [ 17.625551960268755, 59.857775367213151, 18.870000839233398 ], [ 17.625507226937611, 59.857800435549123, 18.700000762939453 ] ] } },
{ "type": "Feature", "properties": { }, "geometry": { "type": "LineString", "coordinates": [ [ 17.625507226937611, 59.857800435549123, 18.700000762939453 ], [ 17.625470577276776, 59.857823358294674, 18.620000839233398 ] ] } },
{ "type": "Feature", "properties": { }, "geometry": { "type": "LineString", "coordinates": [ [ 17.628353251353101, 59.859003489841442, 13.140000343322754 ], [ 17.628418378999708, 59.859029634595622, 13.100000381469727 ] ] } },
{ "type": "Feature", "properties": { }, "geometry": { "type": "LineString", "coordinates": [ [ 17.628418378999708, 59.859029634595622, 13.100000381469727 ], [ 17.628473065110274, 59.859056551717806, 13.170000076293945 ] ] } },
{ "type": "Feature", "properties": { }, "geometry": { "type": "LineString", "coordinates": [ [ 17.62545665980559, 59.859091147269275, 13.310000419616699 ], [ 17.625505260432636, 59.859112747899616, 13.090000152587891 ] ] } },
{ "type": "Feature", "properties": { }, "geometry": { "type": "LineString", "coordinates": [ [ 17.625505260432636, 59.859112747899616, 13.090000152587891 ], [ 17.625552530949971, 59.859134410733269, 13.079999923706055 ] ] } },
{ "type": "Feature", "properties": { }, "geometry": { "type": "LineString", "coordinates": [ [ 17.627331976465566, 59.859488998228514, 10.670000076293945 ], [ 17.627375451993426, 59.859466231384566, 10.649999618530273 ] ] } },
{ "type": "Feature", "properties": { }, "geometry": { "type": "LineString", "coordinates": [ [ 17.627331744041648, 59.859507896882469, 10.619999885559082 ], [ 17.627382601349915, 59.859530693793545, 10.539999961853027 ] ] } },
{ "type": "Feature", "properties": { }, "geometry": { "type": "LineString", "coordinates": [ [ 17.627382601349915, 59.859530693793545, 10.539999961853027 ], [ 17.627427816040576, 59.859552325632251, 10.550000190734863 ] ] } },
{ "type": "Feature", "properties": { }, "geometry": { "type": "LineString", "coordinates": [ [ 17.628460343553428, 59.8591021456985, 13.010000228881836 ], [ 17.628415023742559, 59.859126134636732, 12.859999656677246 ] ] } },
{ "type": "Feature", "properties": { }, "geometry": { "type": "LineString", "coordinates": [ [ 17.629680330929762, 59.861237401269243, 7.079999923706055 ], [ 17.629615076963582, 59.861207983302542, 7.159999847412109 ], [ 17.629569779818272, 59.861186789230366, 7.210000038146973 ], [ 17.62951931539299, 59.861163178684755, 7.349999904632568 ] ] } },
{ "type": "Feature", "properties": { }, "geometry": { "type": "LineString", "coordinates": [ [ 17.631097055078637, 59.861727018149914, 7.070000171661377 ], [ 17.631041362136276, 59.86170464759708, 6.900000095367432 ], [ 17.630985857521704, 59.861687219826415, 6.71999979019165 ], [ 17.630898798647554, 59.861660222617651, 6.440000057220459 ] ] } },
{ "type": "Feature", "properties": { }, "geometry": { "type": "LineString", "coordinates": [ [ 17.63376475950971, 59.86029898612734, 7.150000095367432 ], [ 17.633643900519946, 59.860243822720378, 7.159999847412109 ], [ 17.633395125838369, 59.860130196288473, 7.130000114440918 ], [ 17.633370237379967, 59.86011865253743, 6.949999809265137 ], [ 17.633106157672753, 59.859996105582141, 6.179999828338623 ] ] } },
{ "type": "Feature", "properties": { }, "geometry": { "type": "LineString", "coordinates": [ [ 17.633106157672753, 59.859996105582141, 6.179999828338623 ], [ 17.632966271385207, 59.859931190358324, 6.179999828338623 ], [ 17.632810919303555, 59.859860555931405, 7.909999847412109 ] ] } },
{ "type": "Feature", "properties": { }, "geometry": { "type": "LineString", "coordinates": [ [ 17.633645986163675, 59.860108339056616, 7.559999942779541 ], [ 17.633518831613188, 59.860059811282973, 7.090000152587891 ], [ 17.63348696436978, 59.860045252218285, 6.849999904632568 ], [ 17.633324319270386, 59.859970924086625, 6.099999904632568 ], [ 17.633029704740967, 59.859832274857368, 6.159999847412109 ], [ 17.632981244061522, 59.859809357153786, 7.380000114440918 ] ] } },
{ "type": "Feature", "properties": { }, "geometry": { "type": "LineString", "coordinates": [ [ 17.632981244061522, 59.859809357153786, 7.380000114440918 ], [ 17.632935491514964, 59.859787720116692, 7.889999866485596 ], [ 17.632802352273931, 59.859724771458382, 7.630000114440918 ], [ 17.632679360679681, 59.859666944596718, 7.460000038146973 ] ] } },
{ "type": "Feature", "properties": { }, "geometry": { "type": "LineString", "coordinates": [ [ 17.632810919303555, 59.859860555931405, 7.909999847412109 ], [ 17.632799403571159, 59.859855318620731, 7.889999866485596 ] ] } },
{ "type": "Feature", "properties": { }, "geometry": { "type": "LineString", "coordinates": [ [ 17.635584944551095, 59.858419264722514, 8.439999580383301 ], [ 17.635563702218899, 59.858406756143793, 8.460000038146973 ], [ 17.635243351730878, 59.858546606406918, 8.149999618530273 ], [ 17.635215334131338, 59.858560543792443, 8.050000190734863 ], [ 17.635191838304397, 59.858568330551016, 8.010000228881836 ], [ 17.635159406816495, 59.858578330503057, 8.060000419616699 ], [ 17.635116911458198, 59.85858998805638, 8.079999923706055 ], [ 17.635085617748917, 59.858597188560893, 8.159999847412109 ], [ 17.634857868658532, 59.858645381868826, 8.569999694824219 ] ] } },
{ "type": "Feature", "properties": { }, "geometry": { "type": "LineString", "coordinates": [ [ 17.634857868658532, 59.858645381868826, 8.569999694824219 ], [ 17.634855447194287, 59.858645894264832, 8.569999694824219 ], [ 17.634813001125302, 59.858654188770629, 8.600000381469727 ], [ 17.634786220754108, 59.8586563594178, 8.770000457763672 ], [ 17.63475500131366, 59.858657955088482, 8.789999961853027 ], [ 17.634651300190956, 59.858660473352117, 9.069999694824219 ], [ 17.634491848531358, 59.858664507098723, 9.350000381469727 ], [ 17.634388608799242, 59.858668050918332, 9.350000381469727 ], [ 17.634330123240332, 59.858670791771516, 9.369999885559082 ], [ 17.634269901945913, 59.858675116264074, 9.300000190734863 ], [ 17.634240874762252, 59.858677831419207, 9.279999732971191 ], [ 17.634057840436039, 59.858696947907291, 9.010000228881836 ], [ 17.633977347824477, 59.858706525746634, 8.960000038146973 ] ] } },
{ "type": "Feature", "properties": { }, "geometry": { "type": "LineString", "coordinates": [ [ 17.633977347824477, 59.858706525746634, 8.960000038146973 ], [ 17.6339105088291, 59.858714478896736, 8.899999618530273 ], [ 17.633853588331228, 59.858721049832205, 8.840000152587891 ], [ 17.63380676162749, 59.858722043920636, 8.75 ], [ 17.633753258109451, 59.858721893902192, 8.689999580383301 ], [ 17.633704227086916, 59.858718956240992, 8.680000305175781 ], [ 17.633637400023492, 59.858713726462142, 8.590000152587891 ], [ 17.633583999874791, 59.858704038051066, 8.720000267028809 ], [ 17.633545074954935, 59.85869608717487, 8.770000457763672 ], [ 17.63351285110193, 59.858685903670505, 8.939999580383301 ], [ 17.633480626886076, 59.858676840818568, 8.939999580383301 ], [ 17.633450636686188, 59.858666662576198, 9.039999961853027 ], [ 17.63341344238755, 59.858651945983524, 9.189999580383301 ], [ 17.633366840304944, 59.858629380301778, 9.399999618530273 ], [ 17.633349373697019, 59.858623476926191, 9.439999580383301 ], [ 17.633329065328549, 59.858618779604647, 9.489999771118164 ], [ 17.633310794050889, 59.858615183593038, 9.510000228881836 ], [ 17.633274551523861, 59.85860922755738, 9.579999923706055 ], [ 17.633153344223178, 59.858594234351813, 9.760000228881836 ] ] } },
{ "type": "Feature", "properties": { }, "geometry": { "type": "LineString", "coordinates": [ [ 17.633153344223178, 59.858594234351813, 9.760000228881836 ], [ 17.632286795653325, 59.858487039620641, 11.119999885559082 ] ] } },
{ "type": "Feature", "properties": { }, "geometry": { "type": "LineString", "coordinates": [ [ 17.632286795653325, 59.858487039620641, 11.119999885559082 ], [ 17.632227390903417, 59.858479690834841, 11.260000228881836 ], [ 17.632209568338883, 59.858478698175574, 11.270000457763672 ] ] } },
{ "type": "Feature", "properties": { }, "geometry": { "type": "LineString", "coordinates": [ [ 17.630096002968479, 59.85494735344934, 23.860000610351562 ], [ 17.629936442131356, 59.855032877592301, 23.659999847412109 ], [ 17.629614631149572, 59.855205349470381, 23.540000915527344 ] ] } },
{ "type": "Feature", "properties": { }, "geometry": { "type": "LineString", "coordinates": [ [ 17.631072407953312, 59.862058808551282, 7.079999923706055 ], [ 17.631091475326503, 59.862026914596655, 7.150000095367432 ], [ 17.631152974177454, 59.861940879911579, 7.639999866485596 ], [ 17.631185851504316, 59.86189960093099, 7.880000114440918 ] ] } },
{ "type": "Feature", "properties": { }, "geometry": { "type": "LineString", "coordinates": [ [ 17.624606415674716, 59.858249165242363, 16.110000610351562 ], [ 17.624598769158716, 59.85828909717673, 16.040000915527344 ], [ 17.624226903532467, 59.85849400262429, 15.170000076293945 ], [ 17.624164805133436, 59.858528217693561, 15.060000419616699 ] ] } },
{ "type": "Feature", "properties": { }, "geometry": { "type": "LineString", "coordinates": [ [ 17.624164805133436, 59.858528217693561, 15.060000419616699 ], [ 17.624155809720691, 59.858533172275401, 15.060000419616699 ], [ 17.624111228898929, 59.858557737414415, 15.0 ] ] } },
{ "type": "Feature", "properties": { }, "geometry": { "type": "LineString", "coordinates": [ [ 17.637656883811594, 59.855922713900497, 5.460000038146973 ], [ 17.637639720818381, 59.855932180117939, 5.480000019073486 ], [ 17.637055633561587, 59.856254370118023, 5.739999771118164 ] ] } },
{ "type": "Feature", "properties": { }, "geometry": { "type": "LineString", "coordinates": [ [ 17.637055633561587, 59.856254370118023, 5.739999771118164 ], [ 17.636454372582349, 59.856586024218913, 6.170000076293945 ] ] } },
{ "type": "Feature", "properties": { }, "geometry": { "type": "LineString", "coordinates": [ [ 17.636454372582349, 59.856586024218913, 6.170000076293945 ], [ 17.636027085778448, 59.856821708947272, 6.769999980926514 ], [ 17.635851369700106, 59.856916874775244, 7.239999771118164 ] ] } },
{ "type": "Feature", "properties": { }, "geometry": { "type": "LineString", "coordinates": [ [ 17.635851369700106, 59.856916874775244, 7.239999771118164 ], [ 17.635683779997457, 59.85700763873114, 7.800000190734863 ], [ 17.63561524199158, 59.857044750728654, 7.809999942779541 ] ] } },
{ "type": "Feature", "properties": { }, "geometry": { "type": "LineString", "coordinates": [ [ 17.637678884167066, 59.855910581085055, 5.460000038146973 ], [ 17.637656883811594, 59.855922713900497, 5.460000038146973 ] ] } },
{ "type": "Feature", "properties": { }, "geometry": { "type": "LineString", "coordinates": [ [ 17.640105382467585, 59.854642543396139, 4.46999979019165 ], [ 17.639974394891876, 59.854707499283577, 4.289999961853027 ], [ 17.639501316317592, 59.854972704328958, 4.5 ] ] } },
{ "type": "Feature", "properties": { }, "geometry": { "type": "LineString", "coordinates": [ [ 17.639501316317592, 59.854972704328958, 4.5 ], [ 17.639238067078722, 59.855120277748, 4.659999847412109 ], [ 17.638900989845087, 59.855304765073257, 4.900000095367432 ] ] } },
{ "type": "Feature", "properties": { }, "geometry": { "type": "LineString", "coordinates": [ [ 17.638900989845087, 59.855304765073257, 4.900000095367432 ], [ 17.638801326902133, 59.855359311514682, 5.0 ], [ 17.638298171432542, 59.855635694796213, 5.260000228881836 ] ] } },
{ "type": "Feature", "properties": { }, "geometry": { "type": "LineString", "coordinates": [ [ 17.638298171432542, 59.855635694796213, 5.260000228881836 ], [ 17.638289502644785, 59.85564045650446, 5.28000020980835 ], [ 17.637961905831311, 59.855822465912645, 5.449999809265137 ], [ 17.637830430703641, 59.855892918379297, 5.480000019073486 ], [ 17.637805222366918, 59.855906428891402, 5.46999979019165 ], [ 17.637778765796963, 59.855920728172542, 5.489999771118164 ] ] } },
{ "type": "Feature", "properties": { }, "geometry": { "type": "LineString", "coordinates": [ [ 17.637778765796963, 59.855920728172542, 5.489999771118164 ], [ 17.637758130652202, 59.855931505990384, 5.489999771118164 ] ] } },
{ "type": "Feature", "properties": { }, "geometry": { "type": "LineString", "coordinates": [ [ 17.628415023742559, 59.859126134636732, 12.859999656677246 ], [ 17.628367439248457, 59.859152288735928, 12.779999732971191 ] ] } },
{ "type": "Feature", "properties": { }, "geometry": { "type": "LineString", "coordinates": [ [ 17.636400098708275, 59.855217976448557, 8.180000305175781 ], [ 17.636357153979475, 59.855238922775946, 8.189999580383301 ] ] } },
{ "type": "Feature", "properties": { }, "geometry": { "type": "LineString", "coordinates": [ [ 17.636357153979475, 59.855238922775946, 8.189999580383301 ], [ 17.636332628084173, 59.855251141647265, 8.180000305175781 ] ] } },
{ "type": "Feature", "properties": { }, "geometry": { "type": "LineString", "coordinates": [ [ 17.636332628084173, 59.855251141647265, 8.180000305175781 ], [ 17.636310647107816, 59.855262088953864, 8.199999809265137 ] ] } },
{ "type": "Feature", "properties": { }, "geometry": { "type": "LineString", "coordinates": [ [ 17.637787407352818, 59.85598550301652, 5.46999979019165 ], [ 17.637826760344559, 59.855964970828246, 5.380000114440918 ] ] } },
{ "type": "Feature", "properties": { }, "geometry": { "type": "LineString", "coordinates": [ [ 17.637826760344559, 59.855964970828246, 5.380000114440918 ], [ 17.637845162557429, 59.855955215647001, 5.380000114440918 ] ] } },
{ "type": "Feature", "properties": { }, "geometry": { "type": "LineString", "coordinates": [ [ 17.637845162557429, 59.855955215647001, 5.380000114440918 ], [ 17.637861663021656, 59.855946476473264, 5.369999885559082 ] ] } },
{ "type": "Feature", "properties": { }, "geometry": { "type": "LineString", "coordinates": [ [ 17.632197450392436, 59.857628051354766, 16.350000381469727 ], [ 17.632194010432084, 59.857655572559032, 16.180000305175781 ] ] } },
{ "type": "Feature", "properties": { }, "geometry": { "type": "LineString", "coordinates": [ [ 17.632194010432084, 59.857655572559032, 16.180000305175781 ], [ 17.63219027258495, 59.857685569437933, 16.190000534057617 ] ] } },
{ "type": "Feature", "properties": { }, "geometry": { "type": "LineString", "coordinates": [ [ 17.628730280526451, 59.856067928700021, 22.729999542236328 ], [ 17.628790692895357, 59.856034608703638, 22.75 ] ] } },
{ "type": "Feature", "properties": { }, "geometry": { "type": "LineString", "coordinates": [ [ 17.628790692895357, 59.856034608703638, 22.75 ], [ 17.628833954258472, 59.856000382097577, 22.770000457763672 ] ] } },
{ "type": "Feature", "properties": { }, "geometry": { "type": "LineString", "coordinates": [ [ 17.63784621343699, 59.855900246797027, 5.489999771118164 ], [ 17.637830430703641, 59.855892918379297, 5.480000019073486 ] ] } },
{ "type": "Feature", "properties": { }, "geometry": { "type": "LineString", "coordinates": [ [ 17.637830430703641, 59.855892918379297, 5.480000019073486 ], [ 17.637794245229632, 59.855876112817604, 5.489999771118164 ] ] } },
{ "type": "Feature", "properties": { }, "geometry": { "type": "LineString", "coordinates": [ [ 17.637794245229632, 59.855876112817604, 5.489999771118164 ], [ 17.637729054450041, 59.855847247254346, 5.46999979019165 ] ] } },
{ "type": "Feature", "properties": { }, "geometry": { "type": "LineString", "coordinates": [ [ 17.637732122576338, 59.855973534270021, 5.590000152587891 ], [ 17.63767094069749, 59.855946151543002, 5.519999980926514 ] ] } },
{ "type": "Feature", "properties": { }, "geometry": { "type": "LineString", "coordinates": [ [ 17.63767094069749, 59.855946151543002, 5.519999980926514 ], [ 17.637639720818381, 59.855932180117939, 5.480000019073486 ] ] } },
{ "type": "Feature", "properties": { }, "geometry": { "type": "LineString", "coordinates": [ [ 17.637639720818381, 59.855932180117939, 5.480000019073486 ], [ 17.637614020236029, 59.855920168081376, 5.570000171661377 ] ] } },
{ "type": "Feature", "properties": { }, "geometry": { "type": "LineString", "coordinates": [ [ 17.635827413714814, 59.857074342951719, 7.619999885559082 ], [ 17.635761629717521, 59.857109858083639, 7.659999847412109 ] ] } },
{ "type": "Feature", "properties": { }, "geometry": { "type": "LineString", "coordinates": [ [ 17.635761629717521, 59.857109858083639, 7.659999847412109 ], [ 17.635712068083158, 59.857137503550618, 7.619999885559082 ] ] } },
{ "type": "Feature", "properties": { }, "geometry": { "type": "LineString", "coordinates": [ [ 17.635657126800943, 59.856995552594803, 7.800000190734863 ], [ 17.635683779997457, 59.85700763873114, 7.800000190734863 ] ] } },
{ "type": "Feature", "properties": { }, "geometry": { "type": "LineString", "coordinates": [ [ 17.635683779997457, 59.85700763873114, 7.800000190734863 ], [ 17.635719169081558, 59.857023682786938, 7.739999771118164 ] ] } },
{ "type": "Feature", "properties": { }, "geometry": { "type": "LineString", "coordinates": [ [ 17.635719169081558, 59.857023682786938, 7.739999771118164 ], [ 17.635779231709421, 59.857050924663852, 7.679999828338623 ] ] } },
{ "type": "Feature", "properties": { }, "geometry": { "type": "LineString", "coordinates": [ [ 17.635650992237544, 59.857110852964645, 7.71999979019165 ], [ 17.635600780905719, 59.857089088418604, 7.71999979019165 ] ] } },
{ "type": "Feature", "properties": { }, "geometry": { "type": "LineString", "coordinates": [ [ 17.635600780905719, 59.857089088418604, 7.71999979019165 ], [ 17.635533031753457, 59.857058674098731, 7.789999961853027 ] ] } },
{ "type": "Feature", "properties": { }, "geometry": { "type": "LineString", "coordinates": [ [ 17.635533031753457, 59.857058674098731, 7.789999961853027 ], [ 17.635508777070672, 59.857047553491569, 7.840000152587891 ] ] } },
{ "type": "Feature", "properties": { }, "geometry": { "type": "LineString", "coordinates": [ [ 17.630079631617114, 59.856617694228575, 24.059999465942383 ], [ 17.630041707635144, 59.856640715151968, 23.870000839233398 ] ] } },
{ "type": "Feature", "properties": { }, "geometry": { "type": "LineString", "coordinates": [ [ 17.630041707635144, 59.856640715151968, 23.870000839233398 ], [ 17.629975742623223, 59.856679228860642, 23.809999465942383 ] ] } },
{ "type": "Feature", "properties": { }, "geometry": { "type": "LineString", "coordinates": [ [ 17.629983280930713, 59.856520802274076, 24.040000915527344 ], [ 17.629917817238532, 59.85655654356939, 23.879999160766602 ] ] } },
{ "type": "Feature", "properties": { }, "geometry": { "type": "LineString", "coordinates": [ [ 17.629917817238532, 59.85655654356939, 23.879999160766602 ], [ 17.629867393924595, 59.85658254800574, 23.799999237060547 ] ] } },
{ "type": "Feature", "properties": { }, "geometry": { "type": "LineString", "coordinates": [ [ 17.639871012275457, 59.854662127020738, 4.480000019073486 ], [ 17.639944337042401, 59.854694304546882, 4.369999885559082 ] ] } },
{ "type": "Feature", "properties": { }, "geometry": { "type": "LineString", "coordinates": [ [ 17.639944337042401, 59.854694304546882, 4.369999885559082 ], [ 17.639974394891876, 59.854707499283577, 4.289999961853027 ] ] } },
{ "type": "Feature", "properties": { }, "geometry": { "type": "LineString", "coordinates": [ [ 17.639974394891876, 59.854707499283577, 4.289999961853027 ], [ 17.639999774917765, 59.854718632185197, 4.309999942779541 ] ] } },
{ "type": "Feature", "properties": { }, "geometry": { "type": "LineString", "coordinates": [ [ 17.630837848175055, 59.859003969525702, 10.119999885559082 ], [ 17.630876679941856, 59.859026313083099, 10.079999923706055 ] ] } },
{ "type": "Feature", "properties": { }, "geometry": { "type": "LineString", "coordinates": [ [ 17.630876679941856, 59.859026313083099, 10.079999923706055 ], [ 17.630925988471081, 59.859054678620566, 10.069999694824219 ] ] } },
{ "type": "Feature", "properties": { }, "geometry": { "type": "LineString", "coordinates": [ [ 17.631207901983892, 59.858940004901108, 10.079999923706055 ], [ 17.631152218726992, 59.858912987476124, 10.069999694824219 ] ] } },
{ "type": "Feature", "properties": { }, "geometry": { "type": "LineString", "coordinates": [ [ 17.631152218726992, 59.858912987476124, 10.069999694824219 ], [ 17.631127255158077, 59.858900880928083, 10.039999961853027 ] ] } },
{ "type": "Feature", "properties": { }, "geometry": { "type": "LineString", "coordinates": [ [ 17.629475473495646, 59.861189308354874, 7.429999828338623 ], [ 17.629508620927844, 59.861203999841415, 7.340000152587891 ] ] } },
{ "type": "Feature", "properties": { }, "geometry": { "type": "LineString", "coordinates": [ [ 17.629508620927844, 59.861203999841415, 7.340000152587891 ], [ 17.629531562924601, 59.861214162754209, 7.239999771118164 ], [ 17.629571761615921, 59.861231968253321, 7.179999828338623 ] ] } },
{ "type": "Feature", "properties": { }, "geometry": { "type": "LineString", "coordinates": [ [ 17.629571761615921, 59.861231968253321, 7.179999828338623 ], [ 17.629652931114489, 59.86126792782494, 7.099999904632568 ] ] } },
{ "type": "Feature", "properties": { }, "geometry": { "type": "LineString", "coordinates": [ [ 17.629652931114489, 59.86126792782494, 7.099999904632568 ], [ 17.629677525017904, 59.861278821469092, 7.039999961853027 ] ] } },
{ "type": "Feature", "properties": { }, "geometry": { "type": "LineString", "coordinates": [ [ 17.631185851504316, 59.86189960093099, 7.880000114440918 ], [ 17.631043792941842, 59.861838434751697, 7.400000095367432 ], [ 17.630975880003756, 59.861809191920123, 6.940000057220459 ], [ 17.630944801581553, 59.861795815637663, 6.769999980926514 ] ] } },
{ "type": "Feature", "properties": { }, "geometry": { "type": "LineString", "coordinates": [ [ 17.630944801581553, 59.861795815637663, 6.769999980926514 ], [ 17.63089726984887, 59.861775344764673, 6.639999866485596 ], [ 17.630851076525897, 59.861761571033192, 6.449999809265137 ], [ 17.630768568365841, 59.861726623953999, 6.309999942779541 ] ] } },
{ "type": "Feature", "properties": { }, "geometry": { "type": "LineString", "coordinates": [ [ 17.637639693152572, 59.855905984469544, 5.550000190734863 ], [ 17.637614020236029, 59.855920168081376, 5.570000171661377 ], [ 17.637267363773915, 59.856111886885174, 5.71999979019165 ], [ 17.63703844183128, 59.856237639266119, 5.849999904632568 ] ] } },
{ "type": "Feature", "properties": { }, "geometry": { "type": "LineString", "coordinates": [ [ 17.63703844183128, 59.856237639266119, 5.849999904632568 ], [ 17.636952953119618, 59.856284599948125, 5.880000114440918 ], [ 17.636481455150292, 59.856555507501376, 6.210000038146973 ], [ 17.636447516140809, 59.856573932946013, 6.190000057220459 ] ] } },
{ "type": "Feature", "properties": { }, "geometry": { "type": "LineString", "coordinates": [ [ 17.636447516140809, 59.856573932946013, 6.190000057220459 ], [ 17.636077873929821, 59.856774609355689, 6.739999771118164 ], [ 17.635836833947813, 59.856901185080488, 7.309999942779541 ] ] } },
{ "type": "Feature", "properties": { }, "geometry": { "type": "LineString", "coordinates": [ [ 17.635836833947813, 59.856901185080488, 7.309999942779541 ], [ 17.635657126800943, 59.856995552594803, 7.800000190734863 ] ] } },
{ "type": "Feature", "properties": { }, "geometry": { "type": "LineString", "coordinates": [ [ 17.631164254841604, 59.861752049532839, 7.369999885559082 ], [ 17.631105325235254, 59.861799830802767, 7.460000038146973 ] ] } },
{ "type": "Feature", "properties": { }, "geometry": { "type": "LineString", "coordinates": [ [ 17.631778514653565, 59.86065934777502, 6.739999771118164 ], [ 17.631728862066026, 59.860702125801417, 6.809999942779541 ], [ 17.631760729374562, 59.860736857018551, 7.03000020980835 ], [ 17.631771339492573, 59.860795646845389, 7.119999885559082 ], [ 17.63171288034172, 59.860923884666768, 7.170000076293945 ], [ 17.631643812437183, 59.860993354007874, 7.170000076293945 ], [ 17.631599426391869, 59.861083429450602, 7.199999809265137 ] ] } },
{ "type": "Feature", "properties": { }, "geometry": { "type": "LineString", "coordinates": [ [ 17.631599426391869, 59.861083429450602, 7.199999809265137 ], [ 17.631500291248596, 59.861284608975062, 7.260000228881836 ], [ 17.631415259924101, 59.861423542208733, 7.300000190734863 ], [ 17.63135528423749, 59.861514912407387, 7.289999961853027 ] ] } },
{ "type": "Feature", "properties": { }, "geometry": { "type": "LineString", "coordinates": [ [ 17.63135528423749, 59.861514912407387, 7.289999961853027 ], [ 17.631239876414348, 59.861690729456328, 7.289999961853027 ], [ 17.631164254841604, 59.861752049532839, 7.369999885559082 ] ] } },
{ "type": "Feature", "properties": { }, "geometry": { "type": "LineString", "coordinates": [ [ 17.631514752244122, 59.85564124502892, 24.049999237060547 ], [ 17.631610349493389, 59.855564542641488, 23.889999389648438 ] ] } },
{ "type": "Feature", "properties": { }, "geometry": { "type": "LineString", "coordinates": [ [ 17.631610349493389, 59.855564542641488, 23.889999389648438 ], [ 17.631813518191102, 59.855401533264796, 23.850000381469727 ], [ 17.631947829209814, 59.855273156032325, 24.079999923706055 ], [ 17.632033197561668, 59.855170383116793, 24.270000457763672 ] ] } },
{ "type": "Feature", "properties": { }, "geometry": { "type": "LineString", "coordinates": [ [ 17.632033197561668, 59.855170383116793, 24.270000457763672 ], [ 17.632061317856845, 59.855136529617809, 24.420000076293945 ], [ 17.632106453720912, 59.855058409037291, 24.709999084472656 ], [ 17.632155351926695, 59.854905664810985, 25.170000076293945 ], [ 17.632155311168155, 59.854905558557398, 25.170000076293945 ] ] } },
{ "type": "Feature", "properties": { }, "geometry": { "type": "LineString", "coordinates": [ [ 17.62798369561952, 59.857365853724822, 21.229999542236328 ], [ 17.628051033480293, 59.857394624066437, 21.170000076293945 ] ] } },
{ "type": "Feature", "properties": { }, "geometry": { "type": "LineString", "coordinates": [ [ 17.628051033480293, 59.857394624066437, 21.170000076293945 ], [ 17.628087791587134, 59.857410321591018, 21.100000381469727 ] ] } },
{ "type": "Feature", "properties": { }, "geometry": { "type": "LineString", "coordinates": [ [ 17.628858634738535, 59.856823817480389, 21.440000534057617 ], [ 17.628918597958876, 59.85679094182759, 21.430000305175781 ] ] } },
{ "type": "Feature", "properties": { }, "geometry": { "type": "LineString", "coordinates": [ [ 17.628918597958876, 59.85679094182759, 21.430000305175781 ], [ 17.628973140071885, 59.856761036723938, 21.420000076293945 ] ] } },
{ "type": "Feature", "properties": { }, "geometry": { "type": "LineString", "coordinates": [ [ 17.632852975596382, 59.85900257983694, 8.050000190734863 ], [ 17.632798251643646, 59.859020976720963, 8.140000343322754 ] ] } },
{ "type": "Feature", "properties": { }, "geometry": { "type": "LineString", "coordinates": [ [ 17.632798251643646, 59.859020976720963, 8.140000343322754 ], [ 17.632718557173366, 59.859047760414384, 8.279999732971191 ] ] } },
{ "type": "Feature", "properties": { }, "geometry": { "type": "LineString", "coordinates": [ [ 17.634042760937792, 59.856375755949486, 9.680000305175781 ], [ 17.633997290515445, 59.856354267113936, 9.869999885559082 ] ] } },
{ "type": "Feature", "properties": { }, "geometry": { "type": "LineString", "coordinates": [ [ 17.633997290515445, 59.856354267113936, 9.869999885559082 ], [ 17.633923318639802, 59.856319301192976, 10.189999580383301 ] ] } },
{ "type": "Feature", "properties": { }, "geometry": { "type": "LineString", "coordinates": [ [ 17.634619397687537, 59.857677842096294, 11.199999809265137 ], [ 17.634607523742822, 59.857684332582998, 11.270000457763672 ], [ 17.634582418786106, 59.857693864548864, 11.329999923706055 ] ] } },
{ "type": "Feature", "properties": { }, "geometry": { "type": "LineString", "coordinates": [ [ 17.634582418786106, 59.857693864548864, 11.329999923706055 ], [ 17.634560991814915, 59.857701102999705, 11.449999809265137 ], [ 17.634526931978041, 59.857711171087573, 11.569999694824219 ] ] } },
{ "type": "Feature", "properties": { }, "geometry": { "type": "LineString", "coordinates": [ [ 17.633165911295745, 59.857146322337755, 13.539999961853027 ], [ 17.632989879700357, 59.857128037436361, 17.219999313354492 ] ] } },
{ "type": "Feature", "properties": { }, "geometry": { "type": "LineString", "coordinates": [ [ 17.633204210880404, 59.856621740140532, 17.809999465942383 ], [ 17.633571494408027, 59.856562213679851, 12.260000228881836 ] ] } },
{ "type": "Feature", "properties": { }, "geometry": { "type": "LineString", "coordinates": [ [ 17.626003853568676, 59.858884575104149, 17.129999160766602 ], [ 17.626667100540033, 59.859184874393321, 11.670000076293945 ] ] } },
{ "type": "Feature", "properties": { }, "geometry": { "type": "LineString", "coordinates": [ [ 17.626667100540033, 59.859184874393321, 11.670000076293945 ], [ 17.626802316605296, 59.859246095281478, 11.380000114440918 ], [ 17.62732731502485, 59.859486860508568, 10.670000076293945 ] ] } },
{ "type": "Feature", "properties": { }, "geometry": { "type": "LineString", "coordinates": [ [ 17.62732731502485, 59.859486860508568, 10.670000076293945 ], [ 17.627331976465566, 59.859488998228514, 10.670000076293945 ] ] } },
{ "type": "Feature", "properties": { }, "geometry": { "type": "LineString", "coordinates": [ [ 17.627331976465566, 59.859488998228514, 10.670000076293945 ], [ 17.627341886968864, 59.859499029022849, 10.609999656677246 ], [ 17.627331744041648, 59.859507896882469, 10.619999885559082 ] ] } },
{ "type": "Feature", "properties": { }, "geometry": { "type": "LineString", "coordinates": [ [ 17.627331744041648, 59.859507896882469, 10.619999885559082 ], [ 17.627188115388634, 59.859578295258807, 10.409999847412109 ], [ 17.627022894700836, 59.859659524309187, 10.140000343322754 ], [ 17.626876840659147, 59.859732119238409, 9.909999847412109 ] ] } },
{ "type": "Feature", "properties": { }, "geometry": { "type": "LineString", "coordinates": [ [ 17.626876840659147, 59.859732119238409, 9.909999847412109 ], [ 17.626843765598601, 59.859748468386307, 9.789999961853027 ], [ 17.626819809101651, 59.859752501133798, 9.770000457763672 ], [ 17.626795851127326, 59.859744513689783, 9.760000228881836 ] ] } },
{ "type": "Feature", "properties": { }, "geometry": { "type": "LineString", "coordinates": [ [ 17.626795851127326, 59.859744513689783, 9.760000228881836 ], [ 17.626136389149014, 59.859442106818662, 11.100000381469727 ] ] } },
{ "type": "Feature", "properties": { }, "geometry": { "type": "LineString", "coordinates": [ [ 17.626136389149014, 59.859442106818662, 11.100000381469727 ], [ 17.625567476325113, 59.859181215579433, 12.680000305175781 ] ] } },
{ "type": "Feature", "properties": { }, "geometry": { "type": "LineString", "coordinates": [ [ 17.625567476325113, 59.859181215579433, 12.680000305175781 ], [ 17.625531434953221, 59.859164560845969, 12.760000228881836 ], [ 17.625527572471487, 59.859148206459139, 12.859999656677246 ], [ 17.625552530949971, 59.859134410733269, 13.079999923706055 ] ] } },
{ "type": "Feature", "properties": { }, "geometry": { "type": "LineString", "coordinates": [ [ 17.625552530949971, 59.859134410733269, 13.079999923706055 ], [ 17.626003853568676, 59.858884575104149, 17.129999160766602 ] ] } },
{ "type": "Feature", "properties": { }, "geometry": { "type": "LineString", "coordinates": [ [ 17.627427816040576, 59.859552325632251, 10.550000190734863 ], [ 17.627445879248619, 59.859551850872315, 10.619999885559082 ], [ 17.627464455759259, 59.859554292402066, 10.640000343322754 ], [ 17.627674296673192, 59.859649506000771, 10.710000038146973 ], [ 17.627908809717923, 59.859756610977932, 10.649999618530273 ], [ 17.628100150822636, 59.859841952985605, 10.560000419616699 ] ] } },
{ "type": "Feature", "properties": { }, "geometry": { "type": "LineString", "coordinates": [ [ 17.628100150822636, 59.859841952985605, 10.560000419616699 ], [ 17.628135269199195, 59.85985761641431, 10.520000457763672 ], [ 17.628387098956424, 59.859970227910111, 10.510000228881836 ], [ 17.628404675592872, 59.859980398208414, 10.479999542236328 ], [ 17.628413023959801, 59.859989289504519, 10.460000038146973 ] ] } },
{ "type": "Feature", "properties": { }, "geometry": { "type": "LineString", "coordinates": [ [ 17.628413023959801, 59.859989289504519, 10.460000038146973 ], [ 17.628408306798615, 59.860008770233144, 10.430000305175781 ], [ 17.628394377360323, 59.860017128476514, 10.409999847412109 ], [ 17.628072687396791, 59.860160563483987, 9.680000305175781 ], [ 17.627966968866868, 59.860212018432833, 9.409999847412109 ] ] } },
{ "type": "Feature", "properties": { }, "geometry": { "type": "LineString", "coordinates": [ [ 17.627966968866868, 59.860212018432833, 9.409999847412109 ], [ 17.627949313160261, 59.860220429605377, 9.350000381469727 ], [ 17.62792955585088, 59.860228561526661, 9.350000381469727 ], [ 17.627902996963794, 59.860232739215427, 9.390000343322754 ], [ 17.627877572979756, 59.860233046914551, 9.390000343322754 ], [ 17.62785198137691, 59.860227026639194, 9.409999847412109 ], [ 17.627810239092728, 59.860208294977468, 9.420000076293945 ], [ 17.627683571649829, 59.860149016550409, 9.390000343322754 ], [ 17.627287715016074, 59.859970181791013, 9.489999771118164 ] ] } },
{ "type": "Feature", "properties": { }, "geometry": { "type": "LineString", "coordinates": [ [ 17.627287715016074, 59.859970181791013, 9.489999771118164 ], [ 17.627224893729302, 59.859941800950423, 9.510000228881836 ], [ 17.627023370687709, 59.859848847512978, 9.630000114440918 ], [ 17.62696577422377, 59.859822580316425, 9.649999618530273 ], [ 17.626956013257789, 59.859813624332439, 9.659999847412109 ], [ 17.626953685209457, 59.859800729787231, 9.659999847412109 ], [ 17.626959281669436, 59.859790846319243, 9.670000076293945 ], [ 17.626975176935201, 59.859777966400081, 9.739999771118164 ] ] } },
{ "type": "Feature", "properties": { }, "geometry": { "type": "LineString", "coordinates": [ [ 17.626975176935201, 59.859777966400081, 9.739999771118164 ], [ 17.627058973032664, 59.859735094110924, 9.970000267028809 ], [ 17.627411970026277, 59.859558544968515, 10.590000152587891 ], [ 17.627427816040576, 59.859552325632251, 10.550000190734863 ] ] } },
{ "type": "Feature", "properties": { }, "geometry": { "type": "LineString", "coordinates": [ [ 17.629443360904204, 59.859662203080788, 13.670000076293945 ], [ 17.62947176445973, 59.859655161613219, 13.609999656677246 ], [ 17.629491597766989, 59.859658555646348, 13.539999961853027 ], [ 17.629509419127306, 59.859666186955316, 13.510000228881836 ], [ 17.62992757450678, 59.859853083302575, 11.170000076293945 ], [ 17.630017735728629, 59.859897506968281, 10.609999656677246 ], [ 17.630028829713055, 59.85991236770122, 10.439999580383301 ] ] } },
{ "type": "Feature", "properties": { }, "geometry": { "type": "LineString", "coordinates": [ [ 17.630028829713055, 59.85991236770122, 10.439999580383301 ], [ 17.630047861598943, 59.859937883757162, 10.310000419616699 ], [ 17.630032717485037, 59.8599731692128, 10.220000267028809 ], [ 17.630007690526337, 59.859994176455295, 10.220000267028809 ], [ 17.62995024177355, 59.860012126898482, 10.210000038146973 ], [ 17.629888624314621, 59.860033030040434, 10.210000038146973 ], [ 17.629409487817099, 59.860193654934378, 10.479999542236328 ] ] } },
{ "type": "Feature", "properties": { }, "geometry": { "type": "LineString", "coordinates": [ [ 17.629409487817099, 59.860193654934378, 10.479999542236328 ], [ 17.629391580848541, 59.860199657972188, 10.5 ], [ 17.629016546152695, 59.860327736567442, 10.119999885559082 ], [ 17.628674062266555, 59.860447900136073, 9.560000419616699 ] ] } },
{ "type": "Feature", "properties": { }, "geometry": { "type": "LineString", "coordinates": [ [ 17.628674062266555, 59.860447900136073, 9.560000419616699 ], [ 17.628659832252119, 59.860452892827496, 9.5 ], [ 17.628560064839188, 59.860483893531715, 9.430000305175781 ] ] } },
{ "type": "Feature", "properties": { }, "geometry": { "type": "LineString", "coordinates": [ [ 17.628560064839188, 59.860483893531715, 9.430000305175781 ], [ 17.628523814887401, 59.860492618981937, 9.449999809265137 ], [ 17.628482860062693, 59.860495763739536, 9.409999847412109 ], [ 17.628441868424126, 59.860490343739585, 9.399999618530273 ], [ 17.628397497360325, 59.86047768199677, 9.380000114440918 ], [ 17.628372427953163, 59.860465876831228, 9.289999961853027 ] ] } },
{ "type": "Feature", "properties": { }, "geometry": { "type": "LineString", "coordinates": [ [ 17.628372427953163, 59.860465876831228, 9.289999961853027 ], [ 17.628349938376619, 59.860455283557286, 9.329999923706055 ], [ 17.628117411285785, 59.860346869094862, 9.420000076293945 ], [ 17.628029847066514, 59.860308266788884, 9.260000228881836 ], [ 17.628011399173616, 59.860296900391788, 9.310000419616699 ], [ 17.628006632418685, 59.860285817609224, 9.300000190734863 ], [ 17.628011388025996, 59.860275022954546, 9.329999923706055 ], [ 17.628020932646972, 59.860265852921586, 9.380000114440918 ], [ 17.628041568722296, 59.860255219453229, 9.420000076293945 ] ] } },
{ "type": "Feature", "properties": { }, "geometry": { "type": "LineString", "coordinates": [ [ 17.628041568722296, 59.860255219453229, 9.420000076293945 ], [ 17.628120058246331, 59.860215957142657, 9.489999771118164 ], [ 17.628350139908235, 59.860119534142711, 10.079999923706055 ], [ 17.628511442496169, 59.860051415462998, 10.369999885559082 ], [ 17.628720762778176, 59.85996436053599, 11.149999618530273 ] ] } },
{ "type": "Feature", "properties": { }, "geometry": { "type": "LineString", "coordinates": [ [ 17.628720762778176, 59.85996436053599, 11.149999618530273 ], [ 17.628992692660962, 59.859851265519332, 12.590000152587891 ], [ 17.629314324410423, 59.859716095019756, 13.779999732971191 ], [ 17.62940696984009, 59.859677401795935, 13.760000228881836 ] ] } },
{ "type": "Feature", "properties": { }, "geometry": { "type": "LineString", "coordinates": [ [ 17.62940696984009, 59.859677401795935, 13.760000228881836 ], [ 17.629443360904204, 59.859662203080788, 13.670000076293945 ] ] } },
{ "type": "Feature", "properties": { }, "geometry": { "type": "LineString", "coordinates": [ [ 17.629641541395593, 59.859588770881729, 13.289999961853027 ], [ 17.629636874476947, 59.859599963555361, 13.329999923706055 ], [ 17.629639165751911, 59.859611559703104, 13.369999885559082 ], [ 17.629648875868359, 59.859630109855878, 13.310000419616699 ], [ 17.629696084754627, 59.859651972337574, 13.170000076293945 ], [ 17.630142402377576, 59.859856728326434, 10.430000305175781 ] ] } },
{ "type": "Feature", "properties": { }, "geometry": { "type": "LineString", "coordinates": [ [ 17.630142402377576, 59.859856728326434, 10.430000305175781 ], [ 17.63017032684786, 59.859869539657865, 10.350000381469727 ], [ 17.630208104817061, 59.859879149036985, 10.180000305175781 ], [ 17.630255154200068, 59.859884026299007, 10.079999923706055 ], [ 17.630309734293558, 59.859880266093242, 10.0 ], [ 17.630345303704821, 59.859866114650188, 9.989999771118164 ] ] } },
{ "type": "Feature", "properties": { }, "geometry": { "type": "LineString", "coordinates": [ [ 17.630345303704821, 59.859866114650188, 9.989999771118164 ], [ 17.630829248394779, 59.859700137363021, 9.590000152587891 ], [ 17.631081417192675, 59.85961237006957, 9.390000343322754 ] ] } },
{ "type": "Feature", "properties": { }, "geometry": { "type": "LineString", "coordinates": [ [ 17.631081417192675, 59.85961237006957, 9.390000343322754 ], [ 17.631141711605597, 59.85959138447344, 9.420000076293945 ], [ 17.63143369672823, 59.859489228761667, 9.210000038146973 ], [ 17.631696935250286, 59.859404121411124, 9.010000228881836 ] ] } },
{ "type": "Feature", "properties": { }, "geometry": { "type": "LineString", "coordinates": [ [ 17.631696935250286, 59.859404121411124, 9.010000228881836 ], [ 17.631718489670387, 59.859389771544365, 8.979999542236328 ], [ 17.631714511623734, 59.859372812887209, 8.970000267028809 ], [ 17.631685237302811, 59.859359714800021, 8.949999809265137 ] ] } },
{ "type": "Feature", "properties": { }, "geometry": { "type": "LineString", "coordinates": [ [ 17.631685237302811, 59.859359714800021, 8.949999809265137 ], [ 17.63149789344369, 59.85927449333871, 9.319999694824219 ], [ 17.631082327146512, 59.859080447977085, 9.920000076293945 ], [ 17.631024481366229, 59.85905825359697, 10.029999732971191 ] ] } },
{ "type": "Feature", "properties": { }, "geometry": { "type": "LineString", "coordinates": [ [ 17.631024481366229, 59.85905825359697, 10.029999732971191 ], [ 17.631023090701142, 59.85905772002323, 10.029999732971191 ], [ 17.630983740555578, 59.859050426441392, 10.069999694824219 ], [ 17.630946839457259, 59.859051292491991, 10.069999694824219 ], [ 17.630925988471081, 59.859054678620566, 10.069999694824219 ] ] } },
{ "type": "Feature", "properties": { }, "geometry": { "type": "LineString", "coordinates": [ [ 17.630925988471081, 59.859054678620566, 10.069999694824219 ], [ 17.63023619260111, 59.859339446218065, 11.649999618530273 ] ] } },
{ "type": "Feature", "properties": { }, "geometry": { "type": "LineString", "coordinates": [ [ 17.63023619260111, 59.859339446218065, 11.649999618530273 ], [ 17.630094263382198, 59.85939803764095, 12.109999656677246 ], [ 17.629652637362362, 59.859581732514137, 13.239999771118164 ], [ 17.629641541395593, 59.859588770881729, 13.289999961853027 ] ] } },
{ "type": "Feature", "properties": { }, "geometry": { "type": "LineString", "coordinates": [ [ 17.631657093674914, 59.860564078759992, 6.75 ], [ 17.631639881202897, 59.860559761822358, 6.739999771118164 ], [ 17.631399325735824, 59.860450557034859, 6.909999847412109 ], [ 17.631293767307955, 59.86038898987529, 7.210000038146973 ], [ 17.631059402211125, 59.860275763454183, 7.710000038146973 ], [ 17.631012575433584, 59.860254922901021, 7.889999866485596 ] ] } },
{ "type": "Feature", "properties": { }, "geometry": { "type": "LineString", "coordinates": [ [ 17.631012575433584, 59.860254922901021, 7.889999866485596 ], [ 17.630728619671764, 59.860128545671245, 8.819999694824219 ], [ 17.630504357646412, 59.860021169336633, 9.640000343322754 ] ] } },
{ "type": "Feature", "properties": { }, "geometry": { "type": "LineString", "coordinates": [ [ 17.630504357646412, 59.860021169336633, 9.640000343322754 ], [ 17.630441071317833, 59.859980377481548, 9.680000305175781 ], [ 17.630442661571596, 59.859964349655684, 9.699999809265137 ], [ 17.630468308642271, 59.85995088897689, 9.720000267028809 ] ] } },
{ "type": "Feature", "properties": { }, "geometry": { "type": "LineString", "coordinates": [ [ 17.630468308642271, 59.85995088897689, 9.720000267028809 ], [ 17.63058818392382, 59.859910919447564, 9.649999618530273 ], [ 17.630859982983662, 59.859824100981967, 9.449999809265137 ], [ 17.63109362204656, 59.859738116077395, 9.25 ], [ 17.631207061555099, 59.859699390548705, 9.170000076293945 ] ] } },
{ "type": "Feature", "properties": { }, "geometry": { "type": "LineString", "coordinates": [ [ 17.631207061555099, 59.859699390548705, 9.170000076293945 ], [ 17.631281315954165, 59.859674041775911, 9.149999618530273 ], [ 17.631572592017807, 59.859567517258441, 8.930000305175781 ], [ 17.631796271903212, 59.859493472022692, 8.770000457763672 ] ] } },
{ "type": "Feature", "properties": { }, "geometry": { "type": "LineString", "coordinates": [ [ 17.631914464145584, 59.855849874288516, 20.920000076293945 ], [ 17.631892343641344, 59.855830002110622, 21.819999694824219 ] ] } },
{ "type": "Feature", "properties": { }, "geometry": { "type": "LineString", "coordinates": [ [ 17.63180129532525, 59.855803014066929, 22.299999237060547 ], [ 17.63175397835014, 59.855782803403578, 23.379999160766602 ] ] } },
{ "type": "Feature", "properties": { }, "geometry": { "type": "LineString", "coordinates": [ [ 17.631836101844815, 59.855725928142412, 22.360000610351562 ], [ 17.631826927499397, 59.855713441792609, 23.079999923706055 ], [ 17.631825152059864, 59.855703976730595, 23.360000610351562 ] ] } },
{ "type": "Feature", "properties": { }, "geometry": { "type": "LineString", "coordinates": [ [ 17.631981834918868, 59.855811895337105, 20.899999618530273 ], [ 17.63193197648501, 59.85580918061838, 21.930000305175781 ] ] } },
{ "type": "Feature", "properties": { }, "geometry": { "type": "LineString", "coordinates": [ [ 17.630056650236988, 59.857834274384722, 22.600000381469727 ], [ 17.630134122284996, 59.857865417984968, 20.520000457763672 ] ] } },
{ "type": "Feature", "properties": { }, "geometry": { "type": "LineString", "coordinates": [ [ 17.633615087946634, 59.857710082170655, 13.039999961853027 ], [ 17.633614430648482, 59.857761623944292, 14.529999732971191 ] ] } },
{ "type": "Feature", "properties": { }, "geometry": { "type": "LineString", "coordinates": [ [ 17.633593301190796, 59.854770266848945, 31.850000381469727 ], [ 17.633528901726379, 59.854846389373385, 29.75 ] ] } },
{ "type": "Feature", "properties": { }, "geometry": { "type": "LineString", "coordinates": [ [ 17.634330481342825, 59.854112387484193, 42.900001525878906 ], [ 17.634498436299822, 59.85416223178489, 40.400001525878906 ] ] } },
{ "type": "Feature", "properties": { }, "geometry": { "type": "LineString", "coordinates": [ [ 17.634239974639598, 59.854147554479042, 43.349998474121094 ], [ 17.634233216336618, 59.854194878544099, 45.409999847412109 ] ] } },
{ "type": "Feature", "properties": { }, "geometry": { "type": "LineString", "coordinates": [ [ 17.634073840462321, 59.854063133013064, 44.310001373291016 ], [ 17.634151168287143, 59.854072056732278, 43.360000610351562 ] ] } },
{ "type": "Feature", "properties": { }, "geometry": { "type": "LineString", "coordinates": [ [ 17.634934544735742, 59.853110493917505, 37.990001678466797 ], [ 17.634766583451313, 59.8533283653368, 41.819999694824219 ] ] } },
{ "type": "Feature", "properties": { }, "geometry": { "type": "LineString", "coordinates": [ [ 17.62849514804374, 59.859944215508186, 10.609999656677246 ], [ 17.628350045139239, 59.859882443548663, 10.579999923706055 ], [ 17.627830462707664, 59.859644785027555, 10.760000228881836 ] ] } },
{ "type": "Feature", "properties": { }, "geometry": { "type": "LineString", "coordinates": [ [ 17.627830462707664, 59.859644785027555, 10.760000228881836 ], [ 17.627570225003652, 59.859525749476397, 10.729999542236328 ], [ 17.627566714494783, 59.859480643794278, 10.859999656677246 ], [ 17.627585467441289, 59.859472503419354, 10.899999618530273 ], [ 17.627638317258057, 59.859447743469296, 11.020000457763672 ], [ 17.627897303462468, 59.859326434043538, 11.560000419616699 ] ] } },
{ "type": "Feature", "properties": { }, "geometry": { "type": "LineString", "coordinates": [ [ 17.627897303462468, 59.859326434043538, 11.560000419616699 ], [ 17.628278935489355, 59.859147674657237, 12.470000267028809 ], [ 17.628316601368216, 59.859142554173431, 12.579999923706055 ], [ 17.628342132567852, 59.859144435573036, 12.680000305175781 ], [ 17.628367439248457, 59.859152288735928, 12.779999732971191 ] ] } },
{ "type": "Feature", "properties": { }, "geometry": { "type": "LineString", "coordinates": [ [ 17.629345269805526, 59.859609150680811, 13.710000038146973 ], [ 17.629331299298322, 59.859624362236467, 13.75 ], [ 17.629313015149602, 59.859633414289881, 13.800000190734863 ], [ 17.629239799167806, 59.859661137095991, 13.850000381469727 ], [ 17.629023823726733, 59.859754960176851, 13.069999694824219 ], [ 17.628826851271576, 59.859838189039579, 12.060000419616699 ], [ 17.628674514247191, 59.859902711390596, 11.270000457763672 ] ] } },
{ "type": "Feature", "properties": { }, "geometry": { "type": "LineString", "coordinates": [ [ 17.628674514247191, 59.859902711390596, 11.270000457763672 ], [ 17.628585678140745, 59.859940337730563, 10.840000152587891 ], [ 17.628562236507399, 59.859950584764071, 10.729999542236328 ], [ 17.628538838162918, 59.859956562464248, 10.689999580383301 ], [ 17.628518551900807, 59.859953684122409, 10.640000343322754 ], [ 17.62849514804374, 59.859944215508186, 10.609999656677246 ] ] } },
{ "type": "Feature", "properties": { }, "geometry": { "type": "LineString", "coordinates": [ [ 17.628367439248457, 59.859152288735928, 12.779999732971191 ], [ 17.62903305824743, 59.859451259981796, 13.539999961853027 ] ] } },
{ "type": "Feature", "properties": { }, "geometry": { "type": "LineString", "coordinates": [ [ 17.62903305824743, 59.859451259981796, 13.539999961853027 ], [ 17.629318522864388, 59.859579477346536, 13.680000305175781 ] ] } },
{ "type": "Feature", "properties": { }, "geometry": { "type": "LineString", "coordinates": [ [ 17.629318522864388, 59.859579477346536, 13.680000305175781 ], [ 17.629334559502979, 59.859589920972219, 13.649999618530273 ], [ 17.629345269805526, 59.859609150680811, 13.710000038146973 ] ] } },
{ "type": "Feature", "properties": { }, "geometry": { "type": "LineString", "coordinates": [ [ 17.62705706149594, 59.856953514916881, 22.180000305175781 ], [ 17.627525525167275, 59.857172191463711, 21.680000305175781 ], [ 17.627715592825222, 59.85725636094098, 21.520000457763672 ] ] } },
{ "type": "Feature", "properties": { }, "geometry": { "type": "LineString", "coordinates": [ [ 17.627715592825222, 59.85725636094098, 21.520000457763672 ], [ 17.627953597679522, 59.857361757908706, 21.399999618530273 ], [ 17.62798369561952, 59.857365853724822, 21.229999542236328 ] ] } },
{ "type": "Feature", "properties": { }, "geometry": { "type": "LineString", "coordinates": [ [ 17.62798369561952, 59.857365853724822, 21.229999542236328 ], [ 17.628026143953992, 59.857347232833078, 21.290000915527344 ], [ 17.628588004967114, 59.857035841990822, 21.659999847412109 ] ] } },
{ "type": "Feature", "properties": { }, "geometry": { "type": "LineString", "coordinates": [ [ 17.628588004967114, 59.857035841990822, 21.659999847412109 ], [ 17.628892930062126, 59.856866845035938, 21.510000228881836 ], [ 17.628894635920524, 59.856840486374232, 21.469999313354492 ], [ 17.628858634738535, 59.856823817480389, 21.440000534057617 ] ] } },
{ "type": "Feature", "properties": { }, "geometry": { "type": "LineString", "coordinates": [ [ 17.628858634738535, 59.856823817480389, 21.440000534057617 ], [ 17.628202071929547, 59.856519850517479, 21.149999618530273 ] ] } },
{ "type": "Feature", "properties": { }, "geometry": { "type": "LineString", "coordinates": [ [ 17.628202071929547, 59.856519850517479, 21.149999618530273 ], [ 17.62801257458089, 59.856432117827524, 21.180000305175781 ] ] } },
{ "type": "Feature", "properties": { }, "geometry": { "type": "LineString", "coordinates": [ [ 17.631796271903212, 59.859493472022692, 8.770000457763672 ], [ 17.631868319810625, 59.859468405004364, 8.720000267028809 ], [ 17.631895703002197, 59.859462589712876, 8.649999618530273 ], [ 17.631922683458161, 59.85946601178658, 8.619999885559082 ], [ 17.632018879851316, 59.859511833807325, 8.319999694824219 ] ] } },
{ "type": "Feature", "properties": { }, "geometry": { "type": "LineString", "coordinates": [ [ 17.628202537295085, 59.860557671879, 9.170000076293945 ], [ 17.628189898146495, 59.860572949510214, 9.140000343322754 ], [ 17.628172859301429, 59.860589485599178, 9.100000381469727 ], [ 17.628151189373174, 59.860606706594069, 9.050000190734863 ] ] } },
{ "type": "Feature", "properties": { }, "geometry": { "type": "LineString", "coordinates": [ [ 17.628151189373174, 59.860606706594069, 9.050000190734863 ], [ 17.62802998047032, 59.860674769526867, 8.909999847412109 ] ] } },
{ "type": "Feature", "properties": { }, "geometry": { "type": "LineString", "coordinates": [ [ 17.630881037832978, 59.861628078701877, 6.440000057220459 ], [ 17.63090478540181, 59.861638903384986, 6.460000038146973 ], [ 17.630931759719996, 59.861643660594069, 6.539999961853027 ], [ 17.630955657485625, 59.861634981507343, 6.429999828338623 ], [ 17.631097002444651, 59.861557379718974, 6.579999923706055 ], [ 17.631141420761352, 59.861490116497784, 6.699999809265137 ], [ 17.631256294045862, 59.861270162266038, 6.869999885559082 ] ] } },
{ "type": "Feature", "properties": { }, "geometry": { "type": "LineString", "coordinates": [ [ 17.631256294045862, 59.861270162266038, 6.869999885559082 ], [ 17.631262022875696, 59.86125919288191, 6.860000133514404 ], [ 17.631367436889658, 59.861067717023076, 6.960000038146973 ], [ 17.631475956561701, 59.860862003089032, 6.889999866485596 ], [ 17.631490144359351, 59.860837001730992, 6.880000114440918 ] ] } },
{ "type": "Feature", "properties": { }, "geometry": { "type": "LineString", "coordinates": [ [ 17.631490144359351, 59.860837001730992, 6.880000114440918 ], [ 17.631590330817104, 59.860660454744149, 6.619999885559082 ], [ 17.631601229418202, 59.860635254180536, 6.739999771118164 ], [ 17.631598521288115, 59.860613273597089, 6.699999809265137 ], [ 17.631322503069608, 59.8604875253072, 6.889999866485596 ], [ 17.631277518543875, 59.860467623788097, 6.869999885559082 ] ] } },
{ "type": "Feature", "properties": { }, "geometry": { "type": "LineString", "coordinates": [ [ 17.631277518543875, 59.860467623788097, 6.869999885559082 ], [ 17.631069943492911, 59.860375790389526, 7.260000228881836 ], [ 17.630732280154831, 59.860221072577168, 8.340000152587891 ], [ 17.630615846539829, 59.860166469026616, 8.819999694824219 ] ] } },
{ "type": "Feature", "properties": { }, "geometry": { "type": "LineString", "coordinates": [ [ 17.630615846539829, 59.860166469026616, 8.819999694824219 ], [ 17.630392708520869, 59.860061823810703, 9.460000038146973 ] ] } },
{ "type": "Feature", "properties": { }, "geometry": { "type": "LineString", "coordinates": [ [ 17.630392708520869, 59.860061823810703, 9.460000038146973 ], [ 17.630323616825947, 59.860033482209232, 9.699999809265137 ], [ 17.630293988854731, 59.860022360941826, 9.760000228881836 ], [ 17.630263507082571, 59.860025118540939, 9.829999923706055 ], [ 17.629952127315835, 59.860129336445162, 10.130000114440918 ], [ 17.629658077048184, 59.860234921410672, 10.489999771118164 ] ] } },
{ "type": "Feature", "properties": { }, "geometry": { "type": "LineString", "coordinates": [ [ 17.629658077048184, 59.860234921410672, 10.489999771118164 ], [ 17.629424486512658, 59.860318796091569, 10.470000267028809 ], [ 17.628927395436293, 59.86049260797747, 9.760000228881836 ] ] } },
{ "type": "Feature", "properties": { }, "geometry": { "type": "LineString", "coordinates": [ [ 17.628927395436293, 59.86049260797747, 9.760000228881836 ], [ 17.628923207676518, 59.860494072245714, 9.760000228881836 ], [ 17.628702976023742, 59.860571676745522, 9.239999771118164 ] ] } },
{ "type": "Feature", "properties": { }, "geometry": { "type": "LineString", "coordinates": [ [ 17.628702976023742, 59.860571676745522, 9.239999771118164 ], [ 17.628683431553064, 59.860584965230991, 9.199999809265137 ], [ 17.628671800188187, 59.860594248363434, 9.199999809265137 ], [ 17.628680191059939, 59.860608185291689, 9.170000076293945 ] ] } },
{ "type": "Feature", "properties": { }, "geometry": { "type": "LineString", "coordinates": [ [ 17.628680191059939, 59.860608185291689, 9.170000076293945 ], [ 17.628892770594195, 59.860705876334535, 8.689999580383301 ], [ 17.629140068847725, 59.86081919085575, 8.319999694824219 ], [ 17.629268134556344, 59.860844256602959, 8.090000152587891 ], [ 17.629366401373197, 59.860888974475557, 7.889999866485596 ] ] } },
{ "type": "Feature", "properties": { }, "geometry": { "type": "LineString", "coordinates": [ [ 17.629366401373197, 59.860888974475557, 7.889999866485596 ], [ 17.629437085799019, 59.860921140423137, 7.75 ], [ 17.6297495907294, 59.861066306863094, 7.320000171661377 ], [ 17.629860059216984, 59.861118640635347, 7.159999847412109 ], [ 17.629869305870407, 59.86112854889636, 7.150000095367432 ], [ 17.629875513453019, 59.861145263191816, 7.110000133514404 ], [ 17.629879417490901, 59.861162523161852, 7.090000152587891 ], [ 17.629892817742331, 59.86117102792619, 7.079999923706055 ] ] } },
{ "type": "Feature", "properties": { }, "geometry": { "type": "LineString", "coordinates": [ [ 17.629892817742331, 59.86117102792619, 7.079999923706055 ], [ 17.630014761854827, 59.861226444294488, 7.039999961853027 ], [ 17.63018148939571, 59.861304734972116, 6.929999828338623 ], [ 17.630550390062847, 59.861474481811854, 6.570000171661377 ] ] } },
{ "type": "Feature", "properties": { }, "geometry": { "type": "LineString", "coordinates": [ [ 17.630550390062847, 59.861474481811854, 6.570000171661377 ], [ 17.630559715063768, 59.861478772604002, 6.570000171661377 ], [ 17.630881037832978, 59.861628078701877, 6.440000057220459 ] ] } },
{ "type": "Feature", "properties": { }, "geometry": { "type": "LineString", "coordinates": [ [ 17.629677525017904, 59.861278821469092, 7.039999961853027 ], [ 17.629692368568797, 59.861286133942684, 7.050000190734863 ], [ 17.629780148801768, 59.861352925598297, 7.039999961853027 ], [ 17.630030163881891, 59.861467854534844, 6.909999847412109 ], [ 17.630060756208682, 59.861475187794831, 6.909999847412109 ], [ 17.630089148109686, 59.861477918237235, 6.730000019073486 ], [ 17.630111680952101, 59.861478388817154, 6.710000038146973 ], [ 17.630145077415019, 59.861483317660216, 6.650000095367432 ], [ 17.630180396228258, 59.861491377314238, 6.650000095367432 ], [ 17.630325706266227, 59.861555227510301, 6.5 ], [ 17.630341684394725, 59.861562743359087, 6.489999771118164 ] ] } },
{ "type": "Feature", "properties": { }, "geometry": { "type": "LineString", "coordinates": [ [ 17.630341684394725, 59.861562743359087, 6.489999771118164 ], [ 17.630665568205909, 59.861715091814588, 6.300000190734863 ], [ 17.630689074489588, 59.861726242564075, 6.309999942779541 ] ] } },
{ "type": "Feature", "properties": { }, "geometry": { "type": "LineString", "coordinates": [ [ 17.630689074489588, 59.861726242564075, 6.309999942779541 ], [ 17.630722007808028, 59.861741487655856, 6.260000228881836 ], [ 17.630731056630633, 59.861751856640822, 6.25 ], [ 17.630724062988346, 59.861762788920153, 6.21999979019165 ], [ 17.630587427598361, 59.861840103859272, 6.210000038146973 ] ] } },
{ "type": "Feature", "properties": { }, "geometry": { "type": "LineString", "coordinates": [ [ 17.62950699460065, 59.861348097827644, 7.269999980926514 ], [ 17.629652931114489, 59.86126792782494, 7.099999904632568 ] ] } },
{ "type": "Feature", "properties": { }, "geometry": { "type": "LineString", "coordinates": [ [ 17.62801257458089, 59.856432117827524, 21.180000305175781 ], [ 17.627986277436655, 59.856425219463098, 21.260000228881836 ], [ 17.627948257056769, 59.856434729643709, 21.299999237060547 ], [ 17.627404774805008, 59.85674372972877, 21.819999694824219 ] ] } },
{ "type": "Feature", "properties": { }, "geometry": { "type": "LineString", "coordinates": [ [ 17.627404774805008, 59.85674372972877, 21.819999694824219 ], [ 17.62706422493924, 59.856937347359654, 22.219999313354492 ], [ 17.62705706149594, 59.856953514916881, 22.180000305175781 ] ] } },
{ "type": "Feature", "properties": { }, "geometry": { "type": "LineString", "coordinates": [ [ 17.632577080952551, 59.859592193403714, 7.440000057220459 ], [ 17.632677099245168, 59.859639466035574, 7.380000114440918 ] ] } },
{ "type": "Feature", "properties": { }, "geometry": { "type": "LineString", "coordinates": [ [ 17.630731739400318, 59.861870089533234, 6.230000019073486 ], [ 17.630697258907961, 59.861889633334712, 6.25 ] ] } },
{ "type": "Feature", "properties": { }, "geometry": { "type": "LineString", "coordinates": [ [ 17.636676934127415, 59.858057130267831, 6.639999866485596 ], [ 17.636535097806451, 59.858096396224298, 6.789999961853027 ] ] } },
{ "type": "Feature", "properties": { }, "geometry": { "type": "LineString", "coordinates": [ [ 17.632209568338883, 59.858478698175574, 11.270000457763672 ], [ 17.632194313783085, 59.858477846884362, 11.270000457763672 ], [ 17.63215250488858, 59.858477726461828, 11.350000381469727 ], [ 17.632101628002619, 59.858501385292044, 11.340000152587891 ] ] } },
{ "type": "Feature", "properties": { }, "geometry": { "type": "LineString", "coordinates": [ [ 17.624803182684214, 59.857748173129693, 18.690000534057617 ], [ 17.624902696346854, 59.857783612624324, 18.5 ] ] } },
{ "type": "Feature", "properties": { }, "geometry": { "type": "LineString", "coordinates": [ [ 17.624803182684214, 59.857748173129693, 18.690000534057617 ], [ 17.62477541258222, 59.857753387943269, 18.649999618530273 ] ] } },
{ "type": "Feature", "properties": { }, "geometry": { "type": "LineString", "coordinates": [ [ 17.631127255158077, 59.858900880928083, 10.039999961853027 ], [ 17.631097713859909, 59.858886546058471, 10.100000381469727 ] ] } },
{ "type": "Feature", "properties": { }, "geometry": { "type": "LineString", "coordinates": [ [ 17.631574987598022, 59.857643167250103, 17.290000915527344 ], [ 17.631559793368709, 59.857723965249612, 16.709999084472656 ], [ 17.631311188382252, 59.857802213101223, 17.360000610351562 ], [ 17.631144235304781, 59.857853702866173, 17.799999237060547 ], [ 17.631072512291858, 59.85785754917044, 18.0 ] ] } },
{ "type": "Feature", "properties": { }, "geometry": { "type": "LineString", "coordinates": [ [ 17.631072512291858, 59.85785754917044, 18.0 ], [ 17.630867111552785, 59.857890934467342, 18.459999084472656 ], [ 17.630606677049514, 59.857950059381821, 18.870000839233398 ] ] } },
{ "type": "Feature", "properties": { }, "geometry": { "type": "LineString", "coordinates": [ [ 17.628394136845181, 59.860650079409076, 9.109999656677246 ], [ 17.628322701302245, 59.860685839074982, 9.100000381469727 ], [ 17.62819465816299, 59.860749938048755, 9.119999885559082 ] ] } },
{ "type": "Feature", "properties": { }, "geometry": { "type": "LineString", "coordinates": [ [ 17.632445650632828, 59.855179172762668, 24.020000457763672 ], [ 17.632539118085646, 59.855194712709221, 24.020000457763672 ], [ 17.632709894403884, 59.855223103419078, 22.969999313354492 ], [ 17.63289440787328, 59.855290477658542, 21.260000228881836 ], [ 17.632986830010005, 59.855340171724194, 20.379999160766602 ] ] } },
{ "type": "Feature", "properties": { }, "geometry": { "type": "LineString", "coordinates": [ [ 17.632986830010005, 59.855340171724194, 20.379999160766602 ], [ 17.633549127098568, 59.855571925312432, 17.489999771118164 ], [ 17.633584235045475, 59.855586390918596, 17.399999618530273 ], [ 17.633631705800436, 59.855592471916907, 17.25 ] ] } },
{ "type": "Feature", "properties": { }, "geometry": { "type": "LineString", "coordinates": [ [ 17.632058117372363, 59.854751838593415, 25.569999694824219 ], [ 17.631934688008133, 59.854677674191095, 25.719999313354492 ], [ 17.631771616262988, 59.854592753214028, 25.649999618530273 ], [ 17.631547445667291, 59.854472992926048, 25.290000915527344 ], [ 17.631463654772372, 59.854417659393881, 25.100000381469727 ] ] } },
{ "type": "Feature", "properties": { }, "geometry": { "type": "LineString", "coordinates": [ [ 17.631463654772372, 59.854417659393881, 25.100000381469727 ], [ 17.631307228901431, 59.854314358792855, 24.829999923706055 ] ] } },
{ "type": "Feature", "properties": { }, "geometry": { "type": "LineString", "coordinates": [ [ 17.631266787454074, 59.854287650644835, 24.889999389648438 ], [ 17.631211622576153, 59.854251222337304, 24.620000839233398 ] ] } },
{ "type": "Feature", "properties": { }, "geometry": { "type": "LineString", "coordinates": [ [ 17.631851613829703, 59.85399134746411, 25.799999237060547 ], [ 17.632099139330027, 59.85407323747738, 27.290000915527344 ], [ 17.632239616946066, 59.854130358029273, 27.780000686645508 ], [ 17.63227036585905, 59.8541492724055, 27.879999160766602 ] ] } },
{ "type": "Feature", "properties": { }, "geometry": { "type": "LineString", "coordinates": [ [ 17.632058117372363, 59.854751838593415, 25.569999694824219 ], [ 17.63209875551944, 59.85477590155039, 25.469999313354492 ] ] } },
{ "type": "Feature", "properties": { }, "geometry": { "type": "LineString", "coordinates": [ [ 17.632416928425478, 59.854216328403538, 27.979999542236328 ], [ 17.632370587026355, 59.854190523758064, 27.950000762939453 ], [ 17.63227036585905, 59.8541492724055, 27.879999160766602 ] ] } },
{ "type": "Feature", "properties": { }, "geometry": { "type": "LineString", "coordinates": [ [ 17.631211622576153, 59.854251222337304, 24.620000839233398 ], [ 17.631035672686661, 59.854146742007998, 23.950000762939453 ] ] } },
{ "type": "Feature", "properties": { }, "geometry": { "type": "LineString", "coordinates": [ [ 17.629614631149572, 59.855205349470381, 23.540000915527344 ], [ 17.629016914718765, 59.855538613228354, 23.370000839233398 ] ] } },
{ "type": "Feature", "properties": { }, "geometry": { "type": "LineString", "coordinates": [ [ 17.629016914718765, 59.855538613228354, 23.370000839233398 ], [ 17.628793759218517, 59.855663033790577, 23.260000228881836 ] ] } },
{ "type": "Feature", "properties": { }, "geometry": { "type": "LineString", "coordinates": [ [ 17.628602854237879, 59.855467297585449, 22.780000686645508 ], [ 17.628642054388795, 59.85551225606438, 22.870000839233398 ], [ 17.628561828763566, 59.855537370518846, 22.920000076293945 ] ] } },
{ "type": "Feature", "properties": { }, "geometry": { "type": "LineString", "coordinates": [ [ 17.632066941913532, 59.855775167702596, 20.909999847412109 ], [ 17.632101804978383, 59.855613424903453, 21.879999160766602 ], [ 17.632110378331763, 59.855571418138808, 22.079999923706055 ] ] } },
{ "type": "Feature", "properties": { }, "geometry": { "type": "LineString", "coordinates": [ [ 17.632031295220337, 59.855979518087622, 19.579999923706055 ], [ 17.63205979208777, 59.855816146687232, 20.770000457763672 ], [ 17.632066941913532, 59.855775167702596, 20.909999847412109 ] ] } },
{ "type": "Feature", "properties": { }, "geometry": { "type": "LineString", "coordinates": [ [ 17.626671246605095, 59.860054542978709, 9.420000076293945 ], [ 17.626891442478804, 59.859938248653428, 9.520000457763672 ] ] } },
{ "type": "Feature", "properties": { }, "geometry": { "type": "LineString", "coordinates": [ [ 17.623874087823467, 59.858564784600972, 14.960000038146973 ], [ 17.623778610982111, 59.858572997690104, 14.760000228881836 ], [ 17.623710465507767, 59.85858705433408, 14.579999923706055 ], [ 17.623600639496875, 59.858633534010124, 14.25 ], [ 17.62357642239207, 59.858645197106839, 14.220000267028809 ] ] } },
{ "type": "Feature", "properties": { }, "geometry": { "type": "LineString", "coordinates": [ [ 17.630472257704991, 59.855268542217253, 24.430000305175781 ], [ 17.630396656370589, 59.855241958310089, 24.209999084472656 ], [ 17.630338551195194, 59.855237559091805, 24.120000839233398 ], [ 17.6302705163925, 59.855235892239442, 24.010000228881836 ], [ 17.630203547822376, 59.85523799427493, 23.879999160766602 ], [ 17.630143933096029, 59.855243882312649, 23.75 ], [ 17.630030149133709, 59.855258433209109, 23.510000228881836 ], [ 17.629976315505694, 59.855262842310786, 23.479999542236328 ], [ 17.629900848634335, 59.855265927722961, 23.450000762939453 ], [ 17.629626490249667, 59.855207859479073, 23.579999923706055 ] ] } },
{ "type": "Feature", "properties": { }, "geometry": { "type": "LineString", "coordinates": [ [ 17.629626490249667, 59.855207859479073, 23.579999923706055 ], [ 17.629614631149572, 59.855205349470381, 23.540000915527344 ] ] } },
{ "type": "Feature", "properties": { }, "geometry": { "type": "LineString", "coordinates": [ [ 17.628365464800172, 59.855887387461088, 23.299999237060547 ], [ 17.628793759218517, 59.855663033790577, 23.260000228881836 ] ] } },
{ "type": "Feature", "properties": { }, "geometry": { "type": "LineString", "coordinates": [ [ 17.628561828763566, 59.855537370518846, 22.920000076293945 ], [ 17.628793759218517, 59.855663033790577, 23.260000228881836 ] ] } },
{ "type": "Feature", "properties": { }, "geometry": { "type": "LineString", "coordinates": [ [ 17.628365277596931, 59.8607054889967, 9.130000114440918 ], [ 17.62839921583042, 59.860706838502132, 9.090000152587891 ], [ 17.628441568433725, 59.86071678532312, 9.069999694824219 ], [ 17.628462958173458, 59.860726051482288, 9.060000419616699 ] ] } },
{ "type": "Feature", "properties": { }, "geometry": { "type": "LineString", "coordinates": [ [ 17.628462958173458, 59.860726051482288, 9.060000419616699 ], [ 17.628477578156765, 59.860732383520656, 9.079999923706055 ], [ 17.628590391670546, 59.860786377452193, 9.010000228881836 ], [ 17.628602437165284, 59.860797407660002, 8.949999809265137 ], [ 17.628624038645917, 59.860822372946089, 8.939999580383301 ], [ 17.62875378150801, 59.86088160337831, 8.75 ], [ 17.629094870932533, 59.861039101655336, 8.270000457763672 ] ] } },
{ "type": "Feature", "properties": { }, "geometry": { "type": "LineString", "coordinates": [ [ 17.629094870932533, 59.861039101655336, 8.270000457763672 ], [ 17.629358573401738, 59.861160864809634, 7.690000057220459 ], [ 17.629467348778409, 59.861185716113511, 7.46999979019165 ], [ 17.629475473495646, 59.861189308354874, 7.429999828338623 ] ] } },
{ "type": "Feature", "properties": { }, "geometry": { "type": "LineString", "coordinates": [ [ 17.62936458538082, 59.861283205534569, 7.539999961853027 ], [ 17.629508620927844, 59.861203999841415, 7.340000152587891 ] ] } },
{ "type": "Feature", "properties": { }, "geometry": { "type": "LineString", "coordinates": [ [ 17.633031324302966, 59.859052296898831, 7.849999904632568 ], [ 17.632942327972344, 59.859084134855017, 7.800000190734863 ] ] } },
{ "type": "Feature", "properties": { }, "geometry": { "type": "LineString", "coordinates": [ [ 17.63564921146606, 59.85844520905647, 8.350000381469727 ], [ 17.635299822926342, 59.858604199491673, 8.229999542236328 ], [ 17.635234124070173, 59.858631939405434, 8.260000228881836 ], [ 17.63501068789969, 59.858683437102904, 8.350000381469727 ], [ 17.634924254164421, 59.858695431316178, 8.560000419616699 ] ] } },
{ "type": "Feature", "properties": { }, "geometry": { "type": "LineString", "coordinates": [ [ 17.634924254164421, 59.858695431316178, 8.560000419616699 ], [ 17.634831803188309, 59.858708260456154, 8.739999771118164 ], [ 17.634630114472767, 59.85872251905613, 8.859999656677246 ], [ 17.634397811260861, 59.858733442796243, 9.260000228881836 ] ] } },
{ "type": "Feature", "properties": { }, "geometry": { "type": "LineString", "coordinates": [ [ 17.634397811260861, 59.858733442796243, 9.260000228881836 ], [ 17.634182260336612, 59.858745636904885, 9.109999656677246 ], [ 17.634102820858917, 59.858753936289951, 8.960000038146973 ], [ 17.633819009566938, 59.858799459378098, 8.439999580383301 ], [ 17.633767913360625, 59.858810003759018, 8.430000305175781 ], [ 17.633603110695049, 59.858855143675534, 8.300000190734863 ], [ 17.633558928484842, 59.858870367809892, 8.300000190734863 ] ] } },
{ "type": "Feature", "properties": { }, "geometry": { "type": "LineString", "coordinates": [ [ 17.633558928484842, 59.858870367809892, 8.300000190734863 ], [ 17.633505927901055, 59.858888630507494, 8.25 ] ] } },
{ "type": "Feature", "properties": { }, "geometry": { "type": "LineString", "coordinates": [ [ 17.633505927901055, 59.858888630507494, 8.25 ], [ 17.633031324302966, 59.859052296898831, 7.849999904632568 ] ] } },
{ "type": "Feature", "properties": { }, "geometry": { "type": "LineString", "coordinates": [ [ 17.632828893413318, 59.859124748678362, 7.769999980926514 ], [ 17.632967782776756, 59.859226169826336, 7.480000019073486 ], [ 17.633334110023441, 59.859494742684035, 6.670000076293945 ] ] } },
{ "type": "Feature", "properties": { }, "geometry": { "type": "LineString", "coordinates": [ [ 17.633334110023441, 59.859494742684035, 6.670000076293945 ], [ 17.633388397976333, 59.859534543440788, 6.559999942779541 ], [ 17.633445257106075, 59.859514183503073, 6.829999923706055 ] ] } },
{ "type": "Feature", "properties": { }, "geometry": { "type": "LineString", "coordinates": [ [ 17.641381669529519, 59.855449833959703, 4.320000171661377 ], [ 17.641682025157614, 59.855240553063283, 4.309999942779541 ], [ 17.641706259458186, 59.855216011795171, 4.360000133514404 ], [ 17.641724179698553, 59.855184694862253, 4.449999809265137 ], [ 17.64172516427837, 59.855154981261066, 4.559999942779541 ], [ 17.641717858307391, 59.855132843244384, 4.71999979019165 ], [ 17.641691631855675, 59.85511135622145, 4.840000152587891 ], [ 17.641665358023008, 59.855099063814087, 4.449999809265137 ], [ 17.641627693711005, 59.855085558149582, 2.900000095367432 ] ] } },
{ "type": "Feature", "properties": { }, "geometry": { "type": "LineString", "coordinates": [ [ 17.632828893413318, 59.859124748678362, 7.769999980926514 ], [ 17.632342267436194, 59.859299060035021, 8.289999961853027 ], [ 17.632215197465957, 59.85934714814271, 8.319999694824219 ], [ 17.63218362225189, 59.859367694324369, 8.350000381469727 ] ] } },
{ "type": "Feature", "properties": { }, "geometry": { "type": "LineString", "coordinates": [ [ 17.63218362225189, 59.859367694324369, 8.350000381469727 ], [ 17.632181199843064, 59.859378813665479, 8.350000381469727 ], [ 17.632185706483135, 59.859390479687043, 8.359999656677246 ], [ 17.63219969433786, 59.859406010447074, 8.350000381469727 ], [ 17.632220986939693, 59.859423871987424, 8.310000419616699 ] ] } },
{ "type": "Feature", "properties": { }, "geometry": { "type": "LineString", "coordinates": [ [ 17.632060732117864, 59.858590313446207, 10.979999542236328 ], [ 17.632094701058779, 59.858586650544154, 11.010000228881836 ], [ 17.632114484304218, 59.858595762645983, 11.020000457763672 ], [ 17.632451781885724, 59.858841071373178, 9.579999923706055 ], [ 17.632583083192692, 59.858940814146223, 8.939999580383301 ] ] } },
{ "type": "Feature", "properties": { }, "geometry": { "type": "LineString", "coordinates": [ [ 17.632583083192692, 59.858940814146223, 8.939999580383301 ], [ 17.632709531992088, 59.859036870023729, 8.329999923706055 ], [ 17.632718557173366, 59.859047760414384, 8.279999732971191 ] ] } },
{ "type": "Feature", "properties": { }, "geometry": { "type": "LineString", "coordinates": [ [ 17.632718557173366, 59.859047760414384, 8.279999732971191 ], [ 17.632706564067981, 59.859058792813194, 8.270000457763672 ], [ 17.632667712076028, 59.859073874261917, 8.300000190734863 ], [ 17.632060872203471, 59.859275014801426, 8.640000343322754 ] ] } },
{ "type": "Feature", "properties": { }, "geometry": { "type": "LineString", "coordinates": [ [ 17.632060872203471, 59.859275014801426, 8.640000343322754 ], [ 17.631982492432343, 59.85930135060692, 8.699999809265137 ], [ 17.63194329978592, 59.85930158465235, 8.770000457763672 ], [ 17.631914151205919, 59.859294173016245, 8.770000457763672 ], [ 17.63185413851653, 59.859266856993095, 8.880000114440918 ] ] } },
{ "type": "Feature", "properties": { }, "geometry": { "type": "LineString", "coordinates": [ [ 17.63185413851653, 59.859266856993095, 8.880000114440918 ], [ 17.631215078823882, 59.858982603238047, 10.050000190734863 ], [ 17.63119771290399, 59.858969267003758, 10.100000381469727 ], [ 17.631197447776017, 59.858965450973677, 10.100000381469727 ] ] } },
{ "type": "Feature", "properties": { }, "geometry": { "type": "LineString", "coordinates": [ [ 17.631197447776017, 59.858965450973677, 10.100000381469727 ], [ 17.631196592681111, 59.85895314344635, 10.079999923706055 ], [ 17.631207901983892, 59.858940004901108, 10.079999923706055 ] ] } },
{ "type": "Feature", "properties": { }, "geometry": { "type": "LineString", "coordinates": [ [ 17.631207901983892, 59.858940004901108, 10.079999923706055 ], [ 17.631249655884872, 59.858921603856487, 10.170000076293945 ], [ 17.631887194635656, 59.858661622133965, 10.949999809265137 ], [ 17.631899679885663, 59.85865649180873, 10.949999809265137 ] ] } },
{ "type": "Feature", "properties": { }, "geometry": { "type": "LineString", "coordinates": [ [ 17.631899679885663, 59.85865649180873, 10.949999809265137 ], [ 17.632060732117864, 59.858590313446207, 10.979999542236328 ] ] } },
{ "type": "Feature", "properties": { }, "geometry": { "type": "LineString", "coordinates": [ [ 17.634526931978041, 59.857711171087573, 11.569999694824219 ], [ 17.634473272103744, 59.857719661395336, 11.699999809265137 ], [ 17.634408529478151, 59.857724904467553, 11.819999694824219 ], [ 17.633638540857358, 59.857710520363753, 13.0 ] ] } },
{ "type": "Feature", "properties": { }, "geometry": { "type": "LineString", "coordinates": [ [ 17.633638540857358, 59.857710520363753, 13.0 ], [ 17.633615087946634, 59.857710082170655, 13.039999961853027 ] ] } },
{ "type": "Feature", "properties": { }, "geometry": { "type": "LineString", "coordinates": [ [ 17.633615087946634, 59.857710082170655, 13.039999961853027 ], [ 17.63354728148845, 59.857708812098593, 13.060000419616699 ], [ 17.632723295311596, 59.857694256640009, 14.960000038146973 ] ] } },
{ "type": "Feature", "properties": { }, "geometry": { "type": "LineString", "coordinates": [ [ 17.632723295311596, 59.857694256640009, 14.960000038146973 ], [ 17.632294954053453, 59.857686688082083, 15.989999771118164 ] ] } },
{ "type": "Feature", "properties": { }, "geometry": { "type": "LineString", "coordinates": [ [ 17.632294954053453, 59.857686688082083, 15.989999771118164 ], [ 17.63219027258495, 59.857685569437933, 16.190000534057617 ] ] } },
{ "type": "Feature", "properties": { }, "geometry": { "type": "LineString", "coordinates": [ [ 17.63219027258495, 59.857685569437933, 16.190000534057617 ], [ 17.632127141241931, 59.857685097383452, 16.299999237060547 ], [ 17.632099838475099, 59.857690375792593, 16.299999237060547 ], [ 17.632074779653657, 59.857698043352677, 16.25 ], [ 17.632063658922842, 59.857708337324539, 16.219999313354492 ] ] } },
{ "type": "Feature", "properties": { }, "geometry": { "type": "LineString", "coordinates": [ [ 17.632063658922842, 59.857708337324539, 16.219999313354492 ], [ 17.632048189863927, 59.857732715693025, 16.069999694824219 ], [ 17.631948652549664, 59.858140474933542, 13.680000305175781 ] ] } },
{ "type": "Feature", "properties": { }, "geometry": { "type": "LineString", "coordinates": [ [ 17.631948652549664, 59.858140474933542, 13.680000305175781 ], [ 17.631918633850617, 59.858263426114668, 12.850000381469727 ], [ 17.632117745597267, 59.858439448537908, 11.590000152587891 ], [ 17.632131442777791, 59.858446291136914, 11.590000152587891 ], [ 17.632160733474414, 59.858452950393733, 11.520000457763672 ], [ 17.632347230780322, 59.858475931097182, 11.170000076293945 ] ] } },
{ "type": "Feature", "properties": { }, "geometry": { "type": "LineString", "coordinates": [ [ 17.632347230780322, 59.858475931097182, 11.170000076293945 ], [ 17.633213972467818, 59.858582729460565, 9.869999885559082 ] ] } },
{ "type": "Feature", "properties": { }, "geometry": { "type": "LineString", "coordinates": [ [ 17.633213972467818, 59.858582729460565, 9.869999885559082 ], [ 17.63337186670244, 59.858602184215755, 9.649999618530273 ], [ 17.633406394990519, 59.858620637321145, 9.439999580383301 ], [ 17.633442913835829, 59.858637351769509, 9.300000190734863 ] ] } },
{ "type": "Feature", "properties": { }, "geometry": { "type": "LineString", "coordinates": [ [ 17.633442913835829, 59.858637351769509, 9.300000190734863 ], [ 17.63352509559811, 59.85866587952669, 9.189999580383301 ], [ 17.633565447195469, 59.858669669010524, 9.159999847412109 ], [ 17.633804666437342, 59.858663326514623, 9.210000038146973 ] ] } },
{ "type": "Feature", "properties": { }, "geometry": { "type": "LineString", "coordinates": [ [ 17.633804666437342, 59.858663326514623, 9.210000038146973 ], [ 17.634017499102296, 59.85865769005715, 9.319999694824219 ], [ 17.63438582223257, 59.858648270413397, 9.5 ] ] } },
{ "type": "Feature", "properties": { }, "geometry": { "type": "LineString", "coordinates": [ [ 17.63438582223257, 59.858648270413397, 9.5 ], [ 17.634523928550831, 59.858644742538999, 9.430000305175781 ] ] } },
{ "type": "Feature", "properties": { }, "geometry": { "type": "LineString", "coordinates": [ [ 17.634523928550831, 59.858644742538999, 9.430000305175781 ], [ 17.634679428032722, 59.858640766445788, 9.210000038146973 ], [ 17.634821555834272, 59.858636115627355, 8.779999732971191 ], [ 17.635086542625249, 59.858583415273067, 8.210000038146973 ], [ 17.635202144039621, 59.858548359326804, 8.229999542236328 ], [ 17.635334502810426, 59.858491308991645, 8.399999618530273 ] ] } },
{ "type": "Feature", "properties": { }, "geometry": { "type": "LineString", "coordinates": [ [ 17.635334502810426, 59.858491308991645, 8.399999618530273 ], [ 17.63533533074953, 59.858490952125713, 8.489999771118164 ], [ 17.635603158863507, 59.858380733545303, 8.680000305175781 ] ] } },
{ "type": "Feature", "properties": { }, "geometry": { "type": "LineString", "coordinates": [ [ 17.631097713859909, 59.858886546058471, 10.100000381469727 ], [ 17.631030327433624, 59.858894409923991, 10.189999580383301 ], [ 17.630969565020052, 59.858888515088204, 10.369999885559082 ], [ 17.630532637888518, 59.858691604466792, 12.279999732971191 ], [ 17.630402431756934, 59.858633046818433, 13.090000152587891 ] ] } },
{ "type": "Feature", "properties": { }, "geometry": { "type": "LineString", "coordinates": [ [ 17.630402431756934, 59.858633046818433, 13.090000152587891 ], [ 17.630276915487599, 59.858576598023575, 13.890000343322754 ] ] } },
{ "type": "Feature", "properties": { }, "geometry": { "type": "LineString", "coordinates": [ [ 17.630276915487599, 59.858576598023575, 13.890000343322754 ], [ 17.63000550667849, 59.858454531073612, 15.800000190734863 ], [ 17.629810924363252, 59.858365847312221, 17.25 ] ] } },
{ "type": "Feature", "properties": { }, "geometry": { "type": "LineString", "coordinates": [ [ 17.629810924363252, 59.858365847312221, 17.25 ], [ 17.629508489124333, 59.858227996354977, 19.049999237060547 ], [ 17.629347747482537, 59.858154489188031, 19.739999771118164 ] ] } },
{ "type": "Feature", "properties": { }, "geometry": { "type": "LineString", "coordinates": [ [ 17.629347747482537, 59.858154489188031, 19.739999771118164 ], [ 17.629024637231488, 59.85800672161789, 20.159999847412109 ], [ 17.628768447867781, 59.857893249210143, 20.329999923706055 ] ] } },
{ "type": "Feature", "properties": { }, "geometry": { "type": "LineString", "coordinates": [ [ 17.628319309975812, 59.857688602391228, 20.729999542236328 ], [ 17.628289183465014, 59.857667540425467, 20.889999389648438 ], [ 17.628280273073056, 59.857648239012875, 20.989999771118164 ], [ 17.628279766870204, 59.85762572904035, 21.040000915527344 ], [ 17.628297296633484, 59.857604257955877, 21.049999237060547 ], [ 17.628401002949563, 59.857544127411892, 21.159999847412109 ] ] } },
{ "type": "Feature", "properties": { }, "geometry": { "type": "LineString", "coordinates": [ [ 17.628401002949563, 59.857544127411892, 21.159999847412109 ], [ 17.628630975543125, 59.857410788578171, 21.430000305175781 ], [ 17.628990988679238, 59.857207391919594, 21.870000839233398 ] ] } },
{ "type": "Feature", "properties": { }, "geometry": { "type": "LineString", "coordinates": [ [ 17.628990988679238, 59.857207391919594, 21.870000839233398 ], [ 17.629365038092558, 59.856996061539391, 22.309999465942383 ], [ 17.629472474496566, 59.856936390925142, 22.569999694824219 ] ] } },
{ "type": "Feature", "properties": { }, "geometry": { "type": "LineString", "coordinates": [ [ 17.629472474496566, 59.856936390925142, 22.569999694824219 ], [ 17.629506609503252, 59.856917428821987, 22.670000076293945 ] ] } },
{ "type": "Feature", "properties": { }, "geometry": { "type": "LineString", "coordinates": [ [ 17.629506609503252, 59.856917428821987, 22.670000076293945 ], [ 17.629927103665612, 59.856683876734991, 23.639999389648438 ], [ 17.629958319167773, 59.856676514837446, 23.739999771118164 ], [ 17.629975742623223, 59.856679228860642, 23.809999465942383 ] ] } },
{ "type": "Feature", "properties": { }, "geometry": { "type": "LineString", "coordinates": [ [ 17.629975742623223, 59.856679228860642, 23.809999465942383 ], [ 17.630000422475849, 59.856904564843106, 24.430000305175781 ] ] } },
{ "type": "Feature", "properties": { }, "geometry": { "type": "LineString", "coordinates": [ [ 17.630031425819425, 59.857187634343326, 23.889999389648438 ], [ 17.630306776360733, 59.857174216240416, 23.799999237060547 ] ] } },
{ "type": "Feature", "properties": { }, "geometry": { "type": "LineString", "coordinates": [ [ 17.631973291721476, 59.858532802953228, 11.189999580383301 ], [ 17.631991309436152, 59.85851671072016, 11.220000267028809 ], [ 17.631988373992076, 59.858500966080115, 11.340000152587891 ], [ 17.631776301311898, 59.858312668438259, 12.529999732971191 ], [ 17.631790353164217, 59.858242093332343, 12.810000419616699 ], [ 17.631819772789136, 59.858115727331004, 13.729999542236328 ] ] } },
{ "type": "Feature", "properties": { }, "geometry": { "type": "LineString", "coordinates": [ [ 17.631819772789136, 59.858115727331004, 13.729999542236328 ], [ 17.631861294464166, 59.857937377888661, 14.939999580383301 ], [ 17.631915082919104, 59.857701786280394, 16.200000762939453 ] ] } },
{ "type": "Feature", "properties": { }, "geometry": { "type": "LineString", "coordinates": [ [ 17.631915082919104, 59.857701786280394, 16.200000762939453 ], [ 17.631918263690732, 59.85768787512982, 16.309999465942383 ], [ 17.631920099312488, 59.857674347771699, 16.319999694824219 ], [ 17.631896811842108, 59.8576650130614, 16.399999618530273 ], [ 17.631574987598022, 59.857643167250103, 17.290000915527344 ] ] } },
{ "type": "Feature", "properties": { }, "geometry": { "type": "LineString", "coordinates": [ [ 17.631574987598022, 59.857643167250103, 17.290000915527344 ], [ 17.631540816114242, 59.857640773993275, 17.479999542236328 ], [ 17.63088857171066, 59.85755564479944, 20.799999237060547 ], [ 17.630837584681164, 59.857552809433017, 21.030000686645508 ] ] } },
{ "type": "Feature", "properties": { }, "geometry": { "type": "LineString", "coordinates": [ [ 17.630837584681164, 59.857552809433017, 21.030000686645508 ], [ 17.630808137298413, 59.857551834802237, 21.110000610351562 ], [ 17.6306600253392, 59.857555037737455, 21.700000762939453 ], [ 17.630596334683535, 59.85756765991669, 21.819999694824219 ], [ 17.630562497348336, 59.857581377126685, 21.889999389648438 ], [ 17.630449181860612, 59.857643957036423, 21.979999542236328 ] ] } },
{ "type": "Feature", "properties": { }, "geometry": { "type": "LineString", "coordinates": [ [ 17.630430356293814, 59.85739977424624, 23.110000610351562 ], [ 17.630503116671917, 59.857371274626381, 22.959999084472656 ], [ 17.63053176999205, 59.857373978290632, 23.010000228881836 ], [ 17.630598345235331, 59.857410785608209, 22.760000228881836 ], [ 17.630698069063651, 59.857444310767455, 22.190000534057617 ], [ 17.630939379792299, 59.85748298605435, 21.590000152587891 ], [ 17.631226675831744, 59.857524347090127, 19.479999542236328 ] ] } },
{ "type": "Feature", "properties": { }, "geometry": { "type": "LineString", "coordinates": [ [ 17.631226675831744, 59.857524347090127, 19.479999542236328 ], [ 17.631573606869971, 59.857574292597903, 17.690000534057617 ] ] } },
{ "type": "Feature", "properties": { }, "geometry": { "type": "LineString", "coordinates": [ [ 17.631573606869971, 59.857574292597903, 17.690000534057617 ], [ 17.631671881694338, 59.857588438026369, 17.239999771118164 ], [ 17.631727161153822, 59.857595420029647, 17.090000152587891 ], [ 17.631821908569229, 59.857602298101497, 16.889999389648438 ], [ 17.631855831147124, 59.857600620514212, 16.829999923706055 ], [ 17.631876635273926, 59.857594094480049, 16.930000305175781 ], [ 17.631884942731137, 59.857590587827474, 16.930000305175781 ] ] } },
{ "type": "Feature", "properties": { }, "geometry": { "type": "LineString", "coordinates": [ [ 17.632099161037441, 59.85742587256847, 17.579999923706055 ], [ 17.63211249147103, 59.857577236681792, 16.770000457763672 ] ] } },
{ "type": "Feature", "properties": { }, "geometry": { "type": "LineString", "coordinates": [ [ 17.63211249147103, 59.857577236681792, 16.770000457763672 ], [ 17.632124137159884, 59.857592114763584, 16.719999313354492 ], [ 17.632153500492585, 59.857612191836417, 16.469999313354492 ], [ 17.632173925059334, 59.857622361785147, 16.409999847412109 ], [ 17.632197450392436, 59.857628051354766, 16.350000381469727 ] ] } },
{ "type": "Feature", "properties": { }, "geometry": { "type": "LineString", "coordinates": [ [ 17.632197450392436, 59.857628051354766, 16.350000381469727 ], [ 17.633070831480936, 59.857635237242221, 14.010000228881836 ] ] } },
{ "type": "Feature", "properties": { }, "geometry": { "type": "LineString", "coordinates": [ [ 17.633198345984418, 59.857632265206156, 13.689999580383301 ], [ 17.634090600593296, 59.857625857373314, 12.119999885559082 ] ] } },
{ "type": "Feature", "properties": { }, "geometry": { "type": "LineString", "coordinates": [ [ 17.634090600593296, 59.857625857373314, 12.119999885559082 ], [ 17.634152142953578, 59.857625415176543, 12.010000228881836 ], [ 17.634360877590183, 59.857621244842292, 11.590000152587891 ] ] } },
{ "type": "Feature", "properties": { }, "geometry": { "type": "LineString", "coordinates": [ [ 17.633294900329453, 59.857114747604868, 13.090000152587891 ], [ 17.633289318146549, 59.857143917741134, 13.170000076293945 ] ] } },
{ "type": "Feature", "properties": { }, "geometry": { "type": "LineString", "coordinates": [ [ 17.633285352797344, 59.857037385151195, 13.340000152587891 ], [ 17.633270460508982, 59.85709237380415, 13.239999771118164 ], [ 17.633274326747348, 59.857105865635262, 13.180000305175781 ], [ 17.633294900329453, 59.857114747604868, 13.090000152587891 ] ] } },
{ "type": "Feature", "properties": { }, "geometry": { "type": "LineString", "coordinates": [ [ 17.637778765796963, 59.855920728172542, 5.489999771118164 ], [ 17.637845162557429, 59.855955215647001, 5.380000114440918 ], [ 17.638047495156716, 59.856052476278045, 5.25 ], [ 17.638244316655669, 59.856150011250875, 5.079999923706055 ], [ 17.638417034581387, 59.856234350968876, 4.940000057220459 ] ] } },
{ "type": "Feature", "properties": { }, "geometry": { "type": "LineString", "coordinates": [ [ 17.638417034581387, 59.856234350968876, 4.940000057220459 ], [ 17.638690086478359, 59.856367683320997, 4.690000057220459 ], [ 17.639060032596699, 59.856545559617395, 4.46999979019165 ] ] } },
{ "type": "Feature", "properties": { }, "geometry": { "type": "LineString", "coordinates": [ [ 17.639060032596699, 59.856545559617395, 4.46999979019165 ], [ 17.63912662940368, 59.856577580163432, 4.449999809265137 ], [ 17.639143451627067, 59.856590769247752, 4.510000228881836 ], [ 17.639178213108476, 59.856623891773701, 4.53000020980835 ] ] } },
{ "type": "Feature", "properties": { }, "geometry": { "type": "LineString", "coordinates": [ [ 17.628184543654765, 59.857764856564792, 20.739999771118164 ], [ 17.62810733746635, 59.857728852762321, 20.840000152587891 ], [ 17.628091471704334, 59.857723223673219, 20.870000839233398 ], [ 17.628071384228331, 59.857729613444782, 20.840000152587891 ], [ 17.62805563352369, 59.857736823138325, 20.799999237060547 ], [ 17.627574326413232, 59.858007922337514, 20.469999313354492 ] ] } },
{ "type": "Feature", "properties": { }, "geometry": { "type": "LineString", "coordinates": [ [ 17.627574326413232, 59.858007922337514, 20.469999313354492 ], [ 17.627307709552266, 59.858158093293795, 20.170000076293945 ], [ 17.626973563000664, 59.858339797106495, 19.729999542236328 ] ] } },
{ "type": "Feature", "properties": { }, "geometry": { "type": "LineString", "coordinates": [ [ 17.626973563000664, 59.858339797106495, 19.729999542236328 ], [ 17.626922638780421, 59.858367488676294, 19.629999160766602 ], [ 17.626895157351459, 59.858383340778161, 19.530000686645508 ], [ 17.626913801026621, 59.858396694881442, 19.489999771118164 ], [ 17.627008268863143, 59.858436837480177, 18.739999771118164 ], [ 17.627463996233086, 59.858647874053347, 15.220000267028809 ] ] } },
{ "type": "Feature", "properties": { }, "geometry": { "type": "LineString", "coordinates": [ [ 17.627463996233086, 59.858647874053347, 15.220000267028809 ], [ 17.627856585830511, 59.858829669573751, 13.5 ], [ 17.628124776727049, 59.858949517892704, 13.020000457763672 ] ] } },
{ "type": "Feature", "properties": { }, "geometry": { "type": "LineString", "coordinates": [ [ 17.628124776727049, 59.858949517892704, 13.020000457763672 ], [ 17.628262514250803, 59.859011069058774, 12.930000305175781 ], [ 17.628304960790796, 59.859015467872155, 13.050000190734863 ], [ 17.628334754048669, 59.859011275470522, 13.060000419616699 ], [ 17.628353251353101, 59.859003489841442, 13.140000343322754 ] ] } },
{ "type": "Feature", "properties": { }, "geometry": { "type": "LineString", "coordinates": [ [ 17.62741458664042, 59.859445057268204, 10.760000228881836 ], [ 17.627439821075249, 59.85944850796843, 10.989999771118164 ], [ 17.627457674750964, 59.859444968092433, 10.880000114440918 ], [ 17.627486543738637, 59.859432849858266, 10.850000381469727 ], [ 17.628061754101893, 59.859146399281144, 12.210000038146973 ] ] } },
{ "type": "Feature", "properties": { }, "geometry": { "type": "LineString", "coordinates": [ [ 17.628061754101893, 59.859146399281144, 12.210000038146973 ], [ 17.628150535689024, 59.859102186038562, 12.430000305175781 ], [ 17.628162011146351, 59.859089394211551, 12.510000228881836 ], [ 17.628162586806631, 59.859073415234811, 12.640000343322754 ], [ 17.628158615525827, 59.859063080330358, 12.75 ], [ 17.628147707711936, 59.859055075258027, 12.770000457763672 ], [ 17.627657385644195, 59.858827224512936, 13.729999542236328 ] ] } },
{ "type": "Feature", "properties": { }, "geometry": { "type": "LineString", "coordinates": [ [ 17.627657385644195, 59.858827224512936, 13.729999542236328 ], [ 17.627001932947469, 59.858522630413276, 18.200000762939453 ] ] } },
{ "type": "Feature", "properties": { }, "geometry": { "type": "LineString", "coordinates": [ [ 17.627001932947469, 59.858522630413276, 18.200000762939453 ], [ 17.626832501539539, 59.858443892834465, 19.459999084472656 ], [ 17.626814473037236, 59.858440184017866, 19.520000457763672 ], [ 17.626793055094371, 59.858440383027798, 19.549999237060547 ], [ 17.626777857230437, 59.858449480207618, 19.530000686645508 ], [ 17.626531090906585, 59.85859033142188, 19.340000152587891 ], [ 17.626381319564299, 59.85867406543462, 19.120000839233398 ] ] } },
{ "type": "Feature", "properties": { }, "geometry": { "type": "LineString", "coordinates": [ [ 17.626381319564299, 59.85867406543462, 19.120000839233398 ], [ 17.626072105482745, 59.858846938679072, 17.790000915527344 ], [ 17.62607209796613, 59.858846945966889, 17.790000915527344 ] ] } },
{ "type": "Feature", "properties": { }, "geometry": { "type": "LineString", "coordinates": [ [ 17.62545665980559, 59.859091147269275, 13.310000419616699 ], [ 17.625806434424717, 59.858900083998442, 16.319999694824219 ], [ 17.626058070004014, 59.858759548643363, 18.319999694824219 ] ] } },
{ "type": "Feature", "properties": { }, "geometry": { "type": "LineString", "coordinates": [ [ 17.626058070004014, 59.858759548643363, 18.319999694824219 ], [ 17.626655259037097, 59.858426019343931, 19.590000152587891 ] ] } },
{ "type": "Feature", "properties": { }, "geometry": { "type": "LineString", "coordinates": [ [ 17.626655259037097, 59.858426019343931, 19.590000152587891 ], [ 17.626685152429477, 59.85840932367833, 19.649999618530273 ], [ 17.626703469983852, 59.858391770087671, 19.709999084472656 ], [ 17.626691716012797, 59.858378364123475, 19.819999694824219 ], [ 17.626115374092834, 59.858114636123162, 19.709999084472656 ] ] } },
{ "type": "Feature", "properties": { }, "geometry": { "type": "LineString", "coordinates": [ [ 17.626115374092834, 59.858114636123162, 19.709999084472656 ], [ 17.626035163899044, 59.858077932245926, 19.590000152587891 ], [ 17.625734453196554, 59.857941294714486, 18.989999771118164 ], [ 17.625470577276776, 59.857823358294674, 18.620000839233398 ] ] } },
{ "type": "Feature", "properties": { }, "geometry": { "type": "LineString", "coordinates": [ [ 17.639147769846542, 59.856566849103004, 4.5 ], [ 17.639166205308019, 59.856563231693293, 4.559999942779541 ], [ 17.639564567857896, 59.85622395050671, 4.420000076293945 ], [ 17.639609243197963, 59.856185124605744, 4.400000095367432 ] ] } },
{ "type": "Feature", "properties": { }, "geometry": { "type": "LineString", "coordinates": [ [ 17.639609243197963, 59.856185124605744, 4.400000095367432 ], [ 17.640056236010945, 59.855796651778284, 4.489999771118164 ] ] } },
{ "type": "Feature", "properties": { }, "geometry": { "type": "LineString", "coordinates": [ [ 17.640056236010945, 59.855796651778284, 4.489999771118164 ], [ 17.640357010566561, 59.855535248529911, 4.420000076293945 ], [ 17.640374241449358, 59.855487564062258, 4.429999828338623 ], [ 17.640403606914941, 59.855455989177031, 4.429999828338623 ], [ 17.640466148576166, 59.855400835791755, 4.380000114440918 ] ] } },
{ "type": "Feature", "properties": { }, "geometry": { "type": "LineString", "coordinates": [ [ 17.640466148576166, 59.855400835791755, 4.380000114440918 ], [ 17.640908252767218, 59.85501095300463, 4.510000228881836 ] ] } },
{ "type": "Feature", "properties": { }, "geometry": { "type": "LineString", "coordinates": [ [ 17.640908252767218, 59.85501095300463, 4.510000228881836 ], [ 17.640965876554269, 59.854960134974021, 4.570000171661377 ], [ 17.640978155760774, 59.854944192255232, 4.670000076293945 ], [ 17.640983602004571, 59.854929721437472, 4.679999828338623 ], [ 17.640982046066103, 59.854915098466833, 4.710000038146973 ], [ 17.640972336551471, 59.854904372244796, 4.730000019073486 ], [ 17.640956516757196, 59.854894232593502, 4.699999809265137 ], [ 17.640878748467433, 59.854870824506996, 4.630000114440918 ] ] } },
{ "type": "Feature", "properties": { }, "geometry": { "type": "LineString", "coordinates": [ [ 17.639622807661738, 59.85631728880049, 4.409999847412109 ], [ 17.639224948606106, 59.856648330019105, 4.590000152587891 ] ] } },
{ "type": "Feature", "properties": { }, "geometry": { "type": "LineString", "coordinates": [ [ 17.637787407352818, 59.85598550301652, 5.46999979019165 ], [ 17.638283499051553, 59.85622792869642, 5.090000152587891 ], [ 17.638427394306174, 59.85629828051843, 5.010000228881836 ] ] } },
{ "type": "Feature", "properties": { }, "geometry": { "type": "LineString", "coordinates": [ [ 17.638427394306174, 59.85629828051843, 5.010000228881836 ], [ 17.638940041396566, 59.856548915051221, 4.550000190734863 ], [ 17.639064702616018, 59.856608622701629, 4.429999828338623 ], [ 17.639068348697645, 59.856610550870187, 4.429999828338623 ] ] } },
{ "type": "Feature", "properties": { }, "geometry": { "type": "LineString", "coordinates": [ [ 17.639068348697645, 59.856610550870187, 4.429999828338623 ], [ 17.639082765818287, 59.856618175117234, 4.460000038146973 ], [ 17.639097701305253, 59.856628689622525, 4.519999980926514 ], [ 17.639091190556684, 59.856638827549112, 4.5 ], [ 17.638883942556177, 59.856829447027749, 4.659999847412109 ], [ 17.638791623844245, 59.856903455236889, 4.630000114440918 ], [ 17.638770173118445, 59.856919260387734, 4.550000190734863 ], [ 17.638652489200666, 59.856988350225436, 4.690000057220459 ] ] } },
{ "type": "Feature", "properties": { }, "geometry": { "type": "LineString", "coordinates": [ [ 17.638652489200666, 59.856988350225436, 4.690000057220459 ], [ 17.638475695730406, 59.857092141350449, 4.710000038146973 ], [ 17.638055436481551, 59.857321847732024, 4.929999828338623 ] ] } },
{ "type": "Feature", "properties": { }, "geometry": { "type": "LineString", "coordinates": [ [ 17.638055436481551, 59.857321847732024, 4.929999828338623 ], [ 17.637989795690412, 59.857357725440551, 4.949999809265137 ], [ 17.637758781968447, 59.857477861140538, 5.070000171661377 ], [ 17.637422549221629, 59.857638062377013, 5.889999866485596 ] ] } },
{ "type": "Feature", "properties": { }, "geometry": { "type": "LineString", "coordinates": [ [ 17.637422549221629, 59.857638062377013, 5.889999866485596 ], [ 17.637325239075768, 59.857684426261422, 6.130000114440918 ] ] } },
{ "type": "Feature", "properties": { }, "geometry": { "type": "LineString", "coordinates": [ [ 17.627375451993426, 59.859466231384566, 10.649999618530273 ], [ 17.62741458664042, 59.859445057268204, 10.760000228881836 ] ] } },
{ "type": "Feature", "properties": { }, "geometry": { "type": "LineString", "coordinates": [ [ 17.62607209796613, 59.858846945966889, 17.790000915527344 ], [ 17.626040546225507, 59.858864342352035, 17.479999542236328 ], [ 17.626003853568676, 59.858884575104149, 17.129999160766602 ] ] } },
{ "type": "Feature", "properties": { }, "geometry": { "type": "LineString", "coordinates": [ [ 17.626730247984572, 59.858428752500814, 19.540000915527344 ], [ 17.626685152429477, 59.85840932367833, 19.649999618530273 ] ] } },
{ "type": "Feature", "properties": { }, "geometry": { "type": "LineString", "coordinates": [ [ 17.626777857230437, 59.858449480207618, 19.530000686645508 ], [ 17.626730247984572, 59.858428752500814, 19.540000915527344 ] ] } },
{ "type": "Feature", "properties": { }, "geometry": { "type": "LineString", "coordinates": [ [ 17.626832501539539, 59.858443892834465, 19.459999084472656 ], [ 17.626871758738297, 59.858421103255154, 19.350000381469727 ] ] } },
{ "type": "Feature", "properties": { }, "geometry": { "type": "LineString", "coordinates": [ [ 17.626871758738297, 59.858421103255154, 19.350000381469727 ], [ 17.626913801026621, 59.858396694881442, 19.489999771118164 ] ] } },
{ "type": "Feature", "properties": { }, "geometry": { "type": "LineString", "coordinates": [ [ 17.640965876554269, 59.854960134974021, 4.570000171661377 ], [ 17.641055077740027, 59.854984370014428, 4.570000171661377 ] ] } },
{ "type": "Feature", "properties": { }, "geometry": { "type": "LineString", "coordinates": [ [ 17.641055077740027, 59.854984370014428, 4.570000171661377 ], [ 17.64114042664486, 59.85500797564265, 4.570000171661377 ] ] } },
{ "type": "Feature", "properties": { }, "geometry": { "type": "LineString", "coordinates": [ [ 17.63909954213705, 59.856591271355178, 4.480000019073486 ], [ 17.639064702616018, 59.856608622701629, 4.429999828338623 ] ] } },
{ "type": "Feature", "properties": { }, "geometry": { "type": "LineString", "coordinates": [ [ 17.639147769846542, 59.856566849103004, 4.5 ], [ 17.63912662940368, 59.856577580163432, 4.449999809265137 ] ] } },
{ "type": "Feature", "properties": { }, "geometry": { "type": "LineString", "coordinates": [ [ 17.63912662940368, 59.856577580163432, 4.449999809265137 ], [ 17.63909954213705, 59.856591271355178, 4.480000019073486 ] ] } },
{ "type": "Feature", "properties": { }, "geometry": { "type": "LineString", "coordinates": [ [ 17.633294900329453, 59.857114747604868, 13.090000152587891 ], [ 17.633488865494339, 59.857131752500429, 12.430000305175781 ] ] } },
{ "type": "Feature", "properties": { }, "geometry": { "type": "LineString", "coordinates": [ [ 17.633285352797344, 59.857037385151195, 13.340000152587891 ], [ 17.633488865494339, 59.857131752500429, 12.430000305175781 ] ] } },
{ "type": "Feature", "properties": { }, "geometry": { "type": "LineString", "coordinates": [ [ 17.633488865494339, 59.857131752500429, 12.430000305175781 ], [ 17.634144987504463, 59.857435966044115, 11.510000228881836 ] ] } },
{ "type": "Feature", "properties": { }, "geometry": { "type": "LineString", "coordinates": [ [ 17.634144987504463, 59.857435966044115, 11.510000228881836 ], [ 17.634527155942703, 59.857613155831309, 11.189999580383301 ] ] } },
{ "type": "Feature", "properties": { }, "geometry": { "type": "LineString", "coordinates": [ [ 17.634042760937792, 59.856375755949486, 9.680000305175781 ], [ 17.633449941891485, 59.856692614293671, 13.159999847412109 ], [ 17.633438749840082, 59.856705149258765, 13.289999961853027 ] ] } },
{ "type": "Feature", "properties": { }, "geometry": { "type": "LineString", "coordinates": [ [ 17.633438749840082, 59.856705149258765, 13.289999961853027 ], [ 17.633393350104747, 59.85675599632004, 13.729999542236328 ], [ 17.633326242069874, 59.856841916117055, 13.930000305175781 ], [ 17.633285352797344, 59.857037385151195, 13.340000152587891 ] ] } },
{ "type": "Feature", "properties": { }, "geometry": { "type": "LineString", "coordinates": [ [ 17.635508777070672, 59.857047553491569, 7.840000152587891 ], [ 17.635454526898005, 59.857022700524304, 7.809999942779541 ] ] } },
{ "type": "Feature", "properties": { }, "geometry": { "type": "LineString", "coordinates": [ [ 17.635454526898005, 59.857022700524304, 7.809999942779541 ], [ 17.635248053529054, 59.856927688770902, 8.100000381469727 ], [ 17.634794377134234, 59.856720705728648, 8.260000228881836 ] ] } },
{ "type": "Feature", "properties": { }, "geometry": { "type": "LineString", "coordinates": [ [ 17.634794377134234, 59.856720705728648, 8.260000228881836 ], [ 17.63416661592969, 59.856434292218474, 9.260000228881836 ] ] } },
{ "type": "Feature", "properties": { }, "geometry": { "type": "LineString", "coordinates": [ [ 17.63416661592969, 59.856434292218474, 9.260000228881836 ], [ 17.634042760937792, 59.856375755949486, 9.680000305175781 ] ] } },
{ "type": "Feature", "properties": { }, "geometry": { "type": "LineString", "coordinates": [ [ 17.634527155942703, 59.857613155831309, 11.189999580383301 ], [ 17.634582272503579, 59.857581966309056, 10.890000343322754 ], [ 17.634683856156339, 59.857532373029009, 10.359999656677246 ], [ 17.635135670153364, 59.857285006842616, 8.470000267028809 ] ] } },
{ "type": "Feature", "properties": { }, "geometry": { "type": "LineString", "coordinates": [ [ 17.635135670153364, 59.857285006842616, 8.470000267028809 ], [ 17.635203491562013, 59.857247874470708, 8.430000305175781 ], [ 17.635504716553942, 59.857074865971235, 7.849999904632568 ], [ 17.635533031753457, 59.857058674098731, 7.789999961853027 ] ] } },
{ "type": "Feature", "properties": { }, "geometry": { "type": "LineString", "coordinates": [ [ 17.635650992237544, 59.857110852964645, 7.71999979019165 ], [ 17.635276157613539, 59.857318748191325, 8.329999923706055 ], [ 17.635049771960684, 59.857442529371959, 9.0 ] ] } },
{ "type": "Feature", "properties": { }, "geometry": { "type": "LineString", "coordinates": [ [ 17.635049771960684, 59.857442529371959, 9.0 ], [ 17.634619397687537, 59.857677842096294, 11.199999809265137 ] ] } },
{ "type": "Feature", "properties": { }, "geometry": { "type": "LineString", "coordinates": [ [ 17.635473327400035, 59.85829618624426, 9.350000381469727 ], [ 17.636228574045361, 59.858057113329316, 7.699999809265137 ] ] } },
{ "type": "Feature", "properties": { }, "geometry": { "type": "LineString", "coordinates": [ [ 17.636228574045361, 59.858057113329316, 7.699999809265137 ], [ 17.636983809779061, 59.857818036147073, 6.619999885559082 ] ] } },
{ "type": "Feature", "properties": { }, "geometry": { "type": "LineString", "coordinates": [ [ 17.636983809779061, 59.857818036147073, 6.619999885559082 ], [ 17.637045407436876, 59.857798536471641, 6.460000038146973 ] ] } },
{ "type": "Feature", "properties": { }, "geometry": { "type": "LineString", "coordinates": [ [ 17.637045407436876, 59.857798536471641, 6.460000038146973 ], [ 17.63707258313141, 59.857784815405694, 6.480000019073486 ], [ 17.637081147189019, 59.857774950522803, 6.489999771118164 ], [ 17.637078298513071, 59.85776523577357, 6.420000076293945 ], [ 17.637062598276593, 59.857752316606515, 6.449999809265137 ], [ 17.637034707757536, 59.857735858562215, 6.489999771118164 ] ] } },
{ "type": "Feature", "properties": { }, "geometry": { "type": "LineString", "coordinates": [ [ 17.637034707757536, 59.857735858562215, 6.489999771118164 ], [ 17.636602472489368, 59.857536960830885, 6.71999979019165 ], [ 17.636374342421853, 59.857433981026972, 6.820000171661377 ] ] } },
{ "type": "Feature", "properties": { }, "geometry": { "type": "LineString", "coordinates": [ [ 17.636374342421853, 59.857433981026972, 6.820000171661377 ], [ 17.6361045259723, 59.857312182299431, 7.070000171661377 ], [ 17.635712068083158, 59.857137503550618, 7.619999885559082 ] ] } },
{ "type": "Feature", "properties": { }, "geometry": { "type": "LineString", "coordinates": [ [ 17.635712068083158, 59.857137503550618, 7.619999885559082 ], [ 17.63569612818678, 59.857130542057625, 7.659999847412109 ], [ 17.635650992237544, 59.857110852964645, 7.71999979019165 ] ] } },
{ "type": "Feature", "properties": { }, "geometry": { "type": "LineString", "coordinates": [ [ 17.631812334249624, 59.85699236221992, 18.600000381469727 ], [ 17.631734345965537, 59.856994713878613, 18.819999694824219 ] ] } },
{ "type": "Feature", "properties": { }, "geometry": { "type": "LineString", "coordinates": [ [ 17.631734345965537, 59.856994713878613, 18.819999694824219 ], [ 17.63099591733117, 59.856953465043091, 22.280000686645508 ], [ 17.630847153134262, 59.856946759159079, 23.219999313354492 ] ] } },
{ "type": "Feature", "properties": { }, "geometry": { "type": "LineString", "coordinates": [ [ 17.630847153134262, 59.856946759159079, 23.219999313354492 ], [ 17.630671085400344, 59.856938822285123, 23.690000534057617 ], [ 17.630618431164155, 59.856933407692878, 23.780000686645508 ], [ 17.630556110820276, 59.85691245431034, 23.959999084472656 ], [ 17.630443306679787, 59.856864393585191, 24.239999771118164 ] ] } },
{ "type": "Feature", "properties": { }, "geometry": { "type": "LineString", "coordinates": [ [ 17.630443306679787, 59.856864393585191, 24.239999771118164 ], [ 17.630489483105013, 59.856838809284426, 24.170000076293945 ] ] } },
{ "type": "Feature", "properties": { }, "geometry": { "type": "LineString", "coordinates": [ [ 17.629976315505694, 59.855262842310786, 23.479999542236328 ], [ 17.629967852328313, 59.855318879830214, 23.420000076293945 ], [ 17.629675530868294, 59.855478877951271, 23.209999084472656 ], [ 17.629441487991375, 59.855608822931252, 23.100000381469727 ] ] } },
{ "type": "Feature", "properties": { }, "geometry": { "type": "LineString", "coordinates": [ [ 17.629441487991375, 59.855608822931252, 23.100000381469727 ], [ 17.62884237536775, 59.855941454995047, 22.729999542236328 ] ] } },
{ "type": "Feature", "properties": { }, "geometry": { "type": "LineString", "coordinates": [ [ 17.62884237536775, 59.855941454995047, 22.729999542236328 ], [ 17.628804087684856, 59.855962712303189, 22.729999542236328 ], [ 17.628800240566381, 59.855982853789989, 22.75 ], [ 17.628833954258472, 59.856000382097577, 22.770000457763672 ] ] } },
{ "type": "Feature", "properties": { }, "geometry": { "type": "LineString", "coordinates": [ [ 17.628833954258472, 59.856000382097577, 22.770000457763672 ], [ 17.629103391651686, 59.856123718276905, 23.200000762939453 ], [ 17.629499101765695, 59.856299565724449, 23.739999771118164 ] ] } },
{ "type": "Feature", "properties": { }, "geometry": { "type": "LineString", "coordinates": [ [ 17.629499101765695, 59.856299565724449, 23.739999771118164 ], [ 17.629531379642142, 59.856313909377292, 23.790000915527344 ], [ 17.629968517191447, 59.856515601082322, 23.979999542236328 ], [ 17.629983280930713, 59.856520802274076, 24.040000915527344 ] ] } },
{ "type": "Feature", "properties": { }, "geometry": { "type": "LineString", "coordinates": [ [ 17.629983280930713, 59.856520802274076, 24.040000915527344 ], [ 17.630005104603828, 59.856516433220953, 24.090000152587891 ], [ 17.630028315462766, 59.856505041296337, 24.049999237060547 ] ] } },
{ "type": "Feature", "properties": { }, "geometry": { "type": "LineString", "coordinates": [ [ 17.630028315462766, 59.856505041296337, 24.049999237060547 ], [ 17.630618979665229, 59.856168603404278, 25.020000457763672 ] ] } },
{ "type": "Feature", "properties": { }, "geometry": { "type": "LineString", "coordinates": [ [ 17.630618979665229, 59.856168603404278, 25.020000457763672 ], [ 17.631091651672573, 59.855899366230631, 24.670000076293945 ], [ 17.631208934324711, 59.855831854642034, 24.5 ] ] } },
{ "type": "Feature", "properties": { }, "geometry": { "type": "LineString", "coordinates": [ [ 17.631208934324711, 59.855831854642034, 24.5 ], [ 17.631427849937246, 59.855705838916897, 24.200000762939453 ] ] } },
{ "type": "Feature", "properties": { }, "geometry": { "type": "LineString", "coordinates": [ [ 17.631427849937246, 59.855705838916897, 24.200000762939453 ], [ 17.631514752244122, 59.85564124502892, 24.049999237060547 ] ] } },
{ "type": "Feature", "properties": { }, "geometry": { "type": "LineString", "coordinates": [ [ 17.628121817432909, 59.856373083214748, 21.260000228881836 ], [ 17.628783113073975, 59.856674441403264, 21.209999084472656 ] ] } },
{ "type": "Feature", "properties": { }, "geometry": { "type": "LineString", "coordinates": [ [ 17.628783113073975, 59.856674441403264, 21.209999084472656 ], [ 17.628973140071885, 59.856761036723938, 21.420000076293945 ] ] } },
{ "type": "Feature", "properties": { }, "geometry": { "type": "LineString", "coordinates": [ [ 17.628973140071885, 59.856761036723938, 21.420000076293945 ], [ 17.62923446754785, 59.856884763107253, 22.030000686645508 ] ] } },
{ "type": "Feature", "properties": { }, "geometry": { "type": "LineString", "coordinates": [ [ 17.62923446754785, 59.856884763107253, 22.030000686645508 ], [ 17.629292696198249, 59.856908011589908, 22.280000686645508 ], [ 17.629332589870998, 59.856905829920663, 22.299999237060547 ], [ 17.629362483356843, 59.856889814884767, 22.479999542236328 ] ] } },
{ "type": "Feature", "properties": { }, "geometry": { "type": "LineString", "coordinates": [ [ 17.629362483356843, 59.856889814884767, 22.479999542236328 ], [ 17.629437545304114, 59.856844866965183, 22.649999618530273 ], [ 17.629862713435074, 59.856598173609569, 23.75 ], [ 17.629867393924595, 59.85658254800574, 23.799999237060547 ] ] } },
{ "type": "Feature", "properties": { }, "geometry": { "type": "LineString", "coordinates": [ [ 17.629867393924595, 59.85658254800574, 23.799999237060547 ], [ 17.629515060258534, 59.856423859370274, 23.809999465942383 ], [ 17.629203584672325, 59.856282593554461, 23.479999542236328 ] ] } },
{ "type": "Feature", "properties": { }, "geometry": { "type": "LineString", "coordinates": [ [ 17.629203584672325, 59.856282593554461, 23.479999542236328 ], [ 17.628730280526451, 59.856067928700021, 22.729999542236328 ] ] } },
{ "type": "Feature", "properties": { }, "geometry": { "type": "LineString", "coordinates": [ [ 17.628730280526451, 59.856067928700021, 22.729999542236328 ], [ 17.628681958876427, 59.856049935492052, 22.709999084472656 ], [ 17.628644252168897, 59.856051623612871, 22.510000228881836 ], [ 17.628325623485999, 59.85622577019209, 21.590000152587891 ], [ 17.628106611816378, 59.856345756026073, 21.409999847412109 ] ] } },
{ "type": "Feature", "properties": { }, "geometry": { "type": "LineString", "coordinates": [ [ 17.628106611816378, 59.856345756026073, 21.409999847412109 ], [ 17.628104826977793, 59.856346733847239, 21.409999847412109 ], [ 17.62810166890322, 59.856362079153683, 21.340000152587891 ], [ 17.628121817432909, 59.856373083214748, 21.260000228881836 ] ] } },
{ "type": "Feature", "properties": { }, "geometry": { "type": "LineString", "coordinates": [ [ 17.627955913629805, 59.857692660450283, 20.920000076293945 ], [ 17.627823867573166, 59.857768638657255, 20.799999237060547 ], [ 17.627361192899862, 59.858027286953551, 20.360000610351562 ] ] } },
{ "type": "Feature", "properties": { }, "geometry": { "type": "LineString", "coordinates": [ [ 17.627361192899862, 59.858027286953551, 20.360000610351562 ], [ 17.62734875864891, 59.858034237976092, 20.360000610351562 ], [ 17.626831035067212, 59.858325904109726, 19.780000686645508 ], [ 17.626796890723526, 59.858339348068185, 19.709999084472656 ], [ 17.626779324088055, 59.858335544375635, 19.809999465942383 ], [ 17.626754079074662, 59.858324137656638, 19.829999923706055 ] ] } },
{ "type": "Feature", "properties": { }, "geometry": { "type": "LineString", "coordinates": [ [ 17.626754079074662, 59.858324137656638, 19.829999923706055 ], [ 17.626352910329111, 59.858142871663183, 19.930000305175781 ], [ 17.626090890333987, 59.858023816000689, 19.540000915527344 ] ] } },
{ "type": "Feature", "properties": { }, "geometry": { "type": "LineString", "coordinates": [ [ 17.626090890333987, 59.858023816000689, 19.540000915527344 ], [ 17.625838526655791, 59.857909146628948, 19.159999847412109 ], [ 17.625551960268755, 59.857775367213151, 18.870000839233398 ] ] } },
{ "type": "Feature", "properties": { }, "geometry": { "type": "LineString", "coordinates": [ [ 17.625551960268755, 59.857775367213151, 18.870000839233398 ], [ 17.62559142741982, 59.857737177389595, 19.049999237060547 ] ] } },
{ "type": "Feature", "properties": { }, "geometry": { "type": "LineString", "coordinates": [ [ 17.62559142741982, 59.857737177389595, 19.049999237060547 ], [ 17.625599922156898, 59.857728956397246, 19.059999465942383 ], [ 17.625629030850085, 59.857709010643767, 19.139999389648438 ], [ 17.62569018181221, 59.857676362662673, 19.329999923706055 ], [ 17.62577527012558, 59.857634122041041, 19.520000457763672 ], [ 17.625978954964751, 59.857538814901403, 20.110000610351562 ], [ 17.626196783794857, 59.857413574408355, 20.879999160766602 ], [ 17.626201401906275, 59.857410927430017, 20.879999160766602 ] ] } },
{ "type": "Feature", "properties": { }, "geometry": { "type": "LineString", "coordinates": [ [ 17.626201401906275, 59.857410927430017, 20.879999160766602 ], [ 17.626676053405003, 59.85713886676308, 22.129999160766602 ] ] } },
{ "type": "Feature", "properties": { }, "geometry": { "type": "LineString", "coordinates": [ [ 17.626676053405003, 59.85713886676308, 22.129999160766602 ], [ 17.626709700150172, 59.857124975923043, 22.209999084472656 ], [ 17.626739414041538, 59.857124925426604, 22.209999084472656 ] ] } },
{ "type": "Feature", "properties": { }, "geometry": { "type": "LineString", "coordinates": [ [ 17.626739414041538, 59.857124925426604, 22.209999084472656 ], [ 17.626787544578153, 59.857144900364112, 22.229999542236328 ], [ 17.627117892656155, 59.857294705799731, 21.930000305175781 ], [ 17.627408561695507, 59.857421821125172, 21.569999694824219 ] ] } },
{ "type": "Feature", "properties": { }, "geometry": { "type": "LineString", "coordinates": [ [ 17.627408561695507, 59.857421821125172, 21.569999694824219 ], [ 17.627654922636278, 59.857529558367787, 21.319999694824219 ], [ 17.627959381088139, 59.857663290138021, 20.969999313354492 ], [ 17.627979162897297, 59.857676507162125, 20.959999084472656 ], [ 17.627968818467384, 59.85768578596587, 20.950000762939453 ], [ 17.627955913629805, 59.857692660450283, 20.920000076293945 ] ] } },
{ "type": "Feature", "properties": { }, "geometry": { "type": "LineString", "coordinates": [ [ 17.629571197907705, 59.858430095382666, 16.899999618530273 ], [ 17.629593118616395, 59.858415667169645, 16.969999313354492 ], [ 17.629591382765646, 59.858402803653497, 17.069999694824219 ], [ 17.629232024791662, 59.858237566169819, 19.110000610351562 ], [ 17.628976161786877, 59.858122101774107, 19.780000686645508 ] ] } },
{ "type": "Feature", "properties": { }, "geometry": { "type": "LineString", "coordinates": [ [ 17.628976161786877, 59.858122101774107, 19.780000686645508 ], [ 17.628311950649373, 59.857822354248469, 20.610000610351562 ] ] } },
{ "type": "Feature", "properties": { }, "geometry": { "type": "LineString", "coordinates": [ [ 17.628311950649373, 59.857822354248469, 20.610000610351562 ], [ 17.628184543654765, 59.857764856564792, 20.739999771118164 ] ] } },
{ "type": "Feature", "properties": { }, "geometry": { "type": "LineString", "coordinates": [ [ 17.628353251353101, 59.859003489841442, 13.140000343322754 ], [ 17.62874745136741, 59.858816385201358, 14.670000076293945 ], [ 17.628815243884759, 59.85876692184263, 15.069999694824219 ], [ 17.628982201430539, 59.858686672734969, 15.850000381469727 ] ] } },
{ "type": "Feature", "properties": { }, "geometry": { "type": "LineString", "coordinates": [ [ 17.628982201430539, 59.858686672734969, 15.850000381469727 ], [ 17.629344010050509, 59.858512765295409, 16.959999084472656 ], [ 17.629422314354173, 59.85850145785836, 16.799999237060547 ], [ 17.629571197907705, 59.858430095382666, 16.899999618530273 ] ] } },
{ "type": "Feature", "properties": { }, "geometry": { "type": "LineString", "coordinates": [ [ 17.629403118018523, 59.859535188526756, 13.560000419616699 ], [ 17.629458374514265, 59.859560188045265, 13.510000228881836 ], [ 17.629493819253103, 59.859562185260557, 13.449999809265137 ], [ 17.630095017727378, 59.859310334681361, 11.909999847412109 ] ] } },
{ "type": "Feature", "properties": { }, "geometry": { "type": "LineString", "coordinates": [ [ 17.630095017727378, 59.859310334681361, 11.909999847412109 ], [ 17.63023280883619, 59.859252611111764, 11.489999771118164 ], [ 17.630785001013738, 59.859025687382271, 10.229999542236328 ] ] } },
{ "type": "Feature", "properties": { }, "geometry": { "type": "LineString", "coordinates": [ [ 17.630785001013738, 59.859025687382271, 10.229999542236328 ], [ 17.630837848175055, 59.859003969525702, 10.119999885559082 ] ] } },
{ "type": "Feature", "properties": { }, "geometry": { "type": "LineString", "coordinates": [ [ 17.630837848175055, 59.859003969525702, 10.119999885559082 ], [ 17.630853786265156, 59.858995649379231, 10.109999656677246 ], [ 17.630853084764919, 59.858982058547411, 10.260000228881836 ], [ 17.630691938893595, 59.85890946039742, 10.760000228881836 ], [ 17.630255072636626, 59.858707258467554, 12.859999656677246 ], [ 17.630231247396306, 59.858696242587065, 13.020000457763672 ] ] } },
{ "type": "Feature", "properties": { }, "geometry": { "type": "LineString", "coordinates": [ [ 17.630231247396306, 59.858696242587065, 13.020000457763672 ], [ 17.62972887589115, 59.858463962476868, 16.329999923706055 ], [ 17.629706789655494, 59.858470863529782, 16.399999618530273 ], [ 17.629681853326424, 59.858483067878787, 16.440000534057617 ] ] } },
{ "type": "Feature", "properties": { }, "geometry": { "type": "LineString", "coordinates": [ [ 17.629681853326424, 59.858483067878787, 16.440000534057617 ], [ 17.629034608916847, 59.858792070202689, 15.550000190734863 ] ] } },
{ "type": "Feature", "properties": { }, "geometry": { "type": "LineString", "coordinates": [ [ 17.629034608916847, 59.858792070202689, 15.550000190734863 ], [ 17.629010687707868, 59.858803490308105, 15.399999618530273 ], [ 17.628473065110274, 59.859056551717806, 13.170000076293945 ] ] } },
{ "type": "Feature", "properties": { }, "geometry": { "type": "LineString", "coordinates": [ [ 17.628473065110274, 59.859056551717806, 13.170000076293945 ], [ 17.628436891422119, 59.859075040291572, 13.039999961853027 ], [ 17.628433826688919, 59.859090133909106, 13.039999961853027 ], [ 17.628460343553428, 59.8591021456985, 13.010000228881836 ] ] } },
{ "type": "Feature", "properties": { }, "geometry": { "type": "LineString", "coordinates": [ [ 17.628460343553428, 59.8591021456985, 13.010000228881836 ], [ 17.629119302360351, 59.859404825925985, 13.609999656677246 ] ] } },
{ "type": "Feature", "properties": { }, "geometry": { "type": "LineString", "coordinates": [ [ 17.629119302360351, 59.859404825925985, 13.609999656677246 ], [ 17.629403118018523, 59.859535188526756, 13.560000419616699 ] ] } },
{ "type": "Feature", "properties": { }, "geometry": { "type": "LineString", "coordinates": [ [ 17.629131603052947, 59.85694464913206, 21.959999084472656 ], [ 17.629135523749866, 59.856951473171662, 21.930000305175781 ], [ 17.629192293175482, 59.856979911551953, 22.219999313354492 ], [ 17.629197272825785, 59.856991232731126, 22.209999084472656 ], [ 17.629013365396172, 59.857090525535291, 22.020000457763672 ], [ 17.628990300766699, 59.857097424607552, 22.020000457763672 ], [ 17.628913171384184, 59.857060027858601, 21.979999542236328 ], [ 17.628893076399297, 59.857059858179625, 21.969999313354492 ], [ 17.628659280731988, 59.857191675453819, 21.75 ] ] } },
{ "type": "Feature", "properties": { }, "geometry": { "type": "LineString", "coordinates": [ [ 17.628659280731988, 59.857191675453819, 21.75 ], [ 17.62819229021115, 59.857454966923761, 21.260000228881836 ] ] } },
{ "type": "Feature", "properties": { }, "geometry": { "type": "LineString", "coordinates": [ [ 17.624155809720691, 59.858533172275401, 15.060000419616699 ], [ 17.624816657815508, 59.858834802979729, 14.270000457763672 ] ] } },
{ "type": "Feature", "properties": { }, "geometry": { "type": "LineString", "coordinates": [ [ 17.624816657815508, 59.858834802979729, 14.270000457763672 ], [ 17.625401317645014, 59.859101651704471, 13.189999580383301 ], [ 17.625421341908616, 59.859106348767114, 13.090000152587891 ], [ 17.625438608583078, 59.859101007848679, 13.199999809265137 ], [ 17.62545665980559, 59.859091147269275, 13.310000419616699 ] ] } },
{ "type": "Feature", "properties": { }, "geometry": { "type": "LineString", "coordinates": [ [ 17.625470577276776, 59.857823358294674, 18.620000839233398 ], [ 17.625232347353261, 59.85795714159746, 17.840000152587891 ] ] } },
{ "type": "Feature", "properties": { }, "geometry": { "type": "LineString", "coordinates": [ [ 17.625232347353261, 59.85795714159746, 17.840000152587891 ], [ 17.62516699195103, 59.857993841873736, 17.690000534057617 ], [ 17.624633945173311, 59.858290115926955, 16.139999389648438 ] ] } },
{ "type": "Feature", "properties": { }, "geometry": { "type": "LineString", "coordinates": [ [ 17.624633945173311, 59.858290115926955, 16.139999389648438 ], [ 17.624630894671952, 59.858291811412492, 16.090000152587891 ], [ 17.624598769158716, 59.85828909717673, 16.040000915527344 ] ] } },
{ "type": "Feature", "properties": { }, "geometry": { "type": "LineString", "coordinates": [ [ 17.624226903532467, 59.85849400262429, 15.170000076293945 ], [ 17.624095573414873, 59.858434735342989, 15.25 ] ] } },
{ "type": "Feature", "properties": { }, "geometry": { "type": "LineString", "coordinates": [ [ 17.631602709997814, 59.855718210480212, 24.020000457763672 ], [ 17.631579596710576, 59.855730721399574, 24.079999923706055 ], [ 17.631340095742512, 59.855871479781143, 24.469999313354492 ], [ 17.631015614865547, 59.856056193224134, 24.899999618530273 ] ] } },
{ "type": "Feature", "properties": { }, "geometry": { "type": "LineString", "coordinates": [ [ 17.631015614865547, 59.856056193224134, 24.899999618530273 ], [ 17.630424749701593, 59.856392540885665, 24.469999313354492 ] ] } },
{ "type": "Feature", "properties": { }, "geometry": { "type": "LineString", "coordinates": [ [ 17.630424749701593, 59.856392540885665, 24.469999313354492 ], [ 17.630393077596782, 59.856410569841707, 24.430000305175781 ], [ 17.630149610302926, 59.856555730750145, 24.100000381469727 ] ] } },
{ "type": "Feature", "properties": { }, "geometry": { "type": "LineString", "coordinates": [ [ 17.630149610302926, 59.856555730750145, 24.100000381469727 ], [ 17.630092240781703, 59.856590796462285, 24.079999923706055 ], [ 17.630080944062559, 59.856601836123765, 24.059999465942383 ], [ 17.630079631617114, 59.856617694228575, 24.059999465942383 ] ] } },
{ "type": "Feature", "properties": { }, "geometry": { "type": "LineString", "coordinates": [ [ 17.630079631617114, 59.856617694228575, 24.059999465942383 ], [ 17.630098008809171, 59.856630846212845, 24.040000915527344 ], [ 17.630425052938833, 59.856766861960807, 24.389999389648438 ], [ 17.630663757442981, 59.856867254169607, 23.940000534057617 ], [ 17.630693899079173, 59.856876923198378, 23.840000152587891 ], [ 17.630743403656826, 59.856885177358116, 23.510000228881836 ], [ 17.630779621666036, 59.856888894888982, 23.430000305175781 ] ] } },
{ "type": "Feature", "properties": { }, "geometry": { "type": "LineString", "coordinates": [ [ 17.630779621666036, 59.856888894888982, 23.430000305175781 ], [ 17.630796546462356, 59.856890632099805, 23.389999389648438 ], [ 17.631063757324988, 59.856902950198467, 22.040000915527344 ], [ 17.631668984993155, 59.856924360041901, 18.950000762939453 ] ] } },
{ "type": "Feature", "properties": { }, "geometry": { "type": "LineString", "coordinates": [ [ 17.631668984993155, 59.856924360041901, 18.950000762939453 ], [ 17.631698049595929, 59.85692538812733, 18.909999847412109 ], [ 17.631822780546297, 59.856930124886617, 18.670000076293945 ] ] } },
{ "type": "Feature", "properties": { }, "geometry": { "type": "LineString", "coordinates": [ [ 17.636310647107816, 59.855262088953864, 8.199999809265137 ], [ 17.635950657352783, 59.855441444367472, 8.600000381469727 ], [ 17.635675711220227, 59.855577452847143, 8.649999618530273 ] ] } },
{ "type": "Feature", "properties": { }, "geometry": { "type": "LineString", "coordinates": [ [ 17.635675711220227, 59.855577452847143, 8.649999618530273 ], [ 17.635039493288389, 59.855892166386425, 8.939999580383301 ] ] } },
{ "type": "Feature", "properties": { }, "geometry": { "type": "LineString", "coordinates": [ [ 17.635039493288389, 59.855892166386425, 8.939999580383301 ], [ 17.6344032633321, 59.856206876918471, 9.399999618530273 ] ] } },
{ "type": "Feature", "properties": { }, "geometry": { "type": "LineString", "coordinates": [ [ 17.6344032633321, 59.856206876918471, 9.399999618530273 ], [ 17.634214197973332, 59.856300396189184, 9.520000457763672 ], [ 17.634201075755346, 59.856308489108393, 9.460000038146973 ], [ 17.634198831480884, 59.856327884924532, 9.430000305175781 ] ] } },
{ "type": "Feature", "properties": { }, "geometry": { "type": "LineString", "coordinates": [ [ 17.634198831480884, 59.856327884924532, 9.430000305175781 ], [ 17.634287711159548, 59.856369247698808, 9.289999961853027 ] ] } },
{ "type": "Feature", "properties": { }, "geometry": { "type": "LineString", "coordinates": [ [ 17.634287711159548, 59.856369247698808, 9.289999961853027 ], [ 17.634324577932087, 59.856386397467766, 9.210000038146973 ], [ 17.634809995856457, 59.856609413182809, 8.380000114440918 ], [ 17.634946721966323, 59.856671867556386, 8.300000190734863 ] ] } },
{ "type": "Feature", "properties": { }, "geometry": { "type": "LineString", "coordinates": [ [ 17.634946721966323, 59.856671867556386, 8.300000190734863 ], [ 17.635412692197022, 59.856884712701671, 8.069999694824219 ], [ 17.635573634480462, 59.856957694618849, 7.949999809265137 ] ] } },
{ "type": "Feature", "properties": { }, "geometry": { "type": "LineString", "coordinates": [ [ 17.635573634480462, 59.856957694618849, 7.949999809265137 ], [ 17.635657126800943, 59.856995552594803, 7.800000190734863 ] ] } },
{ "type": "Feature", "properties": { }, "geometry": { "type": "LineString", "coordinates": [ [ 17.634267293216507, 59.854466372599852, 36.970001220703125 ], [ 17.634348677374671, 59.854535366296275, 36.900001525878906 ] ] } },
{ "type": "Feature", "properties": { }, "geometry": { "type": "LineString", "coordinates": [ [ 17.634348677374671, 59.854535366296275, 36.900001525878906 ], [ 17.634028633645432, 59.854641352795809, 35.159999847412109 ], [ 17.633649764026515, 59.854753183798387, 32.110000610351562 ], [ 17.633593301190796, 59.854770266848945, 31.850000381469727 ] ] } },
{ "type": "Feature", "properties": { }, "geometry": { "type": "LineString", "coordinates": [ [ 17.633593301190796, 59.854770266848945, 31.850000381469727 ], [ 17.633341098760482, 59.854846578009081, 30.319999694824219 ], [ 17.633163839503162, 59.854906349778332, 29.0 ], [ 17.633132590419816, 59.854917760340662, 28.770000457763672 ], [ 17.633040743106648, 59.854954330899439, 28.139999389648438 ], [ 17.632873421497401, 59.855032842806246, 26.829999923706055 ] ] } },
{ "type": "Feature", "properties": { }, "geometry": { "type": "LineString", "coordinates": [ [ 17.632873421497401, 59.855032842806246, 26.829999923706055 ], [ 17.632654309940829, 59.855135655107553, 24.899999618530273 ], [ 17.632539118085646, 59.855194712709221, 24.020000457763672 ] ] } },
{ "type": "Feature", "properties": { }, "geometry": { "type": "LineString", "coordinates": [ [ 17.632539118085646, 59.855194712709221, 24.020000457763672 ], [ 17.632511257438015, 59.855214606567586, 23.799999237060547 ], [ 17.632461876266145, 59.855254667182265, 23.319999694824219 ] ] } },
{ "type": "Feature", "properties": { }, "geometry": { "type": "LineString", "coordinates": [ [ 17.632461876266145, 59.855254667182265, 23.319999694824219 ], [ 17.632281804039913, 59.855374402493617, 22.510000228881836 ], [ 17.632278720507102, 59.85538923250818, 22.469999313354492 ], [ 17.632282345252975, 59.855403771328525, 22.280000686645508 ], [ 17.632308292487835, 59.85544053373345, 21.829999923706055 ], [ 17.632340480877112, 59.855472731530149, 21.290000915527344 ], [ 17.632380511497594, 59.855500661036913, 20.840000152587891 ], [ 17.632432406644707, 59.855525669382814, 20.389999389648438 ], [ 17.632614653237482, 59.855608445036268, 18.709999084472656 ] ] } },
{ "type": "Feature", "properties": { }, "geometry": { "type": "LineString", "coordinates": [ [ 17.632614653237482, 59.855608445036268, 18.709999084472656 ], [ 17.632719566319793, 59.855656095823157, 17.920000076293945 ] ] } },
{ "type": "Feature", "properties": { }, "geometry": { "type": "LineString", "coordinates": [ [ 17.632719566319793, 59.855656095823157, 17.920000076293945 ], [ 17.633381860922725, 59.855956889874129, 13.579999923706055 ] ] } },
{ "type": "Feature", "properties": { }, "geometry": { "type": "LineString", "coordinates": [ [ 17.633381860922725, 59.855956889874129, 13.579999923706055 ], [ 17.633913140566758, 59.856198174521445, 10.590000152587891 ] ] } },
{ "type": "Feature", "properties": { }, "geometry": { "type": "LineString", "coordinates": [ [ 17.633913140566758, 59.856198174521445, 10.590000152587891 ], [ 17.633957312337561, 59.856205292188029, 10.380000114440918 ], [ 17.634016601247392, 59.856206932324319, 10.220000267028809 ], [ 17.634040543969746, 59.856203176873969, 10.039999961853027 ], [ 17.63421740217731, 59.856147166576015, 9.729999542236328 ] ] } },
{ "type": "Feature", "properties": { }, "geometry": { "type": "LineString", "coordinates": [ [ 17.638683055102863, 59.854132073623319, 5.320000171661377 ], [ 17.638711179829418, 59.854157234880674, 5.269999980926514 ], [ 17.638872295295268, 59.854210522811321, 5.260000228881836 ], [ 17.639452808637436, 59.854348507534567, 4.829999923706055 ] ] } },
{ "type": "Feature", "properties": { }, "geometry": { "type": "LineString", "coordinates": [ [ 17.639452808637436, 59.854348507534567, 4.829999923706055 ], [ 17.639648078559105, 59.854394921248144, 4.71999979019165 ], [ 17.640050677504732, 59.854491609771749, 4.630000114440918 ] ] } },
{ "type": "Feature", "properties": { }, "geometry": { "type": "LineString", "coordinates": [ [ 17.640050677504732, 59.854491609771749, 4.630000114440918 ], [ 17.640852212379979, 59.854688812333606, 4.599999904632568 ] ] } },
{ "type": "Feature", "properties": { }, "geometry": { "type": "LineString", "coordinates": [ [ 17.640852212379979, 59.854688812333606, 4.599999904632568 ], [ 17.641033949021121, 59.854733524202096, 4.590000152587891 ] ] } },
{ "type": "Feature", "properties": { }, "geometry": { "type": "LineString", "coordinates": [ [ 17.641033949021121, 59.854733524202096, 4.590000152587891 ], [ 17.641082617813176, 59.85475440397768, 4.630000114440918 ] ] } },
{ "type": "Feature", "properties": { }, "geometry": { "type": "LineString", "coordinates": [ [ 17.640878748467433, 59.854870824506996, 4.630000114440918 ], [ 17.640431427866535, 59.854752615351167, 4.519999980926514 ], [ 17.640203086068254, 59.854695674129943, 4.369999885559082 ], [ 17.640134599496864, 59.854675341464727, 4.380000114440918 ], [ 17.6400834151192, 59.854681437146915, 4.309999942779541 ] ] } },
{ "type": "Feature", "properties": { }, "geometry": { "type": "LineString", "coordinates": [ [ 17.6400834151192, 59.854681437146915, 4.309999942779541 ], [ 17.640083281443431, 59.854681453066661, 4.309999942779541 ] ] } },
{ "type": "Feature", "properties": { }, "geometry": { "type": "LineString", "coordinates": [ [ 17.641269272236251, 59.854566399544389, 3.930000066757202 ], [ 17.641265274899627, 59.854529969192058, 3.920000076293945 ], [ 17.641250982140338, 59.854497664176122, 3.910000085830688 ], [ 17.641206999438179, 59.854470580350132, 3.900000095367432 ], [ 17.64111417140418, 59.854438545058194, 3.990000009536743 ], [ 17.640604842634289, 59.854307757809366, 4.400000095367432 ] ] } },
{ "type": "Feature", "properties": { }, "geometry": { "type": "LineString", "coordinates": [ [ 17.640604842634289, 59.854307757809366, 4.400000095367432 ], [ 17.639810141190164, 59.854103685526404, 4.579999923706055 ] ] } },
{ "type": "Feature", "properties": { }, "geometry": { "type": "LineString", "coordinates": [ [ 17.639810141190164, 59.854103685526404, 4.579999923706055 ], [ 17.639015449387792, 59.853899608374327, 5.059999942779541 ] ] } },
{ "type": "Feature", "properties": { }, "geometry": { "type": "LineString", "coordinates": [ [ 17.639015449387792, 59.853899608374327, 5.059999942779541 ], [ 17.638931474921495, 59.853878043270896, 5.349999904632568 ] ] } },
{ "type": "Feature", "properties": { }, "geometry": { "type": "LineString", "coordinates": [ [ 17.637787600934384, 59.857582346781015, 5.010000228881836 ], [ 17.637457561308086, 59.857747779320931, 6.119999885559082 ] ] } },
{ "type": "Feature", "properties": { }, "geometry": { "type": "LineString", "coordinates": [ [ 17.63820659105096, 59.854121767368206, 5.53000020980835 ], [ 17.638084789603983, 59.854220906368326, 5.369999885559082 ], [ 17.638084902404728, 59.854236222110856, 5.300000190734863 ], [ 17.638085481759976, 59.854236488877739, 5.300000190734863 ] ] } },
{ "type": "Feature", "properties": { }, "geometry": { "type": "LineString", "coordinates": [ [ 17.635779231709421, 59.857050924663852, 7.679999828338623 ], [ 17.636380451873428, 59.856719247930592, 6.380000114440918 ] ] } },
{ "type": "Feature", "properties": { }, "geometry": { "type": "LineString", "coordinates": [ [ 17.636380451873428, 59.856719247930592, 6.380000114440918 ], [ 17.63698166007924, 59.856387568517398, 5.849999904632568 ] ] } },
{ "type": "Feature", "properties": { }, "geometry": { "type": "LineString", "coordinates": [ [ 17.63698166007924, 59.856387568517398, 5.849999904632568 ], [ 17.637582856327164, 59.8560558864244, 5.630000114440918 ] ] } },
{ "type": "Feature", "properties": { }, "geometry": { "type": "LineString", "coordinates": [ [ 17.637582856327164, 59.8560558864244, 5.630000114440918 ], [ 17.637732122576338, 59.855973534270021, 5.590000152587891 ] ] } },
{ "type": "Feature", "properties": { }, "geometry": { "type": "LineString", "coordinates": [ [ 17.637732122576338, 59.855973534270021, 5.590000152587891 ], [ 17.63775371214777, 59.855971231466462, 5.550000190734863 ], [ 17.637768485626044, 59.855977666464675, 5.519999980926514 ], [ 17.637787407352818, 59.85598550301652, 5.46999979019165 ] ] } },
{ "type": "Feature", "properties": { }, "geometry": { "type": "LineString", "coordinates": [ [ 17.637325239075768, 59.857684426261422, 6.130000114440918 ], [ 17.637274337944365, 59.857707616541475, 6.25 ], [ 17.637252787415726, 59.85771165298457, 6.349999904632568 ], [ 17.637225086532432, 59.857708931690063, 6.400000095367432 ], [ 17.637184423570865, 59.857697012339514, 6.46999979019165 ], [ 17.637141954166513, 59.857680161172119, 6.550000190734863 ] ] } },
{ "type": "Feature", "properties": { }, "geometry": { "type": "LineString", "coordinates": [ [ 17.637141954166513, 59.857680161172119, 6.550000190734863 ], [ 17.636543994515389, 59.857406501718266, 6.849999904632568 ], [ 17.636482590583835, 59.857377727806657, 6.869999885559082 ] ] } },
{ "type": "Feature", "properties": { }, "geometry": { "type": "LineString", "coordinates": [ [ 17.636482590583835, 59.857377727806657, 6.869999885559082 ], [ 17.636257269479053, 59.857272141551562, 6.989999771118164 ], [ 17.635827413714814, 59.857074342951719, 7.619999885559082 ] ] } },
{ "type": "Feature", "properties": { }, "geometry": { "type": "LineString", "coordinates": [ [ 17.635827413714814, 59.857074342951719, 7.619999885559082 ], [ 17.635792432158791, 59.857057826797842, 7.670000076293945 ], [ 17.635779231709421, 59.857050924663852, 7.679999828338623 ] ] } },
{ "type": "Feature", "properties": { }, "geometry": { "type": "LineString", "coordinates": [ [ 17.633313288778663, 59.858702908628032, 9.109999656677246 ], [ 17.633255570004859, 59.858731208811101, 9.029999732971191 ], [ 17.633426575020966, 59.85882876065277, 8.289999961853027 ] ] } },
{ "type": "Feature", "properties": { }, "geometry": { "type": "LineString", "coordinates": [ [ 17.630975880003756, 59.861809191920123, 6.940000057220459 ], [ 17.630916842576191, 59.861812291965713, 6.760000228881836 ], [ 17.630862086378887, 59.861815706143574, 6.46999979019165 ], [ 17.630821887039797, 59.861822798048578, 6.25 ], [ 17.630787807125927, 59.861838311715701, 6.28000020980835 ], [ 17.630731739400318, 59.861870089533234, 6.230000019073486 ] ] } },
{ "type": "Feature", "properties": { }, "geometry": { "type": "LineString", "coordinates": [ [ 17.638420384967496, 59.854302361362201, 5.199999809265137 ], [ 17.638367724212593, 59.854289169691313, 5.269999980926514 ], [ 17.638309010657558, 59.854281374264062, 5.289999961853027 ], [ 17.638261980467032, 59.854284622551184, 5.28000020980835 ], [ 17.638214005591916, 59.854293614379579, 5.239999771118164 ] ] } },
{ "type": "Feature", "properties": { }, "geometry": { "type": "LineString", "coordinates": [ [ 17.638214005591916, 59.854293614379579, 5.239999771118164 ], [ 17.637589215314325, 59.854614056677079, 5.699999809265137 ] ] } },
{ "type": "Feature", "properties": { }, "geometry": { "type": "LineString", "coordinates": [ [ 17.637589215314325, 59.854614056677079, 5.699999809265137 ], [ 17.637313630522826, 59.854755395663268, 6.059999942779541 ], [ 17.636961241025841, 59.854932916883897, 6.679999828338623 ] ] } },
{ "type": "Feature", "properties": { }, "geometry": { "type": "LineString", "coordinates": [ [ 17.636961241025841, 59.854932916883897, 6.679999828338623 ], [ 17.636551724887639, 59.855139212926858, 7.849999904632568 ], [ 17.636418763584828, 59.855206224723027, 8.140000343322754 ], [ 17.636400098708275, 59.855217976448557, 8.180000305175781 ] ] } },
{ "type": "Feature", "properties": { }, "geometry": { "type": "LineString", "coordinates": [ [ 17.636400098708275, 59.855217976448557, 8.180000305175781 ], [ 17.636414390224267, 59.855228040174495, 8.109999656677246 ], [ 17.636834123555598, 59.855435076038887, 6.690000057220459 ], [ 17.637033893152942, 59.855533660719857, 6.269999980926514 ] ] } },
{ "type": "Feature", "properties": { }, "geometry": { "type": "LineString", "coordinates": [ [ 17.637033893152942, 59.855533660719857, 6.269999980926514 ], [ 17.637658029443269, 59.855841661160788, 5.599999904632568 ], [ 17.637671430410805, 59.855847683464262, 5.599999904632568 ] ] } },
{ "type": "Feature", "properties": { }, "geometry": { "type": "LineString", "coordinates": [ [ 17.637671430410805, 59.855847683464262, 5.599999904632568 ], [ 17.637688440298433, 59.855855327586703, 5.559999942779541 ], [ 17.637708330119853, 59.855856592128205, 5.559999942779541 ], [ 17.637729054450041, 59.855847247254346, 5.46999979019165 ] ] } },
{ "type": "Feature", "properties": { }, "geometry": { "type": "LineString", "coordinates": [ [ 17.637729054450041, 59.855847247254346, 5.46999979019165 ], [ 17.638331553587268, 59.855516168474153, 5.340000152587891 ] ] } },
{ "type": "Feature", "properties": { }, "geometry": { "type": "LineString", "coordinates": [ [ 17.638331553587268, 59.855516168474153, 5.340000152587891 ], [ 17.638934040762408, 59.855185087002404, 4.900000095367432 ] ] } },
{ "type": "Feature", "properties": { }, "geometry": { "type": "LineString", "coordinates": [ [ 17.638934040762408, 59.855185087002404, 4.900000095367432 ], [ 17.639536515975763, 59.854854002839254, 4.489999771118164 ] ] } },
{ "type": "Feature", "properties": { }, "geometry": { "type": "LineString", "coordinates": [ [ 17.639536515975763, 59.854854002839254, 4.489999771118164 ], [ 17.639855498356901, 59.854678705545034, 4.409999847412109 ], [ 17.639871012275457, 59.854662127020738, 4.480000019073486 ] ] } },
{ "type": "Feature", "properties": { }, "geometry": { "type": "LineString", "coordinates": [ [ 17.639871012275457, 59.854662127020738, 4.480000019073486 ], [ 17.63986186819341, 59.854634643780123, 4.460000038146973 ] ] } },
{ "type": "Feature", "properties": { }, "geometry": { "type": "LineString", "coordinates": [ [ 17.63986186819341, 59.854634643780123, 4.460000038146973 ], [ 17.639849883633129, 59.854627667701216, 4.460000038146973 ], [ 17.63905363201064, 59.854446470036891, 4.670000076293945 ] ] } },
{ "type": "Feature", "properties": { }, "geometry": { "type": "LineString", "coordinates": [ [ 17.63905363201064, 59.854446470036891, 4.670000076293945 ], [ 17.638420384967496, 59.854302361362201, 5.199999809265137 ] ] } },
{ "type": "Feature", "properties": { }, "geometry": { "type": "LineString", "coordinates": [ [ 17.632799403571159, 59.859855318620731, 7.889999866485596 ], [ 17.632778262034744, 59.859872023056852, 7.920000076293945 ] ] } },
{ "type": "Feature", "properties": { }, "geometry": { "type": "LineString", "coordinates": [ [ 17.632778262034744, 59.859872023056852, 7.920000076293945 ], [ 17.632671821852821, 59.859956109451225, 7.559999942779541 ] ] } },
{ "type": "Feature", "properties": { }, "geometry": { "type": "LineString", "coordinates": [ [ 17.632671821852821, 59.859956109451225, 7.559999942779541 ], [ 17.632611877551323, 59.860082286045703, 7.070000171661377 ], [ 17.632598394133343, 59.860105996613861, 6.989999771118164 ], [ 17.632543080660575, 59.860155240932535, 6.989999771118164 ], [ 17.632296566170726, 59.860358280253436, 6.840000152587891 ] ] } },
{ "type": "Feature", "properties": { }, "geometry": { "type": "LineString", "coordinates": [ [ 17.632296566170726, 59.860358280253436, 6.840000152587891 ], [ 17.632169495729482, 59.860462939481977, 6.730000019073486 ], [ 17.631884159335144, 59.860646428757363, 6.75 ], [ 17.631830585222819, 59.860685352243294, 7.070000171661377 ] ] } },
{ "type": "Feature", "properties": { }, "geometry": { "type": "LineString", "coordinates": [ [ 17.632671821852821, 59.859956109451225, 7.559999942779541 ], [ 17.632611706323452, 59.859969274908316, 7.5 ], [ 17.632338837818679, 59.860093192733132, 6.909999847412109 ], [ 17.632245086833251, 59.860131870576069, 6.980000019073486 ] ] } },
{ "type": "Feature", "properties": { }, "geometry": { "type": "LineString", "coordinates": [ [ 17.625113582664952, 59.857899923121664, 18.159999847412109 ], [ 17.625232347353261, 59.85795714159746, 17.840000152587891 ] ] } },
{ "type": "Feature", "properties": { }, "geometry": { "type": "LineString", "coordinates": [ [ 17.625403849861179, 59.85758329282428, 19.010000228881836 ], [ 17.625356146006798, 59.857542145019252, 19.040000915527344 ] ] } },
{ "type": "Feature", "properties": { }, "geometry": { "type": "LineString", "coordinates": [ [ 17.635833260514119, 59.858518370480752, 8.229999542236328 ], [ 17.636106149654406, 59.858394216215217, 7.699999809265137 ], [ 17.636466243568506, 59.858244916566939, 6.800000190734863 ], [ 17.636510965359694, 59.858226541714529, 6.75 ] ] } },
{ "type": "Feature", "properties": { }, "geometry": { "type": "LineString", "coordinates": [ [ 17.636510965359694, 59.858226541714529, 6.75 ], [ 17.63661811870011, 59.858182515454118, 6.659999847412109 ], [ 17.636676934127415, 59.858057130267831, 6.639999866485596 ] ] } },
{ "type": "Feature", "properties": { }, "geometry": { "type": "LineString", "coordinates": [ [ 17.637163854607664, 59.857876108174153, 6.420000076293945 ], [ 17.636946129767523, 59.85795569678789, 6.449999809265137 ], [ 17.636806926305518, 59.858013797253619, 6.570000171661377 ], [ 17.636676934127415, 59.858057130267831, 6.639999866485596 ] ] } },
{ "type": "Feature", "properties": { }, "geometry": { "type": "LineString", "coordinates": [ [ 17.636535097806451, 59.858096396224298, 6.789999961853027 ], [ 17.636447101756044, 59.858120764603655, 7.110000133514404 ], [ 17.636337567793394, 59.8581585339141, 7.360000133514404 ], [ 17.636204159782288, 59.858202784273139, 7.630000114440918 ], [ 17.63610005155364, 59.858246240706087, 7.800000190734863 ], [ 17.635997558967627, 59.858298458618854, 8.140000343322754 ], [ 17.635851482877367, 59.858370357647367, 8.5 ], [ 17.635840497347207, 59.858374522200286, 8.479999542236328 ] ] } },
{ "type": "Feature", "properties": { }, "geometry": { "type": "LineString", "coordinates": [ [ 17.635840497347207, 59.858374522200286, 8.479999542236328 ], [ 17.635803037839707, 59.858388722874949, 8.340000152587891 ] ] } },
{ "type": "Feature", "properties": { }, "geometry": { "type": "LineString", "coordinates": [ [ 17.632461876266145, 59.855254667182265, 23.319999694824219 ], [ 17.632533312534871, 59.855380842916723, 21.739999771118164 ], [ 17.632611072569166, 59.855473707960691, 20.170000076293945 ], [ 17.632720161538003, 59.855574990051508, 18.680000305175781 ], [ 17.632802864400972, 59.855611545032524, 18.059999465942383 ] ] } },
{ "type": "Feature", "properties": { }, "geometry": { "type": "LineString", "coordinates": [ [ 17.632802864400972, 59.855611545032524, 18.059999465942383 ], [ 17.632921142174716, 59.855633676391939, 17.690000534057617 ], [ 17.633476759426372, 59.855607970769867, 17.190000534057617 ], [ 17.633549127098568, 59.855571925312432, 17.489999771118164 ] ] } },
{ "type": "Feature", "properties": { }, "geometry": { "type": "LineString", "coordinates": [ [ 17.633571494408027, 59.856562213679851, 12.260000228881836 ], [ 17.633924544694736, 59.856369177849658, 10.220000267028809 ], [ 17.633938882384129, 59.85634924024211, 10.029999732971191 ], [ 17.633934943444633, 59.856333194506739, 10.090000152587891 ], [ 17.633923318639802, 59.856319301192976, 10.189999580383301 ] ] } },
{ "type": "Feature", "properties": { }, "geometry": { "type": "LineString", "coordinates": [ [ 17.633923318639802, 59.856319301192976, 10.189999580383301 ], [ 17.633749637574457, 59.856239327256873, 11.029999732971191 ], [ 17.633557663164581, 59.856155143721473, 11.979999542236328 ], [ 17.633516684737966, 59.8561506530245, 12.239999771118164 ], [ 17.633244671878803, 59.856031857345862, 13.609999656677246 ] ] } },
{ "type": "Feature", "properties": { }, "geometry": { "type": "LineString", "coordinates": [ [ 17.633244671878803, 59.856031857345862, 13.609999656677246 ], [ 17.633162770640734, 59.855996088489213, 14.050000190734863 ], [ 17.632820400610992, 59.855841056574711, 16.069999694824219 ] ] } },
{ "type": "Feature", "properties": { }, "geometry": { "type": "LineString", "coordinates": [ [ 17.632820400610992, 59.855841056574711, 16.069999694824219 ], [ 17.632765565848782, 59.855816228517284, 16.469999313354492 ], [ 17.632428968577688, 59.855660587642497, 19.159999847412109 ], [ 17.63216009946462, 59.855543121292122, 21.850000381469727 ] ] } },
{ "type": "Feature", "properties": { }, "geometry": { "type": "LineString", "coordinates": [ [ 17.633226794741166, 59.85713587501175, 13.340000152587891 ], [ 17.633165911295745, 59.857146322337755, 13.539999961853027 ] ] } },
{ "type": "Feature", "properties": { }, "geometry": { "type": "LineString", "coordinates": [ [ 17.633070831480936, 59.857635237242221, 14.010000228881836 ], [ 17.633074379210967, 59.857533565183125, 14.0 ], [ 17.633109069542847, 59.857381754407257, 13.850000381469727 ], [ 17.63313685201507, 59.85727182433947, 13.670000076293945 ], [ 17.633156065467688, 59.857188844865028, 13.630000114440918 ] ] } },
{ "type": "Feature", "properties": { }, "geometry": { "type": "LineString", "coordinates": [ [ 17.633156065467688, 59.857188844865028, 13.630000114440918 ], [ 17.633165911295745, 59.857146322337755, 13.539999961853027 ] ] } },
{ "type": "Feature", "properties": { }, "geometry": { "type": "LineString", "coordinates": [ [ 17.632066941913532, 59.855775167702596, 20.909999847412109 ], [ 17.6321547354983, 59.85578400469511, 20.190000534057617 ], [ 17.6322894075733, 59.855800333988562, 19.430000305175781 ], [ 17.632480609446041, 59.855823427066618, 17.889999389648438 ], [ 17.632639442543248, 59.8558420351441, 16.930000305175781 ], [ 17.632820400610992, 59.855841056574711, 16.069999694824219 ] ] } },
{ "type": "Feature", "properties": { }, "geometry": { "type": "LineString", "coordinates": [ [ 17.632031295220337, 59.855979518087622, 19.579999923706055 ], [ 17.631971931910247, 59.855951846579586, 19.969999313354492 ], [ 17.631914464145584, 59.855849874288516, 20.920000076293945 ] ] } },
{ "type": "Feature", "properties": { }, "geometry": { "type": "LineString", "coordinates": [ [ 17.63193197648501, 59.85580918061838, 21.930000305175781 ], [ 17.631865110913662, 59.855805535405459, 22.069999694824219 ] ] } },
{ "type": "Feature", "properties": { }, "geometry": { "type": "LineString", "coordinates": [ [ 17.631865110913662, 59.855805535405459, 22.069999694824219 ], [ 17.63180129532525, 59.855803014066929, 22.299999237060547 ] ] } },
{ "type": "Feature", "properties": { }, "geometry": { "type": "LineString", "coordinates": [ [ 17.63175397835014, 59.855782803403578, 23.379999160766602 ], [ 17.631602709997814, 59.855718210480212, 24.020000457763672 ] ] } },
{ "type": "Feature", "properties": { }, "geometry": { "type": "LineString", "coordinates": [ [ 17.631892343641344, 59.855830002110622, 21.819999694824219 ], [ 17.631865110913662, 59.855805535405459, 22.069999694824219 ] ] } },
{ "type": "Feature", "properties": { }, "geometry": { "type": "LineString", "coordinates": [ [ 17.631865110913662, 59.855805535405459, 22.069999694824219 ], [ 17.631854179274942, 59.855764361231536, 22.120000839233398 ], [ 17.631846373002574, 59.855739905797762, 22.219999313354492 ], [ 17.631836101844815, 59.855725928142412, 22.360000610351562 ] ] } },
{ "type": "Feature", "properties": { }, "geometry": { "type": "LineString", "coordinates": [ [ 17.631825152059864, 59.855703976730595, 23.360000610351562 ], [ 17.631823794096178, 59.855696723212027, 23.360000610351562 ], [ 17.631837114247304, 59.855673008820958, 23.329999923706055 ] ] } },
{ "type": "Feature", "properties": { }, "geometry": { "type": "LineString", "coordinates": [ [ 17.63205979208777, 59.855816146687232, 20.770000457763672 ], [ 17.631981834918868, 59.855811895337105, 20.899999618530273 ] ] } },
{ "type": "Feature", "properties": { }, "geometry": { "type": "LineString", "coordinates": [ [ 17.635110610993216, 59.852882102844013, 36.389999389648438 ], [ 17.635930871280827, 59.853058702987148, 36.270000457763672 ] ] } },
{ "type": "Feature", "properties": { }, "geometry": { "type": "LineString", "coordinates": [ [ 17.635930871280827, 59.853058702987148, 36.270000457763672 ], [ 17.636274533393504, 59.853132690557857, 35.990001678466797 ], [ 17.636355834586858, 59.853189585908581, 35.709999084472656 ], [ 17.636406030003283, 59.853282458469927, 35.610000610351562 ], [ 17.636394830491021, 59.853370015368078, 35.650001525878906 ], [ 17.636394756866224, 59.853376762008459, 35.630001068115234 ] ] } },
{ "type": "Feature", "properties": { }, "geometry": { "type": "LineString", "coordinates": [ [ 17.636394756866224, 59.853376762008459, 35.630001068115234 ], [ 17.636393790445883, 59.853465320409512, 35.5 ], [ 17.636357049378823, 59.853547650032638, 36.189998626708984 ], [ 17.636263560130768, 59.85366846197028, 37.619998931884766 ], [ 17.636139239023201, 59.853799499021484, 39.009998321533203 ], [ 17.636138137399158, 59.853800419144505, 39.009998321533203 ] ] } },
{ "type": "Feature", "properties": { }, "geometry": { "type": "LineString", "coordinates": [ [ 17.636138137399158, 59.853800419144505, 39.009998321533203 ], [ 17.63578266045895, 59.854097325423012, 39.700000762939453 ], [ 17.635676286626911, 59.854182541115584, 39.700000762939453 ], [ 17.635674176296227, 59.854183775431117, 39.700000762939453 ] ] } },
{ "type": "Feature", "properties": { }, "geometry": { "type": "LineString", "coordinates": [ [ 17.635674176296227, 59.854183775431117, 39.700000762939453 ], [ 17.63551677586705, 59.854275837332445, 39.439998626708984 ], [ 17.635331113155978, 59.854410400254814, 38.270000457763672 ], [ 17.635204879140268, 59.854487276369071, 37.709999084472656 ], [ 17.635176500936527, 59.85449896543421, 37.689998626708984 ], [ 17.635134499433555, 59.854512811660946, 37.639999389648438 ], [ 17.635098459353387, 59.854518872390265, 37.689998626708984 ], [ 17.635096325397214, 59.854519019874289, 37.689998626708984 ] ] } },
{ "type": "Feature", "properties": { }, "geometry": { "type": "LineString", "coordinates": [ [ 17.635096325397214, 59.854519019874289, 37.689998626708984 ], [ 17.634825400061178, 59.854537744036605, 37.549999237060547 ], [ 17.634422934049745, 59.854541860205792, 36.950000762939453 ], [ 17.634348677374671, 59.854535366296275, 36.900001525878906 ] ] } },
{ "type": "Feature", "properties": { }, "geometry": { "type": "LineString", "coordinates": [ [ 17.623893055476433, 59.858337036192616, 15.550000190734863 ], [ 17.623815623456782, 59.858301819587766, 15.670000076293945 ] ] } },
{ "type": "Feature", "properties": { }, "geometry": { "type": "LineString", "coordinates": [ [ 17.62477541258222, 59.857753387943269, 18.649999618530273 ], [ 17.624684288784284, 59.857770501524868, 18.409999847412109 ], [ 17.62461501237042, 59.85778845709185, 18.180000305175781 ], [ 17.624547088492935, 59.85781679983571, 17.780000686645508 ], [ 17.624458763951804, 59.857840895402056, 17.329999923706055 ], [ 17.624302415347739, 59.857871122402571, 16.780000686645508 ], [ 17.624107534816048, 59.857907006457836, 16.270000457763672 ] ] } },
{ "type": "Feature", "properties": { }, "geometry": { "type": "LineString", "coordinates": [ [ 17.626520982495148, 59.857046013625485, 22.040000915527344 ], [ 17.626402390662737, 59.856973225117592, 22.030000686645508 ] ] } },
{ "type": "Feature", "properties": { }, "geometry": { "type": "LineString", "coordinates": [ [ 17.628087791587134, 59.857410321591018, 21.100000381469727 ], [ 17.62819229021115, 59.857454966923761, 21.260000228881836 ] ] } },
{ "type": "Feature", "properties": { }, "geometry": { "type": "LineString", "coordinates": [ [ 17.62819229021115, 59.857454966923761, 21.260000228881836 ], [ 17.628308511518558, 59.857504617317787, 21.090000152587891 ] ] } },
{ "type": "Feature", "properties": { }, "geometry": { "type": "LineString", "coordinates": [ [ 17.631089923511592, 59.855478178343049, 24.930000305175781 ], [ 17.631087703403121, 59.855516132172021, 24.870000839233398 ], [ 17.631102962962618, 59.855533450635683, 24.870000839233398 ], [ 17.631121343201659, 59.855548179893773, 24.850000381469727 ], [ 17.631265054363034, 59.855639720149867, 24.549999237060547 ], [ 17.63129900654959, 59.85565820668949, 24.520000457763672 ], [ 17.631346237796585, 59.855675699680049, 24.440000534057617 ], [ 17.631427849937246, 59.855705838916897, 24.200000762939453 ] ] } },
{ "type": "Feature", "properties": { }, "geometry": { "type": "LineString", "coordinates": [ [ 17.629506609503252, 59.856917428821987, 22.670000076293945 ], [ 17.630000422475849, 59.856904564843106, 24.430000305175781 ] ] } },
{ "type": "Feature", "properties": { }, "geometry": { "type": "LineString", "coordinates": [ [ 17.630000422475849, 59.856904564843106, 24.430000305175781 ], [ 17.630385999814091, 59.856894518736333, 24.450000762939453 ], [ 17.630443306679787, 59.856864393585191, 24.239999771118164 ] ] } },
{ "type": "Feature", "properties": { }, "geometry": { "type": "LineString", "coordinates": [ [ 17.628793759218517, 59.855663033790577, 23.260000228881836 ], [ 17.628800054433864, 59.8556101518028, 23.100000381469727 ], [ 17.628814722651601, 59.85554752351387, 22.770000457763672 ], [ 17.628832189928463, 59.855504675555515, 22.75 ], [ 17.62887744862272, 59.855438259904744, 22.559999465942383 ], [ 17.628908050272493, 59.855386848212554, 22.579999923706055 ], [ 17.628930041374268, 59.855340533651429, 22.549999237060547 ], [ 17.628948155581472, 59.855294917519963, 22.510000228881836 ], [ 17.628950591955032, 59.855278551542888, 22.510000228881836 ] ] } },
{ "type": "Feature", "properties": { }, "geometry": { "type": "LineString", "coordinates": [ [ 17.630247688545516, 59.854574483094986, 23.459999084472656 ], [ 17.630541259538639, 59.854708707319915, 24.420000076293945 ] ] } },
{ "type": "Feature", "properties": { }, "geometry": { "type": "LineString", "coordinates": [ [ 17.629936442131356, 59.855032877592301, 23.659999847412109 ], [ 17.629908903648094, 59.855012913499529, 23.430000305175781 ], [ 17.62984700644963, 59.85495228601674, 23.020000457763672 ], [ 17.629791987358146, 59.854909808401473, 22.909999847412109 ], [ 17.629741701803074, 59.854878813875921, 22.719999313354492 ], [ 17.629714014526115, 59.854864168281495, 22.659999847412109 ] ] } },
{ "type": "Feature", "properties": { }, "geometry": { "type": "LineString", "coordinates": [ [ 17.630837584681164, 59.857552809433017, 21.030000686645508 ], [ 17.630916420045295, 59.857616367123711, 20.229999542236328 ], [ 17.631003701423143, 59.857712783054779, 19.110000610351562 ], [ 17.631072512291858, 59.85785754917044, 18.0 ] ] } },
{ "type": "Feature", "properties": { }, "geometry": { "type": "LineString", "coordinates": [ [ 17.631072512291858, 59.85785754917044, 18.0 ], [ 17.631083000909218, 59.857901209105393, 17.739999771118164 ], [ 17.631065145208694, 59.857955300205518, 17.520000457763672 ], [ 17.631030115910171, 59.858017429245891, 17.319999694824219 ], [ 17.630982807537311, 59.85807499276153, 17.110000610351562 ], [ 17.630940139388137, 59.858114276117313, 16.959999084472656 ], [ 17.630840210736462, 59.858186446222057, 16.790000915527344 ] ] } },
{ "type": "Feature", "properties": { }, "geometry": { "type": "LineString", "coordinates": [ [ 17.630840210736462, 59.858186446222057, 16.790000915527344 ], [ 17.630779708333215, 59.858221517713304, 16.829999923706055 ], [ 17.630695291208461, 59.858250685846016, 16.950000762939453 ], [ 17.630612089787817, 59.858272199202737, 16.930000305175781 ], [ 17.630529134872873, 59.858290381314028, 16.989999771118164 ], [ 17.630419658610876, 59.858308072652385, 17.059999465942383 ], [ 17.630235794044623, 59.858326408106237, 17.139999389648438 ] ] } },
{ "type": "Feature", "properties": { }, "geometry": { "type": "LineString", "coordinates": [ [ 17.630235794044623, 59.858326408106237, 17.139999389648438 ], [ 17.630126293879524, 59.858326076460571, 17.340000152587891 ], [ 17.629921526713527, 59.858321324013446, 17.629999160766602 ], [ 17.629888640325682, 59.858326399444898, 17.620000839233398 ], [ 17.629810924363252, 59.858365847312221, 17.25 ] ] } },
{ "type": "Feature", "properties": { }, "geometry": { "type": "LineString", "coordinates": [ [ 17.630276915487599, 59.858576598023575, 13.890000343322754 ], [ 17.630250985412033, 59.858501639947839, 14.779999732971191 ], [ 17.630235596453939, 59.858365806162091, 16.719999313354492 ], [ 17.630235794044623, 59.858326408106237, 17.139999389648438 ] ] } },
{ "type": "Feature", "properties": { }, "geometry": { "type": "LineString", "coordinates": [ [ 17.630235794044623, 59.858326408106237, 17.139999389648438 ], [ 17.630238455843262, 59.858298745493407, 17.260000228881836 ], [ 17.630256805787994, 59.858247000160929, 17.590000152587891 ], [ 17.630276879943956, 59.858198953495588, 17.909999847412109 ], [ 17.630347451116776, 59.85809507860759, 18.649999618530273 ] ] } },
{ "type": "Feature", "properties": { }, "geometry": { "type": "LineString", "coordinates": [ [ 17.630276915487599, 59.858576598023575, 13.890000343322754 ], [ 17.63040648839598, 59.858572595443022, 13.569999694824219 ], [ 17.63111948410878, 59.858590537224309, 12.420000076293945 ] ] } },
{ "type": "Feature", "properties": { }, "geometry": { "type": "LineString", "coordinates": [ [ 17.63111948410878, 59.858590537224309, 12.420000076293945 ], [ 17.631332099863879, 59.858595880413304, 11.890000343322754 ], [ 17.631675823958076, 59.858597502799682, 11.119999885559082 ], [ 17.631737248825974, 59.858628166885559, 10.909999847412109 ] ] } },
{ "type": "Feature", "properties": { }, "geometry": { "type": "LineString", "coordinates": [ [ 17.631158631148203, 59.858861937454606, 10.180000305175781 ], [ 17.631155331726916, 59.858782287240039, 10.699999809265137 ], [ 17.631138739840967, 59.858672138342762, 11.75 ], [ 17.63111948410878, 59.858590537224309, 12.420000076293945 ] ] } },
{ "type": "Feature", "properties": { }, "geometry": { "type": "LineString", "coordinates": [ [ 17.63111948410878, 59.858590537224309, 12.420000076293945 ], [ 17.631103914526093, 59.85851124648282, 13.149999618530273 ], [ 17.631081976296763, 59.858447408132562, 13.729999542236328 ], [ 17.631043093820967, 59.858370239375681, 14.560000419616699 ], [ 17.630983316788399, 59.858278998298893, 15.590000152587891 ], [ 17.630957732204095, 59.858238131226997, 15.949999809265137 ], [ 17.630840210736462, 59.858186446222057, 16.790000915527344 ] ] } },
{ "type": "Feature", "properties": { }, "geometry": { "type": "LineString", "coordinates": [ [ 17.630840210736462, 59.858186446222057, 16.790000915527344 ], [ 17.630599566886549, 59.858078326931583, 18.340000152587891 ] ] } },
{ "type": "Feature", "properties": { }, "geometry": { "type": "LineString", "coordinates": [ [ 17.630347451116776, 59.85809507860759, 18.649999618530273 ], [ 17.630403707001868, 59.858107245196152, 18.510000228881836 ], [ 17.630470335904079, 59.858108247775746, 18.430000305175781 ], [ 17.630537101575474, 59.858101353062267, 18.360000610351562 ], [ 17.630599566886549, 59.858078326931583, 18.340000152587891 ] ] } },
{ "type": "Feature", "properties": { }, "geometry": { "type": "LineString", "coordinates": [ [ 17.630599566886549, 59.858078326931583, 18.340000152587891 ], [ 17.630633676164731, 59.858052476978443, 18.399999618530273 ], [ 17.630648405924578, 59.858024972888707, 18.440000534057617 ], [ 17.63064648850311, 59.857998650914602, 18.590000152587891 ], [ 17.630634352856202, 59.857966808555958, 18.760000228881836 ], [ 17.630606677049514, 59.857950059381821, 18.870000839233398 ] ] } },
{ "type": "Feature", "properties": { }, "geometry": { "type": "LineString", "coordinates": [ [ 17.630606677049514, 59.857950059381821, 18.870000839233398 ], [ 17.630563282705516, 59.857933238892542, 19.040000915527344 ], [ 17.630493346841899, 59.857919354287922, 19.309999465942383 ], [ 17.630421809992971, 59.857915316264098, 19.510000228881836 ], [ 17.630360250883843, 59.857923998423821, 19.600000381469727 ], [ 17.630320167906735, 59.857940188746262, 19.610000610351562 ] ] } },
{ "type": "Feature", "properties": { }, "geometry": { "type": "LineString", "coordinates": [ [ 17.630320167906735, 59.857940188746262, 19.610000610351562 ], [ 17.630284453394847, 59.857961902156276, 19.579999923706055 ], [ 17.630261865832235, 59.857992261351725, 19.420000076293945 ], [ 17.630258257616291, 59.858021463252882, 19.239999771118164 ], [ 17.630281563935004, 59.858057572163126, 18.969999313354492 ], [ 17.63031155911877, 59.858077872561303, 18.819999694824219 ], [ 17.630347451116776, 59.85809507860759, 18.649999618530273 ] ] } },
{ "type": "Feature", "properties": { }, "geometry": { "type": "LineString", "coordinates": [ [ 17.629347747482537, 59.858154489188031, 19.739999771118164 ], [ 17.629610449415239, 59.858010394722633, 21.719999313354492 ] ] } },
{ "type": "Feature", "properties": { }, "geometry": { "type": "LineString", "coordinates": [ [ 17.629610449415239, 59.858010394722633, 21.719999313354492 ], [ 17.629984443275927, 59.857805252567239, 22.979999542236328 ] ] } },
{ "type": "Feature", "properties": { }, "geometry": { "type": "LineString", "coordinates": [ [ 17.629984443275927, 59.857805252567239, 22.979999542236328 ], [ 17.63035866552514, 59.857601625093011, 22.559999465942383 ] ] } },
{ "type": "Feature", "properties": { }, "geometry": { "type": "LineString", "coordinates": [ [ 17.63035866552514, 59.857601625093011, 22.559999465942383 ], [ 17.630587258134319, 59.857477232705335, 22.379999160766602 ] ] } },
{ "type": "Feature", "properties": { }, "geometry": { "type": "LineString", "coordinates": [ [ 17.629610449415239, 59.858010394722633, 21.719999313354492 ], [ 17.629748500704935, 59.858073826486347, 21.299999237060547 ], [ 17.629805164043582, 59.858077733767928, 21.270000457763672 ], [ 17.629850671000167, 59.85806833759424, 21.229999542236328 ], [ 17.629918947642377, 59.858039285497391, 20.850000381469727 ], [ 17.630197295683779, 59.857890801455198, 20.049999237060547 ] ] } },
{ "type": "Feature", "properties": { }, "geometry": { "type": "LineString", "coordinates": [ [ 17.630197295683779, 59.857890801455198, 20.049999237060547 ], [ 17.630306414841009, 59.857831110835363, 20.059999465942383 ], [ 17.630388613379296, 59.857780316589171, 20.530000686645508 ], [ 17.630462693718055, 59.857731640312423, 21.200000762939453 ], [ 17.630495904332427, 59.857684787210637, 21.559999465942383 ], [ 17.63048429951958, 59.857660379069955, 21.780000686645508 ], [ 17.630449181860612, 59.857643957036423, 21.979999542236328 ] ] } },
{ "type": "Feature", "properties": { }, "geometry": { "type": "LineString", "coordinates": [ [ 17.630449181860612, 59.857643957036423, 21.979999542236328 ], [ 17.63035866552514, 59.857601625093011, 22.559999465942383 ] ] } },
{ "type": "Feature", "properties": { }, "geometry": { "type": "LineString", "coordinates": [ [ 17.630134122284996, 59.857865417984968, 20.520000457763672 ], [ 17.630197295683779, 59.857890801455198, 20.049999237060547 ] ] } },
{ "type": "Feature", "properties": { }, "geometry": { "type": "LineString", "coordinates": [ [ 17.630197295683779, 59.857890801455198, 20.049999237060547 ], [ 17.630320167906735, 59.857940188746262, 19.610000610351562 ] ] } },
{ "type": "Feature", "properties": { }, "geometry": { "type": "LineString", "coordinates": [ [ 17.629984443275927, 59.857805252567239, 22.979999542236328 ], [ 17.630056650236988, 59.857834274384722, 22.600000381469727 ] ] } },
{ "type": "Feature", "properties": { }, "geometry": { "type": "LineString", "coordinates": [ [ 17.631573606869971, 59.857574292597903, 17.690000534057617 ], [ 17.631646246559164, 59.857467377655666, 18.959999084472656 ], [ 17.631708575491004, 59.857132976832041, 19.190000534057617 ] ] } },
{ "type": "Feature", "properties": { }, "geometry": { "type": "LineString", "coordinates": [ [ 17.631708575491004, 59.857132976832041, 19.190000534057617 ], [ 17.631734345965537, 59.856994713878613, 18.819999694824219 ] ] } },
{ "type": "Feature", "properties": { }, "geometry": { "type": "LineString", "coordinates": [ [ 17.632941420788967, 59.85899529311142, 7.96999979019165 ], [ 17.632903563281353, 59.858999105387745, 7.980000019073486 ], [ 17.632868393064175, 59.858997403397382, 8.029999732971191 ], [ 17.632852975596382, 59.85900257983694, 8.050000190734863 ] ] } },
{ "type": "Feature", "properties": { }, "geometry": { "type": "LineString", "coordinates": [ [ 17.634672914098083, 59.858589318225548, 9.869999885559082 ], [ 17.634523928550831, 59.858644742538999, 9.430000305175781 ] ] } },
{ "type": "Feature", "properties": { }, "geometry": { "type": "LineString", "coordinates": [ [ 17.632294954053453, 59.857686688082083, 15.989999771118164 ], [ 17.632307525187734, 59.858135496794517, 15.310000419616699 ] ] } },
{ "type": "Feature", "properties": { }, "geometry": { "type": "LineString", "coordinates": [ [ 17.632307525187734, 59.858135496794517, 15.310000419616699 ], [ 17.632307561963096, 59.858136809704952, 15.310000419616699 ] ] } },
{ "type": "Feature", "properties": { }, "geometry": { "type": "LineString", "coordinates": [ [ 17.632307561963096, 59.858136809704952, 15.310000419616699 ], [ 17.632328041618784, 59.858246759416055, 15.430000305175781 ], [ 17.632362172377356, 59.858293258455447, 15.539999961853027 ], [ 17.632417389480182, 59.858329221359377, 15.630000114440918 ], [ 17.632497747205356, 59.858354245811547, 15.680000305175781 ], [ 17.632588194373309, 59.858370667100353, 15.659999847412109 ], [ 17.632642066602838, 59.858373544031416, 15.689999580383301 ] ] } },
{ "type": "Feature", "properties": { }, "geometry": { "type": "LineString", "coordinates": [ [ 17.631948652549664, 59.858140474933542, 13.680000305175781 ], [ 17.632307561963096, 59.858136809704952, 15.310000419616699 ] ] } },
{ "type": "Feature", "properties": { }, "geometry": { "type": "LineString", "coordinates": [ [ 17.633639532564118, 59.858422706637647, 15.25 ], [ 17.633637488252617, 59.858621431440788, 11.25 ] ] } },
{ "type": "Feature", "properties": { }, "geometry": { "type": "LineString", "coordinates": [ [ 17.633523252413042, 59.858619448571616, 9.609999656677246 ], [ 17.63348026050803, 59.858618695549204, 9.430000305175781 ], [ 17.633442913835829, 59.858637351769509, 9.300000190734863 ] ] } },
{ "type": "Feature", "properties": { }, "geometry": { "type": "LineString", "coordinates": [ [ 17.633684673845433, 59.858621600848203, 11.130000114440918 ], [ 17.633637488252617, 59.858621431440788, 11.25 ] ] } },
{ "type": "Feature", "properties": { }, "geometry": { "type": "LineString", "coordinates": [ [ 17.633637488252617, 59.858621431440788, 11.25 ], [ 17.633523252413042, 59.858619448571616, 9.609999656677246 ] ] } },
{ "type": "Feature", "properties": { }, "geometry": { "type": "LineString", "coordinates": [ [ 17.633804666437342, 59.858663326514623, 9.210000038146973 ], [ 17.633803892249922, 59.858622027744055, 9.380000114440918 ], [ 17.633684673845433, 59.858621600848203, 11.130000114440918 ] ] } },
{ "type": "Feature", "properties": { }, "geometry": { "type": "LineString", "coordinates": [ [ 17.633614430648482, 59.857761623944292, 14.529999732971191 ], [ 17.633613360334412, 59.85784436667781, 15.479999542236328 ] ] } },
{ "type": "Feature", "properties": { }, "geometry": { "type": "LineString", "coordinates": [ [ 17.632802864400972, 59.855611545032524, 18.059999465942383 ], [ 17.632719566319793, 59.855656095823157, 17.920000076293945 ] ] } },
{ "type": "Feature", "properties": { }, "geometry": { "type": "LineString", "coordinates": [ [ 17.633998444174694, 59.85603453662047, 11.609999656677246 ], [ 17.633959045693405, 59.856055239851486, 11.600000381469727 ], [ 17.633941282903312, 59.856071048908802, 11.479999542236328 ], [ 17.633932122853039, 59.856085864949641, 11.340000152587891 ], [ 17.633913140566758, 59.856198174521445, 10.590000152587891 ] ] } },
{ "type": "Feature", "properties": { }, "geometry": { "type": "LineString", "coordinates": [ [ 17.633528901726379, 59.854846389373385, 29.75 ], [ 17.633453206443253, 59.854925564488028, 27.799999237060547 ], [ 17.633435914559573, 59.854942106405602, 27.420000076293945 ], [ 17.63342527747788, 59.854959421686829, 27.020000457763672 ], [ 17.633420101556506, 59.854981445795318, 26.450000762939453 ], [ 17.633418084942058, 59.855001372385289, 26.079999923706055 ], [ 17.633439387545096, 59.855166324599608, 23.010000228881836 ], [ 17.633460008547907, 59.855242330568323, 21.690000534057617 ], [ 17.633481758234005, 59.855280851254044, 21.209999084472656 ] ] } },
{ "type": "Feature", "properties": { }, "geometry": { "type": "LineString", "coordinates": [ [ 17.633481758234005, 59.855280851254044, 21.209999084472656 ], [ 17.633536297751263, 59.855377445314929, 19.709999084472656 ], [ 17.633603422347516, 59.855512679158736, 18.120000839233398 ], [ 17.633631705800436, 59.855592471916907, 17.25 ] ] } },
{ "type": "Feature", "properties": { }, "geometry": { "type": "LineString", "coordinates": [ [ 17.634498436299822, 59.85416223178489, 40.400001525878906 ], [ 17.634566941550808, 59.854182552675752, 40.439998626708984 ] ] } },
{ "type": "Feature", "properties": { }, "geometry": { "type": "LineString", "coordinates": [ [ 17.634307151993394, 59.854105466676444, 42.979999542236328 ], [ 17.634239974639598, 59.854147554479042, 43.349998474121094 ] ] } },
{ "type": "Feature", "properties": { }, "geometry": { "type": "LineString", "coordinates": [ [ 17.634233216336618, 59.854194878544099, 45.409999847412109 ], [ 17.63422604535225, 59.854245066036533, 45.619998931884766 ], [ 17.634048934108911, 59.854241280053955, 45.630001068115234 ], [ 17.63405463733546, 59.854191250431732, 45.599998474121094 ], [ 17.634005053718099, 59.854122519533639, 45.299999237060547 ], [ 17.63404307626416, 59.854059587296113, 44.470001220703125 ], [ 17.634073840462321, 59.854063133013064, 44.310001373291016 ] ] } },
{ "type": "Feature", "properties": { }, "geometry": { "type": "LineString", "coordinates": [ [ 17.634151168287143, 59.854072056732278, 43.360000610351562 ], [ 17.634293432996397, 59.854055062016833, 42.860000610351562 ] ] } },
{ "type": "Feature", "properties": { }, "geometry": { "type": "LineString", "coordinates": [ [ 17.634766583451313, 59.8533283653368, 41.819999694824219 ], [ 17.634753258592646, 59.853345641758111, 41.860000610351562 ], [ 17.63469305269043, 59.853374891897197, 41.810001373291016 ], [ 17.63453749312708, 59.853399583791244, 41.700000762939453 ], [ 17.634465368998669, 59.853386880127111, 41.669998168945312 ], [ 17.634395957482919, 59.853489178306589, 41.590000152587891 ], [ 17.63435028050651, 59.853553919874706, 41.619998931884766 ] ] } },
{ "type": "Feature", "properties": { }, "geometry": { "type": "LineString", "coordinates": [ [ 17.63435028050651, 59.853553919874706, 41.619998931884766 ], [ 17.634319689498557, 59.853607795347983, 41.650001525878906 ], [ 17.634298942680854, 59.853644571179011, 41.720001220703125 ], [ 17.634288771240282, 59.853692927186415, 41.770000457763672 ], [ 17.634282077577062, 59.853890310503054, 41.990001678466797 ], [ 17.63427284376392, 59.853964843913751, 42.459999084472656 ], [ 17.63428052498805, 59.853998501638848, 42.729999542236328 ] ] } },
{ "type": "Feature", "properties": { }, "geometry": { "type": "LineString", "coordinates": [ [ 17.63428052498805, 59.853998501638848, 42.729999542236328 ], [ 17.634293432996397, 59.854055062016833, 42.860000610351562 ] ] } },
{ "type": "Feature", "properties": { }, "geometry": { "type": "LineString", "coordinates": [ [ 17.634293432996397, 59.854055062016833, 42.860000610351562 ], [ 17.634299330631482, 59.854080940287375, 42.919998168945312 ], [ 17.634307151993394, 59.854105466676444, 42.979999542236328 ] ] } },
{ "type": "Feature", "properties": { }, "geometry": { "type": "LineString", "coordinates": [ [ 17.634307151993394, 59.854105466676444, 42.979999542236328 ], [ 17.634330481342825, 59.854112387484193, 42.900001525878906 ] ] } },
{ "type": "Feature", "properties": { }, "geometry": { "type": "LineString", "coordinates": [ [ 17.635110610993216, 59.852882102844013, 36.389999389648438 ], [ 17.634934544735742, 59.853110493917505, 37.990001678466797 ] ] } },
{ "type": "Feature", "properties": { }, "geometry": { "type": "LineString", "coordinates": [ [ 17.628680191059939, 59.860608185291689, 9.170000076293945 ], [ 17.628653613330602, 59.860622684909174, 9.079999923706055 ], [ 17.628626563010616, 59.860637450922596, 9.029999732971191 ], [ 17.628546796578291, 59.86068073625021, 9.029999732971191 ], [ 17.628507349318518, 59.860702059690787, 8.989999771118164 ], [ 17.628462958173458, 59.860726051482288, 9.060000419616699 ] ] } },
{ "type": "Feature", "properties": { }, "geometry": { "type": "LineString", "coordinates": [ [ 17.638420384967496, 59.854302361362201, 5.199999809265137 ], [ 17.638452794710947, 59.854282346447903, 5.119999885559082 ] ] } },
{ "type": "Feature", "properties": { }, "geometry": { "type": "LineString", "coordinates": [ [ 17.638452794710947, 59.854282346447903, 5.119999885559082 ], [ 17.638537798562357, 59.854229848845947, 5.309999942779541 ] ] } },
{ "type": "Feature", "properties": { }, "geometry": { "type": "LineString", "coordinates": [ [ 17.638537798562357, 59.854229848845947, 5.309999942779541 ], [ 17.638683055102863, 59.854132073623319, 5.320000171661377 ] ] } },
{ "type": "Feature", "properties": { }, "geometry": { "type": "LineString", "coordinates": [ [ 17.63986186819341, 59.854634643780123, 4.460000038146973 ], [ 17.639904878669206, 59.854597313382342, 4.480000019073486 ] ] } },
{ "type": "Feature", "properties": { }, "geometry": { "type": "LineString", "coordinates": [ [ 17.639904878669206, 59.854597313382342, 4.480000019073486 ], [ 17.63995130322111, 59.854557023625233, 4.570000171661377 ] ] } },
{ "type": "Feature", "properties": { }, "geometry": { "type": "LineString", "coordinates": [ [ 17.63995130322111, 59.854557023625233, 4.570000171661377 ], [ 17.640050677504732, 59.854491609771749, 4.630000114440918 ] ] } },
{ "type": "Feature", "properties": { }, "geometry": { "type": "LineString", "coordinates": [ [ 17.626648136242263, 59.859823658394596, 9.890000343322754 ], [ 17.626744892186334, 59.859771819471291, 9.789999961853027 ] ] } },
{ "type": "Feature", "properties": { }, "geometry": { "type": "LineString", "coordinates": [ [ 17.626744892186334, 59.859771819471291, 9.789999961853027 ], [ 17.626795851127326, 59.859744513689783, 9.760000228881836 ] ] } },
{ "type": "Feature", "properties": { }, "geometry": { "type": "LineString", "coordinates": [ [ 17.630345303704821, 59.859866114650188, 9.989999771118164 ], [ 17.630413063097347, 59.85991088576796, 9.800000190734863 ] ] } },
{ "type": "Feature", "properties": { }, "geometry": { "type": "LineString", "coordinates": [ [ 17.630413063097347, 59.85991088576796, 9.800000190734863 ], [ 17.630468308642271, 59.85995088897689, 9.720000267028809 ] ] } },
{ "type": "Feature", "properties": { }, "geometry": { "type": "LineString", "coordinates": [ [ 17.628151189373174, 59.860606706594069, 9.050000190734863 ], [ 17.628285978897267, 59.860668898865626, 9.060000419616699 ] ] } },
{ "type": "Feature", "properties": { }, "geometry": { "type": "LineString", "coordinates": [ [ 17.628285978897267, 59.860668898865626, 9.060000419616699 ], [ 17.628322701302245, 59.860685839074982, 9.100000381469727 ] ] } },
{ "type": "Feature", "properties": { }, "geometry": { "type": "LineString", "coordinates": [ [ 17.628322701302245, 59.860685839074982, 9.100000381469727 ], [ 17.628365277596931, 59.8607054889967, 9.130000114440918 ] ] } },
{ "type": "Feature", "properties": { }, "geometry": { "type": "LineString", "coordinates": [ [ 17.631696935250286, 59.859404121411124, 9.010000228881836 ], [ 17.631757637098094, 59.859446299133126, 8.75 ] ] } },
{ "type": "Feature", "properties": { }, "geometry": { "type": "LineString", "coordinates": [ [ 17.631757637098094, 59.859446299133126, 8.75 ], [ 17.631796271903212, 59.859493472022692, 8.770000457763672 ] ] } },
{ "type": "Feature", "properties": { }, "geometry": { "type": "LineString", "coordinates": [ [ 17.631685237302811, 59.859359714800021, 8.949999809265137 ], [ 17.631768464424173, 59.859314338246456, 8.880000114440918 ] ] } },
{ "type": "Feature", "properties": { }, "geometry": { "type": "LineString", "coordinates": [ [ 17.631768464424173, 59.859314338246456, 8.880000114440918 ], [ 17.63185413851653, 59.859266856993095, 8.880000114440918 ] ] } },
{ "type": "Feature", "properties": { }, "geometry": { "type": "LineString", "coordinates": [ [ 17.632060872203471, 59.859275014801426, 8.640000343322754 ], [ 17.632120972125389, 59.859321244453341, 8.520000457763672 ] ] } },
{ "type": "Feature", "properties": { }, "geometry": { "type": "LineString", "coordinates": [ [ 17.632120972125389, 59.859321244453341, 8.520000457763672 ], [ 17.63218362225189, 59.859367694324369, 8.350000381469727 ] ] } },
{ "type": "Feature", "properties": { }, "geometry": { "type": "LineString", "coordinates": [ [ 17.632018879851316, 59.859511833807325, 8.319999694824219 ], [ 17.632114260308743, 59.859469733011821, 8.359999656677246 ] ] } },
{ "type": "Feature", "properties": { }, "geometry": { "type": "LineString", "coordinates": [ [ 17.632114260308743, 59.859469733011821, 8.359999656677246 ], [ 17.632220986939693, 59.859423871987424, 8.310000419616699 ] ] } },
{ "type": "Feature", "properties": { }, "geometry": { "type": "LineString", "coordinates": [ [ 17.633426575020966, 59.85882876065277, 8.289999961853027 ], [ 17.633462967409407, 59.858856662741893, 8.289999961853027 ] ] } },
{ "type": "Feature", "properties": { }, "geometry": { "type": "LineString", "coordinates": [ [ 17.633462967409407, 59.858856662741893, 8.289999961853027 ], [ 17.633505927901055, 59.858888630507494, 8.25 ] ] } },
{ "type": "Feature", "properties": { }, "geometry": { "type": "LineString", "coordinates": [ [ 17.633031324302966, 59.859052296898831, 7.849999904632568 ], [ 17.632987960814063, 59.859023006623183, 7.880000114440918 ] ] } },
{ "type": "Feature", "properties": { }, "geometry": { "type": "LineString", "coordinates": [ [ 17.632987960814063, 59.859023006623183, 7.880000114440918 ], [ 17.632946229441735, 59.858994811477672, 7.96999979019165 ], [ 17.632941420788967, 59.85899529311142, 7.96999979019165 ] ] } },
{ "type": "Feature", "properties": { }, "geometry": { "type": "LineString", "coordinates": [ [ 17.633442913835829, 59.858637351769509, 9.300000190734863 ], [ 17.63341344238755, 59.858651945983524, 9.189999580383301 ] ] } },
{ "type": "Feature", "properties": { }, "geometry": { "type": "LineString", "coordinates": [ [ 17.63341344238755, 59.858651945983524, 9.189999580383301 ], [ 17.633375337761983, 59.858670738692133, 9.210000038146973 ] ] } },
{ "type": "Feature", "properties": { }, "geometry": { "type": "LineString", "coordinates": [ [ 17.633375337761983, 59.858670738692133, 9.210000038146973 ], [ 17.633313288778663, 59.858702908628032, 9.109999656677246 ] ] } },
{ "type": "Feature", "properties": { }, "geometry": { "type": "LineString", "coordinates": [ [ 17.63438582223257, 59.858648270413397, 9.5 ], [ 17.634388608799242, 59.858668050918332, 9.350000381469727 ] ] } },
{ "type": "Feature", "properties": { }, "geometry": { "type": "LineString", "coordinates": [ [ 17.634388608799242, 59.858668050918332, 9.350000381469727 ], [ 17.634391291648996, 59.858687133982983, 9.369999885559082 ] ] } },
{ "type": "Feature", "properties": { }, "geometry": { "type": "LineString", "coordinates": [ [ 17.634391291648996, 59.858687133982983, 9.369999885559082 ], [ 17.634397811260861, 59.858733442796243, 9.260000228881836 ] ] } },
{ "type": "Feature", "properties": { }, "geometry": { "type": "LineString", "coordinates": [ [ 17.635454526898005, 59.857022700524304, 7.809999942779541 ], [ 17.635505836816616, 59.856994756045381, 7.900000095367432 ] ] } },
{ "type": "Feature", "properties": { }, "geometry": { "type": "LineString", "coordinates": [ [ 17.635505836816616, 59.856994756045381, 7.900000095367432 ], [ 17.635573634480462, 59.856957694618849, 7.949999809265137 ] ] } },
{ "type": "Feature", "properties": { }, "geometry": { "type": "LineString", "coordinates": [ [ 17.62923446754785, 59.856884763107253, 22.030000686645508 ], [ 17.629178216648533, 59.85691485234819, 22.040000915527344 ] ] } },
{ "type": "Feature", "properties": { }, "geometry": { "type": "LineString", "coordinates": [ [ 17.629178216648533, 59.85691485234819, 22.040000915527344 ], [ 17.629129465310022, 59.856940937294659, 21.940000534057617 ], [ 17.629131603052947, 59.85694464913206, 21.959999084472656 ] ] } },
{ "type": "Feature", "properties": { }, "geometry": { "type": "LineString", "coordinates": [ [ 17.626739414041538, 59.857124925426604, 22.209999084472656 ], [ 17.626848461181538, 59.857098537450362, 22.260000228881836 ] ] } },
{ "type": "Feature", "properties": { }, "geometry": { "type": "LineString", "coordinates": [ [ 17.626848461181538, 59.857098537450362, 22.260000228881836 ], [ 17.627015266459388, 59.856982572341401, 22.170000076293945 ] ] } },
{ "type": "Feature", "properties": { }, "geometry": { "type": "LineString", "coordinates": [ [ 17.627015266459388, 59.856982572341401, 22.170000076293945 ], [ 17.62705706149594, 59.856953514916881, 22.180000305175781 ] ] } },
{ "type": "Feature", "properties": { }, "geometry": { "type": "LineString", "coordinates": [ [ 17.628184543654765, 59.857764856564792, 20.739999771118164 ], [ 17.628246375866663, 59.857729695495998, 20.739999771118164 ] ] } },
{ "type": "Feature", "properties": { }, "geometry": { "type": "LineString", "coordinates": [ [ 17.628246375866663, 59.857729695495998, 20.739999771118164 ], [ 17.628319309975812, 59.857688602391228, 20.729999542236328 ] ] } },
{ "type": "Feature", "properties": { }, "geometry": { "type": "LineString", "coordinates": [ [ 17.640878748467433, 59.854870824506996, 4.630000114440918 ], [ 17.640902476901307, 59.854849184405985, 4.599999904632568 ] ] } },
{ "type": "Feature", "properties": { }, "geometry": { "type": "LineString", "coordinates": [ [ 17.640902476901307, 59.854849184405985, 4.599999904632568 ], [ 17.640950845508705, 59.854805057894275, 4.670000076293945 ] ] } },
{ "type": "Feature", "properties": { }, "geometry": { "type": "LineString", "coordinates": [ [ 17.640950845508705, 59.854805057894275, 4.670000076293945 ], [ 17.641033949021121, 59.854733524202096, 4.590000152587891 ] ] } },
{ "type": "Feature", "properties": { }, "geometry": { "type": "LineString", "coordinates": [ [ 17.638085481759976, 59.854236488877739, 5.300000190734863 ], [ 17.638155800035534, 59.854268841835321, 5.230000019073486 ] ] } },
{ "type": "Feature", "properties": { }, "geometry": { "type": "LineString", "coordinates": [ [ 17.638155800035534, 59.854268841835321, 5.230000019073486 ], [ 17.638214005591916, 59.854293614379579, 5.239999771118164 ] ] } },
{ "type": "Feature", "properties": { }, "geometry": { "type": "LineString", "coordinates": [ [ 17.637325239075768, 59.857684426261422, 6.130000114440918 ], [ 17.637389979664611, 59.857715228322483, 6.159999847412109 ] ] } },
{ "type": "Feature", "properties": { }, "geometry": { "type": "LineString", "coordinates": [ [ 17.637389979664611, 59.857715228322483, 6.159999847412109 ], [ 17.637457561308086, 59.857747779320931, 6.119999885559082 ] ] } },
{ "type": "Feature", "properties": { }, "geometry": { "type": "LineString", "coordinates": [ [ 17.637141954166513, 59.857680161172119, 6.550000190734863 ], [ 17.637073619549476, 59.857715649545142, 6.5 ] ] } },
{ "type": "Feature", "properties": { }, "geometry": { "type": "LineString", "coordinates": [ [ 17.637073619549476, 59.857715649545142, 6.5 ], [ 17.637034707757536, 59.857735858562215, 6.489999771118164 ] ] } },
{ "type": "Feature", "properties": { }, "geometry": { "type": "LineString", "coordinates": [ [ 17.637045407436876, 59.857798536471641, 6.460000038146973 ], [ 17.637103638128078, 59.857837863296581, 6.389999866485596 ] ] } },
{ "type": "Feature", "properties": { }, "geometry": { "type": "LineString", "coordinates": [ [ 17.637103638128078, 59.857837863296581, 6.389999866485596 ], [ 17.637163854607664, 59.857876108174153, 6.420000076293945 ] ] } },
{ "type": "Feature", "properties": { }, "geometry": { "type": "LineString", "coordinates": [ [ 17.626676053405003, 59.85713886676308, 22.129999160766602 ], [ 17.626610725544797, 59.857101090429843, 22.149999618530273 ] ] } },
{ "type": "Feature", "properties": { }, "geometry": { "type": "LineString", "coordinates": [ [ 17.626610725544797, 59.857101090429843, 22.149999618530273 ], [ 17.626520982495148, 59.857046013625485, 22.040000915527344 ] ] } },
{ "type": "Feature", "properties": { }, "geometry": { "type": "LineString", "coordinates": [ [ 17.628560064839188, 59.860483893531715, 9.430000305175781 ], [ 17.6286376467088, 59.860532973416781, 9.319999694824219 ] ] } },
{ "type": "Feature", "properties": { }, "geometry": { "type": "LineString", "coordinates": [ [ 17.6286376467088, 59.860532973416781, 9.319999694824219 ], [ 17.628702976023742, 59.860571676745522, 9.239999771118164 ] ] } },
{ "type": "Feature", "properties": { }, "geometry": { "type": "LineString", "coordinates": [ [ 17.631105325235254, 59.861799830802767, 7.460000038146973 ], [ 17.631043792941842, 59.861838434751697, 7.400000095367432 ] ] } },
{ "type": "Feature", "properties": { }, "geometry": { "type": "LineString", "coordinates": [ [ 17.632962998559346, 59.859774157491032, 7.960000038146973 ], [ 17.632935491514964, 59.859787720116692, 7.889999866485596 ] ] } },
{ "type": "Feature", "properties": { }, "geometry": { "type": "LineString", "coordinates": [ [ 17.632935491514964, 59.859787720116692, 7.889999866485596 ], [ 17.632869146438843, 59.859820439701942, 7.960000038146973 ] ] } },
{ "type": "Feature", "properties": { }, "geometry": { "type": "LineString", "coordinates": [ [ 17.632869146438843, 59.859820439701942, 7.960000038146973 ], [ 17.632799403571159, 59.859855318620731, 7.889999866485596 ] ] } },
{ "type": "Feature", "properties": { }, "geometry": { "type": "LineString", "coordinates": [ [ 17.633913140566758, 59.856198174521445, 10.590000152587891 ], [ 17.634080500683229, 59.856274027680641, 9.869999885559082 ] ] } },
{ "type": "Feature", "properties": { }, "geometry": { "type": "LineString", "coordinates": [ [ 17.634080500683229, 59.856274027680641, 9.869999885559082 ], [ 17.634198831480884, 59.856327884924532, 9.430000305175781 ] ] } },
{ "type": "Feature", "properties": { }, "geometry": { "type": "LineString", "coordinates": [ [ 17.634287711159548, 59.856369247698808, 9.289999961853027 ], [ 17.634227900573304, 59.856401523240443, 9.220000267028809 ] ] } },
{ "type": "Feature", "properties": { }, "geometry": { "type": "LineString", "coordinates": [ [ 17.634227900573304, 59.856401523240443, 9.220000267028809 ], [ 17.63416661592969, 59.856434292218474, 9.260000228881836 ] ] } },
{ "type": "Feature", "properties": { }, "geometry": { "type": "LineString", "coordinates": [ [ 17.630028315462766, 59.856505041296337, 24.049999237060547 ], [ 17.630086757621775, 59.856529662777156, 24.120000839233398 ] ] } },
{ "type": "Feature", "properties": { }, "geometry": { "type": "LineString", "coordinates": [ [ 17.630086757621775, 59.856529662777156, 24.120000839233398 ], [ 17.630149610302926, 59.856555730750145, 24.100000381469727 ] ] } },
{ "type": "Feature", "properties": { }, "geometry": { "type": "LineString", "coordinates": [ [ 17.629362483356843, 59.856889814884767, 22.479999542236328 ], [ 17.629416479731752, 59.856911720278184, 22.459999084472656 ] ] } },
{ "type": "Feature", "properties": { }, "geometry": { "type": "LineString", "coordinates": [ [ 17.629416479731752, 59.856911720278184, 22.459999084472656 ], [ 17.629472474496566, 59.856936390925142, 22.569999694824219 ] ] } },
{ "type": "Feature", "properties": { }, "geometry": { "type": "LineString", "coordinates": [ [ 17.628372427953163, 59.860465876831228, 9.289999961853027 ], [ 17.628345872594483, 59.860480147527049, 9.289999961853027 ] ] } },
{ "type": "Feature", "properties": { }, "geometry": { "type": "LineString", "coordinates": [ [ 17.628345872594483, 59.860480147527049, 9.289999961853027 ], [ 17.628318292412114, 59.86049496688436, 9.319999694824219 ] ] } },
{ "type": "Feature", "properties": { }, "geometry": { "type": "LineString", "coordinates": [ [ 17.628318292412114, 59.86049496688436, 9.319999694824219 ], [ 17.628239567638644, 59.860537610229699, 9.289999961853027 ] ] } },
{ "type": "Feature", "properties": { }, "geometry": { "type": "LineString", "coordinates": [ [ 17.628239567638644, 59.860537610229699, 9.289999961853027 ], [ 17.628202537295085, 59.860557671879, 9.170000076293945 ] ] } },
{ "type": "Feature", "properties": { }, "geometry": { "type": "LineString", "coordinates": [ [ 17.625567476325113, 59.859181215579433, 12.680000305175781 ], [ 17.625514530465402, 59.859209902440391, 12.680000305175781 ] ] } },
{ "type": "Feature", "properties": { }, "geometry": { "type": "LineString", "coordinates": [ [ 17.625514530465402, 59.859209902440391, 12.680000305175781 ], [ 17.625429920927626, 59.859257244009271, 12.819999694824219 ] ] } },
{ "type": "Feature", "properties": { }, "geometry": { "type": "LineString", "coordinates": [ [ 17.629677525017904, 59.861278821469092, 7.039999961853027 ], [ 17.629720205128351, 59.861256219651111, 7.019999980926514 ] ] } },
{ "type": "Feature", "properties": { }, "geometry": { "type": "LineString", "coordinates": [ [ 17.629720205128351, 59.861256219651111, 7.019999980926514 ], [ 17.62975496243892, 59.861237809012543, 7.050000190734863 ] ] } },
{ "type": "Feature", "properties": { }, "geometry": { "type": "LineString", "coordinates": [ [ 17.62975496243892, 59.861237809012543, 7.050000190734863 ], [ 17.629840136274503, 59.861198547767771, 7.019999980926514 ] ] } },
{ "type": "Feature", "properties": { }, "geometry": { "type": "LineString", "coordinates": [ [ 17.629840136274503, 59.861198547767771, 7.019999980926514 ], [ 17.62987233275939, 59.8611817300444, 7.03000020980835 ] ] } },
{ "type": "Feature", "properties": { }, "geometry": { "type": "LineString", "coordinates": [ [ 17.62987233275939, 59.8611817300444, 7.03000020980835 ], [ 17.629892817742331, 59.86117102792619, 7.079999923706055 ] ] } },
{ "type": "Feature", "properties": { }, "geometry": { "type": "LineString", "coordinates": [ [ 17.630881037832978, 59.861628078701877, 6.440000057220459 ], [ 17.630853493013525, 59.861642626643665, 6.360000133514404 ] ] } },
{ "type": "Feature", "properties": { }, "geometry": { "type": "LineString", "coordinates": [ [ 17.630853493013525, 59.861642626643665, 6.360000133514404 ], [ 17.630822568831015, 59.861658955215269, 6.389999866485596 ] ] } },
{ "type": "Feature", "properties": { }, "geometry": { "type": "LineString", "coordinates": [ [ 17.630822568831015, 59.861658955215269, 6.389999866485596 ], [ 17.630756324927322, 59.861688930673246, 6.349999904632568 ] ] } },
{ "type": "Feature", "properties": { }, "geometry": { "type": "LineString", "coordinates": [ [ 17.630756324927322, 59.861688930673246, 6.349999904632568 ], [ 17.630723099199574, 59.861707368071279, 6.300000190734863 ] ] } },
{ "type": "Feature", "properties": { }, "geometry": { "type": "LineString", "coordinates": [ [ 17.630723099199574, 59.861707368071279, 6.300000190734863 ], [ 17.630689074489588, 59.861726242564075, 6.309999942779541 ] ] } },
{ "type": "Feature", "properties": { }, "geometry": { "type": "LineString", "coordinates": [ [ 17.624902696346854, 59.857783612624324, 18.5 ], [ 17.624943686944157, 59.857798205889196, 18.450000762939453 ] ] } },
{ "type": "Feature", "properties": { }, "geometry": { "type": "LineString", "coordinates": [ [ 17.624943686944157, 59.857798205889196, 18.450000762939453 ], [ 17.625061741030684, 59.857874953680231, 18.270000457763672 ] ] } },
{ "type": "Feature", "properties": { }, "geometry": { "type": "LineString", "coordinates": [ [ 17.625061741030684, 59.857874953680231, 18.270000457763672 ], [ 17.625113582664952, 59.857899923121664, 18.159999847412109 ] ] } },
{ "type": "Feature", "properties": { }, "geometry": { "type": "LineString", "coordinates": [ [ 17.62559142741982, 59.857737177389595, 19.049999237060547 ], [ 17.62547446307078, 59.857644191031518, 19.129999160766602 ] ] } },
{ "type": "Feature", "properties": { }, "geometry": { "type": "LineString", "coordinates": [ [ 17.62547446307078, 59.857644191031518, 19.129999160766602 ], [ 17.625403849861179, 59.85758329282428, 19.010000228881836 ] ] } },
{ "type": "Feature", "properties": { }, "geometry": { "type": "LineString", "coordinates": [ [ 17.624095573414873, 59.858434735342989, 15.25 ], [ 17.624032763048177, 59.858400562152035, 15.310000419616699 ] ] } },
{ "type": "Feature", "properties": { }, "geometry": { "type": "LineString", "coordinates": [ [ 17.624032763048177, 59.858400562152035, 15.310000419616699 ], [ 17.62393934484265, 59.858358083865731, 15.539999961853027 ] ] } },
{ "type": "Feature", "properties": { }, "geometry": { "type": "LineString", "coordinates": [ [ 17.62393934484265, 59.858358083865731, 15.539999961853027 ], [ 17.623893055476433, 59.858337036192616, 15.550000190734863 ] ] } },
{ "type": "Feature", "properties": { }, "geometry": { "type": "LineString", "coordinates": [ [ 17.628308511518558, 59.857504617317787, 21.090000152587891 ], [ 17.628347421913855, 59.857521235412442, 21.129999160766602 ] ] } },
{ "type": "Feature", "properties": { }, "geometry": { "type": "LineString", "coordinates": [ [ 17.628347421913855, 59.857521235412442, 21.129999160766602 ], [ 17.628401002949563, 59.857544127411892, 21.159999847412109 ] ] } },
{ "type": "Feature", "properties": { }, "geometry": { "type": "LineString", "coordinates": [ [ 17.632942327972344, 59.859084134855017, 7.800000190734863 ], [ 17.632901622498228, 59.859098696691206, 7.820000171661377 ] ] } },
{ "type": "Feature", "properties": { }, "geometry": { "type": "LineString", "coordinates": [ [ 17.632901622498228, 59.859098696691206, 7.820000171661377 ], [ 17.632828893413318, 59.859124748678362, 7.769999980926514 ] ] } },
{ "type": "Feature", "properties": { }, "geometry": { "type": "LineString", "coordinates": [ [ 17.627966968866868, 59.860212018432833, 9.409999847412109 ], [ 17.627992719387098, 59.860239327865351, 9.220000267028809 ] ] } },
{ "type": "Feature", "properties": { }, "geometry": { "type": "LineString", "coordinates": [ [ 17.627992719387098, 59.860239327865351, 9.220000267028809 ], [ 17.628041568722296, 59.860255219453229, 9.420000076293945 ] ] } },
{ "type": "Feature", "properties": { }, "geometry": { "type": "LineString", "coordinates": [ [ 17.628413023959801, 59.859989289504519, 10.460000038146973 ], [ 17.628456766176853, 59.859965289259456, 10.489999771118164 ] ] } },
{ "type": "Feature", "properties": { }, "geometry": { "type": "LineString", "coordinates": [ [ 17.628456766176853, 59.859965289259456, 10.489999771118164 ], [ 17.62849514804374, 59.859944215508186, 10.609999656677246 ] ] } },
{ "type": "Feature", "properties": { }, "geometry": { "type": "LineString", "coordinates": [ [ 17.629318522864388, 59.859579477346536, 13.680000305175781 ], [ 17.629362057060888, 59.859556751485549, 13.569999694824219 ] ] } },
{ "type": "Feature", "properties": { }, "geometry": { "type": "LineString", "coordinates": [ [ 17.629362057060888, 59.859556751485549, 13.569999694824219 ], [ 17.629403118018523, 59.859535188526756, 13.560000419616699 ] ] } },
{ "type": "Feature", "properties": { }, "geometry": { "type": "LineString", "coordinates": [ [ 17.629345269805526, 59.859609150680811, 13.710000038146973 ], [ 17.629402865429839, 59.859640306336985, 13.710000038146973 ] ] } },
{ "type": "Feature", "properties": { }, "geometry": { "type": "LineString", "coordinates": [ [ 17.629402865429839, 59.859640306336985, 13.710000038146973 ], [ 17.629443360904204, 59.859662203080788, 13.670000076293945 ] ] } },
{ "type": "Feature", "properties": { }, "geometry": { "type": "LineString", "coordinates": [ [ 17.630504357646412, 59.860021169336633, 9.640000343322754 ], [ 17.63044486377639, 59.860041908961598, 9.380000114440918 ] ] } },
{ "type": "Feature", "properties": { }, "geometry": { "type": "LineString", "coordinates": [ [ 17.63044486377639, 59.860041908961598, 9.380000114440918 ], [ 17.630392708520869, 59.860061823810703, 9.460000038146973 ] ] } },
{ "type": "Feature", "properties": { }, "geometry": { "type": "LineString", "coordinates": [ [ 17.630142402377576, 59.859856728326434, 10.430000305175781 ], [ 17.630092680680214, 59.859881533863586, 10.359999656677246 ] ] } },
{ "type": "Feature", "properties": { }, "geometry": { "type": "LineString", "coordinates": [ [ 17.630092680680214, 59.859881533863586, 10.359999656677246 ], [ 17.630028829713055, 59.85991236770122, 10.439999580383301 ] ] } },
{ "type": "Feature", "properties": { }, "geometry": { "type": "LineString", "coordinates": [ [ 17.626876840659147, 59.859732119238409, 9.909999847412109 ], [ 17.626929461005339, 59.859757058198994, 9.699999809265137 ] ] } },
{ "type": "Feature", "properties": { }, "geometry": { "type": "LineString", "coordinates": [ [ 17.626929461005339, 59.859757058198994, 9.699999809265137 ], [ 17.626975176935201, 59.859777966400081, 9.739999771118164 ] ] } },
{ "type": "Feature", "properties": { }, "geometry": { "type": "LineString", "coordinates": [ [ 17.635803037839707, 59.858388722874949, 8.340000152587891 ], [ 17.63572881145442, 59.858416869360553, 8.420000076293945 ], [ 17.635687523234285, 59.858432221789265, 8.409999847412109 ] ] } },
{ "type": "Feature", "properties": { }, "geometry": { "type": "LineString", "coordinates": [ [ 17.635687523234285, 59.858432221789265, 8.409999847412109 ], [ 17.63564921146606, 59.85844520905647, 8.350000381469727 ] ] } },
{ "type": "Feature", "properties": { }, "geometry": { "type": "LineString", "coordinates": [ [ 17.632060732117864, 59.858590313446207, 10.979999542236328 ], [ 17.632015932499296, 59.858560851723524, 11.069999694824219 ] ] } },
{ "type": "Feature", "properties": { }, "geometry": { "type": "LineString", "coordinates": [ [ 17.632015932499296, 59.858560851723524, 11.069999694824219 ], [ 17.631993280604519, 59.858545951018613, 11.020000457763672 ] ] } },
{ "type": "Feature", "properties": { }, "geometry": { "type": "LineString", "coordinates": [ [ 17.631993280604519, 59.858545951018613, 11.020000457763672 ], [ 17.631973291721476, 59.858532802953228, 11.189999580383301 ] ] } },
{ "type": "Feature", "properties": { }, "geometry": { "type": "LineString", "coordinates": [ [ 17.631884942731137, 59.857590587827474, 16.930000305175781 ], [ 17.631891707204847, 59.857587725887264, 17.010000228881836 ], [ 17.631918941539578, 59.857575439459133, 16.950000762939453 ], [ 17.632004759421267, 59.857575700657058, 16.930000305175781 ] ] } },
{ "type": "Feature", "properties": { }, "geometry": { "type": "LineString", "coordinates": [ [ 17.632004759421267, 59.857575700657058, 16.930000305175781 ], [ 17.632035917044476, 59.857575791410433, 16.860000610351562 ], [ 17.63211249147103, 59.857577236681792, 16.770000457763672 ] ] } },
{ "type": "Feature", "properties": { }, "geometry": { "type": "LineString", "coordinates": [ [ 17.643047549356297, 59.864569267583349, 9.550000190734863 ], [ 17.642990053679419, 59.864542091459917, 9.430000305175781 ] ] } },
{ "type": "Feature", "properties": { }, "geometry": { "type": "LineString", "coordinates": [ [ 17.642323093540433, 59.864234094743907, 8.579999923706055 ], [ 17.642027525863288, 59.864095619484864, 8.409999847412109 ], [ 17.641910953032127, 59.864036387202809, 8.300000190734863 ], [ 17.641898825611005, 59.864025109959961, 8.239999771118164 ] ] } },
{ "type": "Feature", "properties": { }, "geometry": { "type": "LineString", "coordinates": [ [ 17.642678310071375, 59.864397689525298, 8.880000114440918 ], [ 17.642662598748668, 59.864377561872523, 8.800000190734863 ], [ 17.642595352289604, 59.864346412771852, 8.699999809265137 ], [ 17.642365460105406, 59.864241759912034, 8.489999771118164 ], [ 17.642323093540433, 59.864234094743907, 8.579999923706055 ] ] } },
{ "type": "Feature", "properties": { }, "geometry": { "type": "LineString", "coordinates": [ [ 17.642180971188495, 59.863877809246596, 8.050000190734863 ], [ 17.642841782994719, 59.864179516167766, 9.020000457763672 ] ] } },
{ "type": "Feature", "properties": { }, "geometry": { "type": "LineString", "coordinates": [ [ 17.642841782994719, 59.864179516167766, 9.020000457763672 ], [ 17.643287002219438, 59.86438278495838, 9.689999580383301 ] ] } },
{ "type": "Feature", "properties": { }, "geometry": { "type": "LineString", "coordinates": [ [ 17.643287002219438, 59.86438278495838, 9.689999580383301 ], [ 17.643348914498002, 59.864411057165789, 9.699999809265137 ] ] } },
{ "type": "Feature", "properties": { }, "geometry": { "type": "LineString", "coordinates": [ [ 17.641898825611005, 59.864025109959961, 8.239999771118164 ], [ 17.6418417197143, 59.863998232466741, 8.180000305175781 ], [ 17.641767967047485, 59.863966556841767, 8.159999847412109 ], [ 17.641740677614909, 59.863953385370444, 8.119999885559082 ] ] } },
{ "type": "Feature", "properties": { }, "geometry": { "type": "LineString", "coordinates": [ [ 17.627955913629805, 59.857692660450283, 20.920000076293945 ], [ 17.628006359886761, 59.857714687269812, 20.829999923706055 ] ] } },
{ "type": "Feature", "properties": { }, "geometry": { "type": "LineString", "coordinates": [ [ 17.628006359886761, 59.857714687269812, 20.829999923706055 ], [ 17.62805563352369, 59.857736823138325, 20.799999237060547 ] ] } },
{ "type": "Feature", "properties": { }, "geometry": { "type": "LineString", "coordinates": [ [ 17.637639693152572, 59.855905984469544, 5.550000190734863 ], [ 17.637202150149061, 59.855693747439581, 5.869999885559082 ], [ 17.636997154732263, 59.85559453733805, 6.199999809265137 ] ] } },
{ "type": "Feature", "properties": { }, "geometry": { "type": "LineString", "coordinates": [ [ 17.636997154732263, 59.85559453733805, 6.199999809265137 ], [ 17.636643919763777, 59.85542358269003, 7.269999980926514 ], [ 17.636354316334305, 59.855283249864023, 8.119999885559082 ] ] } },
{ "type": "Feature", "properties": { }, "geometry": { "type": "LineString", "coordinates": [ [ 17.636354316334305, 59.855283249864023, 8.119999885559082 ], [ 17.636310647107816, 59.855262088953864, 8.199999809265137 ] ] } },
{ "type": "Feature", "properties": { }, "geometry": { "type": "LineString", "coordinates": [ [ 17.633070831480936, 59.857635237242221, 14.010000228881836 ], [ 17.633133283819451, 59.857633466844817, 13.770000457763672 ] ] } },
{ "type": "Feature", "properties": { }, "geometry": { "type": "LineString", "coordinates": [ [ 17.633133283819451, 59.857633466844817, 13.770000457763672 ], [ 17.633198345984418, 59.857632265206156, 13.689999580383301 ] ] } },
{ "type": "Feature", "properties": { }, "geometry": { "type": "LineString", "coordinates": [ [ 17.634360877590183, 59.857621244842292, 11.590000152587891 ], [ 17.634443299785783, 59.857617239696111, 11.260000228881836 ] ] } },
{ "type": "Feature", "properties": { }, "geometry": { "type": "LineString", "coordinates": [ [ 17.634443299785783, 59.857617239696111, 11.260000228881836 ], [ 17.634527155942703, 59.857613155831309, 11.189999580383301 ] ] } },
{ "type": "Feature", "properties": { }, "geometry": { "type": "LineString", "coordinates": [ [ 17.631915082919104, 59.857701786280394, 16.200000762939453 ], [ 17.631988262595144, 59.857705012606331, 16.159999847412109 ] ] } },
{ "type": "Feature", "properties": { }, "geometry": { "type": "LineString", "coordinates": [ [ 17.631988262595144, 59.857705012606331, 16.159999847412109 ], [ 17.632063658922842, 59.857708337324539, 16.219999313354492 ] ] } },
{ "type": "Feature", "properties": { }, "geometry": { "type": "LineString", "coordinates": [ [ 17.628121817432909, 59.856373083214748, 21.260000228881836 ], [ 17.628069462322241, 59.856401381097342, 21.25 ] ] } },
{ "type": "Feature", "properties": { }, "geometry": { "type": "LineString", "coordinates": [ [ 17.637904972129363, 59.864680746451079, 7.900000095367432 ], [ 17.638505696864595, 59.864348780265807, 8.109999656677246 ] ] } },
{ "type": "Feature", "properties": { }, "geometry": { "type": "LineString", "coordinates": [ [ 17.638505696864595, 59.864348780265807, 8.109999656677246 ], [ 17.638902309497762, 59.864129603274641, 7.820000171661377 ], [ 17.638921720310861, 59.864118328825185, 7.809999942779541 ], [ 17.638941550224793, 59.864105297179215, 7.860000133514404 ], [ 17.638949522302237, 59.864093259858002, 7.900000095367432 ], [ 17.638919685110977, 59.864075192305684, 7.900000095367432 ] ] } },
{ "type": "Feature", "properties": { }, "geometry": { "type": "LineString", "coordinates": [ [ 17.642148830573941, 59.861738458049345, 6.929999828338623 ], [ 17.641823690770714, 59.861912653891885, 6.75 ], [ 17.641542604873521, 59.862067845831795, 6.849999904632568 ] ] } },
{ "type": "Feature", "properties": { }, "geometry": { "type": "LineString", "coordinates": [ [ 17.641542604873521, 59.862067845831795, 6.849999904632568 ], [ 17.641493711262452, 59.862094840555315, 6.880000114440918 ], [ 17.640942534822685, 59.862400092244386, 7.389999866485596 ] ] } },
{ "type": "Feature", "properties": { }, "geometry": { "type": "LineString", "coordinates": [ [ 17.640942534822685, 59.862400092244386, 7.389999866485596 ], [ 17.640869508696596, 59.862440534873123, 7.449999809265137 ], [ 17.640575249160019, 59.86260316547358, 7.699999809265137 ] ] } },
{ "type": "Feature", "properties": { }, "geometry": { "type": "LineString", "coordinates": [ [ 17.6395308038271, 59.863178586601585, 8.020000457763672 ], [ 17.638928618179929, 59.86350987289098, 8.090000152587891 ] ] } },
{ "type": "Feature", "properties": { }, "geometry": { "type": "LineString", "coordinates": [ [ 17.638928618179929, 59.86350987289098, 8.090000152587891 ], [ 17.638549770276448, 59.863718287448123, 7.860000133514404 ], [ 17.638522518509266, 59.863734879723943, 7.800000190734863 ] ] } },
{ "type": "Feature", "properties": { }, "geometry": { "type": "LineString", "coordinates": [ [ 17.640603163563249, 59.864622012067329, 8.760000228881836 ], [ 17.640586926568059, 59.864628811864023, 8.770000457763672 ], [ 17.640563090664529, 59.864633879667679, 8.770000457763672 ], [ 17.640539229914641, 59.864633430344902, 8.760000228881836 ], [ 17.640514518934616, 59.864629607554768, 8.75 ], [ 17.640049853791638, 59.864415559814461, 8.420000076293945 ] ] } },
{ "type": "Feature", "properties": { }, "geometry": { "type": "LineString", "coordinates": [ [ 17.639273114380611, 59.865267464242834, 8.25 ], [ 17.639846317732541, 59.864968084251181, 8.699999809265137 ], [ 17.639883607083284, 59.864964174384191, 8.689999580383301 ], [ 17.639904927827438, 59.864973329558019, 8.630000114440918 ] ] } },
{ "type": "Feature", "properties": { }, "geometry": { "type": "LineString", "coordinates": [ [ 17.639904927827438, 59.864973329558019, 8.630000114440918 ], [ 17.639919800532585, 59.864979715924839, 8.569999694824219 ], [ 17.639953730023716, 59.86497640162149, 8.520000457763672 ], [ 17.640362781231286, 59.864759327884698, 8.609999656677246 ], [ 17.640406723882101, 59.864733699319743, 8.539999961853027 ], [ 17.640415128728144, 59.864721817397864, 8.649999618530273 ], [ 17.64041794122663, 59.864709626505224, 8.699999809265137 ], [ 17.640414557442234, 59.864697981031355, 8.710000038146973 ], [ 17.640408442794541, 59.864688024917179, 8.649999618530273 ], [ 17.640395829293801, 59.864678370461966, 8.630000114440918 ], [ 17.640351782217845, 59.864657977328825, 8.649999618530273 ] ] } },
{ "type": "Feature", "properties": { }, "geometry": { "type": "LineString", "coordinates": [ [ 17.640351782217845, 59.864657977328825, 8.649999618530273 ], [ 17.639695153991021, 59.864353963588343, 8.319999694824219 ] ] } },
{ "type": "Feature", "properties": { }, "geometry": { "type": "LineString", "coordinates": [ [ 17.639695153991021, 59.864353963588343, 8.319999694824219 ], [ 17.639551596873169, 59.864287496576615, 8.270000457763672 ], [ 17.639265589284513, 59.864157588947478, 8.0 ] ] } },
{ "type": "Feature", "properties": { }, "geometry": { "type": "LineString", "coordinates": [ [ 17.645401706823609, 59.855127327113777, 4.75 ], [ 17.645473714664401, 59.855127971220419, 4.670000076293945 ], [ 17.645591992057078, 59.855182904458225, 4.630000114440918 ] ] } },
{ "type": "Feature", "properties": { }, "geometry": { "type": "LineString", "coordinates": [ [ 17.639525288692202, 59.856805344968294, 4.5 ], [ 17.639629059551083, 59.856721605959777, 4.360000133514404 ], [ 17.639920869810325, 59.856494063500371, 4.480000019073486 ], [ 17.640006431679605, 59.856427344013795, 4.5 ] ] } },
{ "type": "Feature", "properties": { }, "geometry": { "type": "LineString", "coordinates": [ [ 17.640006431679605, 59.856427344013795, 4.5 ], [ 17.640251841103442, 59.856235976730964, 4.489999771118164 ], [ 17.640491184218572, 59.856050503092639, 4.510000228881836 ] ] } },
{ "type": "Feature", "properties": { }, "geometry": { "type": "LineString", "coordinates": [ [ 17.640491184218572, 59.856050503092639, 4.510000228881836 ], [ 17.640865059255301, 59.855760771973017, 4.519999980926514 ], [ 17.640976576717883, 59.855673872248083, 4.480000019073486 ] ] } },
{ "type": "Feature", "properties": { }, "geometry": { "type": "LineString", "coordinates": [ [ 17.640976576717883, 59.855673872248083, 4.480000019073486 ], [ 17.641301173952183, 59.855420927517564, 4.309999942779541 ], [ 17.641381669529519, 59.855449833959703, 4.320000171661377 ] ] } },
{ "type": "Feature", "properties": { }, "geometry": { "type": "LineString", "coordinates": [ [ 17.641627693711005, 59.855085558149582, 2.900000095367432 ], [ 17.641238711484938, 59.854970256541137, 4.590000152587891 ], [ 17.641208508555575, 59.854965138006399, 4.960000038146973 ], [ 17.641178971005683, 59.854975245616345, 4.920000076293945 ], [ 17.64114042664486, 59.85500797564265, 4.570000171661377 ] ] } },
{ "type": "Feature", "properties": { }, "geometry": { "type": "LineString", "coordinates": [ [ 17.64114042664486, 59.85500797564265, 4.570000171661377 ], [ 17.640892331787022, 59.855223551641366, 4.400000095367432 ], [ 17.640694480644498, 59.855396748981946, 4.369999885559082 ] ] } },
{ "type": "Feature", "properties": { }, "geometry": { "type": "LineString", "coordinates": [ [ 17.640694480644498, 59.855396748981946, 4.369999885559082 ], [ 17.640503415517912, 59.85556400392835, 4.389999866485596 ], [ 17.640242411793469, 59.85578371241369, 4.440000057220459 ] ] } },
{ "type": "Feature", "properties": { }, "geometry": { "type": "LineString", "coordinates": [ [ 17.640242411793469, 59.85578371241369, 4.440000057220459 ], [ 17.640088908785156, 59.855912927051385, 4.389999866485596 ], [ 17.639791427090358, 59.856171005872632, 4.380000114440918 ] ] } },
{ "type": "Feature", "properties": { }, "geometry": { "type": "LineString", "coordinates": [ [ 17.639791427090358, 59.856171005872632, 4.380000114440918 ], [ 17.639622807661738, 59.85631728880049, 4.409999847412109 ] ] } },
{ "type": "Feature", "properties": { }, "geometry": { "type": "LineString", "coordinates": [ [ 17.643772835054556, 59.856615483369723, 5.519999980926514 ], [ 17.644384979515564, 59.856942063107354, 5.21999979019165 ] ] } },
{ "type": "Feature", "properties": { }, "geometry": { "type": "LineString", "coordinates": [ [ 17.644384979515564, 59.856942063107354, 5.21999979019165 ], [ 17.644431844642671, 59.856967065318415, 5.190000057220459 ] ] } },
{ "type": "Feature", "properties": { }, "geometry": { "type": "LineString", "coordinates": [ [ 17.64329553311617, 59.857505827825214, 5.380000114440918 ], [ 17.643269684016879, 59.857506054271958, 5.409999847412109 ], [ 17.643236388164183, 59.857500534315051, 5.480000019073486 ], [ 17.64257833611979, 59.857244920511377, 5.900000095367432 ] ] } },
{ "type": "Feature", "properties": { }, "geometry": { "type": "LineString", "coordinates": [ [ 17.64257833611979, 59.857244920511377, 5.900000095367432 ], [ 17.642005530646347, 59.857022413971158, 6.079999923706055 ] ] } },
{ "type": "Feature", "properties": { }, "geometry": { "type": "LineString", "coordinates": [ [ 17.633125956330801, 59.860033587306695, 6.179999828338623 ], [ 17.632778262034744, 59.859872023056852, 7.920000076293945 ] ] } },
{ "type": "Feature", "properties": { }, "geometry": { "type": "LineString", "coordinates": [ [ 17.633722093702087, 59.860313944319316, 6.980000019073486 ], [ 17.633583132181926, 59.860249963696297, 6.900000095367432 ], [ 17.633340504724639, 59.860137941549795, 6.840000152587891 ], [ 17.633248474701865, 59.860093179170079, 6.53000020980835 ], [ 17.633125956330801, 59.860033587306695, 6.179999828338623 ] ] } },
{ "type": "Feature", "properties": { }, "geometry": { "type": "LineString", "coordinates": [ [ 17.632962998559346, 59.859774157491032, 7.960000038146973 ], [ 17.633512139435453, 59.860029930240394, 6.809999942779541 ] ] } },
{ "type": "Feature", "properties": { }, "geometry": { "type": "LineString", "coordinates": [ [ 17.633512139435453, 59.860029930240394, 6.809999942779541 ], [ 17.633667575316604, 59.860093716931047, 7.619999885559082 ], [ 17.63370635781575, 59.860108337454015, 7.5 ], [ 17.633725725303893, 59.860112789451776, 7.429999828338623 ], [ 17.63374772123759, 59.860114462172049, 7.429999828338623 ] ] } },
{ "type": "Feature", "properties": { }, "geometry": { "type": "LineString", "coordinates": [ [ 17.640479684516549, 59.860878901795544, 6.940000057220459 ], [ 17.640181795409845, 59.860739141743785, 7.239999771118164 ], [ 17.640156216198747, 59.860730760922785, 7.239999771118164 ], [ 17.640125323411993, 59.860732722465691, 7.420000076293945 ], [ 17.640088128913543, 59.86073521725347, 7.349999904632568 ], [ 17.640056678511495, 59.860750966173946, 7.329999923706055 ], [ 17.639827482674733, 59.860878285664285, 7.320000171661377 ] ] } },
{ "type": "Feature", "properties": { }, "geometry": { "type": "LineString", "coordinates": [ [ 17.639827482674733, 59.860878285664285, 7.320000171661377 ], [ 17.639613030640636, 59.860997413661899, 7.489999771118164 ], [ 17.639224912595946, 59.861209370991148, 7.739999771118164 ] ] } },
{ "type": "Feature", "properties": { }, "geometry": { "type": "LineString", "coordinates": [ [ 17.639224912595946, 59.861209370991148, 7.739999771118164 ], [ 17.63887203438081, 59.861402079990363, 7.730000019073486 ], [ 17.639146436413029, 59.861528068865333, 7.769999980926514 ] ] } },
{ "type": "Feature", "properties": { }, "geometry": { "type": "LineString", "coordinates": [ [ 17.639146436413029, 59.861528068865333, 7.769999980926514 ], [ 17.639805550917856, 59.861830688228267, 7.690000057220459 ] ] } },
{ "type": "Feature", "properties": { }, "geometry": { "type": "LineString", "coordinates": [ [ 17.639805550917856, 59.861830688228267, 7.690000057220459 ], [ 17.640087078471502, 59.861959943317025, 7.480000019073486 ], [ 17.640080079208161, 59.861990055868603, 7.460000038146973 ] ] } },
{ "type": "Feature", "properties": { }, "geometry": { "type": "LineString", "coordinates": [ [ 17.641388206101272, 59.861246543988038, 6.659999847412109 ], [ 17.641278955945637, 59.861259286038063, 6.590000152587891 ], [ 17.64100787135818, 59.861130275003845, 6.5 ] ] } },
{ "type": "Feature", "properties": { }, "geometry": { "type": "LineString", "coordinates": [ [ 17.643596108368207, 59.860586038501751, 3.759999990463257 ], [ 17.644255655148989, 59.86088840867879, 6.519999980926514 ] ] } },
{ "type": "Feature", "properties": { }, "geometry": { "type": "LineString", "coordinates": [ [ 17.644255655148989, 59.86088840867879, 6.519999980926514 ], [ 17.644430924051484, 59.860968759467376, 7.099999904632568 ], [ 17.644466208195617, 59.860983475725334, 7.139999866485596 ], [ 17.644489953042122, 59.860990750506126, 7.190000057220459 ], [ 17.644524127367333, 59.860993325986676, 7.260000228881836 ], [ 17.644559599401251, 59.860992984519143, 7.28000020980835 ], [ 17.644586722653575, 59.860988899179887, 7.309999942779541 ], [ 17.644603795933783, 59.860983695226302, 7.360000133514404 ], [ 17.644619376659968, 59.860976815288041, 7.340000152587891 ], [ 17.644668193065414, 59.860949995154805, 7.179999828338623 ], [ 17.644784384863652, 59.860885103713251, 7.559999942779541 ], [ 17.644919549231229, 59.860813251541956, 7.199999809265137 ] ] } },
{ "type": "Feature", "properties": { }, "geometry": { "type": "LineString", "coordinates": [ [ 17.644919549231229, 59.860813251541956, 7.199999809265137 ], [ 17.645417544802818, 59.860548517698284, 6.940000057220459 ], [ 17.645532884315461, 59.860487203911489, 6.769999980926514 ] ] } },
{ "type": "Feature", "properties": { }, "geometry": { "type": "LineString", "coordinates": [ [ 17.645532884315461, 59.860487203911489, 6.769999980926514 ], [ 17.645543405198783, 59.860481611057409, 6.760000228881836 ] ] } },
{ "type": "Feature", "properties": { }, "geometry": { "type": "LineString", "coordinates": [ [ 17.644849073225711, 59.860093347772541, 7.300000190734863 ], [ 17.645469239373242, 59.860416106559619, 6.670000076293945 ] ] } },
{ "type": "Feature", "properties": { }, "geometry": { "type": "LineString", "coordinates": [ [ 17.645469239373242, 59.860416106559619, 6.670000076293945 ], [ 17.645568818876896, 59.860467930774753, 6.710000038146973 ] ] } },
{ "type": "Feature", "properties": { }, "geometry": { "type": "LineString", "coordinates": [ [ 17.649735223411284, 59.855460931650285, 4.210000038146973 ], [ 17.64970904543145, 59.855457004571491, 4.25 ], [ 17.649677087041422, 59.855456284594801, 4.210000038146973 ], [ 17.649643383969408, 59.855461295828732, 4.150000095367432 ], [ 17.649617024215324, 59.855469728207652, 4.130000114440918 ], [ 17.64909951575741, 59.855754223729789, 4.460000038146973 ] ] } },
{ "type": "Feature", "properties": { }, "geometry": { "type": "LineString", "coordinates": [ [ 17.64909951575741, 59.855754223729789, 4.460000038146973 ], [ 17.648497145646594, 59.856085362552989, 4.53000020980835 ] ] } },
{ "type": "Feature", "properties": { }, "geometry": { "type": "LineString", "coordinates": [ [ 17.648497145646594, 59.856085362552989, 4.53000020980835 ], [ 17.648113572718405, 59.856296217934357, 4.630000114440918 ], [ 17.648094912715965, 59.856316229885103, 4.579999923706055 ], [ 17.648110293121668, 59.856333322788991, 4.599999904632568 ] ] } },
{ "type": "Feature", "properties": { }, "geometry": { "type": "LineString", "coordinates": [ [ 17.653399131314416, 59.856395236524364, 6.079999923706055 ], [ 17.653411885480757, 59.856389283303059, 6.059999942779541 ], [ 17.653427244054853, 59.856370828948755, 6.059999942779541 ], [ 17.653439799196274, 59.85634379415967, 5.989999771118164 ], [ 17.653435010183649, 59.85632420417091, 5.96999979019165 ], [ 17.653420794475174, 59.856305617950348, 5.949999809265137 ], [ 17.653356777125055, 59.856250232984841, 5.739999771118164 ], [ 17.653134879230624, 59.856059189834049, 4.820000171661377 ], [ 17.653073505572131, 59.855999331617149, 4.489999771118164 ] ] } },
{ "type": "Feature", "properties": { }, "geometry": { "type": "LineString", "coordinates": [ [ 17.653073505572131, 59.855999331617149, 4.489999771118164 ], [ 17.652955653457902, 59.855884388818779, 3.950000047683716 ], [ 17.65276531736367, 59.855676934003803, 2.529999971389771 ], [ 17.652674078744219, 59.8555983118585, 2.299999952316284 ] ] } },
{ "type": "Feature", "properties": { }, "geometry": { "type": "LineString", "coordinates": [ [ 17.652674078744219, 59.8555983118585, 2.299999952316284 ], [ 17.652611586546737, 59.855544460826174, 2.450000047683716 ], [ 17.65224049501548, 59.855278783293521, 2.480000019073486 ], [ 17.652152605762339, 59.855235610336479, 2.509999990463257 ] ] } },
{ "type": "Feature", "properties": { }, "geometry": { "type": "LineString", "coordinates": [ [ 17.652152605762339, 59.855235610336479, 2.509999990463257 ], [ 17.652121345254685, 59.855220254509035, 2.539999961853027 ], [ 17.65191473328839, 59.855121231106416, 2.940000057220459 ] ] } },
{ "type": "Feature", "properties": { }, "geometry": { "type": "LineString", "coordinates": [ [ 17.650121465977165, 59.860989324111635, 11.119999885559082 ], [ 17.650062682734564, 59.860974332941929, 11.109999656677246 ], [ 17.650032699258134, 59.860974194224539, 11.119999885559082 ], [ 17.650005337570953, 59.860981783096342, 11.050000190734863 ], [ 17.649965021146574, 59.861003409025074, 11.100000381469727 ], [ 17.649487251027157, 59.861265074589525, 10.890000343322754 ] ] } },
{ "type": "Feature", "properties": { }, "geometry": { "type": "LineString", "coordinates": [ [ 17.649487251027157, 59.861265074589525, 10.890000343322754 ], [ 17.649007091032345, 59.861528043200245, 10.810000419616699 ], [ 17.648953944087541, 59.861557357614089, 10.720000267028809 ], [ 17.648941196065977, 59.861581426374492, 10.670000076293945 ], [ 17.648957348339735, 59.861601166132175, 10.689999580383301 ], [ 17.648966034353094, 59.861605121812254, 10.689999580383301 ] ] } },
{ "type": "Feature", "properties": { }, "geometry": { "type": "LineString", "coordinates": [ [ 17.648966034353094, 59.861605121812254, 10.689999580383301 ], [ 17.649025525992741, 59.861632214740474, 10.670000076293945 ] ] } },
{ "type": "Feature", "properties": { }, "geometry": { "type": "LineString", "coordinates": [ [ 17.648860287934678, 59.861737926752632, 10.670000076293945 ], [ 17.648798859618207, 59.861723466478949, 10.630000114440918 ], [ 17.648716183938191, 59.861721446892467, 10.560000419616699 ], [ 17.648627181611133, 59.861743452430368, 10.489999771118164 ], [ 17.648537533204244, 59.861791010512228, 10.649999618530273 ], [ 17.64818499525472, 59.861978014383865, 10.409999847412109 ] ] } },
{ "type": "Feature", "properties": { }, "geometry": { "type": "LineString", "coordinates": [ [ 17.64818499525472, 59.861978014383865, 10.409999847412109 ], [ 17.647993524994593, 59.862079578580754, 10.550000190734863 ], [ 17.647635691215555, 59.862278151948409, 9.920000076293945 ], [ 17.647580971880561, 59.862308409794352, 9.949999809265137 ] ] } },
{ "type": "Feature", "properties": { }, "geometry": { "type": "LineString", "coordinates": [ [ 17.647580971880561, 59.862308409794352, 9.949999809265137 ], [ 17.647568176540496, 59.862315485151171, 9.949999809265137 ], [ 17.647543307426591, 59.86233958340538, 9.989999771118164 ], [ 17.647533521789001, 59.862366932990369, 10.090000152587891 ], [ 17.647556823127701, 59.862416644149093, 10.039999961853027 ], [ 17.647670584377313, 59.862468422784396, 10.270000457763672 ] ] } },
{ "type": "Feature", "properties": { }, "geometry": { "type": "LineString", "coordinates": [ [ 17.6489644649523, 59.861762452814553, 10.729999542236328 ], [ 17.648860287934678, 59.861737926752632, 10.670000076293945 ] ] } },
{ "type": "Feature", "properties": { }, "geometry": { "type": "LineString", "coordinates": [ [ 17.629388056054982, 59.861293900557662, 7.409999847412109 ], [ 17.629531562924601, 59.861214162754209, 7.239999771118164 ], [ 17.629569779818272, 59.861186789230366, 7.210000038146973 ] ] } },
{ "type": "Feature", "properties": { }, "geometry": { "type": "LineString", "coordinates": [ [ 17.626460420305992, 59.859958373271937, 9.649999618530273 ], [ 17.62662465064442, 59.859871515523551, 9.789999961853027 ], [ 17.626637231471971, 59.859857031517528, 9.819999694824219 ], [ 17.626645628784114, 59.859838954974165, 9.909999847412109 ], [ 17.626648136242263, 59.859823658394596, 9.890000343322754 ] ] } },
{ "type": "Feature", "properties": { }, "geometry": { "type": "LineString", "coordinates": [ [ 17.632139169446631, 59.860265490290899, 7.03000020980835 ], [ 17.632068713377478, 59.860252466267312, 7.079999923706055 ], [ 17.632040144037546, 59.860273994430308, 7.059999942779541 ], [ 17.631796746323982, 59.860464732199816, 6.840000152587891 ], [ 17.631679093113963, 59.860557500335695, 6.739999771118164 ], [ 17.631657093674914, 59.860564078759992, 6.75 ] ] } },
{ "type": "Feature", "properties": { }, "geometry": { "type": "LineString", "coordinates": [ [ 17.645916160335702, 59.852373577132902, 4.460000038146973 ], [ 17.645844180971718, 59.852395317406057, 4.489999771118164 ], [ 17.645787274691838, 59.85241453471874, 4.5 ], [ 17.645744893747722, 59.852433702697105, 4.570000171661377 ], [ 17.645723882910101, 59.852449571608986, 4.550000190734863 ], [ 17.64546991277345, 59.852747748542349, 4.53000020980835 ] ] } },
{ "type": "Feature", "properties": { }, "geometry": { "type": "LineString", "coordinates": [ [ 17.64546991277345, 59.852747748542349, 4.53000020980835 ], [ 17.645331001960948, 59.852910836155203, 4.440000057220459 ], [ 17.645246450383617, 59.85300145306465, 4.389999866485596 ], [ 17.645093620386959, 59.853154551505952, 4.289999961853027 ] ] } },
{ "type": "Feature", "properties": { }, "geometry": { "type": "LineString", "coordinates": [ [ 17.645093620386959, 59.853154551505952, 4.289999961853027 ], [ 17.645087753750438, 59.85316042841599, 4.340000152587891 ], [ 17.644985484820833, 59.853245455295692, 4.260000228881836 ], [ 17.644913451122431, 59.85330556261308, 4.260000228881836 ], [ 17.644901025036173, 59.853323700038636, 4.21999979019165 ], [ 17.644902815297762, 59.853337076274883, 4.190000057220459 ], [ 17.644913443612825, 59.853349582519442, 4.190000057220459 ], [ 17.644928931455173, 59.853359407166231, 4.110000133514404 ] ] } },
{ "type": "Feature", "properties": { }, "geometry": { "type": "LineString", "coordinates": [ [ 17.655806451851859, 59.858527253631358, 9.319999694824219 ], [ 17.655761266170618, 59.858493615461946, 9.350000381469727 ], [ 17.655651494078551, 59.858425164247045, 9.310000419616699 ] ] } },
{ "type": "Feature", "properties": { }, "geometry": { "type": "LineString", "coordinates": [ [ 17.628768447867781, 59.857893249210143, 20.329999923706055 ], [ 17.628537891139995, 59.857791134782197, 20.540000915527344 ], [ 17.628319309975812, 59.857688602391228, 20.729999542236328 ] ] } },
{ "type": "Feature", "properties": { }, "geometry": { "type": "LineString", "coordinates": [ [ 17.633658050330091, 59.856138952033909, 11.75 ], [ 17.633535407900037, 59.85613726598033, 12.050000190734863 ], [ 17.633250177873933, 59.856007088142363, 13.649999618530273 ], [ 17.632986360064898, 59.855886660047013, 15.149999618530273 ], [ 17.632965544038928, 59.855877068003245, 15.25 ] ] } },
{ "type": "Feature", "properties": { }, "geometry": { "type": "LineString", "coordinates": [ [ 17.632965544038928, 59.855877068003245, 15.25 ], [ 17.63253089498966, 59.855676779291031, 18.530000686645508 ], [ 17.632303947946657, 59.8555759102547, 20.479999542236328 ] ] } },
{ "type": "Feature", "properties": { }, "geometry": { "type": "LineString", "coordinates": [ [ 17.632303947946657, 59.8555759102547, 20.479999542236328 ], [ 17.632266009241928, 59.855559047893621, 20.920000076293945 ], [ 17.63216009946462, 59.855543121292122, 21.850000381469727 ] ] } },
{ "type": "Feature", "properties": { }, "geometry": { "type": "LineString", "coordinates": [ [ 17.648645012829697, 59.860310241588671, 9.510000228881836 ], [ 17.648680231124843, 59.860318519620542, 9.560000419616699 ], [ 17.649309840559788, 59.860608379398563, 10.270000457763672 ] ] } },
{ "type": "Feature", "properties": { }, "geometry": { "type": "LineString", "coordinates": [ [ 17.649309840559788, 59.860608379398563, 10.270000457763672 ], [ 17.64968912257789, 59.860782989439386, 10.630000114440918 ], [ 17.649697224535444, 59.8607931835313, 10.569999694824219 ] ] } },
{ "type": "Feature", "properties": { }, "geometry": { "type": "LineString", "coordinates": [ [ 17.649406543323739, 59.858146532692572, 7.429999828338623 ], [ 17.648807382904522, 59.858479161207796, 7.440000057220459 ] ] } },
{ "type": "Feature", "properties": { }, "geometry": { "type": "LineString", "coordinates": [ [ 17.648807382904522, 59.858479161207796, 7.440000057220459 ], [ 17.648363134271833, 59.858725783251998, 3.430000066757202 ], [ 17.648208000241574, 59.858811691105764, 4.760000228881836 ] ] } },
{ "type": "Feature", "properties": { }, "geometry": { "type": "LineString", "coordinates": [ [ 17.648208000241574, 59.858811691105764, 4.760000228881836 ], [ 17.648074536619692, 59.858885598140887, 7.400000095367432 ], [ 17.64798714744461, 59.858934109819131, 7.380000114440918 ], [ 17.647831916069826, 59.859034273072716, 7.340000152587891 ], [ 17.647778073376774, 59.859083294676346, 7.329999923706055 ], [ 17.647725096470687, 59.859157759928841, 7.309999942779541 ], [ 17.64772461583221, 59.859179209459995, 7.380000114440918 ] ] } },
{ "type": "Feature", "properties": { }, "geometry": { "type": "LineString", "coordinates": [ [ 17.64772461583221, 59.859179209459995, 7.380000114440918 ], [ 17.647721417477367, 59.859321942674605, 7.369999885559082 ], [ 17.647703101204559, 59.859389450717529, 7.349999904632568 ], [ 17.647664396054491, 59.859449145947039, 7.449999809265137 ], [ 17.64761419824378, 59.859500057091374, 7.46999979019165 ], [ 17.647512595992875, 59.859562587729116, 7.550000190734863 ], [ 17.647484140192656, 59.859593453548989, 7.599999904632568 ], [ 17.647481147814183, 59.859596700571963, 7.579999923706055 ] ] } },
{ "type": "Feature", "properties": { }, "geometry": { "type": "LineString", "coordinates": [ [ 17.647481147814183, 59.859596700571963, 7.579999923706055 ], [ 17.647469026269547, 59.859609853624924, 7.619999885559082 ], [ 17.64746355025752, 59.859627180510934, 7.650000095367432 ], [ 17.647477291358427, 59.859656919235405, 7.71999979019165 ], [ 17.64751550272987, 59.859674766467684, 7.75 ] ] } },
{ "type": "Feature", "properties": { }, "geometry": { "type": "LineString", "coordinates": [ [ 17.630000422475849, 59.856904564843106, 24.430000305175781 ], [ 17.630031425819425, 59.857187634343326, 23.889999389648438 ] ] } },
{ "type": "Feature", "properties": { }, "geometry": { "type": "LineString", "coordinates": [ [ 17.641537283143215, 59.854307838041805, 3.109999895095825 ], [ 17.641509536748689, 59.854334605434353, 3.329999923706055 ], [ 17.641396529363774, 59.854443628483153, 3.759999990463257 ], [ 17.641301490533142, 59.854535316804245, 3.910000085830688 ] ] } },
{ "type": "Feature", "properties": { }, "geometry": { "type": "LineString", "coordinates": [ [ 17.639506465789928, 59.853380862250241, 4.920000076293945 ], [ 17.639576279392166, 59.853320588412871, 4.860000133514404 ], [ 17.639612655366395, 59.853289187150182, 4.869999885559082 ], [ 17.639909171452008, 59.853033197951341, 4.679999828338623 ], [ 17.639955677166718, 59.85299304843727, 4.730000019073486 ] ] } },
{ "type": "Feature", "properties": { }, "geometry": { "type": "LineString", "coordinates": [ [ 17.639955677166718, 59.85299304843727, 4.730000019073486 ], [ 17.640404881097957, 59.852605234001309, 4.579999923706055 ] ] } },
{ "type": "Feature", "properties": { }, "geometry": { "type": "LineString", "coordinates": [ [ 17.640404881097957, 59.852605234001309, 4.579999923706055 ], [ 17.640480467383494, 59.852539976527517, 4.5 ] ] } },
{ "type": "Feature", "properties": { }, "geometry": { "type": "LineString", "coordinates": [ [ 17.633633708012539, 59.859998418133834, 6.570000171661377 ], [ 17.633723599964966, 59.859942585559814, 6.590000152587891 ], [ 17.633759403119512, 59.859907057580003, 6.670000076293945 ], [ 17.633792833474654, 59.859872119547958, 6.610000133514404 ], [ 17.633804899904291, 59.859848408645043, 6.590000152587891 ], [ 17.633876303358004, 59.859795765368546, 6.659999847412109 ], [ 17.633948598309541, 59.859769842844749, 6.730000019073486 ], [ 17.634110529329408, 59.859643237874081, 6.690000057220459 ], [ 17.634124569121166, 59.859629997379827, 6.71999979019165 ] ] } },
{ "type": "Feature", "properties": { }, "geometry": { "type": "LineString", "coordinates": [ [ 17.634124569121166, 59.859629997379827, 6.71999979019165 ], [ 17.634170165410776, 59.859586996844492, 6.75 ], [ 17.63423557756742, 59.859551711323178, 6.820000171661377 ], [ 17.634268722564837, 59.859533838490208, 6.809999942779541 ], [ 17.634398817121131, 59.859511634168172, 6.699999809265137 ], [ 17.634638989894221, 59.85946183691766, 6.78000020980835 ] ] } },
{ "type": "Feature", "properties": { }, "geometry": { "type": "LineString", "coordinates": [ [ 17.633729124971161, 59.860028708168159, 6.989999771118164 ], [ 17.633633708012539, 59.859998418133834, 6.570000171661377 ] ] } },
{ "type": "Feature", "properties": { }, "geometry": { "type": "LineString", "coordinates": [ [ 17.63374772123759, 59.860114462172049, 7.429999828338623 ], [ 17.633779802584908, 59.860111878757216, 7.349999904632568 ], [ 17.633794299969797, 59.860102737667674, 7.300000190734863 ], [ 17.633844329688245, 59.860065283288613, 7.300000190734863 ] ] } },
{ "type": "Feature", "properties": { }, "geometry": { "type": "LineString", "coordinates": [ [ 17.649277997841345, 59.859087019538357, 9.229999542236328 ], [ 17.649154572370335, 59.85915081160482, 9.300000190734863 ] ] } },
{ "type": "Feature", "properties": { }, "geometry": { "type": "LineString", "coordinates": [ [ 17.650117956938477, 59.858558026379015, 9.189999580383301 ], [ 17.649941092335396, 59.858666058405881, 9.189999580383301 ], [ 17.649786522333905, 59.858772513569399, 9.170000076293945 ], [ 17.649669936196975, 59.858858881461792, 9.170000076293945 ], [ 17.649579068143314, 59.858915402117212, 9.159999847412109 ] ] } },
{ "type": "Feature", "properties": { }, "geometry": { "type": "LineString", "coordinates": [ [ 17.649579068143314, 59.858915402117212, 9.159999847412109 ], [ 17.649498839262876, 59.858965304912154, 9.210000038146973 ], [ 17.649277997841345, 59.859087019538357, 9.229999542236328 ] ] } },
{ "type": "Feature", "properties": { }, "geometry": { "type": "LineString", "coordinates": [ [ 17.650009848479328, 59.858434482006274, 8.890000343322754 ], [ 17.650117956938477, 59.858558026379015, 9.189999580383301 ] ] } },
{ "type": "Feature", "properties": { }, "geometry": { "type": "LineString", "coordinates": [ [ 17.653878747945832, 59.856115936934245, 7.21999979019165 ], [ 17.653922195957758, 59.856104168323775, 7.800000190734863 ], [ 17.653978615478106, 59.856053742966552, 7.820000171661377 ] ] } },
{ "type": "Feature", "properties": { }, "geometry": { "type": "LineString", "coordinates": [ [ 17.645420422472927, 59.858877551697965, 6.050000190734863 ], [ 17.645383720217161, 59.858901287798595, 6.110000133514404 ], [ 17.64484848120016, 59.859222070317159, 6.449999809265137 ] ] } },
{ "type": "Feature", "properties": { }, "geometry": { "type": "LineString", "coordinates": [ [ 17.64484848120016, 59.859222070317159, 6.449999809265137 ], [ 17.644697688053874, 59.859312443034923, 6.5 ] ] } },
{ "type": "Feature", "properties": { }, "geometry": { "type": "LineString", "coordinates": [ [ 17.642633806719022, 59.860565324347228, 6.460000038146973 ], [ 17.642690467308661, 59.860592367412785, 6.599999904632568 ] ] } },
{ "type": "Feature", "properties": { }, "geometry": { "type": "LineString", "coordinates": [ [ 17.6361728392278, 59.864013779400189, 7.659999847412109 ], [ 17.636819689576903, 59.863704515883278, 7.539999961853027 ] ] } },
{ "type": "Feature", "properties": { }, "geometry": { "type": "LineString", "coordinates": [ [ 17.636819689576903, 59.863704515883278, 7.539999961853027 ], [ 17.637466527903182, 59.863395249256499, 7.78000020980835 ] ] } },
{ "type": "Feature", "properties": { }, "geometry": { "type": "LineString", "coordinates": [ [ 17.637466527903182, 59.863395249256499, 7.78000020980835 ], [ 17.637590500599813, 59.863335974364361, 7.53000020980835 ], [ 17.638094656820769, 59.863076447446964, 7.860000133514404 ] ] } },
{ "type": "Feature", "properties": { }, "geometry": { "type": "LineString", "coordinates": [ [ 17.638094656820769, 59.863076447446964, 7.860000133514404 ], [ 17.638718340460006, 59.862755382620392, 7.880000114440918 ] ] } },
{ "type": "Feature", "properties": { }, "geometry": { "type": "LineString", "coordinates": [ [ 17.638718340460006, 59.862755382620392, 7.880000114440918 ], [ 17.638910202935723, 59.862656612302921, 7.920000076293945 ], [ 17.638966605026713, 59.862625559421211, 7.920000076293945 ], [ 17.639124741712408, 59.862538439961412, 7.760000228881836 ], [ 17.639322273873589, 59.862425054321854, 7.760000228881836 ] ] } },
{ "type": "Feature", "properties": { }, "geometry": { "type": "LineString", "coordinates": [ [ 17.639322273873589, 59.862425054321854, 7.760000228881836 ], [ 17.63991040848374, 59.86208745229257, 7.519999980926514 ] ] } },
{ "type": "Feature", "properties": { }, "geometry": { "type": "LineString", "coordinates": [ [ 17.63991040848374, 59.86208745229257, 7.519999980926514 ], [ 17.640080079208161, 59.861990055868603, 7.460000038146973 ], [ 17.640515549330477, 59.861757625036681, 7.239999771118164 ] ] } },
{ "type": "Feature", "properties": { }, "geometry": { "type": "LineString", "coordinates": [ [ 17.640515549330477, 59.861757625036681, 7.239999771118164 ], [ 17.641127578509206, 59.861430948496327, 7.090000152587891 ] ] } },
{ "type": "Feature", "properties": { }, "geometry": { "type": "LineString", "coordinates": [ [ 17.641127578509206, 59.861430948496327, 7.090000152587891 ], [ 17.64143109780591, 59.861268938706907, 6.760000228881836 ], [ 17.641738544570419, 59.861103772648171, 6.889999866485596 ] ] } },
{ "type": "Feature", "properties": { }, "geometry": { "type": "LineString", "coordinates": [ [ 17.641738544570419, 59.861103772648171, 6.889999866485596 ], [ 17.642348464492105, 59.860776105524629, 6.809999942779541 ] ] } },
{ "type": "Feature", "properties": { }, "geometry": { "type": "LineString", "coordinates": [ [ 17.642348464492105, 59.860776105524629, 6.809999942779541 ], [ 17.642690467308661, 59.860592367412785, 6.599999904632568 ] ] } },
{ "type": "Feature", "properties": { }, "geometry": { "type": "LineString", "coordinates": [ [ 17.646393780410182, 59.859302494621296, 7.349999904632568 ], [ 17.646376012705804, 59.859294771677902, 7.349999904632568 ], [ 17.6463331082808, 59.859291165900046, 7.329999923706055 ], [ 17.645770836790255, 59.859595103188191, 6.849999904632568 ] ] } },
{ "type": "Feature", "properties": { }, "geometry": { "type": "LineString", "coordinates": [ [ 17.645770836790255, 59.859595103188191, 6.849999904632568 ], [ 17.645162925085103, 59.859923702538339, 6.849999904632568 ] ] } },
{ "type": "Feature", "properties": { }, "geometry": { "type": "LineString", "coordinates": [ [ 17.645162925085103, 59.859923702538339, 6.849999904632568 ], [ 17.644849073225711, 59.860093347772541, 7.300000190734863 ] ] } },
{ "type": "Feature", "properties": { }, "geometry": { "type": "LineString", "coordinates": [ [ 17.64568854015404, 59.860604343363789, 7.050000190734863 ], [ 17.645739442219213, 59.860627824847469, 7.150000095367432 ], [ 17.646088720885317, 59.860789573754197, 7.550000190734863 ], [ 17.646345151972142, 59.860908324937981, 7.849999904632568 ] ] } },
{ "type": "Feature", "properties": { }, "geometry": { "type": "LineString", "coordinates": [ [ 17.646345151972142, 59.860908324937981, 7.849999904632568 ], [ 17.646800444863853, 59.861119164081686, 8.409999847412109 ], [ 17.646644974097359, 59.861205083188437, 8.569999694824219 ] ] } },
{ "type": "Feature", "properties": { }, "geometry": { "type": "LineString", "coordinates": [ [ 17.64612106926802, 59.861669011244764, 8.520000457763672 ], [ 17.646458109688339, 59.861815287566387, 8.789999961853027 ] ] } },
{ "type": "Feature", "properties": { }, "geometry": { "type": "LineString", "coordinates": [ [ 17.646458109688339, 59.861815287566387, 8.789999961853027 ], [ 17.647125577685266, 59.8621049584955, 9.489999771118164 ], [ 17.647133789410603, 59.862108522615863, 9.489999771118164 ] ] } },
{ "type": "Feature", "properties": { }, "geometry": { "type": "LineString", "coordinates": [ [ 17.647133789410603, 59.862108522615863, 9.489999771118164 ], [ 17.647211160076491, 59.862142103603361, 9.659999847412109 ], [ 17.647253936063283, 59.862142214130337, 9.649999618530273 ], [ 17.647285264036135, 59.862136451921572, 9.609999656677246 ], [ 17.647322062660557, 59.862127538917939, 9.579999923706055 ] ] } },
{ "type": "Feature", "properties": { }, "geometry": { "type": "LineString", "coordinates": [ [ 17.645600717761557, 59.861821686763662, 8.369999885559082 ], [ 17.645680524890146, 59.861777726198859, 8.380000114440918 ], [ 17.645691962293494, 59.861766361124403, 8.380000114440918 ], [ 17.645686402543738, 59.861757800261152, 8.399999618530273 ], [ 17.645680891127284, 59.861742107616365, 8.350000381469727 ], [ 17.645695195957842, 59.861728843319604, 8.319999694824219 ], [ 17.64576120338349, 59.861692490728942, 8.329999923706055 ] ] } },
{ "type": "Feature", "properties": { }, "geometry": { "type": "LineString", "coordinates": [ [ 17.644946697808237, 59.863029050634921, 8.75 ], [ 17.645006096761655, 59.863044238732961, 8.899999618530273 ] ] } },
{ "type": "Feature", "properties": { }, "geometry": { "type": "LineString", "coordinates": [ [ 17.644413307745758, 59.862630605492292, 7.940000057220459 ], [ 17.644959659099246, 59.862889557460043, 8.489999771118164 ] ] } },
{ "type": "Feature", "properties": { }, "geometry": { "type": "LineString", "coordinates": [ [ 17.644763981465999, 59.862957352178675, 8.399999618530273 ], [ 17.644245017869057, 59.862719020402388, 7.889999866485596 ], [ 17.644202520718281, 59.86269950235809, 7.760000228881836 ] ] } },
{ "type": "Feature", "properties": { }, "geometry": { "type": "LineString", "coordinates": [ [ 17.645081084129639, 59.862952601164473, 8.770000457763672 ], [ 17.64506713597255, 59.862963845314965, 8.710000038146973 ], [ 17.644970846722817, 59.86301663791572, 8.800000190734863 ] ] } },
{ "type": "Feature", "properties": { }, "geometry": { "type": "LineString", "coordinates": [ [ 17.631761971276557, 59.855635152880303, 23.5 ], [ 17.631801716275294, 59.855659676347116, 23.530000686645508 ], [ 17.631819971734974, 59.855668726228203, 23.420000076293945 ], [ 17.631837114247304, 59.855673008820958, 23.329999923706055 ] ] } },
{ "type": "Feature", "properties": { }, "geometry": { "type": "LineString", "coordinates": [ [ 17.632524249146829, 59.861011702945106, 6.769999980926514 ], [ 17.632546883827942, 59.860997088661655, 6.53000020980835 ], [ 17.632419091772476, 59.860939086272815, 6.550000190734863 ] ] } },
{ "type": "Feature", "properties": { }, "geometry": { "type": "LineString", "coordinates": [ [ 17.63178534957564, 59.853855710185805, 25.409999847412109 ], [ 17.632003666018122, 59.853901531228644, 25.399999618530273 ], [ 17.632075829496131, 59.853916676624081, 25.690000534057617 ] ] } },
{ "type": "Feature", "properties": { }, "geometry": { "type": "LineString", "coordinates": [ [ 17.632075829496131, 59.853916676624081, 25.690000534057617 ], [ 17.63217239320014, 59.853936944406499, 26.819999694824219 ] ] } },
{ "type": "Feature", "properties": { }, "geometry": { "type": "LineString", "coordinates": [ [ 17.632253491067253, 59.853953966747852, 27.020000457763672 ], [ 17.632499162703219, 59.853647269198369, 27.780000686645508 ], [ 17.632588797585289, 59.853538017575772, 27.889999389648438 ] ] } },
{ "type": "Feature", "properties": { }, "geometry": { "type": "LineString", "coordinates": [ [ 17.632588797585289, 59.853538017575772, 27.889999389648438 ], [ 17.632837547694745, 59.853234824087437, 28.180000305175781 ], [ 17.632929195570743, 59.853123113888984, 28.25 ] ] } },
{ "type": "Feature", "properties": { }, "geometry": { "type": "LineString", "coordinates": [ [ 17.632929195570743, 59.853123113888984, 28.25 ], [ 17.632995856559969, 59.853041859868206, 28.340000152587891 ], [ 17.633279628627164, 59.852710339756271, 28.770000457763672 ] ] } },
{ "type": "Feature", "properties": { }, "geometry": { "type": "LineString", "coordinates": [ [ 17.633279628627164, 59.852710339756271, 28.770000457763672 ], [ 17.633384747994555, 59.852587530994931, 28.899999618530273 ], [ 17.633441030212055, 59.852533213062479, 28.780000686645508 ] ] } },
{ "type": "Feature", "properties": { }, "geometry": { "type": "LineString", "coordinates": [ [ 17.639224948606106, 59.856648330019105, 4.590000152587891 ], [ 17.638774894303435, 59.857035910813842, 4.570000171661377 ] ] } },
{ "type": "Feature", "properties": { }, "geometry": { "type": "LineString", "coordinates": [ [ 17.638774894303435, 59.857035910813842, 4.570000171661377 ], [ 17.638767864269948, 59.857041964902606, 4.579999923706055 ], [ 17.63866878260777, 59.857103538696819, 4.650000095367432 ], [ 17.638265418278053, 59.857320994139428, 4.809999942779541 ], [ 17.638177660433719, 59.85736899564489, 4.829999923706055 ] ] } },
{ "type": "Feature", "properties": { }, "geometry": { "type": "LineString", "coordinates": [ [ 17.638177660433719, 59.85736899564489, 4.829999923706055 ], [ 17.637787600934384, 59.857582346781015, 5.010000228881836 ] ] } },
{ "type": "Feature", "properties": { }, "geometry": { "type": "LineString", "coordinates": [ [ 17.637449626433806, 59.860844958693718, 9.529999732971191 ], [ 17.637660580599789, 59.860723628130515, 9.710000038146973 ], [ 17.638037091989698, 59.860507074102202, 9.869999885559082 ] ] } },
{ "type": "Feature", "properties": { }, "geometry": { "type": "LineString", "coordinates": [ [ 17.638037091989698, 59.860507074102202, 9.869999885559082 ], [ 17.63824804188306, 59.860385742620998, 9.880000114440918 ], [ 17.638252715741988, 59.860383054358003, 9.880000114440918 ], [ 17.638624545772032, 59.86016918700912, 9.859999656677246 ] ] } },
{ "type": "Feature", "properties": { }, "geometry": { "type": "LineString", "coordinates": [ [ 17.638624545772032, 59.86016918700912, 9.859999656677246 ], [ 17.638752460201861, 59.860095612952435, 9.729999542236328 ], [ 17.638860661950066, 59.860056509880621, 9.699999809265137 ], [ 17.63917000918223, 59.859883707450933, 9.550000190734863 ], [ 17.639238621702379, 59.859845379922056, 9.489999771118164 ] ] } },
{ "type": "Feature", "properties": { }, "geometry": { "type": "LineString", "coordinates": [ [ 17.639238621702379, 59.859845379922056, 9.489999771118164 ], [ 17.639767136776737, 59.859550142849201, 8.699999809265137 ], [ 17.639836322282314, 59.859512077110494, 8.510000228881836 ] ] } },
{ "type": "Feature", "properties": { }, "geometry": { "type": "LineString", "coordinates": [ [ 17.639836322282314, 59.859512077110494, 8.510000228881836 ], [ 17.640220386989995, 59.859300763184791, 7.889999866485596 ], [ 17.640312015591885, 59.859250348677342, 7.739999771118164 ], [ 17.640364893231919, 59.859221254656383, 7.71999979019165 ], [ 17.640437791454904, 59.859180496915201, 7.730000019073486 ] ] } },
{ "type": "Feature", "properties": { }, "geometry": { "type": "LineString", "coordinates": [ [ 17.640437791454904, 59.859180496915201, 7.730000019073486 ], [ 17.64044163405293, 59.85917834849662, 7.739999771118164 ], [ 17.640462710819421, 59.859166563401232, 7.739999771118164 ], [ 17.640961719068066, 59.858887558947259, 7.230000019073486 ], [ 17.641034615467809, 59.858846800718631, 7.199999809265137 ] ] } },
{ "type": "Feature", "properties": { }, "geometry": { "type": "LineString", "coordinates": [ [ 17.641034615467809, 59.858846800718631, 7.199999809265137 ], [ 17.641317246329862, 59.858688773310789, 6.78000020980835 ], [ 17.641414475530002, 59.858627400787363, 6.53000020980835 ], [ 17.641625479520407, 59.85851060163958, 6.440000057220459 ] ] } },
{ "type": "Feature", "properties": { }, "geometry": { "type": "LineString", "coordinates": [ [ 17.641625479520407, 59.85851060163958, 6.440000057220459 ], [ 17.641673478103399, 59.858484032343902, 6.429999828338623 ], [ 17.642225594585927, 59.858178407672838, 6.150000095367432 ] ] } },
{ "type": "Feature", "properties": { }, "geometry": { "type": "LineString", "coordinates": [ [ 17.642225594585927, 59.858178407672838, 6.150000095367432 ], [ 17.642273592212728, 59.858151838163636, 6.159999847412109 ], [ 17.642827234718677, 59.857846915317836, 5.829999923706055 ] ] } },
{ "type": "Feature", "properties": { }, "geometry": { "type": "LineString", "coordinates": [ [ 17.642827234718677, 59.857846915317836, 5.829999923706055 ], [ 17.642875365009683, 59.85782040682102, 5.820000171661377 ], [ 17.643121299471463, 59.857684953713971, 5.46999979019165 ], [ 17.643274392544303, 59.857600634411632, 5.309999942779541 ] ] } },
{ "type": "Feature", "properties": { }, "geometry": { "type": "LineString", "coordinates": [ [ 17.634583028482499, 59.859560120529913, 7.360000133514404 ], [ 17.634627833202227, 59.859579259338616, 7.46999979019165 ], [ 17.634668031117407, 59.859596431170594, 7.489999771118164 ], [ 17.635249063771251, 59.859858832843891, 9.600000381469727 ], [ 17.635249063771251, 59.859858832843891, 9.600000381469727 ] ] } },
{ "type": "Feature", "properties": { }, "geometry": { "type": "LineString", "coordinates": [ [ 17.635249063771251, 59.859858832843891, 9.600000381469727 ], [ 17.635913088561619, 59.860158706530179, 11.409999847412109 ], [ 17.635913088561619, 59.860158706530179, 11.409999847412109 ] ] } },
{ "type": "Feature", "properties": { }, "geometry": { "type": "LineString", "coordinates": [ [ 17.635913088561619, 59.860158706530179, 11.409999847412109 ], [ 17.635967844368309, 59.860183433865714, 11.399999618530273 ], [ 17.63611415960877, 59.860249394255561, 11.510000228881836 ], [ 17.636577595623717, 59.860458313072385, 10.899999618530273 ] ] } },
{ "type": "Feature", "properties": { }, "geometry": { "type": "LineString", "coordinates": [ [ 17.636577595623717, 59.860458313072385, 10.899999618530273 ], [ 17.636662924500499, 59.860496779204695, 10.75 ], [ 17.636779654583538, 59.860548442548975, 10.5 ], [ 17.637246869385688, 59.86075522358886, 9.770000457763672 ] ] } },
{ "type": "Feature", "properties": { }, "geometry": { "type": "LineString", "coordinates": [ [ 17.637246869385688, 59.86075522358886, 9.770000457763672 ], [ 17.637366773737359, 59.860808290454457, 9.609999656677246 ], [ 17.637449626433806, 59.860844958693718, 9.529999732971191 ], [ 17.6375122609487, 59.860873943541108, 9.479999542236328 ], [ 17.637642264145423, 59.86093410296376, 9.449999809265137 ], [ 17.637907614894754, 59.861056899028597, 9.159999847412109 ] ] } },
{ "type": "Feature", "properties": { }, "geometry": { "type": "LineString", "coordinates": [ [ 17.637907614894754, 59.861056899028597, 9.159999847412109 ], [ 17.638289497507404, 59.861233619858361, 8.380000114440918 ], [ 17.638563014948915, 59.861361545100628, 7.849999904632568 ] ] } },
{ "type": "Feature", "properties": { }, "geometry": { "type": "LineString", "coordinates": [ [ 17.638563014948915, 59.861361545100628, 7.849999904632568 ], [ 17.638572715454622, 59.861366082038629, 7.820000171661377 ], [ 17.638706723920073, 59.861395021915563, 7.710000038146973 ] ] } },
{ "type": "Feature", "properties": { }, "geometry": { "type": "LineString", "coordinates": [ [ 17.639767136776737, 59.859550142849201, 8.699999809265137 ], [ 17.639572542658438, 59.859465054737498, 8.770000457763672 ], [ 17.639093661807525, 59.859255656467731, 9.119999885559082 ] ] } },
{ "type": "Feature", "properties": { }, "geometry": { "type": "LineString", "coordinates": [ [ 17.639093661807525, 59.859255656467731, 9.119999885559082 ], [ 17.638899071123838, 59.859170567333905, 9.270000457763672 ], [ 17.63842019855376, 59.858961166647994, 9.560000419616699 ] ] } },
{ "type": "Feature", "properties": { }, "geometry": { "type": "LineString", "coordinates": [ [ 17.63842019855376, 59.858961166647994, 9.560000419616699 ], [ 17.638292956751528, 59.858905525799074, 9.470000267028809 ] ] } },
{ "type": "Feature", "properties": { }, "geometry": { "type": "LineString", "coordinates": [ [ 17.634945044597917, 59.860745090852355, 9.340000152587891 ], [ 17.635076705342925, 59.86067279208379, 9.670000076293945 ], [ 17.635365087315105, 59.860514432827948, 10.689999580383301 ], [ 17.635547809416138, 59.860414093502825, 11.130000114440918 ] ] } },
{ "type": "Feature", "properties": { }, "geometry": { "type": "LineString", "coordinates": [ [ 17.635547809416138, 59.860414093502825, 11.130000114440918 ], [ 17.635967844368309, 59.860183433865714, 11.399999618530273 ], [ 17.636150558679585, 59.860083091806672, 11.409999847412109 ] ] } },
{ "type": "Feature", "properties": { }, "geometry": { "type": "LineString", "coordinates": [ [ 17.636150558679585, 59.860083091806672, 11.409999847412109 ], [ 17.636570575724875, 59.85985242588503, 10.960000038146973 ], [ 17.636753286408631, 59.859752083009468, 10.829999923706055 ] ] } },
{ "type": "Feature", "properties": { }, "geometry": { "type": "LineString", "coordinates": [ [ 17.636753286408631, 59.859752083009468, 10.829999923706055 ], [ 17.637173295115129, 59.85952141521085, 10.420000076293945 ], [ 17.637356002171458, 59.859421071518796, 10.279999732971191 ] ] } },
{ "type": "Feature", "properties": { }, "geometry": { "type": "LineString", "coordinates": [ [ 17.637356002171458, 59.859421071518796, 10.279999732971191 ], [ 17.637405879693084, 59.859393678369344, 10.220000267028809 ], [ 17.637958118917727, 59.859089787183429, 9.819999694824219 ] ] } },
{ "type": "Feature", "properties": { }, "geometry": { "type": "LineString", "coordinates": [ [ 17.637958118917727, 59.859089787183429, 9.819999694824219 ], [ 17.638007942484411, 59.859062369437773, 9.739999771118164 ], [ 17.638292956751528, 59.858905525799074, 9.470000267028809 ], [ 17.638530622752857, 59.858776322064401, 9.149999618530273 ], [ 17.638562124119105, 59.858759380283935, 9.090000152587891 ] ] } },
{ "type": "Feature", "properties": { }, "geometry": { "type": "LineString", "coordinates": [ [ 17.638562124119105, 59.858759380283935, 9.090000152587891 ], [ 17.638577201994899, 59.858751271228137, 9.090000152587891 ], [ 17.6387313297659, 59.858668378660255, 8.819999694824219 ], [ 17.638874426405671, 59.858591786648809, 8.659999847412109 ], [ 17.638901561883443, 59.858577262479223, 8.729999542236328 ], [ 17.638926708134665, 59.858563803020019, 8.810000419616699 ], [ 17.638979656441066, 59.858534314631065, 8.569999694824219 ], [ 17.63912301433157, 59.85845447470399, 8.5 ], [ 17.639167864355418, 59.858429800573489, 8.359999656677246 ] ] } },
{ "type": "Feature", "properties": { }, "geometry": { "type": "LineString", "coordinates": [ [ 17.639167864355418, 59.858429800573489, 8.359999656677246 ], [ 17.639259789262031, 59.858379228151108, 8.479999542236328 ], [ 17.639280220127723, 59.858367988176049, 8.409999847412109 ], [ 17.639346291231238, 59.858331639297873, 8.25 ], [ 17.639779000738809, 59.858102754728407, 7.949999809265137 ] ] } },
{ "type": "Feature", "properties": { }, "geometry": { "type": "LineString", "coordinates": [ [ 17.639779000738809, 59.858102754728407, 7.949999809265137 ], [ 17.63989374113774, 59.858042061271604, 7.849999904632568 ], [ 17.640396271826887, 59.857778615917894, 7.53000020980835 ] ] } },
{ "type": "Feature", "properties": { }, "geometry": { "type": "LineString", "coordinates": [ [ 17.640396271826887, 59.857778615917894, 7.53000020980835 ], [ 17.640511550552088, 59.857718181653617, 7.53000020980835 ], [ 17.640942227036646, 59.857492398964347, 7.019999980926514 ], [ 17.641011433333063, 59.857453504238663, 6.909999847412109 ] ] } },
{ "type": "Feature", "properties": { }, "geometry": { "type": "LineString", "coordinates": [ [ 17.641011433333063, 59.857453504238663, 6.909999847412109 ], [ 17.641230140170421, 59.857330587679023, 6.510000228881836 ], [ 17.641606535493551, 59.857119044847842, 6.21999979019165 ] ] } },
{ "type": "Feature", "properties": { }, "geometry": { "type": "LineString", "coordinates": [ [ 17.641606535493551, 59.857119044847842, 6.21999979019165 ], [ 17.641719892114651, 59.857055335087431, 6.150000095367432 ], [ 17.641825237417599, 59.856996127086042, 6.039999961853027 ] ] } },
{ "type": "Feature", "properties": { }, "geometry": { "type": "LineString", "coordinates": [ [ 17.637347374379122, 59.860904564507635, 9.560000419616699 ], [ 17.63740416411564, 59.86087146099841, 9.539999961853027 ], [ 17.637449626433806, 59.860844958693718, 9.529999732971191 ] ] } },
{ "type": "Feature", "properties": { }, "geometry": { "type": "LineString", "coordinates": [ [ 17.639178213108476, 59.856623891773701, 4.53000020980835 ], [ 17.639224948606106, 59.856648330019105, 4.590000152587891 ], [ 17.639525288692202, 59.856805344968294, 4.5 ], [ 17.639575493321509, 59.856831590803175, 4.71999979019165 ], [ 17.639607818472616, 59.856855811111963, 4.920000076293945 ] ] } },
{ "type": "Feature", "properties": { }, "geometry": { "type": "LineString", "coordinates": [ [ 17.640292914599478, 59.857184511218023, 6.25 ], [ 17.639677965210463, 59.856892909287623, 5.010000228881836 ], [ 17.639645430250741, 59.856875702592625, 4.960000038146973 ] ] } },
{ "type": "Feature", "properties": { }, "geometry": { "type": "LineString", "coordinates": [ [ 17.639645430250741, 59.856875702592625, 4.960000038146973 ], [ 17.639645430250734, 59.856875702592625, 4.960000038146973 ] ] } },
{ "type": "Feature", "properties": { }, "geometry": { "type": "LineString", "coordinates": [ [ 17.639645430250734, 59.856875702592625, 4.960000038146973 ], [ 17.639641622416693, 59.856873688749822, 4.960000038146973 ], [ 17.639607815054855, 59.856855809904737, 4.920000076293945 ] ] } },
{ "type": "Feature", "properties": { }, "geometry": { "type": "LineString", "coordinates": [ [ 17.643488794944972, 59.858747725362569, 5.679999828338623 ], [ 17.643406448128189, 59.858707346554162, 5.789999961853027 ], [ 17.643322659411673, 59.858666261745476, 5.960000038146973 ], [ 17.642849819374604, 59.858434401589911, 6.0 ] ] } },
{ "type": "Feature", "properties": { }, "geometry": { "type": "LineString", "coordinates": [ [ 17.642849819374604, 59.858434401589911, 6.0 ], [ 17.6426836877901, 59.858352936716571, 5.960000038146973 ], [ 17.642273592212728, 59.858151838163636, 6.159999847412109 ], [ 17.64223931604846, 59.858134861327109, 6.159999847412109 ], [ 17.642211162701336, 59.858120917075702, 6.170000076293945 ] ] } },
{ "type": "Feature", "properties": { }, "geometry": { "type": "LineString", "coordinates": [ [ 17.642211162701336, 59.858120917075702, 6.170000076293945 ], [ 17.641603481959027, 59.857819930635507, 6.880000114440918 ], [ 17.641578048352724, 59.857807333086996, 6.889999866485596 ], [ 17.641575329156197, 59.8578059862378, 6.889999866485596 ] ] } },
{ "type": "Feature", "properties": { }, "geometry": { "type": "LineString", "coordinates": [ [ 17.641575329156197, 59.8578059862378, 6.889999866485596 ], [ 17.640942227036646, 59.857492398964347, 7.019999980926514 ], [ 17.64093945014368, 59.857491082250171, 7.019999980926514 ] ] } },
{ "type": "Feature", "properties": { }, "geometry": { "type": "LineString", "coordinates": [ [ 17.64093945014368, 59.857491082250171, 7.019999980926514 ], [ 17.640292914599478, 59.857184511218023, 6.25 ] ] } },
{ "type": "Feature", "properties": { }, "geometry": { "type": "LineString", "coordinates": [ [ 17.635441122022748, 59.858275214038969, 9.5 ], [ 17.635245293348554, 59.858361708270721, 9.670000076293945 ] ] } },
{ "type": "Feature", "properties": { }, "geometry": { "type": "LineString", "coordinates": [ [ 17.635630100698005, 59.858398277638742, 8.590000152587891 ], [ 17.635687525569754, 59.858432223539317, 8.409999847412109 ], [ 17.635833258003057, 59.85851836899473, 8.229999542236328 ], [ 17.636136176298525, 59.858697429636166, 8.340000152587891 ], [ 17.636180781362956, 59.858723796982865, 8.119999885559082 ] ] } },
{ "type": "Feature", "properties": { }, "geometry": { "type": "LineString", "coordinates": [ [ 17.634536093751766, 59.857659390785741, 11.300000190734863 ], [ 17.634582414523244, 59.857693865752729, 11.329999923706055 ], [ 17.634737436994762, 59.857809241459968, 11.470000267028809 ], [ 17.634928013987935, 59.857941060527217, 11.25 ], [ 17.635055614479047, 59.858024159157033, 10.869999885559082 ] ] } },
{ "type": "Feature", "properties": { }, "geometry": { "type": "LineString", "coordinates": [ [ 17.635055614479047, 59.858024159157033, 10.869999885559082 ], [ 17.635441122022748, 59.858275214038969, 9.5 ] ] } },
{ "type": "Feature", "properties": { }, "geometry": { "type": "LineString", "coordinates": [ [ 17.635441122022748, 59.858275214038969, 9.5 ], [ 17.635473326544144, 59.858296186939704, 9.350000381469727 ], [ 17.635531948481379, 59.858334362041504, 8.989999771118164 ], [ 17.635603157775943, 59.858380732893266, 8.680000305175781 ], [ 17.635630100698005, 59.858398277638742, 8.590000152587891 ] ] } },
{ "type": "Feature", "properties": { }, "geometry": { "type": "LineString", "coordinates": [ [ 17.635245293348554, 59.858361708270721, 9.670000076293945 ], [ 17.634976878607514, 59.858480465578374, 9.720000267028809 ], [ 17.634906686898518, 59.858510088157715, 9.720000267028809 ], [ 17.634838654017585, 59.858535460198986, 9.819999694824219 ], [ 17.634762152723638, 59.858560807656303, 9.800000190734863 ], [ 17.634672912438194, 59.858589315532079, 9.869999885559082 ] ] } },
{ "type": "Feature", "properties": { }, "geometry": { "type": "LineString", "coordinates": [ [ 17.636197837159322, 59.858733995196367, 8.029999732971191 ], [ 17.636180781362956, 59.858723796982865, 8.119999885559082 ] ] } },
{ "type": "Feature", "properties": { }, "geometry": { "type": "LineString", "coordinates": [ [ 17.636774864036024, 59.859076292604584, 9.189999580383301 ], [ 17.636746166053612, 59.859061857988678, 9.149999618530273 ], [ 17.636252725484571, 59.85876681516784, 7.929999828338623 ], [ 17.636224575507917, 59.85874998290452, 7.989999771118164 ], [ 17.636197837159322, 59.858733995196367, 8.029999732971191 ] ] } },
{ "type": "Feature", "properties": { }, "geometry": { "type": "LineString", "coordinates": [ [ 17.638040802904239, 59.859682969015743, 10.119999885559082 ], [ 17.637405879693084, 59.859393678369344, 10.220000267028809 ] ] } },
{ "type": "Feature", "properties": { }, "geometry": { "type": "LineString", "coordinates": [ [ 17.638860661950066, 59.860056509880621, 9.699999809265137 ], [ 17.638199269178124, 59.859755169840589, 10.180000305175781 ] ] } },
{ "type": "Feature", "properties": { }, "geometry": { "type": "LineString", "coordinates": [ [ 17.638199269178124, 59.859755169840589, 10.180000305175781 ], [ 17.638040802904239, 59.859682969015743, 10.119999885559082 ] ] } },
{ "type": "Feature", "properties": { }, "geometry": { "type": "LineString", "coordinates": [ [ 17.640091520780974, 59.860636634822839, 7.46999979019165 ], [ 17.639946405166924, 59.860568241396322, 7.650000095367432 ], [ 17.639523427320398, 59.860368886379135, 8.710000038146973 ], [ 17.63949015864485, 59.860353205873118, 8.859999656677246 ], [ 17.639440328651848, 59.86032972017874, 8.989999771118164 ] ] } },
{ "type": "Feature", "properties": { }, "geometry": { "type": "LineString", "coordinates": [ [ 17.639440328651848, 59.86032972017874, 8.989999771118164 ], [ 17.63944032865184, 59.86032972017874, 8.989999771118164 ] ] } },
{ "type": "Feature", "properties": { }, "geometry": { "type": "LineString", "coordinates": [ [ 17.63944032865184, 59.86032972017874, 8.989999771118164 ], [ 17.638860661950066, 59.860056509880621, 9.699999809265137 ] ] } },
{ "type": "Feature", "properties": { }, "geometry": { "type": "LineString", "coordinates": [ [ 17.637405879693084, 59.859393678369344, 10.220000267028809 ], [ 17.636774864036024, 59.859076292604584, 9.189999580383301 ] ] } },
{ "type": "Feature", "properties": { }, "geometry": { "type": "LineString", "coordinates": [ [ 17.636774864036024, 59.859076292604584, 9.189999580383301 ], [ 17.636774864036024, 59.859076292604584, 9.189999580383301 ] ] } },
{ "type": "Feature", "properties": { }, "geometry": { "type": "LineString", "coordinates": [ [ 17.631816895311289, 59.856956963227503, 18.680000305175781 ], [ 17.631822783060063, 59.85693012392445, 18.670000076293945 ], [ 17.631914757712867, 59.856510817401649, 18.370000839233398 ] ] } },
{ "type": "Feature", "properties": { }, "geometry": { "type": "LineString", "coordinates": [ [ 17.631914757712867, 59.856510817401649, 18.370000839233398 ], [ 17.632012617168215, 59.856064671466697, 19.120000839233398 ] ] } },
{ "type": "Feature", "properties": { }, "geometry": { "type": "LineString", "coordinates": [ [ 17.632012617168215, 59.856064671466697, 19.120000839233398 ], [ 17.632031294104003, 59.855979521137606, 19.579999923706055 ] ] } },
{ "type": "Feature", "properties": { }, "geometry": { "type": "LineString", "coordinates": [ [ 17.632010199322238, 59.857471986943409, 17.530000686645508 ], [ 17.632066506193727, 59.857440916807704, 17.520000457763672 ], [ 17.632099156292906, 59.857425870390351, 17.579999923706055 ], [ 17.632131906389336, 59.857410778840851, 17.649999618530273 ], [ 17.632138720529731, 59.857048598685935, 18.170000076293945 ] ] } },
{ "type": "Feature", "properties": { }, "geometry": { "type": "LineString", "coordinates": [ [ 17.632138720529731, 59.857048598685935, 18.170000076293945 ], [ 17.632139647153547, 59.856999347282546, 18.180000305175781 ], [ 17.632121221621507, 59.856976833095381, 18.170000076293945 ], [ 17.63205025002225, 59.856963131981601, 18.309999465942383 ], [ 17.631816895311289, 59.856956963227503, 18.680000305175781 ] ] } },
{ "type": "Feature", "properties": { }, "geometry": { "type": "LineString", "coordinates": [ [ 17.631807395789835, 59.857037961866574, 18.659999847412109 ], [ 17.631812334102349, 59.856992362164448, 18.600000381469727 ], [ 17.631816895311289, 59.856956963227503, 18.680000305175781 ] ] } },
{ "type": "Feature", "properties": { }, "geometry": { "type": "LineString", "coordinates": [ [ 17.641512305679999, 59.86131131450221, 7.210000038146973 ], [ 17.641278954538123, 59.861259286084277, 6.590000152587891 ], [ 17.64081612766882, 59.861039020130789, 6.539999961853027 ] ] } },
{ "type": "Feature", "properties": { }, "geometry": { "type": "LineString", "coordinates": [ [ 17.64081612766882, 59.861039020130789, 6.539999961853027 ], [ 17.64071218255706, 59.860989550528707, 6.659999847412109 ] ] } },
{ "type": "Feature", "properties": { }, "geometry": { "type": "LineString", "coordinates": [ [ 17.640928411097594, 59.860974989192556, 6.28000020980835 ], [ 17.641397448865817, 59.861202876613625, 6.619999885559082 ], [ 17.641510425566587, 59.861309539468031, 7.210000038146973 ] ] } },
{ "type": "Feature", "properties": { }, "geometry": { "type": "LineString", "coordinates": [ [ 17.641510425566587, 59.861309539468031, 7.210000038146973 ], [ 17.641512305679999, 59.86131131450221, 7.210000038146973 ] ] } },
{ "type": "Feature", "properties": { }, "geometry": { "type": "LineString", "coordinates": [ [ 17.641512305679999, 59.86131131450221, 7.210000038146973 ], [ 17.642141554173083, 59.861629607055505, 6.949999809265137 ] ] } },
{ "type": "Feature", "properties": { }, "geometry": { "type": "LineString", "coordinates": [ [ 17.642141554173083, 59.861629607055505, 6.949999809265137 ], [ 17.642196897833379, 59.861657601080985, 6.900000095367432 ], [ 17.642519039261725, 59.861814586750818, 6.989999771118164 ] ] } },
{ "type": "Feature", "properties": { }, "geometry": { "type": "LineString", "coordinates": [ [ 17.642519039261725, 59.861814586750818, 6.989999771118164 ], [ 17.642830585943798, 59.861966407218745, 7.059999942779541 ], [ 17.642891879244512, 59.861996276306222, 7.039999961853027 ] ] } }
]
}
