{"type":"FeatureCollection","name":"AmcoffShortestLines","crs":{"type":"name","properties":{"name":"urn:ogc:def:crs:OGC:1.3:CRS84"}},"features":[{"type":"Feature","geometry":{"type":"LineString","coordinates":[[17.633736007322195,59.85231066028612,29.079999923706055],[17.633937733205777,59.8523603789911,29.479999542236328]]},"properties":{"slope":3.177}},{"type":"Feature","geometry":{"type":"LineString","coordinates":[[17.628512692594793,59.85551623527691,22.84000015258789],[17.628561828763566,59.855537370518846,22.920000076293945]]},"properties":{"slope":2.208}},{"type":"Feature","geometry":{"type":"LineString","coordinates":[[17.633441030212055,59.85253321306248,28.780000686645508],[17.633586907093303,59.852368291845146,28.68000030517578]]},"properties":{"slope":0.497}},{"type":"Feature","geometry":{"type":"LineString","coordinates":[[17.64581010093898,59.85207167520783,4.429999828338623],[17.645722485433136,59.85205431396774,4.289999961853027]]},"properties":{"slope":2.653}},{"type":"Feature","geometry":{"type":"LineString","coordinates":[[17.635353640003103,59.85201296949357,29.079999923706055],[17.635326464212014,59.85199933773395,29.110000610351562]]},"properties":{"slope":1.395}},{"type":"Feature","geometry":{"type":"LineString","coordinates":[[17.63539401050131,59.852035502133006,29.09000015258789],[17.635353640003103,59.85201296949357,29.079999923706055]]},"properties":{"slope":0.296}},{"type":"Feature","geometry":{"type":"LineString","coordinates":[[17.636917282585134,59.85477183111133,6.960000038146973],[17.637065306995204,59.85481815994232,6.320000171661377]]},"properties":{"slope":6.55}},{"type":"Feature","geometry":{"type":"LineString","coordinates":[[17.63961431008414,59.85695170042437,5.119999885559082],[17.639677960882256,59.856892906998596,5.010001269258685]]},"properties":{"slope":1.475}},{"type":"Feature","geometry":{"type":"LineString","coordinates":[[17.639677960882256,59.856892906998596,5.010001269258685],[17.63967796148427,59.85689290644252,5.010000228881836]]},"properties":{"slope":1.475}},{"type":"Feature","geometry":{"type":"LineString","coordinates":[[17.63866750318006,59.857598287247846,5.210000038146973],[17.638689925414806,59.85758718081831,5.179999828338623]]},"properties":{"slope":1.701}},{"type":"Feature","geometry":{"type":"LineString","coordinates":[[17.645570662869094,59.85826522240915,5.900000095367432],[17.64548724937797,59.85831267459679,5.949999809265137]]},"properties":{"slope":0.709}},{"type":"Feature","geometry":{"type":"LineString","coordinates":[[17.645159118879285,59.85849208600055,5.900000095367432],[17.645086997106592,59.85853604181951,5.809999942779541]]},"properties":{"slope":1.417}},{"type":"Feature","geometry":{"type":"LineString","coordinates":[[17.629883109274257,59.85530449139783,23.31999969482422],[17.629900848634335,59.85526592772296,23.450000762939453]]},"properties":{"slope":2.948}},{"type":"Feature","geometry":{"type":"LineString","coordinates":[[17.634232636946667,59.85141249923523,28.100000381469727],[17.634399072029918,59.85155847893325,28.489999771118164]]},"properties":{"slope":2.08}},{"type":"Feature","geometry":{"type":"LineString","coordinates":[[17.632061317856845,59.85513652961781,24.420000076293945],[17.632445650632828,59.85517917276267,24.020000457763672]]},"properties":{"slope":1.813}},{"type":"Feature","geometry":{"type":"LineString","coordinates":[[17.631618855871068,59.85556857679545,23.809999465942383],[17.63161034949339,59.85556454264149,23.889999389648438]]},"properties":{"slope":5.805}},{"type":"Feature","geometry":{"type":"LineString","coordinates":[[17.63161034949339,59.85556454264149,23.889999389648438],[17.631433895149105,59.85544494155952,24.81999969482422]]},"properties":{"slope":5.805}},{"type":"Feature","geometry":{"type":"LineString","coordinates":[[17.631761971276557,59.8556351528803,23.5],[17.631618855871068,59.85556857679545,23.809999465942383]]},"properties":{"slope":2.838}},{"type":"Feature","geometry":{"type":"LineString","coordinates":[[17.655542868491754,59.85729639268676,9.09000015258789],[17.6553860888442,59.857386039694504,8.770000457763672]]},"properties":{"slope":2.405}},{"type":"Feature","geometry":{"type":"LineString","coordinates":[[17.627962500747536,59.86029648473651,9.289999961853027],[17.627779695730183,59.86035393253272,9.229999542236328]]},"properties":{"slope":0.496}},{"type":"Feature","geometry":{"type":"LineString","coordinates":[[17.646113391269065,59.851453284863695,2.799999952316284],[17.6458746604753,59.851671058600346,3.099999904632568]]},"properties":{"slope":0.203}},{"type":"Feature","geometry":{"type":"LineString","coordinates":[[17.6458746604753,59.851671058600346,3.099999904632568],[17.645689778210098,59.85183970498426,2.700000047683716]]},"properties":{"slope":0.203}},{"type":"Feature","geometry":{"type":"LineString","coordinates":[[17.634124063199874,59.85138759368663,27.959999084472656],[17.634232636946667,59.85141249923523,28.100000381469727]]},"properties":{"slope":0.632}},{"type":"Feature","geometry":{"type":"LineString","coordinates":[[17.634232636946667,59.85141249923523,28.100000381469727],[17.634504310080096,59.85142684757505,28.100000381469727]]},"properties":{"slope":0.632}},{"type":"Feature","geometry":{"type":"LineString","coordinates":[[17.633667840657395,59.85235022654158,28.950000762939453],[17.633736007322195,59.85231066028612,29.079999923706055]]},"properties":{"slope":1.12}},{"type":"Feature","geometry":{"type":"LineString","coordinates":[[17.633736007322195,59.85231066028612,29.079999923706055],[17.63406173847276,59.85194962309494,29.510000228881836]]},"properties":{"slope":1.12}},{"type":"Feature","geometry":{"type":"LineString","coordinates":[[17.63406173847276,59.85194962309494,29.510000228881836],[17.634399072029918,59.85155847893325,28.489999771118164]]},"properties":{"slope":2.12}},{"type":"Feature","geometry":{"type":"LineString","coordinates":[[17.634399072029918,59.85155847893325,28.489999771118164],[17.63441569070342,59.85153769516523,28.450000762939453]]},"properties":{"slope":2.12}},{"type":"Feature","geometry":{"type":"LineString","coordinates":[[17.63441569070342,59.85153769516523,28.450000762939453],[17.634504310080096,59.85142684757505,28.100000381469727]]},"properties":{"slope":1.667}},{"type":"Feature","geometry":{"type":"LineString","coordinates":[[17.634504310080096,59.85142684757505,28.100000381469727],[17.634656073826463,59.85123229320076,27.84000015258789]]},"properties":{"slope":1.667}},{"type":"Feature","geometry":{"type":"LineString","coordinates":[[17.639035375273167,59.85342854703053,5.03000020980835],[17.638767751780527,59.853643953852874,5.670000076293945]]},"properties":{"slope":2.261}},{"type":"Feature","geometry":{"type":"LineString","coordinates":[[17.632445650632828,59.85517917276267,24.020000457763672],[17.63250696521903,59.85506551710979,25.010000228881836]]},"properties":{"slope":7.546}},{"type":"Feature","geometry":{"type":"LineString","coordinates":[[17.650971359806157,59.8543972299748,5.03000020980835],[17.65086309023607,59.854391373319565,4.869999885559082]]},"properties":{"slope":0.14}},{"type":"Feature","geometry":{"type":"LineString","coordinates":[[17.65086309023607,59.854391373319565,4.869999885559082],[17.650276613013457,59.85413012568298,4.960000038146973]]},"properties":{"slope":0.14}},{"type":"Feature","geometry":{"type":"LineString","coordinates":[[17.650276613013457,59.85413012568298,4.960000038146973],[17.650098031121445,59.85399564749851,4.949999809265137],[17.64993639091665,59.85392164785994,4.710000038146973]]},"properties":{"slope":0.818}},{"type":"Feature","geometry":{"type":"LineString","coordinates":[[17.63712592881007,59.8645309548931,6.699999809265137],[17.63685767448728,59.86468201191391,7.340000152587891]]},"properties":{"slope":2.836}},{"type":"Feature","geometry":{"type":"LineString","coordinates":[[17.644805359031466,59.85868982783003,6.039999961853027],[17.644738944776854,59.85913741662507,6.380000114440918]]},"properties":{"slope":0.68}},{"type":"Feature","geometry":{"type":"LineString","coordinates":[[17.644738944776854,59.85913741662507,6.380000114440918],[17.64472783121933,59.85920845136479,6.440000057220459]]},"properties":{"slope":0.756}},{"type":"Feature","geometry":{"type":"LineString","coordinates":[[17.644406641285943,59.85919949360462,6.5],[17.64458248734209,59.859286434232686,6.539999961853027]]},"properties":{"slope":0.289}},{"type":"Feature","geometry":{"type":"LineString","coordinates":[[17.645469134090632,59.858322974711996,5.940000057220459],[17.645170672773194,59.85848505134841,5.929999828338623]]},"properties":{"slope":0.041}},{"type":"Feature","geometry":{"type":"LineString","coordinates":[[17.650971359806157,59.8543972299748,5.03000020980835],[17.651312932856193,59.85421138697029,5.28000020980835]]},"properties":{"slope":0.887}},{"type":"Feature","geometry":{"type":"LineString","coordinates":[[17.64548724937797,59.85831267459679,5.949999809265137],[17.645469134090632,59.858322974711996,5.940000057220459]]},"properties":{"slope":0.653}},{"type":"Feature","geometry":{"type":"LineString","coordinates":[[17.645170672773194,59.85848505134841,5.929999828338623],[17.645159118879285,59.85849208600055,5.900000095367432]]},"properties":{"slope":2.951}},{"type":"Feature","geometry":{"type":"LineString","coordinates":[[17.633923950991527,59.86018537729306,7.28000020980835],[17.634017326947504,59.86020714246913,7.369999885559082]]},"properties":{"slope":2.64}},{"type":"Feature","geometry":{"type":"LineString","coordinates":[[17.634017326947504,59.86020714246913,7.369999885559082],[17.634614737082043,59.8604664638209,8.600000381469727]]},"properties":{"slope":2.64}},{"type":"Feature","geometry":{"type":"LineString","coordinates":[[17.634614737082043,59.8604664638209,8.600000381469727],[17.63491328613175,59.860599726814144,9.34000015258789]]},"properties":{"slope":3.308}},{"type":"Feature","geometry":{"type":"LineString","coordinates":[[17.633826061863758,59.860326296930026,7.210000038146973],[17.634017326947504,59.86020714246913,7.369999885559082]]},"properties":{"slope":0.938}},{"type":"Feature","geometry":{"type":"LineString","coordinates":[[17.63267936067968,59.85966694459672,7.460000038146973],[17.632660434309614,59.85967645966021,7.440000057220459]]},"properties":{"slope":1.334}},{"type":"Feature","geometry":{"type":"LineString","coordinates":[[17.64349124781009,59.849690225556934,6.670000076293945],[17.643110160086817,59.85009577764171,5.670000076293945]]},"properties":{"slope":2}},{"type":"Feature","geometry":{"type":"LineString","coordinates":[[17.643110160086817,59.85009577764171,5.670000076293945],[17.643082786191872,59.85012180359639,5.559999942779541]]},"properties":{"slope":3.353}},{"type":"Feature","geometry":{"type":"LineString","coordinates":[[17.632660434309614,59.85967645966021,7.440000057220459],[17.63261182627806,59.859700894146805,7.480000019073486]]},"properties":{"slope":1.039}},{"type":"Feature","geometry":{"type":"LineString","coordinates":[[17.640770055659136,59.86620257233897,9.449999809265137],[17.640828862235413,59.866172597071824,9.5]]},"properties":{"slope":0.621}},{"type":"Feature","geometry":{"type":"LineString","coordinates":[[17.640828862235413,59.866172597071824,9.5],[17.64089332367994,59.86613974003886,9.489999771118164]]},"properties":{"slope":0.621}},{"type":"Feature","geometry":{"type":"LineString","coordinates":[[17.64089332367994,59.86613974003886,9.489999771118164],[17.641219145276313,59.866002654490046,9.239999771118164]]},"properties":{"slope":0.621}},{"type":"Feature","geometry":{"type":"LineString","coordinates":[[17.635574230165844,59.85213607844061,28.959999084472656],[17.636274489302654,59.85241421712454,24.100000381469727]]},"properties":{"slope":9.719}},{"type":"Feature","geometry":{"type":"LineString","coordinates":[[17.636274489302654,59.85241421712454,24.100000381469727],[17.636974760094446,59.85269235199364,15.59000015258789]]},"properties":{"slope":17.018}},{"type":"Feature","geometry":{"type":"LineString","coordinates":[[17.636974760094446,59.85269235199364,15.59000015258789],[17.637269093343154,59.85280925330607,13.289999961853027]]},"properties":{"slope":10.943}},{"type":"Feature","geometry":{"type":"LineString","coordinates":[[17.634603018127706,59.85164613303259,28.670000076293945],[17.63486253650593,59.851307579387544,27.90999984741211]]},"properties":{"slope":1.88}},{"type":"Feature","geometry":{"type":"LineString","coordinates":[[17.634343223786217,59.85189371591829,29.5],[17.63443463566565,59.851846239135604,29.459999084472656],[17.634603018127706,59.85164613303259,28.670000076293945]]},"properties":{"slope":2.621}},{"type":"Feature","geometry":{"type":"LineString","coordinates":[[17.634343223786217,59.85189371591829,29.5],[17.63511607254153,59.85189376194482,29.040000915527344]]},"properties":{"slope":1.062}},{"type":"Feature","geometry":{"type":"LineString","coordinates":[[17.634603018127706,59.85164613303259,28.670000076293945],[17.63511607254153,59.85189376194482,29.040000915527344]]},"properties":{"slope":0.928}},{"type":"Feature","geometry":{"type":"LineString","coordinates":[[17.635326464212014,59.85199933773395,29.110000610351562],[17.63511607254153,59.85189376194482,29.040000915527344]]},"properties":{"slope":0.42}},{"type":"Feature","geometry":{"type":"LineString","coordinates":[[17.635574230165844,59.85213607844061,28.959999084472656],[17.63539401050131,59.852035502133006,29.09000015258789]]},"properties":{"slope":0.862}},{"type":"Feature","geometry":{"type":"LineString","coordinates":[[17.63130722890143,59.854314358792855,24.829999923706055],[17.631266787454074,59.854287650644835,24.889999389648438]]},"properties":{"slope":1.604}},{"type":"Feature","geometry":{"type":"LineString","coordinates":[[17.64517533235706,59.85145657305467,3.710000038146973],[17.6458746604753,59.851671058600346,3.099999904632568]]},"properties":{"slope":1.329}},{"type":"Feature","geometry":{"type":"LineString","coordinates":[[17.629936442131356,59.8550328775923,23.65999984741211],[17.63039665637059,59.85524195831009,24.209999084472656]]},"properties":{"slope":1.583}},{"type":"Feature","geometry":{"type":"LineString","coordinates":[[17.636252074624736,59.86440948406553,5.630000114440918],[17.636483436477906,59.864288621939465,5.300000190734863]]},"properties":{"slope":1.766}},{"type":"Feature","geometry":{"type":"LineString","coordinates":[[17.64566348833794,59.85087638804264,4.489999771118164],[17.644907714272474,59.85063787350568,4.019999980926514]]},"properties":{"slope":0.94}},{"type":"Feature","geometry":{"type":"LineString","coordinates":[[17.644907714272474,59.85063787350568,4.019999980926514],[17.644769250790542,59.85059417500528,3.829999923706055]]},"properties":{"slope":0.4}},{"type":"Feature","geometry":{"type":"LineString","coordinates":[[17.644769250790542,59.85059417500528,3.829999923706055],[17.644167087198838,59.850387749330984,4.21999979019165]]},"properties":{"slope":0.4}},{"type":"Feature","geometry":{"type":"LineString","coordinates":[[17.644167087198838,59.850387749330984,4.21999979019165],[17.64411550990965,59.85037140882576,4.25]]},"properties":{"slope":1.54}},{"type":"Feature","geometry":{"type":"LineString","coordinates":[[17.64411550990965,59.85037140882576,4.25],[17.6435267253401,59.8501849160719,4.710000038146973]]},"properties":{"slope":1.54}},{"type":"Feature","geometry":{"type":"LineString","coordinates":[[17.6435267253401,59.8501849160719,4.710000038146973],[17.643412106730526,59.85014860805429,4.989999771118164]]},"properties":{"slope":1.54}},{"type":"Feature","geometry":{"type":"LineString","coordinates":[[17.643412106730526,59.85014860805429,4.989999771118164],[17.643359241720297,59.8501318618148,5.070000171661377]]},"properties":{"slope":2.285}},{"type":"Feature","geometry":{"type":"LineString","coordinates":[[17.639245390937695,59.85325587331889,4.699999809265137],[17.63907951125322,59.8533922578733,4.860000133514404]]},"properties":{"slope":0.898}},{"type":"Feature","geometry":{"type":"LineString","coordinates":[[17.643334628068757,59.85016145048079,5.059999942779541],[17.64324446209251,59.850236853740974,5]]},"properties":{"slope":0.612}},{"type":"Feature","geometry":{"type":"LineString","coordinates":[[17.643082786191872,59.85012180359639,5.559999942779541],[17.64263231940211,59.850509182130324,4.869999885559082]]},"properties":{"slope":1.38}},{"type":"Feature","geometry":{"type":"LineString","coordinates":[[17.64263231940211,59.850509182130324,4.869999885559082],[17.642182282805653,59.85088386688441,4.599999904632568]]},"properties":{"slope":0.52}},{"type":"Feature","geometry":{"type":"LineString","coordinates":[[17.642182282805653,59.85088386688441,4.599999904632568],[17.64217084156016,59.85089331912144,4.610000133514404]]},"properties":{"slope":0.52}},{"type":"Feature","geometry":{"type":"LineString","coordinates":[[17.64217084156016,59.85089331912144,4.610000133514404],[17.642007986111498,59.85102786220943,4.46999979019165]]},"properties":{"slope":0.06}},{"type":"Feature","geometry":{"type":"LineString","coordinates":[[17.642007986111498,59.85102786220943,4.46999979019165],[17.641814726574793,59.85115166637115,4.449999809265137],[17.641585127079818,59.851216417584304,4.579999923706055]]},"properties":{"slope":0.06}},{"type":"Feature","geometry":{"type":"LineString","coordinates":[[17.641585127079818,59.851216417584304,4.579999923706055],[17.641130971463202,59.851602316713496,4.480000019073486]]},"properties":{"slope":0.2}},{"type":"Feature","geometry":{"type":"LineString","coordinates":[[17.641130971463202,59.851602316713496,4.480000019073486],[17.641063864824883,59.851671175057966,4.429999828338623],[17.64103490461563,59.85179607063248,4.389999866485596],[17.640991406349112,59.85186453269708,4.329999923706055],[17.64081893093261,59.85201507866408,4.269999980926514]]},"properties":{"slope":0.42}},{"type":"Feature","geometry":{"type":"LineString","coordinates":[[17.64081893093261,59.85201507866408,4.269999980926514],[17.640793508923558,59.85203647378837,4.260000228881836]]},"properties":{"slope":0.34}},{"type":"Feature","geometry":{"type":"LineString","coordinates":[[17.640793508923558,59.85203647378837,4.260000228881836],[17.640361145341455,59.85240034253679,4.440000057220459]]},"properties":{"slope":0.34}},{"type":"Feature","geometry":{"type":"LineString","coordinates":[[17.640361145341455,59.85240034253679,4.440000057220459],[17.639893820332652,59.8527824277476,4.570000171661377]]},"properties":{"slope":0.26}},{"type":"Feature","geometry":{"type":"LineString","coordinates":[[17.639893820332652,59.8527824277476,4.570000171661377],[17.639711579103253,59.852903203453245,4.570000171661377],[17.639425978592225,59.85316329767575,4.710000038146973]]},"properties":{"slope":0.28}},{"type":"Feature","geometry":{"type":"LineString","coordinates":[[17.639425978592225,59.85316329767575,4.710000038146973],[17.639367259422574,59.853218617711065,4.679999828338623],[17.639263922975204,59.85324063337172,4.739999771118164]]},"properties":{"slope":0.065}},{"type":"Feature","geometry":{"type":"LineString","coordinates":[[17.639263922975204,59.85324063337172,4.739999771118164],[17.639245390937695,59.85325587331889,4.699999809265137]]},"properties":{"slope":0.065}},{"type":"Feature","geometry":{"type":"LineString","coordinates":[[17.643707541714186,59.84974858696563,5.28000020980835],[17.64366531258987,59.849794334414234,3.960000038146973]]},"properties":{"slope":0.44}},{"type":"Feature","geometry":{"type":"LineString","coordinates":[[17.64366531258987,59.849794334414234,3.960000038146973],[17.643359241720297,59.8501318618148,5.070000171661377]]},"properties":{"slope":0.44}},{"type":"Feature","geometry":{"type":"LineString","coordinates":[[17.643359241720297,59.8501318618148,5.070000171661377],[17.64333821795696,59.850157134992855,5.059999942779541]]},"properties":{"slope":0.44}},{"type":"Feature","geometry":{"type":"LineString","coordinates":[[17.64333821795696,59.850157134992855,5.059999942779541],[17.643334628068757,59.85016145048079,5.059999942779541]]},"properties":{"slope":0.001}},{"type":"Feature","geometry":{"type":"LineString","coordinates":[[17.64324446209251,59.850236853740974,5],[17.643185307587444,59.85028633006195,4.949999809265137]]},"properties":{"slope":0.62}},{"type":"Feature","geometry":{"type":"LineString","coordinates":[[17.643185307587444,59.85028633006195,4.949999809265137],[17.642784562227494,59.850621472180244,4.690000057220459]]},"properties":{"slope":0.62}},{"type":"Feature","geometry":{"type":"LineString","coordinates":[[17.642784562227494,59.850621472180244,4.690000057220459],[17.642324647498192,59.85100608775626,4.489999771118164]]},"properties":{"slope":0.4}},{"type":"Feature","geometry":{"type":"LineString","coordinates":[[17.642324647498192,59.85100608775626,4.489999771118164],[17.64222749479027,59.85108733289168,4.539999961853027]]},"properties":{"slope":0.466}},{"type":"Feature","geometry":{"type":"LineString","coordinates":[[17.64222749479027,59.85108733289168,4.539999961853027],[17.642068167678126,59.85122057778944,4.360000133514404]]},"properties":{"slope":0.466}},{"type":"Feature","geometry":{"type":"LineString","coordinates":[[17.63907951125322,59.8533922578733,4.860000133514404],[17.63906580146762,59.8534035251989,4.960000038146973]]},"properties":{"slope":3.587}},{"type":"Feature","geometry":{"type":"LineString","coordinates":[[17.63906580146762,59.8534035251989,4.960000038146973],[17.639035375273167,59.85342854703053,5.03000020980835]]},"properties":{"slope":3.587}},{"type":"Feature","geometry":{"type":"LineString","coordinates":[[17.642068167678126,59.85122057778944,4.360000133514404],[17.641612084579297,59.851599592776,4.389999866485596]]},"properties":{"slope":0.1}},{"type":"Feature","geometry":{"type":"LineString","coordinates":[[17.641612084579297,59.851599592776,4.389999866485596],[17.641606121074787,59.85160454864221,4.409999847412109]]},"properties":{"slope":0.1}},{"type":"Feature","geometry":{"type":"LineString","coordinates":[[17.641606121074787,59.85160454864221,4.409999847412109],[17.641144072716436,59.851988520611414,4.360000133514404]]},"properties":{"slope":0.1}},{"type":"Feature","geometry":{"type":"LineString","coordinates":[[17.641144072716436,59.851988520611414,4.360000133514404],[17.64068201378258,59.852372491010605,4.460000038146973]]},"properties":{"slope":0.2}},{"type":"Feature","geometry":{"type":"LineString","coordinates":[[17.64068201378258,59.852372491010605,4.460000038146973],[17.64064062024295,59.852406888484985,4.460000038146973]]},"properties":{"slope":0.183}},{"type":"Feature","geometry":{"type":"LineString","coordinates":[[17.64064062024295,59.852406888484985,4.460000038146973],[17.640480467383494,59.85253997652752,4.5]]},"properties":{"slope":0.183}},{"type":"Feature","geometry":{"type":"LineString","coordinates":[[17.642182282805653,59.85088386688441,4.599999904632568],[17.641923541094144,59.85082460240068,4.980000019073486]]},"properties":{"slope":2.384}},{"type":"Feature","geometry":{"type":"LineString","coordinates":[[17.63816391862808,59.852630030837574,7.050000190734863],[17.63829192890066,59.852571360636915,6.760000228881836]]},"properties":{"slope":2.988}},{"type":"Feature","geometry":{"type":"LineString","coordinates":[[17.638337509387355,59.8525746205408,6.579999923706055],[17.63829192890066,59.852571360636915,6.760000228881836]]},"properties":{"slope":6.955}},{"type":"Feature","geometry":{"type":"LineString","coordinates":[[17.63852026285059,59.8526412506764,6.159999847412109],[17.63840112808701,59.85280201101545,6.340000152587891],[17.63839791024027,59.85288037152897,6.079999923706055],[17.638453799439777,59.85295058764224,5.849999904632568],[17.638610089850385,59.85304483295326,5.510000228881836]]},"properties":{"slope":1.3}},{"type":"Feature","geometry":{"type":"LineString","coordinates":[[17.638610089850385,59.85304483295326,5.510000228881836],[17.6387377888847,59.85309979450267,5.300000190734863],[17.639263922975204,59.85324063337172,4.739999771118164]]},"properties":{"slope":1.786}},{"type":"Feature","geometry":{"type":"LineString","coordinates":[[17.63816391862808,59.852630030837574,7.050000190734863],[17.637596720904703,59.852304530890116,10.069999694824219]]},"properties":{"slope":6.261}},{"type":"Feature","geometry":{"type":"LineString","coordinates":[[17.63906580146762,59.8534035251989,4.960000038146973],[17.63865529189559,59.853254464393856,5.349999904632568],[17.63840177047829,59.853108161456426,5.789999961853027]]},"properties":{"slope":1.66}},{"type":"Feature","geometry":{"type":"LineString","coordinates":[[17.63840177047829,59.853108161456426,5.789999961853027],[17.6382611455671,59.85303310969205,6.090000152587891],[17.638184481184993,59.852920089752224,6.409999847412109],[17.63818199481409,59.85282271392927,6.630000114440918],[17.638217435309215,59.85269579366947,6.789999961853027]]},"properties":{"slope":2}},{"type":"Feature","geometry":{"type":"LineString","coordinates":[[17.638217435309215,59.85269579366947,6.789999961853027],[17.63816391862808,59.852630030837574,7.050000190734863]]},"properties":{"slope":3.213}},{"type":"Feature","geometry":{"type":"LineString","coordinates":[[17.64038403462712,59.85292266321586,3.960000038146973],[17.640509009714467,59.85294442492664,3.900000095367432]]},"properties":{"slope":0.641}},{"type":"Feature","geometry":{"type":"LineString","coordinates":[[17.640509009714467,59.85294442492664,3.900000095367432],[17.640744883606583,59.85318325326303,3.730000019073486],[17.640765444458125,59.85322534715862,3.700000047683716],[17.64075532148513,59.85326592960447,3.660000085830688]]},"properties":{"slope":0.641}},{"type":"Feature","geometry":{"type":"LineString","coordinates":[[17.642723780473727,59.85354059540258,3.230000019073486],[17.64278980383516,59.85344597671483,3.240000009536743],[17.64279043503312,59.853387554222095,3.319999933242798],[17.642714175767107,59.85328412911496,3.730000019073486]]},"properties":{"slope":1.667}},{"type":"Feature","geometry":{"type":"LineString","coordinates":[[17.64314677895991,59.85210963656515,3.319999933242798],[17.642774379883,59.85251747488411,3.309999942779541]]},"properties":{"slope":0.02}},{"type":"Feature","geometry":{"type":"LineString","coordinates":[[17.642774379883,59.85251747488411,3.309999942779541],[17.642666983508466,59.85262598724331,3.470000028610229],[17.642198925521086,59.85285278235256,3.630000114440918]]},"properties":{"slope":0.64}},{"type":"Feature","geometry":{"type":"LineString","coordinates":[[17.642198925521086,59.85285278235256,3.630000114440918],[17.642116241728807,59.85289584509038,3.630000114440918]]},"properties":{"slope":0.266}},{"type":"Feature","geometry":{"type":"LineString","coordinates":[[17.642116241728807,59.85289584509038,3.630000114440918],[17.641970595029882,59.85297637260519,3.680000066757202]]},"properties":{"slope":0.266}},{"type":"Feature","geometry":{"type":"LineString","coordinates":[[17.645034387123378,59.8515737273027,3.720000028610229],[17.644245368421192,59.85178324196025,3.309999942779541]]},"properties":{"slope":0.82}},{"type":"Feature","geometry":{"type":"LineString","coordinates":[[17.644245368421192,59.85178324196025,3.309999942779541],[17.64397663617466,59.85185326109508,3.269999980926514]]},"properties":{"slope":0.38}},{"type":"Feature","geometry":{"type":"LineString","coordinates":[[17.64397663617466,59.85185326109508,3.269999980926514],[17.6437075163202,59.85189534925488,3.210000038146973],[17.643437623192565,59.85196865288456,3.119999885559082]]},"properties":{"slope":0.38}},{"type":"Feature","geometry":{"type":"LineString","coordinates":[[17.643437623192565,59.85196865288456,3.119999885559082],[17.64314677895991,59.85210963656515,3.319999933242798]]},"properties":{"slope":0.879}},{"type":"Feature","geometry":{"type":"LineString","coordinates":[[17.642340318856515,59.85131608025011,4],[17.64305803241428,59.851579742305056,4.039999961853027]]},"properties":{"slope":0.08}},{"type":"Feature","geometry":{"type":"LineString","coordinates":[[17.64305803241428,59.851579742305056,4.039999961853027],[17.643441224247,59.851644324381915,3.859999895095825]]},"properties":{"slope":0.788}},{"type":"Feature","geometry":{"type":"LineString","coordinates":[[17.642068167678126,59.85122057778944,4.360000133514404],[17.642340318856515,59.85131608025011,4]]},"properties":{"slope":1.936}},{"type":"Feature","geometry":{"type":"LineString","coordinates":[[17.64352909642937,59.85149481808868,3.910000085830688],[17.64347542831218,59.85155106529122,3.970000028610229],[17.643441224247,59.851644324381915,3.859999895095825]]},"properties":{"slope":1.28}},{"type":"Feature","geometry":{"type":"LineString","coordinates":[[17.643441224247,59.851644324381915,3.859999895095825],[17.643584328330515,59.85168232901551,3.660000085830688]]},"properties":{"slope":1.28}},{"type":"Feature","geometry":{"type":"LineString","coordinates":[[17.643584328330515,59.85168232901551,3.660000085830688],[17.643903922524608,59.85181065529131,3.269999980926514]]},"properties":{"slope":1.28}},{"type":"Feature","geometry":{"type":"LineString","coordinates":[[17.643903922524608,59.85181065529131,3.269999980926514],[17.64397663617466,59.85185326109508,3.269999980926514]]},"properties":{"slope":1.34}},{"type":"Feature","geometry":{"type":"LineString","coordinates":[[17.64397663617466,59.85185326109508,3.269999980926514],[17.644264488143417,59.85221764501269,3.940000057220459]]},"properties":{"slope":1.34}},{"type":"Feature","geometry":{"type":"LineString","coordinates":[[17.642340318856515,59.85131608025011,4],[17.642488926902402,59.85112868762872,3.930000066757202],[17.642621809982394,59.851017908095805,4.150000095367432],[17.642785917170464,59.850934013850406,4.210000038146973]]},"properties":{"slope":0.42}},{"type":"Feature","geometry":{"type":"LineString","coordinates":[[17.642785917170464,59.850934013850406,4.210000038146973],[17.642925546014133,59.85086263284002,4.199999809265137]]},"properties":{"slope":0.09}},{"type":"Feature","geometry":{"type":"LineString","coordinates":[[17.642925546014133,59.85086263284002,4.199999809265137],[17.64296215074801,59.85084213989498,4.119999885559082],[17.643006052120263,59.85073702276972,4.039999961853027],[17.64308488226958,59.85063271025198,4.039999961853027],[17.643248740168783,59.85052871713772,4.010000228881836],[17.643359224582575,59.85048772332995,4]]},"properties":{"slope":0.4}},{"type":"Feature","geometry":{"type":"LineString","coordinates":[[17.643359224582575,59.85048772332995,4],[17.6433842983841,59.85047841999452,4.03000020980835]]},"properties":{"slope":0.24}},{"type":"Feature","geometry":{"type":"LineString","coordinates":[[17.6433842983841,59.85047841999452,4.03000020980835],[17.64356970774033,59.85044694344367,3.950000047683716],[17.64393450425558,59.850494948656674,4]]},"properties":{"slope":0.24}},{"type":"Feature","geometry":{"type":"LineString","coordinates":[[17.64393450425558,59.850494948656674,4],[17.644133097925444,59.85059228887923,4.119999885559082]]},"properties":{"slope":0.24}},{"type":"Feature","geometry":{"type":"LineString","coordinates":[[17.644133097925444,59.85059228887923,4.119999885559082],[17.644148076398462,59.850688957332444,3.970000028610229],[17.644101377059854,59.850781810995635,3.900000095367432]]},"properties":{"slope":1.021}},{"type":"Feature","geometry":{"type":"LineString","coordinates":[[17.644101377059854,59.850781810995635,3.900000095367432],[17.64436370542666,59.85085819849054,3.849999904632568]]},"properties":{"slope":0.294}},{"type":"Feature","geometry":{"type":"LineString","coordinates":[[17.644429525928594,59.850881187817116,3.869999885559082],[17.64447720587989,59.85089943798846,3.890000104904175]]},"properties":{"slope":0.596}},{"type":"Feature","geometry":{"type":"LineString","coordinates":[[17.644101377059854,59.850781810995635,3.900000095367432],[17.64367695454059,59.85094526660567,4.130000114440918],[17.643327746594665,59.850952707897484,4.199999809265137]]},"properties":{"slope":0.6}},{"type":"Feature","geometry":{"type":"LineString","coordinates":[[17.643327746594665,59.850952707897484,4.199999809265137],[17.642925546014133,59.85086263284002,4.199999809265137]]},"properties":{"slope":0.001}},{"type":"Feature","geometry":{"type":"LineString","coordinates":[[17.64447720587989,59.85089943798846,3.890000104904175],[17.644921718995732,59.85109126026917,4.059999942779541],[17.645021106332862,59.85115564581812,4.099999904632568],[17.645072714339864,59.851222672378064,4.070000171661377]]},"properties":{"slope":0.36}},{"type":"Feature","geometry":{"type":"LineString","coordinates":[[17.645072714339864,59.851222672378064,4.070000171661377],[17.64510581904098,59.85137314271704,3.970000028610229],[17.645073803779308,59.851422695435524,3.880000114440918],[17.64517533235706,59.85145657305467,3.710000038146973]]},"properties":{"slope":1.218}},{"type":"Feature","geometry":{"type":"LineString","coordinates":[[17.643441224247,59.851644324381915,3.859999895095825],[17.643020588311234,59.85191552746629,3.730000019073486]]},"properties":{"slope":0.338}},{"type":"Feature","geometry":{"type":"LineString","coordinates":[[17.641683130444886,59.851778142893046,3.829999923706055],[17.641851973390676,59.851682617139744,3.859999895095825]]},"properties":{"slope":0.14}},{"type":"Feature","geometry":{"type":"LineString","coordinates":[[17.641851973390676,59.851682617139744,3.859999895095825],[17.64222948816336,59.85142431272974,3.759999990463257]]},"properties":{"slope":0.14}},{"type":"Feature","geometry":{"type":"LineString","coordinates":[[17.64222948816336,59.85142431272974,3.759999990463257],[17.642261591313833,59.85140103208836,3.839999914169312]]},"properties":{"slope":1.758}},{"type":"Feature","geometry":{"type":"LineString","coordinates":[[17.642261591313833,59.85140103208836,3.839999914169312],[17.642340318856515,59.85131608025011,4]]},"properties":{"slope":1.758}},{"type":"Feature","geometry":{"type":"LineString","coordinates":[[17.642261591313833,59.85140103208836,3.839999914169312],[17.64239499752247,59.85156003530569,3.789999961853027],[17.642413318919676,59.8516123312283,3.799999952316284]]},"properties":{"slope":0.16}},{"type":"Feature","geometry":{"type":"LineString","coordinates":[[17.642413318919676,59.8516123312283,3.799999952316284],[17.64266980803895,59.85179400231907,3.920000076293945]]},"properties":{"slope":0.16}},{"type":"Feature","geometry":{"type":"LineString","coordinates":[[17.64266980803895,59.85179400231907,3.920000076293945],[17.642733601205997,59.85184754837052,3.920000076293945]]},"properties":{"slope":0.001}},{"type":"Feature","geometry":{"type":"LineString","coordinates":[[17.641851973390676,59.851682617139744,3.859999895095825],[17.642413318919676,59.8516123312283,3.799999952316284]]},"properties":{"slope":0.184}},{"type":"Feature","geometry":{"type":"LineString","coordinates":[[17.641683130444886,59.851778142893046,3.829999923706055],[17.641677655195767,59.85179774652079,3.859999895095825]]},"properties":{"slope":0.085}},{"type":"Feature","geometry":{"type":"LineString","coordinates":[[17.641677655195767,59.85179774652079,3.859999895095825],[17.641727908529987,59.852093669194126,3.859999895095825]]},"properties":{"slope":0.085}},{"type":"Feature","geometry":{"type":"LineString","coordinates":[[17.642127277036998,59.85247800377903,3.890000104904175],[17.641804437028803,59.85266620227622,3.849999904632568],[17.64174381088619,59.852678739974415,3.910000085830688]]},"properties":{"slope":0.22}},{"type":"Feature","geometry":{"type":"LineString","coordinates":[[17.64174381088619,59.852678739974415,3.910000085830688],[17.641554083118944,59.85281612058961,3.779999971389771]]},"properties":{"slope":0.22}},{"type":"Feature","geometry":{"type":"LineString","coordinates":[[17.641554083118944,59.85281612058961,3.779999971389771],[17.641415012932388,59.852907850391496,3.769999980926514]]},"properties":{"slope":2.056}},{"type":"Feature","geometry":{"type":"LineString","coordinates":[[17.641415012932388,59.852907850391496,3.769999980926514],[17.641335962745366,59.85291810947987,3.420000076293945]]},"properties":{"slope":2.056}},{"type":"Feature","geometry":{"type":"LineString","coordinates":[[17.641921364512037,59.852889328571216,3.599999904632568],[17.64174381088619,59.852678739974415,3.910000085830688]]},"properties":{"slope":1.08}},{"type":"Feature","geometry":{"type":"LineString","coordinates":[[17.64174381088619,59.852678739974415,3.910000085830688],[17.641604034265217,59.85250736542216,4.039999961853027]]},"properties":{"slope":1.08}},{"type":"Feature","geometry":{"type":"LineString","coordinates":[[17.641604034265217,59.85250736542216,4.039999961853027],[17.641616182687066,59.852473341425345,4.139999866485596]]},"properties":{"slope":1.08}},{"type":"Feature","geometry":{"type":"LineString","coordinates":[[17.641616182687066,59.852473341425345,4.139999866485596],[17.64171222355473,59.85220435806801,4.050000190734863]]},"properties":{"slope":0.296}},{"type":"Feature","geometry":{"type":"LineString","coordinates":[[17.64146525729324,59.85303279100462,3.720000028610229],[17.641921364512037,59.852889328571216,3.599999904632568]]},"properties":{"slope":0.397}},{"type":"Feature","geometry":{"type":"LineString","coordinates":[[17.640757618391433,59.85256183266884,4.130000114440918],[17.64120956588085,59.852665600252585,4.010000228881836]]},"properties":{"slope":0.5}},{"type":"Feature","geometry":{"type":"LineString","coordinates":[[17.64120956588085,59.852665600252585,4.010000228881836],[17.64136873929977,59.852813594607724,3.880000114440918]]},"properties":{"slope":0.5}},{"type":"Feature","geometry":{"type":"LineString","coordinates":[[17.64136873929977,59.852813594607724,3.880000114440918],[17.64138193109273,59.8528404653197,3.880000114440918]]},"properties":{"slope":0.5}},{"type":"Feature","geometry":{"type":"LineString","coordinates":[[17.64138193109273,59.8528404653197,3.880000114440918],[17.641415012932388,59.852907850391496,3.769999980926514]]},"properties":{"slope":1.422}},{"type":"Feature","geometry":{"type":"LineString","coordinates":[[17.641415012932388,59.852907850391496,3.769999980926514],[17.64146525729324,59.85303279100462,3.720000028610229]]},"properties":{"slope":0.352}},{"type":"Feature","geometry":{"type":"LineString","coordinates":[[17.64146525729324,59.85303279100462,3.720000028610229],[17.64146825524363,59.85308120460863,3.640000104904175]]},"properties":{"slope":1.482}},{"type":"Feature","geometry":{"type":"LineString","coordinates":[[17.641604034265217,59.85250736542216,4.039999961853027],[17.64148001578281,59.8525385633822,4],[17.64120956588085,59.852665600252585,4.010000228881836]]},"properties":{"slope":0.105}},{"type":"Feature","geometry":{"type":"LineString","coordinates":[[17.64120956588085,59.852665600252585,4.010000228881836],[17.641048697779073,59.852699357468104,4.179999828338623],[17.640997026866756,59.85273464932137,4.159999847412109]]},"properties":{"slope":0.28}},{"type":"Feature","geometry":{"type":"LineString","coordinates":[[17.640997026866756,59.85273464932137,4.159999847412109],[17.640934336257615,59.852765436957604,4.090000152587891]]},"properties":{"slope":0.28}},{"type":"Feature","geometry":{"type":"LineString","coordinates":[[17.640934336257615,59.852765436957604,4.090000152587891],[17.640713319777465,59.85286083762891,3.970000028610229]]},"properties":{"slope":0.28}},{"type":"Feature","geometry":{"type":"LineString","coordinates":[[17.640713319777465,59.85286083762891,3.970000028610229],[17.6405185575927,59.85293996543377,3.869999885559082]]},"properties":{"slope":0.28}},{"type":"Feature","geometry":{"type":"LineString","coordinates":[[17.6405185575927,59.85293996543377,3.869999885559082],[17.640509009714467,59.85294442492664,3.900000095367432]]},"properties":{"slope":4.108}},{"type":"Feature","geometry":{"type":"LineString","coordinates":[[17.640509009714467,59.85294442492664,3.900000095367432],[17.64070063775474,59.85293169346175,3.430000066757202]]},"properties":{"slope":4.337}},{"type":"Feature","geometry":{"type":"LineString","coordinates":[[17.64070063775474,59.85293169346175,3.430000066757202],[17.640673824769202,59.85298665824187,3.299999952316284],[17.64068760780851,59.85302357037139,3.309999942779541],[17.640773359516523,59.85308293631509,3.329999923706055],[17.6408311694007,59.8531725138745,3.259999990463257],[17.64099036044154,59.85319256786653,3.630000114440918]]},"properties":{"slope":0.514}},{"type":"Feature","geometry":{"type":"LineString","coordinates":[[17.64080338532699,59.852901865278334,3.509999990463257],[17.640713319777465,59.85286083762891,3.970000028610229]]},"properties":{"slope":6.745}},{"type":"Feature","geometry":{"type":"LineString","coordinates":[[17.641181869125997,59.853095674633714,3.829999923706055],[17.64102128816892,59.85299962254809,3.589999914169312]]},"properties":{"slope":1.053}},{"type":"Feature","geometry":{"type":"LineString","coordinates":[[17.64102128816892,59.85299962254809,3.589999914169312],[17.64080338532699,59.852901865278334,3.509999990463257]]},"properties":{"slope":1.053}},{"type":"Feature","geometry":{"type":"LineString","coordinates":[[17.642007986111498,59.85102786220943,4.46999979019165],[17.64222749479027,59.85108733289168,4.539999961853027]]},"properties":{"slope":0.5}},{"type":"Feature","geometry":{"type":"LineString","coordinates":[[17.639263922975204,59.85324063337172,4.739999771118164],[17.639576279392166,59.85332058841287,4.860000133514404]]},"properties":{"slope":0.611}},{"type":"Feature","geometry":{"type":"LineString","coordinates":[[17.64133804470111,59.85307372481946,3.670000076293945],[17.64137144602606,59.85297698490788,3.289999961853027],[17.641335962745366,59.85291810947987,3.420000076293945]]},"properties":{"slope":1.393}},{"type":"Feature","geometry":{"type":"LineString","coordinates":[[17.641335962745366,59.85291810947987,3.420000076293945],[17.641244217002946,59.85283049799997,3.369999885559082],[17.641093074864038,59.852794500825276,3.5]]},"properties":{"slope":0.215}},{"type":"Feature","geometry":{"type":"LineString","coordinates":[[17.641093074864038,59.852794500825276,3.5],[17.640990337702455,59.85280006716892,3.25]]},"properties":{"slope":0.215}},{"type":"Feature","geometry":{"type":"LineString","coordinates":[[17.640990337702455,59.85280006716892,3.25],[17.64080338532699,59.852901865278334,3.509999990463257]]},"properties":{"slope":0.215}},{"type":"Feature","geometry":{"type":"LineString","coordinates":[[17.64080338532699,59.852901865278334,3.509999990463257],[17.64070063775474,59.85293169346175,3.430000066757202]]},"properties":{"slope":1.203}},{"type":"Feature","geometry":{"type":"LineString","coordinates":[[17.640997026866756,59.85273464932137,4.159999847412109],[17.641108025867524,59.85277451435323,3.849999904632568]]},"properties":{"slope":1.185}},{"type":"Feature","geometry":{"type":"LineString","coordinates":[[17.641108025867524,59.85277451435323,3.849999904632568],[17.64136873929977,59.852813594607724,3.880000114440918]]},"properties":{"slope":1.185}},{"type":"Feature","geometry":{"type":"LineString","coordinates":[[17.641108025867524,59.85277451435323,3.849999904632568],[17.641093074864038,59.852794500825276,3.5]]},"properties":{"slope":14.711}},{"type":"Feature","geometry":{"type":"LineString","coordinates":[[17.640990337702455,59.85280006716892,3.25],[17.640934336257615,59.852765436957604,4.090000152587891]]},"properties":{"slope":16.889}},{"type":"Feature","geometry":{"type":"LineString","coordinates":[[17.641852933596365,59.852139854646026,3.799999952316284],[17.642441553587666,59.85206126227959,3.440000057220459]]},"properties":{"slope":0.299}},{"type":"Feature","geometry":{"type":"LineString","coordinates":[[17.642441553587666,59.85206126227959,3.440000057220459],[17.64262620808242,59.85199598275433,3.660000085830688]]},"properties":{"slope":0.299}},{"type":"Feature","geometry":{"type":"LineString","coordinates":[[17.642110107351165,59.85368755919191,3.349999904632568],[17.642723780473727,59.85354059540258,3.230000019073486]]},"properties":{"slope":0.315}},{"type":"Feature","geometry":{"type":"LineString","coordinates":[[17.6433842983841,59.85047841999452,4.03000020980835],[17.643185307587444,59.85028633006195,4.949999809265137]]},"properties":{"slope":3.812}},{"type":"Feature","geometry":{"type":"LineString","coordinates":[[17.64411550990965,59.85037140882576,4.25],[17.644486707277707,59.85007002380115,4.380000114440918]]},"properties":{"slope":0.329}},{"type":"Feature","geometry":{"type":"LineString","coordinates":[[17.644006552324658,59.850445776852446,4.099999904632568],[17.64411550990965,59.85037140882576,4.25]]},"properties":{"slope":1.457}},{"type":"Feature","geometry":{"type":"LineString","coordinates":[[17.643846336127673,59.84984962881896,4.440000057220459],[17.643906240774868,59.84986792624434,4.369999885559082]]},"properties":{"slope":0.2}},{"type":"Feature","geometry":{"type":"LineString","coordinates":[[17.643906240774868,59.84986792624434,4.369999885559082],[17.644463044142977,59.850038000183964,4.349999904632568],[17.644486707277707,59.85007002380115,4.380000114440918]]},"properties":{"slope":0.2}},{"type":"Feature","geometry":{"type":"LineString","coordinates":[[17.644486707277707,59.85007002380115,4.380000114440918],[17.64454683889215,59.85010850969972,4.340000152587891]]},"properties":{"slope":0.2}},{"type":"Feature","geometry":{"type":"LineString","coordinates":[[17.64454683889215,59.85010850969972,4.340000152587891],[17.64513782442328,59.85029432552799,4.329999923706055]]},"properties":{"slope":0.02}},{"type":"Feature","geometry":{"type":"LineString","coordinates":[[17.64513782442328,59.85029432552799,4.329999923706055],[17.645234900758716,59.85032484491359,4.340000152587891],[17.645247184933382,59.85036501149374,4.329999923706055]]},"properties":{"slope":0.02}},{"type":"Feature","geometry":{"type":"LineString","coordinates":[[17.645247184933382,59.85036501149374,4.329999923706055],[17.645259856325914,59.8504064440847,4.230000019073486],[17.645926297982623,59.850622996283356,4.949999809265137]]},"properties":{"slope":1.262}},{"type":"Feature","geometry":{"type":"LineString","coordinates":[[17.644769250790542,59.85059417500528,3.829999923706055],[17.64513782442328,59.85029432552799,4.329999923706055]]},"properties":{"slope":1.273}},{"type":"Feature","geometry":{"type":"LineString","coordinates":[[17.6435267253401,59.8501849160719,4.710000038146973],[17.643906240774868,59.84986792624434,4.369999885559082]]},"properties":{"slope":0.825}},{"type":"Feature","geometry":{"type":"LineString","coordinates":[[17.63829192890066,59.852571360636915,6.760000228881836],[17.63814459509662,59.85250428529709,7.659999847412109]]},"properties":{"slope":7.991}},{"type":"Feature","geometry":{"type":"LineString","coordinates":[[17.6405952517656,59.851973808260375,4.400000095367432],[17.640793508923558,59.85203647378837,4.260000228881836]]},"properties":{"slope":1.067}},{"type":"Feature","geometry":{"type":"LineString","coordinates":[[17.643584328330515,59.85168232901551,3.660000085830688],[17.643832843623663,59.85162374519723,3.559999942779541],[17.64394871323332,59.851551101527875,3.519999980926514]]},"properties":{"slope":0.541}},{"type":"Feature","geometry":{"type":"LineString","coordinates":[[17.64064062024295,59.852406888484985,4.460000038146973],[17.640814308901938,59.85253383509704,4.110000133514404]]},"properties":{"slope":2.038}},{"type":"Feature","geometry":{"type":"LineString","coordinates":[[17.64119741752655,59.85226936700205,4.079999923706055],[17.641632445557942,59.852162268006644,4.019999980926514]]},"properties":{"slope":0.221}},{"type":"Feature","geometry":{"type":"LineString","coordinates":[[17.64366531258987,59.849794334414234,3.960000038146973],[17.643757681449955,59.84982255106615,6.070000171661377]]},"properties":{"slope":34.835}},{"type":"Feature","geometry":{"type":"LineString","coordinates":[[17.643757681449955,59.84982255106615,6.070000171661377],[17.643846336127673,59.84984962881896,4.440000057220459]]},"properties":{"slope":28.039}},{"type":"Feature","geometry":{"type":"LineString","coordinates":[[17.64200440970221,59.85335628188445,3.480000019073486],[17.641970595029882,59.85297637260519,3.680000066757202]]},"properties":{"slope":0.22}},{"type":"Feature","geometry":{"type":"LineString","coordinates":[[17.641970595029882,59.85297637260519,3.680000066757202],[17.64193330703737,59.85291044408703,3.589999914169312]]},"properties":{"slope":0.22}},{"type":"Feature","geometry":{"type":"LineString","coordinates":[[17.64193330703737,59.85291044408703,3.589999914169312],[17.641921364512037,59.852889328571216,3.599999904632568]]},"properties":{"slope":0.409}},{"type":"Feature","geometry":{"type":"LineString","coordinates":[[17.641921364512037,59.852889328571216,3.599999904632568],[17.642058670226305,59.85287682899353,3.690000057220459],[17.642116241728807,59.85289584509038,3.630000114440918]]},"properties":{"slope":0.252}},{"type":"Feature","geometry":{"type":"LineString","coordinates":[[17.6429798869794,59.85201582642474,3.549999952316284],[17.64314677895991,59.85210963656515,3.319999933242798]]},"properties":{"slope":1.628}},{"type":"Feature","geometry":{"type":"LineString","coordinates":[[17.642441553587666,59.85206126227959,3.440000057220459],[17.642259816506776,59.85238524779158,3.799999952316284],[17.64220599881408,59.85242772118987,3.859999895095825]]},"properties":{"slope":0.974}},{"type":"Feature","geometry":{"type":"LineString","coordinates":[[17.641612084579297,59.851599592776,4.389999866485596],[17.641653003774856,59.85164113515583,4.389999866485596],[17.641683130444886,59.851778142893046,3.829999923706055]]},"properties":{"slope":2.72}},{"type":"Feature","geometry":{"type":"LineString","coordinates":[[17.64314677895991,59.85210963656515,3.319999933242798],[17.643826741828235,59.85240015622765,3.480000019073486]]},"properties":{"slope":0.32}},{"type":"Feature","geometry":{"type":"LineString","coordinates":[[17.643826741828235,59.85240015622765,3.480000019073486],[17.643941576316575,59.85245011283079,3.809999942779541]]},"properties":{"slope":3.878}},{"type":"Feature","geometry":{"type":"LineString","coordinates":[[17.641335962745366,59.85291810947987,3.420000076293945],[17.64109367546373,59.852926754845534,3.450000047683716],[17.64102128816892,59.85299962254809,3.589999914169312]]},"properties":{"slope":0.717}},{"type":"Feature","geometry":{"type":"LineString","coordinates":[[17.64220599881408,59.85242772118987,3.859999895095825],[17.642227389492895,59.852460575993476,3.950000047683716],[17.64221184668442,59.85247462143845,3.910000085830688],[17.642127277036998,59.85247800377903,3.890000104904175]]},"properties":{"slope":0.274}},{"type":"Feature","geometry":{"type":"LineString","coordinates":[[17.642127277036998,59.85247800377903,3.890000104904175],[17.64210602210123,59.85246348361766,3.910000085830688],[17.642115800033647,59.85243275119267,3.890000104904175],[17.64220599881408,59.85242772118987,3.859999895095825]]},"properties":{"slope":0.268}},{"type":"Feature","geometry":{"type":"LineString","coordinates":[[17.641852933596365,59.852139854646026,3.799999952316284],[17.641818553463015,59.85219138120946,3.950000047683716],[17.64171222355473,59.85220435806801,4.050000190734863]]},"properties":{"slope":1.983}},{"type":"Feature","geometry":{"type":"LineString","coordinates":[[17.64171222355473,59.85220435806801,4.050000190734863],[17.641632445557942,59.852162268006644,4.019999980926514]]},"properties":{"slope":0.445}},{"type":"Feature","geometry":{"type":"LineString","coordinates":[[17.641632445557942,59.852162268006644,4.019999980926514],[17.64166327782051,59.85210945649811,3.910000085830688],[17.641727908529987,59.852093669194126,3.859999895095825]]},"properties":{"slope":1.535}},{"type":"Feature","geometry":{"type":"LineString","coordinates":[[17.641727908529987,59.852093669194126,3.859999895095825],[17.64181315435942,59.85210586279676,3.809999942779541],[17.641852933596365,59.852139854646026,3.799999952316284]]},"properties":{"slope":0.627}},{"type":"Feature","geometry":{"type":"LineString","coordinates":[[17.6429798869794,59.85201582642474,3.549999952316284],[17.64287962397663,59.852049382454986,3.539999961853027],[17.642772396763434,59.85205195679717,3.549999952316284],[17.64262620808242,59.85199598275433,3.660000085830688]]},"properties":{"slope":0.468}},{"type":"Feature","geometry":{"type":"LineString","coordinates":[[17.64262620808242,59.85199598275433,3.660000085830688],[17.64260513829548,59.851963706880916,3.690000057220459],[17.64261533708855,59.8519099389396,3.759999990463257],[17.642733601205997,59.85184754837052,3.920000076293945]]},"properties":{"slope":1.318}},{"type":"Feature","geometry":{"type":"LineString","coordinates":[[17.642733601205997,59.85184754837052,3.920000076293945],[17.64289243821405,59.85184627891448,3.910000085830688],[17.643020588311234,59.85191552746629,3.730000019073486]]},"properties":{"slope":0.951}},{"type":"Feature","geometry":{"type":"LineString","coordinates":[[17.643020588311234,59.85191552746629,3.730000019073486],[17.643026020186383,59.851967061440526,3.680000066757202],[17.6429798869794,59.85201582642474,3.549999952316284]]},"properties":{"slope":1.519}},{"type":"Feature","geometry":{"type":"LineString","coordinates":[[17.64393450425558,59.850494948656674,4],[17.644006552324658,59.850445776852446,4.099999904632568]]},"properties":{"slope":1.469}},{"type":"Feature","geometry":{"type":"LineString","coordinates":[[17.644400292214296,59.85086999759596,3.839999914169312],[17.644429525928594,59.850881187817116,3.869999885559082]]},"properties":{"slope":1.457}},{"type":"Feature","geometry":{"type":"LineString","coordinates":[[17.64436370542666,59.85085819849054,3.849999904632568],[17.644400292214296,59.85086999759596,3.839999914169312]]},"properties":{"slope":0.411}},{"type":"Feature","geometry":{"type":"LineString","coordinates":[[17.64458248734209,59.859286434232686,6.539999961853027],[17.644665942529002,59.85932952669446,6.599999904632568]]},"properties":{"slope":0.895}},{"type":"Feature","geometry":{"type":"LineString","coordinates":[[17.632214273084436,59.85400293915588,27.3700008392334],[17.632253491067253,59.85395396674785,27.020000457763672]]},"properties":{"slope":5.95}},{"type":"Feature","geometry":{"type":"LineString","coordinates":[[17.632837547694745,59.85323482408744,28.18000030517578],[17.632957421295504,59.85325975000151,29.510000228881836]]},"properties":{"slope":18.295}},{"type":"Feature","geometry":{"type":"LineString","coordinates":[[17.632957421295504,59.85325975000151,29.510000228881836],[17.633120730538344,59.85329399263538,29.600000381469727]]},"properties":{"slope":0.908}},{"type":"Feature","geometry":{"type":"LineString","coordinates":[[17.632585108084623,59.85318292740788,25.600000381469727],[17.632655959526506,59.85309561248448,25.700000762939453]]},"properties":{"slope":0.213}},{"type":"Feature","geometry":{"type":"LineString","coordinates":[[17.632655959526506,59.85309561248448,25.700000762939453],[17.63252017189248,59.853067063203035,25.559999465942383]]},"properties":{"slope":0.213}},{"type":"Feature","geometry":{"type":"LineString","coordinates":[[17.632363453319506,59.85323115664029,25.43000030517578],[17.632522528864413,59.853264773354844,25.559999465942383]]},"properties":{"slope":0.874}},{"type":"Feature","geometry":{"type":"LineString","coordinates":[[17.632522528864413,59.853264773354844,25.559999465942383],[17.632585108084623,59.85318292740788,25.600000381469727]]},"properties":{"slope":0.874}},{"type":"Feature","geometry":{"type":"LineString","coordinates":[[17.632655959526506,59.85309561248448,25.700000762939453],[17.63299404805601,59.85268023208846,26.030000686645508]]},"properties":{"slope":0.66}},{"type":"Feature","geometry":{"type":"LineString","coordinates":[[17.63299404805601,59.85268023208846,26.030000686645508],[17.633015941021636,59.852653333697184,25.989999771118164],[17.632931932055836,59.85263591794784,25.81999969482422]]},"properties":{"slope":2.521}},{"type":"Feature","geometry":{"type":"LineString","coordinates":[[17.63189446450307,59.85368054667969,24.81999969482422],[17.632139559020974,59.85373172927544,25.209999084472656]]},"properties":{"slope":1.26}},{"type":"Feature","geometry":{"type":"LineString","coordinates":[[17.632139559020974,59.85373172927544,25.209999084472656],[17.632378645250522,59.85344021258243,25.450000762939453]]},"properties":{"slope":1.26}},{"type":"Feature","geometry":{"type":"LineString","coordinates":[[17.632378645250522,59.85344021258243,25.450000762939453],[17.632522528864413,59.853264773354844,25.559999465942383]]},"properties":{"slope":0.52}},{"type":"Feature","geometry":{"type":"LineString","coordinates":[[17.631713801557638,59.85384046667303,25.25],[17.63178534957564,59.853855710185805,25.40999984741211]]},"properties":{"slope":3.674}},{"type":"Feature","geometry":{"type":"LineString","coordinates":[[17.63217239320014,59.8539369444065,26.81999969482422],[17.632253491067253,59.85395396674785,27.020000457763672]]},"properties":{"slope":4.061}},{"type":"Feature","geometry":{"type":"LineString","coordinates":[[17.631631986718194,59.85382303476712,24.959999084472656],[17.631713801557638,59.85384046667303,25.25]]},"properties":{"slope":5.824}},{"type":"Feature","geometry":{"type":"LineString","coordinates":[[17.63178534957564,59.853855710185805,25.40999984741211],[17.632214273084436,59.85400293915588,27.3700008392334]]},"properties":{"slope":6.923}},{"type":"Feature","geometry":{"type":"LineString","coordinates":[[17.632214273084436,59.85400293915588,27.3700008392334],[17.632316859989572,59.85403267259878,27.899999618530273],[17.632460314524497,59.85401721214493,28.459999084472656]]},"properties":{"slope":6.923}},{"type":"Feature","geometry":{"type":"LineString","coordinates":[[17.63200366601812,59.853901531228644,25.399999618530273],[17.632139559020974,59.85373172927544,25.209999084472656]]},"properties":{"slope":0.932}},{"type":"Feature","geometry":{"type":"LineString","coordinates":[[17.632585108084623,59.85318292740788,25.600000381469727],[17.632837547694745,59.85323482408744,28.18000030517578]]},"properties":{"slope":16.88}},{"type":"Feature","geometry":{"type":"LineString","coordinates":[[17.63350232058493,59.852586548948395,29.030000686645508],[17.633441030212055,59.85253321306248,28.780000686645508]]},"properties":{"slope":3.739}},{"type":"Feature","geometry":{"type":"LineString","coordinates":[[17.633441030212055,59.85253321306248,28.780000686645508],[17.63311816204491,59.85244091647836,27.979999542236328]]},"properties":{"slope":3.739}},{"type":"Feature","geometry":{"type":"LineString","coordinates":[[17.632455101067233,59.854044397676056,28.360000610351562],[17.632460314524497,59.85401721214493,28.459999084472656]]},"properties":{"slope":2.06}},{"type":"Feature","geometry":{"type":"LineString","coordinates":[[17.632460314524497,59.85401721214493,28.459999084472656],[17.632673510005223,59.85361048690963,29.389999389648438]]},"properties":{"slope":2.06}},{"type":"Feature","geometry":{"type":"LineString","coordinates":[[17.632673510005223,59.85361048690963,29.389999389648438],[17.632957421295504,59.85325975000151,29.510000228881836]]},"properties":{"slope":0.44}},{"type":"Feature","geometry":{"type":"LineString","coordinates":[[17.632957421295504,59.85325975000151,29.510000228881836],[17.633010010622204,59.85319477927792,29.610000610351562]]},"properties":{"slope":0.44}},{"type":"Feature","geometry":{"type":"LineString","coordinates":[[17.633010010622204,59.85319477927792,29.610000610351562],[17.633346494259737,59.8527790690374,29.290000915527344]]},"properties":{"slope":0.64}},{"type":"Feature","geometry":{"type":"LineString","coordinates":[[17.633346494259737,59.8527790690374,29.290000915527344],[17.63350232058493,59.852586548948395,29.030000686645508]]},"properties":{"slope":1.123}},{"type":"Feature","geometry":{"type":"LineString","coordinates":[[17.63250696521903,59.85506551710979,25.010000228881836],[17.632594284238323,59.85490972009922,25.850000381469727],[17.632608699989767,59.85482833075057,26.030000686645508],[17.632512374641188,59.85472410945138,26.149999618530273],[17.63251788661781,59.85463568913834,26.469999313354492]]},"properties":{"slope":2.92}},{"type":"Feature","geometry":{"type":"LineString","coordinates":[[17.63251788661781,59.85463568913834,26.469999313354492],[17.632524439331952,59.85453057336392,26.81999969482422],[17.63261478646597,59.85418990576096,28.290000915527344]]},"properties":{"slope":3.64}},{"type":"Feature","geometry":{"type":"LineString","coordinates":[[17.63261478646597,59.85418990576096,28.290000915527344],[17.632759305632,59.85374708163829,29.350000381469727]]},"properties":{"slope":2.12}},{"type":"Feature","geometry":{"type":"LineString","coordinates":[[17.632759305632,59.85374708163829,29.350000381469727],[17.63309050634998,59.85333082690061,29.600000381469727]]},"properties":{"slope":0.5}},{"type":"Feature","geometry":{"type":"LineString","coordinates":[[17.63309050634998,59.85333082690061,29.600000381469727],[17.633120730538344,59.85329399263538,29.600000381469727]]},"properties":{"slope":0.24}},{"type":"Feature","geometry":{"type":"LineString","coordinates":[[17.633120730538344,59.85329399263538,29.600000381469727],[17.633446648837495,59.85291931798062,29.479999542236328]]},"properties":{"slope":0.24}},{"type":"Feature","geometry":{"type":"LineString","coordinates":[[17.633446648837495,59.85291931798062,29.479999542236328],[17.633808548768954,59.852509048082815,29.389999389648438]]},"properties":{"slope":0.18}},{"type":"Feature","geometry":{"type":"LineString","coordinates":[[17.633808548768954,59.852509048082815,29.389999389648438],[17.633937733205777,59.8523603789911,29.479999542236328]]},"properties":{"slope":0.16}},{"type":"Feature","geometry":{"type":"LineString","coordinates":[[17.633937733205777,59.8523603789911,29.479999542236328],[17.634165916184813,59.85209777396101,29.469999313354492]]},"properties":{"slope":0.16}},{"type":"Feature","geometry":{"type":"LineString","coordinates":[[17.634165916184813,59.85209777396101,29.469999313354492],[17.634343223786217,59.85189371591829,29.5]]},"properties":{"slope":0.121}},{"type":"Feature","geometry":{"type":"LineString","coordinates":[[17.63325069813454,59.85230213637459,28.110000610351562],[17.633586907093303,59.852368291845146,28.68000030517578]]},"properties":{"slope":3.334}},{"type":"Feature","geometry":{"type":"LineString","coordinates":[[17.633586907093303,59.852368291845146,28.68000030517578],[17.633667840657395,59.85235022654158,28.950000762939453]]},"properties":{"slope":3.334}},{"type":"Feature","geometry":{"type":"LineString","coordinates":[[17.632155311168155,59.8549055585574,25.170000076293945],[17.63209875551944,59.85477590155039,25.469999313354492]]},"properties":{"slope":3.72}},{"type":"Feature","geometry":{"type":"LineString","coordinates":[[17.63209875551944,59.85477590155039,25.469999313354492],[17.632281873974197,59.85447350938737,27.030000686645508]]},"properties":{"slope":3.72}},{"type":"Feature","geometry":{"type":"LineString","coordinates":[[17.632281873974197,59.85447350938737,27.030000686645508],[17.632378873935526,59.85437522291296,27.399999618530273],[17.632416928425478,59.85421632840354,27.979999542236328]]},"properties":{"slope":3.031}},{"type":"Feature","geometry":{"type":"LineString","coordinates":[[17.632416928425478,59.85421632840354,27.979999542236328],[17.63243646845017,59.85413477233822,28.219999313354492]]},"properties":{"slope":3.031}},{"type":"Feature","geometry":{"type":"LineString","coordinates":[[17.63243646845017,59.85413477233822,28.219999313354492],[17.632455101067233,59.854044397676056,28.360000610351562]]},"properties":{"slope":1.383}},{"type":"Feature","geometry":{"type":"LineString","coordinates":[[17.631614776140836,59.85383237760123,24.889999389648438],[17.632214273084436,59.85400293915588,27.3700008392334]]},"properties":{"slope":6.378}},{"type":"Feature","geometry":{"type":"LineString","coordinates":[[17.643274102739692,59.8602142654514,7.510000228881836],[17.643272532638463,59.860242905852985,7.489999771118164]]},"properties":{"slope":0.627}},{"type":"Feature","geometry":{"type":"LineString","coordinates":[[17.64517533235706,59.85145657305467,3.710000038146973],[17.645034387123378,59.8515737273027,3.720000028610229]]},"properties":{"slope":0.065}},{"type":"Feature","geometry":{"type":"LineString","coordinates":[[17.645034387123378,59.8515737273027,3.720000028610229],[17.644590962210334,59.85196309900677,3.759999990463257]]},"properties":{"slope":0.08}},{"type":"Feature","geometry":{"type":"LineString","coordinates":[[17.644590962210334,59.85196309900677,3.759999990463257],[17.644298343931066,59.85218982629641,3.900000095367432]]},"properties":{"slope":0.464}},{"type":"Feature","geometry":{"type":"LineString","coordinates":[[17.644298343931066,59.85218982629641,3.900000095367432],[17.644264488143417,59.85221764501269,3.940000057220459]]},"properties":{"slope":1.101}},{"type":"Feature","geometry":{"type":"LineString","coordinates":[[17.644264488143417,59.85221764501269,3.940000057220459],[17.644010158944663,59.852426635954345,3.880000114440918],[17.643941576316575,59.85245011283079,3.809999942779541]]},"properties":{"slope":0.407}},{"type":"Feature","geometry":{"type":"LineString","coordinates":[[17.643941576316575,59.85245011283079,3.809999942779541],[17.643891903817554,59.85252562376358,3.890000104904175],[17.6434752389377,59.85282960649952,3.710000038146973]]},"properties":{"slope":0.2}},{"type":"Feature","geometry":{"type":"LineString","coordinates":[[17.6434752389377,59.85282960649952,3.710000038146973],[17.64291809469694,59.853179860884886,3.599999904632568]]},"properties":{"slope":0.22}},{"type":"Feature","geometry":{"type":"LineString","coordinates":[[17.64291809469694,59.853179860884886,3.599999904632568],[17.642714175767107,59.85328412911496,3.730000019073486]]},"properties":{"slope":0.797}},{"type":"Feature","geometry":{"type":"LineString","coordinates":[[17.642714175767107,59.85328412911496,3.730000019073486],[17.64222177464975,59.85352549887479,3.640000104904175]]},"properties":{"slope":0.233}},{"type":"Feature","geometry":{"type":"LineString","coordinates":[[17.644102268142603,59.853177104108354,2.609999895095825],[17.643638492898866,59.8535605551311,2.589999914169312]]},"properties":{"slope":0.04}},{"type":"Feature","geometry":{"type":"LineString","coordinates":[[17.643638492898866,59.8535605551311,2.589999914169312],[17.643174845721187,59.853944019640345,2.569999933242798]]},"properties":{"slope":0.04}},{"type":"Feature","geometry":{"type":"LineString","coordinates":[[17.643174845721187,59.853944019640345,2.569999933242798],[17.643228182713113,59.85416442316998,2.740000009536743]]},"properties":{"slope":0.687}},{"type":"Feature","geometry":{"type":"LineString","coordinates":[[17.626402390662737,59.85697322511759,22.030000686645508],[17.626996817412902,59.856638464021266,22.190000534057617]]},"properties":{"slope":0.32}},{"type":"Feature","geometry":{"type":"LineString","coordinates":[[17.626996817412902,59.856638464021266,22.190000534057617],[17.6275912322334,59.85630370030599,22.59000015258789]]},"properties":{"slope":0.8}},{"type":"Feature","geometry":{"type":"LineString","coordinates":[[17.6275912322334,59.85630370030599,22.59000015258789],[17.627740862484444,59.85621942977393,22.790000915527344]]},"properties":{"slope":1.589}},{"type":"Feature","geometry":{"type":"LineString","coordinates":[[17.627740862484444,59.85621942977393,22.790000915527344],[17.628354155116533,59.855893399840845,23.299999237060547]]},"properties":{"slope":1.02}},{"type":"Feature","geometry":{"type":"LineString","coordinates":[[17.628354155116533,59.855893399840845,23.299999237060547],[17.628365464800172,59.85588738746109,23.299999237060547]]},"properties":{"slope":0.001}},{"type":"Feature","geometry":{"type":"LineString","coordinates":[[17.636862847445013,59.85203695393987,18.079999923706055],[17.63704480402471,59.85247637363125,14.15999984741211]]},"properties":{"slope":7.839}},{"type":"Feature","geometry":{"type":"LineString","coordinates":[[17.63704480402471,59.85247637363125,14.15999984741211],[17.637080192036578,59.85256183319626,13.710000038146973],[17.63726340072799,59.85276034406161,13.369999885559082],[17.637269093343154,59.85280925330607,13.289999961853027]]},"properties":{"slope":2.199}},{"type":"Feature","geometry":{"type":"LineString","coordinates":[[17.637269093343154,59.85280925330607,13.289999961853027],[17.6378756956855,59.853078509720824,8.520000457763672]]},"properties":{"slope":10.52}},{"type":"Feature","geometry":{"type":"LineString","coordinates":[[17.6378756956855,59.853078509720824,8.520000457763672],[17.637911367835063,59.85331186898903,7.019999980926514]]},"properties":{"slope":5.753}},{"type":"Feature","geometry":{"type":"LineString","coordinates":[[17.6378756956855,59.853078509720824,8.520000457763672],[17.638640773323143,59.85330944249303,5.53000020980835]]},"properties":{"slope":5.979}},{"type":"Feature","geometry":{"type":"LineString","coordinates":[[17.638640773323143,59.85330944249303,5.53000020980835],[17.639035375273167,59.85342854703053,5.03000020980835]]},"properties":{"slope":1.939}},{"type":"Feature","geometry":{"type":"LineString","coordinates":[[17.637269093343154,59.85280925330607,13.289999961853027],[17.637400623903734,59.8529959869407,13.59000015258789],[17.637390429970193,59.8531345243333,14.210000038146973],[17.637333510087903,59.853242915778395,14.050000190734863]]},"properties":{"slope":1.52}},{"type":"Feature","geometry":{"type":"LineString","coordinates":[[17.637333510087903,59.853242915778395,14.050000190734863],[17.637247635970088,59.85340644287329,13.539999961853027],[17.63727001170777,59.85368563277026,12.90999984741211]]},"properties":{"slope":2.28}},{"type":"Feature","geometry":{"type":"LineString","coordinates":[[17.63727001170777,59.85368563277026,12.90999984741211],[17.63725782478785,59.85392462379666,12.529999732971191],[17.637181595674726,59.85413048217088,10.960000038146973]]},"properties":{"slope":3.899}},{"type":"Feature","geometry":{"type":"LineString","coordinates":[[17.637181595674726,59.85413048217088,10.960000038146973],[17.637012710387364,59.854571198468804,8.029999732971191]]},"properties":{"slope":5.859}},{"type":"Feature","geometry":{"type":"LineString","coordinates":[[17.637012710387364,59.854571198468804,8.029999732971191],[17.636917282585134,59.85477183111133,6.960000038146973]]},"properties":{"slope":4.644}},{"type":"Feature","geometry":{"type":"LineString","coordinates":[[17.634659242259467,59.855437985844276,14.510000228881836],[17.634026794144685,59.85555025387016,16.729999542236328]]},"properties":{"slope":5.906}},{"type":"Feature","geometry":{"type":"LineString","coordinates":[[17.638695858795987,59.853705068367994,5.78000020980835],[17.63825035629543,59.85408373715407,5.610000133514404]]},"properties":{"slope":0.347}},{"type":"Feature","geometry":{"type":"LineString","coordinates":[[17.638767751780527,59.853643953852874,5.670000076293945],[17.638695858795987,59.853705068367994,5.78000020980835]]},"properties":{"slope":1.39}},{"type":"Feature","geometry":{"type":"LineString","coordinates":[[17.64563602755664,59.85089730467027,4.489999771118164],[17.645619591496672,59.85092085485083,4.570000171661377]]},"properties":{"slope":2.877}},{"type":"Feature","geometry":{"type":"LineString","coordinates":[[17.645619591496672,59.85092085485083,4.570000171661377],[17.645293664370907,59.851338412976226,3.950000047683716]]},"properties":{"slope":1.24}},{"type":"Feature","geometry":{"type":"LineString","coordinates":[[17.645293664370907,59.851338412976226,3.950000047683716],[17.64517533235706,59.85145657305467,3.710000038146973]]},"properties":{"slope":1.628}},{"type":"Feature","geometry":{"type":"LineString","coordinates":[[17.648122026113395,59.8530638149946,4.699999809265137],[17.648096253941638,59.853046445811444,4.730000019073486]]},"properties":{"slope":1.242}},{"type":"Feature","geometry":{"type":"LineString","coordinates":[[17.654646493508853,59.8566739910112,8.170000076293945],[17.654738126933584,59.85673717695858,8.510000228881836],[17.655000310706583,59.85680748182537,8.760000228881836]]},"properties":{"slope":2.308}},{"type":"Feature","geometry":{"type":"LineString","coordinates":[[17.654622442813327,59.856616380082095,6.420000076293945],[17.654646493508853,59.8566739910112,8.170000076293945]]},"properties":{"slope":26.683}},{"type":"Feature","geometry":{"type":"LineString","coordinates":[[17.645689778210098,59.85183970498426,2.700000047683716],[17.645231441109136,59.85222480162558,2.660000085830688]]},"properties":{"slope":0.08}},{"type":"Feature","geometry":{"type":"LineString","coordinates":[[17.645231441109136,59.85222480162558,2.660000085830688],[17.64503338713083,59.85239918044546,2.769999980926514]]},"properties":{"slope":0.491}},{"type":"Feature","geometry":{"type":"LineString","coordinates":[[17.645743361831524,59.852037162922485,4.289999961853027],[17.645722485433136,59.85205431396774,4.289999961853027]]},"properties":{"slope":2.7}},{"type":"Feature","geometry":{"type":"LineString","coordinates":[[17.645722485433136,59.85205431396774,4.289999961853027],[17.645307943481313,59.85233057704209,3.619999885559082],[17.64517299594181,59.85237645916874,2.940000057220459]]},"properties":{"slope":2.7}},{"type":"Feature","geometry":{"type":"LineString","coordinates":[[17.64517299594181,59.85237645916874,2.940000057220459],[17.64503338713083,59.85239918044546,2.769999980926514]]},"properties":{"slope":2.067}},{"type":"Feature","geometry":{"type":"LineString","coordinates":[[17.64613155699452,59.85040260728144,4.829999923706055],[17.645926297982623,59.850622996283356,4.949999809265137]]},"properties":{"slope":0.5}},{"type":"Feature","geometry":{"type":"LineString","coordinates":[[17.645926297982623,59.850622996283356,4.949999809265137],[17.6457521961177,59.850808822278935,4.579999923706055]]},"properties":{"slope":0.5}},{"type":"Feature","geometry":{"type":"LineString","coordinates":[[17.6457521961177,59.850808822278935,4.579999923706055],[17.64566348833794,59.85087638804264,4.489999771118164]]},"properties":{"slope":0.762}},{"type":"Feature","geometry":{"type":"LineString","coordinates":[[17.64566348833794,59.85087638804264,4.489999771118164],[17.64563602755664,59.85089730467027,4.489999771118164]]},"properties":{"slope":0.762}},{"type":"Feature","geometry":{"type":"LineString","coordinates":[[17.6458746604753,59.851671058600346,3.099999904632568],[17.645926649655983,59.85172907285191,3.329999923706055],[17.645914046793884,59.85180740119988,3.740000009536743],[17.645743361831524,59.852037162922485,4.289999961853027]]},"properties":{"slope":2.756}},{"type":"Feature","geometry":{"type":"LineString","coordinates":[[17.6460112520389,59.85211953844635,4.369999885559082],[17.6461956935113,59.85189700042878,4.340000152587891]]},"properties":{"slope":0.112}},{"type":"Feature","geometry":{"type":"LineString","coordinates":[[17.648250456918504,59.85305580596975,4.760000228881836],[17.648168057136367,59.85309483833243,4.710000038146973]]},"properties":{"slope":0.788}},{"type":"Feature","geometry":{"type":"LineString","coordinates":[[17.648271766075013,59.85283601428309,4.760000228881836],[17.6479787746278,59.852993062013525,4.690000057220459]]},"properties":{"slope":0.292}},{"type":"Feature","geometry":{"type":"LineString","coordinates":[[17.642019524273472,59.853824762972955,3.329999923706055],[17.641831542345813,59.853776322311454,3.549999952316284]]},"properties":{"slope":1.859}},{"type":"Feature","geometry":{"type":"LineString","coordinates":[[17.641831542345813,59.853776322311454,3.549999952316284],[17.641097928933977,59.85352508690725,3.349999904632568]]},"properties":{"slope":0.4}},{"type":"Feature","geometry":{"type":"LineString","coordinates":[[17.641097928933977,59.85352508690725,3.349999904632568],[17.640801040646352,59.8533744297641,3.5],[17.64070287054238,59.85328364195056,3.680000066757202]]},"properties":{"slope":0.86}},{"type":"Feature","geometry":{"type":"LineString","coordinates":[[17.64070287054238,59.85328364195056,3.680000066757202],[17.640455925252486,59.85324360635744,3.779999971389771]]},"properties":{"slope":0.86}},{"type":"Feature","geometry":{"type":"LineString","coordinates":[[17.640455925252486,59.85324360635744,3.779999971389771],[17.64011675920976,59.85321272882792,3.890000104904175],[17.640049728719866,59.85318337314425,3.900000095367432]]},"properties":{"slope":2.098}},{"type":"Feature","geometry":{"type":"LineString","coordinates":[[17.640049728719866,59.85318337314425,3.900000095367432],[17.639909171452008,59.85303319795134,4.679999828338623]]},"properties":{"slope":2.098}},{"type":"Feature","geometry":{"type":"LineString","coordinates":[[17.640049728719866,59.85318337314425,3.900000095367432],[17.640170594840278,59.85311756371117,3.829999923706055],[17.64038403462712,59.85292266321586,3.960000038146973]]},"properties":{"slope":0.22}},{"type":"Feature","geometry":{"type":"LineString","coordinates":[[17.64038403462712,59.85292266321586,3.960000038146973],[17.640480187172997,59.85279581067505,4.010000228881836]]},"properties":{"slope":0.22}},{"type":"Feature","geometry":{"type":"LineString","coordinates":[[17.640480187172997,59.85279581067505,4.010000228881836],[17.64061485814368,59.852632871525394,4.119999885559082],[17.640675551161294,59.85258474323416,4.130000114440918],[17.640757618391433,59.85256183266884,4.130000114440918]]},"properties":{"slope":0.28}},{"type":"Feature","geometry":{"type":"LineString","coordinates":[[17.640757618391433,59.85256183266884,4.130000114440918],[17.640814308901938,59.85253383509704,4.110000133514404]]},"properties":{"slope":0.28}},{"type":"Feature","geometry":{"type":"LineString","coordinates":[[17.639612655366395,59.85328918715018,4.869999885559082],[17.639967703928598,59.85321919491963,3.960000038146973],[17.640049728719866,59.85318337314425,3.900000095367432]]},"properties":{"slope":3.529}},{"type":"Feature","geometry":{"type":"LineString","coordinates":[[17.642172793039705,59.85355461283985,3.609999895095825],[17.642110107351165,59.85368755919191,3.349999904632568]]},"properties":{"slope":0.52}},{"type":"Feature","geometry":{"type":"LineString","coordinates":[[17.642110107351165,59.85368755919191,3.349999904632568],[17.642019524273472,59.853824762972955,3.329999923706055]]},"properties":{"slope":0.52}},{"type":"Feature","geometry":{"type":"LineString","coordinates":[[17.642019524273472,59.853824762972955,3.329999923706055],[17.641940321994188,59.853986852404496,3.349999904632568]]},"properties":{"slope":0.52}},{"type":"Feature","geometry":{"type":"LineString","coordinates":[[17.641940321994188,59.853986852404496,3.349999904632568],[17.641824585253065,59.85414974785233,3.259999990463257],[17.641617983840813,59.854198592450814,3.220000028610229]]},"properties":{"slope":0.405}},{"type":"Feature","geometry":{"type":"LineString","coordinates":[[17.642196565180402,59.85354048071904,3.630000114440918],[17.642172793039705,59.85355461283985,3.609999895095825]]},"properties":{"slope":0.97}},{"type":"Feature","geometry":{"type":"LineString","coordinates":[[17.64222177464975,59.85352549887479,3.640000104904175],[17.642196565180402,59.85354048071904,3.630000114440918]]},"properties":{"slope":0.457}},{"type":"Feature","geometry":{"type":"LineString","coordinates":[[17.64070287054238,59.85328364195056,3.680000066757202],[17.64075532148513,59.85326592960447,3.660000085830688]]},"properties":{"slope":0.565}},{"type":"Feature","geometry":{"type":"LineString","coordinates":[[17.64075532148513,59.85326592960447,3.660000085830688],[17.640868795719726,59.85324914131566,3.650000095367432],[17.64099036044154,59.85319256786653,3.630000114440918]]},"properties":{"slope":0.02}},{"type":"Feature","geometry":{"type":"LineString","coordinates":[[17.64099036044154,59.85319256786653,3.630000114440918],[17.641181869125997,59.853095674633714,3.829999923706055]]},"properties":{"slope":0.02}},{"type":"Feature","geometry":{"type":"LineString","coordinates":[[17.641181869125997,59.853095674633714,3.829999923706055],[17.64133804470111,59.85307372481946,3.670000076293945]]},"properties":{"slope":0.02}},{"type":"Feature","geometry":{"type":"LineString","coordinates":[[17.64133804470111,59.85307372481946,3.670000076293945],[17.64146825524363,59.85308120460863,3.640000104904175]]},"properties":{"slope":0.02}},{"type":"Feature","geometry":{"type":"LineString","coordinates":[[17.64146825524363,59.85308120460863,3.640000104904175],[17.64149931911492,59.853092341854214,3.670000076293945]]},"properties":{"slope":0.02}},{"type":"Feature","geometry":{"type":"LineString","coordinates":[[17.64149931911492,59.853092341854214,3.670000076293945],[17.64200440970221,59.85335628188445,3.480000019073486]]},"properties":{"slope":0.38}},{"type":"Feature","geometry":{"type":"LineString","coordinates":[[17.64200440970221,59.85335628188445,3.480000019073486],[17.64208992107193,59.85342521693747,3.480000019073486]]},"properties":{"slope":0.38}},{"type":"Feature","geometry":{"type":"LineString","coordinates":[[17.64208992107193,59.85342521693747,3.480000019073486],[17.642155121239238,59.85347777786752,3.480000019073486],[17.642172793039705,59.85355461283985,3.609999895095825]]},"properties":{"slope":0.838}},{"type":"Feature","geometry":{"type":"LineString","coordinates":[[17.640814308901938,59.85253383509704,4.110000133514404],[17.641088426294168,59.85238550434218,4.139999866485596],[17.64119741752655,59.85226936700205,4.079999923706055]]},"properties":{"slope":0.16}},{"type":"Feature","geometry":{"type":"LineString","coordinates":[[17.64119741752655,59.85226936700205,4.079999923706055],[17.641266676384618,59.85215674394747,4.03000020980835]]},"properties":{"slope":0.16}},{"type":"Feature","geometry":{"type":"LineString","coordinates":[[17.641266676384618,59.85215674394747,4.03000020980835],[17.64144677513331,59.85194218434564,3.910000085830688],[17.641677655195767,59.85179774652079,3.859999895095825]]},"properties":{"slope":0.364}},{"type":"Feature","geometry":{"type":"LineString","coordinates":[[17.642172793039705,59.85355461283985,3.609999895095825],[17.641915226438257,59.85369880188159,3.589999914169312],[17.641831542345813,59.853776322311454,3.549999952316284]]},"properties":{"slope":0.191}},{"type":"Feature","geometry":{"type":"LineString","coordinates":[[17.641831542345813,59.853776322311454,3.549999952316284],[17.641766421784343,59.85397549321948,3.410000085830688],[17.641617983840813,59.854198592450814,3.220000028610229]]},"properties":{"slope":0.677}},{"type":"Feature","geometry":{"type":"LineString","coordinates":[[17.641617983840813,59.854198592450814,3.220000028610229],[17.641547824871115,59.85424449136733,3.269999980926514],[17.641537283143215,59.854307838041805,3.109999895095825]]},"properties":{"slope":0.806}},{"type":"Feature","geometry":{"type":"LineString","coordinates":[[17.643228182713113,59.85416442316998,2.740000009536743],[17.642779721342574,59.85455235471401,2.75]]},"properties":{"slope":0.02}},{"type":"Feature","geometry":{"type":"LineString","coordinates":[[17.642779721342574,59.85455235471401,2.75],[17.642285507204527,59.854925770395916,4.320000171661377]]},"properties":{"slope":3.14}},{"type":"Feature","geometry":{"type":"LineString","coordinates":[[17.642285507204527,59.854925770395916,4.320000171661377],[17.642226368390553,59.8549674284627,4.320000171661377],[17.642034873381764,59.85501349352319,4.579999923706055]]},"properties":{"slope":1.657}},{"type":"Feature","geometry":{"type":"LineString","coordinates":[[17.642034873381764,59.85501349352319,4.579999923706055],[17.6419615214608,59.8550171144565,4.679999828338623]]},"properties":{"slope":1.657}},{"type":"Feature","geometry":{"type":"LineString","coordinates":[[17.641108337745177,59.854729925801344,4.440000057220459],[17.6411289101963,59.85477112717569,4.639999866485596],[17.64127083948455,59.85482733836557,4.889999866485596],[17.64180765148157,59.854990493580246,4.659999847412109]]},"properties":{"slope":0.44}},{"type":"Feature","geometry":{"type":"LineString","coordinates":[[17.64180765148157,59.854990493580246,4.659999847412109],[17.641918180672942,59.85501762039319,4.699999809265137]]},"properties":{"slope":0.214}},{"type":"Feature","geometry":{"type":"LineString","coordinates":[[17.641918180672942,59.85501762039319,4.699999809265137],[17.6419615214608,59.8550171144565,4.679999828338623]]},"properties":{"slope":0.214}},{"type":"Feature","geometry":{"type":"LineString","coordinates":[[17.64190068516938,59.85504939279752,4.630000114440918],[17.641856220548345,59.85513018029853,4.590000152587891]]},"properties":{"slope":0.416}},{"type":"Feature","geometry":{"type":"LineString","coordinates":[[17.641856220548345,59.85513018029853,4.590000152587891],[17.641854919117677,59.855132540528224,4.590000152587891]]},"properties":{"slope":0.416}},{"type":"Feature","geometry":{"type":"LineString","coordinates":[[17.641854919117677,59.855132540528224,4.590000152587891],[17.6418228929267,59.85519072945045,4.349999904632568]]},"properties":{"slope":3.568}},{"type":"Feature","geometry":{"type":"LineString","coordinates":[[17.641918180672942,59.85501762039319,4.699999809265137],[17.64190068516938,59.85504939279752,4.630000114440918]]},"properties":{"slope":1.906}},{"type":"Feature","geometry":{"type":"LineString","coordinates":[[17.64122855795177,59.854942608051104,4.960000038146973],[17.641856220548345,59.85513018029853,4.590000152587891]]},"properties":{"slope":0.904}},{"type":"Feature","geometry":{"type":"LineString","coordinates":[[17.63828927641818,59.85421230347903,5.309999942779541],[17.638319851431323,59.85424194828746,5.260000228881836]]},"properties":{"slope":1.344}},{"type":"Feature","geometry":{"type":"LineString","coordinates":[[17.641054249972132,59.85489190032952,4.639999866485596],[17.641133798282418,59.85491428755955,4.769999980926514]]},"properties":{"slope":2.545}},{"type":"Feature","geometry":{"type":"LineString","coordinates":[[17.641133798282418,59.85491428755955,4.769999980926514],[17.64122855795177,59.854942608051104,4.960000038146973]]},"properties":{"slope":3.076}},{"type":"Feature","geometry":{"type":"LineString","coordinates":[[17.641008581105115,59.85482488493995,4.730000019073486],[17.640964664107383,59.85486668797457,4.630000114440918]]},"properties":{"slope":1.898}},{"type":"Feature","geometry":{"type":"LineString","coordinates":[[17.638689925414806,59.85758718081831,5.179999828338623],[17.639199660954826,59.85733468540672,5.179999828338623],[17.639284283278545,59.857256525969355,5.139999866485596]]},"properties":{"slope":0.08}},{"type":"Feature","geometry":{"type":"LineString","coordinates":[[17.639284283278545,59.857256525969355,5.139999866485596],[17.63961431008414,59.85695170042437,5.119999885559082]]},"properties":{"slope":0.052}},{"type":"Feature","geometry":{"type":"LineString","coordinates":[[17.652504851094513,59.8595858611811,10.430000305175781],[17.65242587888055,59.85962844591061,10.390000343322754]]},"properties":{"slope":0.617}},{"type":"Feature","geometry":{"type":"LineString","coordinates":[[17.652606470138625,59.85953107092303,10.34000015258789],[17.652504851094513,59.8595858611811,10.430000305175781]]},"properties":{"slope":1.078}},{"type":"Feature","geometry":{"type":"LineString","coordinates":[[17.651127720921394,59.860082754895274,10.680000305175781],[17.651081046831816,59.860107742738045,10.739999771118164]]},"properties":{"slope":1.571}},{"type":"Feature","geometry":{"type":"LineString","coordinates":[[17.65422219841156,59.85668676640538,5.25],[17.6539606155011,59.85674122891169,5.340000152587891]]},"properties":{"slope":0.567}},{"type":"Feature","geometry":{"type":"LineString","coordinates":[[17.6539606155011,59.85674122891169,5.340000152587891],[17.65390071169481,59.85675444284849,5.449999809265137]]},"properties":{"slope":3.001}},{"type":"Feature","geometry":{"type":"LineString","coordinates":[[17.654275482444877,59.85667617696723,5.360000133514404],[17.65422219841156,59.85668676640538,5.25]]},"properties":{"slope":3.426}},{"type":"Feature","geometry":{"type":"LineString","coordinates":[[17.648581172775035,59.86148356438275,10.220000267028809],[17.6484838182809,59.86153718771737,10.220000267028809],[17.648536748909713,59.86155967799876,10.319999694824219]]},"properties":{"slope":0.835}},{"type":"Feature","geometry":{"type":"LineString","coordinates":[[17.648488932345245,59.861769039838535,10.369999885559082],[17.648217335967757,59.86164560686362,10.140000343322754]]},"properties":{"slope":1.121}},{"type":"Feature","geometry":{"type":"LineString","coordinates":[[17.652244180490438,59.859466891723585,10.420000076293945],[17.652179017766233,59.85950283812133,10.40999984741211]]},"properties":{"slope":0.185}},{"type":"Feature","geometry":{"type":"LineString","coordinates":[[17.65230207174994,59.859435046245565,10.390000343322754],[17.652244180490438,59.859466891723585,10.420000076293945]]},"properties":{"slope":0.624}},{"type":"Feature","geometry":{"type":"LineString","coordinates":[[17.654985494289022,59.85784966650177,8.90999984741211],[17.654767620450357,59.857759397186,8.819999694824219]]},"properties":{"slope":0.032}},{"type":"Feature","geometry":{"type":"LineString","coordinates":[[17.654767620450357,59.857759397186,8.819999694824219],[17.65457873470233,59.85765314628221,8.920000076293945]]},"properties":{"slope":0.032}},{"type":"Feature","geometry":{"type":"LineString","coordinates":[[17.6534890664365,59.85878166811964,9.800000190734863],[17.653379674292207,59.8588421334597,9.819999694824219]]},"properties":{"slope":0.58}},{"type":"Feature","geometry":{"type":"LineString","coordinates":[[17.653379674292207,59.8588421334597,9.819999694824219],[17.65288724052714,59.85911308145213,10.09000015258789]]},"properties":{"slope":0.58}},{"type":"Feature","geometry":{"type":"LineString","coordinates":[[17.65288724052714,59.85911308145213,10.09000015258789],[17.65230207174994,59.859435046245565,10.390000343322754]]},"properties":{"slope":0.617}},{"type":"Feature","geometry":{"type":"LineString","coordinates":[[17.648915356156245,59.8615344075647,10.579999923706055],[17.648673361513307,59.86169806090646,10.449999809265137]]},"properties":{"slope":0.57}},{"type":"Feature","geometry":{"type":"LineString","coordinates":[[17.648673361513307,59.86169806090646,10.449999809265137],[17.648509351950036,59.86177864354809,10.470000267028809]]},"properties":{"slope":0.555}},{"type":"Feature","geometry":{"type":"LineString","coordinates":[[17.648509351950036,59.86177864354809,10.470000267028809],[17.648488932345245,59.861769039838535,10.369999885559082]]},"properties":{"slope":0.555}},{"type":"Feature","geometry":{"type":"LineString","coordinates":[[17.652179017766233,59.85950283812133,10.40999984741211],[17.652117180430686,59.85953695440529,10.4399995803833]]},"properties":{"slope":0.38}},{"type":"Feature","geometry":{"type":"LineString","coordinates":[[17.652117180430686,59.85953695440529,10.4399995803833],[17.651577752193703,59.85983451499694,10.600000381469727]]},"properties":{"slope":0.38}},{"type":"Feature","geometry":{"type":"LineString","coordinates":[[17.651577752193703,59.85983451499694,10.600000381469727],[17.651208442884794,59.860038229904845,10.649999618530273]]},"properties":{"slope":0.163}},{"type":"Feature","geometry":{"type":"LineString","coordinates":[[17.65242587888055,59.85962844591061,10.390000343322754],[17.652375023186014,59.85965587402728,10.399999618530273]]},"properties":{"slope":0.6}},{"type":"Feature","geometry":{"type":"LineString","coordinates":[[17.652375023186014,59.85965587402728,10.399999618530273],[17.65182191697004,59.85995888072421,10.6899995803833]]},"properties":{"slope":0.6}},{"type":"Feature","geometry":{"type":"LineString","coordinates":[[17.65182191697004,59.85995888072421,10.6899995803833],[17.65143831980519,59.860169021165696,10.720000267028809]]},"properties":{"slope":0.094}},{"type":"Feature","geometry":{"type":"LineString","coordinates":[[17.651081046831816,59.860107742738045,10.739999771118164],[17.650986168200628,59.86015852009371,10.6899995803833]]},"properties":{"slope":0.06}},{"type":"Feature","geometry":{"type":"LineString","coordinates":[[17.650986168200628,59.86015852009371,10.6899995803833],[17.650475103929114,59.86043726082082,10.770000457763672]]},"properties":{"slope":0.06}},{"type":"Feature","geometry":{"type":"LineString","coordinates":[[17.650475103929114,59.86043726082082,10.770000457763672],[17.64987285035439,59.860765728845514,10.579999923706055]]},"properties":{"slope":0.382}},{"type":"Feature","geometry":{"type":"LineString","coordinates":[[17.653842131177385,59.85886001311095,9.720000267028809],[17.65379223053115,59.858885588094495,9.760000228881836]]},"properties":{"slope":1.002}},{"type":"Feature","geometry":{"type":"LineString","coordinates":[[17.65379223053115,59.858885588094495,9.760000228881836],[17.653715958129638,59.85892312263273,9.789999961853027]]},"properties":{"slope":0.502}},{"type":"Feature","geometry":{"type":"LineString","coordinates":[[17.651291893132303,59.860249524549964,10.640000343322754],[17.651250561852034,59.860272306275,10.579999923706055]]},"properties":{"slope":0.32}},{"type":"Feature","geometry":{"type":"LineString","coordinates":[[17.651250561852034,59.860272306275,10.579999923706055],[17.650691344500693,59.86058153604911,10.800000190734863]]},"properties":{"slope":0.32}},{"type":"Feature","geometry":{"type":"LineString","coordinates":[[17.650691344500693,59.86058153604911,10.800000190734863],[17.650122043675495,59.860896333398195,11]]},"properties":{"slope":0.422}},{"type":"Feature","geometry":{"type":"LineString","coordinates":[[17.6499890413304,59.86096410209256,10.970000267028809],[17.64993665943725,59.86098978971903,10.970000267028809]]},"properties":{"slope":0.26}},{"type":"Feature","geometry":{"type":"LineString","coordinates":[[17.64993665943725,59.86098978971903,10.970000267028809],[17.649376407260473,59.86129040378843,10.84000015258789]]},"properties":{"slope":0.26}},{"type":"Feature","geometry":{"type":"LineString","coordinates":[[17.649376407260473,59.86129040378843,10.84000015258789],[17.648954911641535,59.86150381060111,10.670000076293945]]},"properties":{"slope":0.687}},{"type":"Feature","geometry":{"type":"LineString","coordinates":[[17.648954911641535,59.86150381060111,10.670000076293945],[17.648915356156245,59.8615344075647,10.579999923706055]]},"properties":{"slope":0.687}},{"type":"Feature","geometry":{"type":"LineString","coordinates":[[17.648581172775035,59.86148356438275,10.220000267028809],[17.648729953254172,59.86139934077603,10.289999961853027]]},"properties":{"slope":0.52}},{"type":"Feature","geometry":{"type":"LineString","coordinates":[[17.648729953254172,59.86139934077603,10.289999961853027],[17.649178966210766,59.86115029568731,10.479999542236328]]},"properties":{"slope":0.52}},{"type":"Feature","geometry":{"type":"LineString","coordinates":[[17.649178966210766,59.86115029568731,10.479999542236328],[17.649686010275364,59.86086905736922,10.649999618530273]]},"properties":{"slope":0.288}},{"type":"Feature","geometry":{"type":"LineString","coordinates":[[17.649686010275364,59.86086905736922,10.649999618530273],[17.64976187982999,59.86082685804129,10.619999885559082]]},"properties":{"slope":0.288}},{"type":"Feature","geometry":{"type":"LineString","coordinates":[[17.647496616894713,59.859685146598714,7.659999847412109],[17.647404829657013,59.85973201178242,7.590000152587891]]},"properties":{"slope":0.955}},{"type":"Feature","geometry":{"type":"LineString","coordinates":[[17.653715958129638,59.85892312263273,9.789999961853027],[17.65363564503317,59.85896265156236,9.84000015258789]]},"properties":{"slope":0.58}},{"type":"Feature","geometry":{"type":"LineString","coordinates":[[17.65363564503317,59.85896265156236,9.84000015258789],[17.653110448598078,59.8592527240513,10.079999923706055]]},"properties":{"slope":0.58}},{"type":"Feature","geometry":{"type":"LineString","coordinates":[[17.653110448598078,59.8592527240513,10.079999923706055],[17.652606470138625,59.85953107092303,10.34000015258789]]},"properties":{"slope":0.62}},{"type":"Feature","geometry":{"type":"LineString","coordinates":[[17.651208442884794,59.860038229904845,10.649999618530273],[17.651127720921394,59.860082754895274,10.680000305175781]]},"properties":{"slope":0.447}},{"type":"Feature","geometry":{"type":"LineString","coordinates":[[17.65143831980519,59.860169021165696,10.720000267028809],[17.65137982778692,59.860201071058704,10.6899995803833]]},"properties":{"slope":0.619}},{"type":"Feature","geometry":{"type":"LineString","coordinates":[[17.655290526694504,59.85817758503054,9.180000305175781],[17.65506380796775,59.85826991275734,9.09000015258789],[17.654512860763763,59.858385271754806,9.380000114440918]]},"properties":{"slope":0.4}},{"type":"Feature","geometry":{"type":"LineString","coordinates":[[17.654512860763763,59.858385271754806,9.380000114440918],[17.654135622051065,59.858468537768736,9.529999732971191],[17.653883866031492,59.85854607156556,9.779999732971191],[17.65375383203369,59.85861238384978,9.710000038146973]]},"properties":{"slope":0.66}},{"type":"Feature","geometry":{"type":"LineString","coordinates":[[17.65375383203369,59.85861238384978,9.710000038146973],[17.65357410408241,59.85870913083549,9.789999961853027]]},"properties":{"slope":0.821}},{"type":"Feature","geometry":{"type":"LineString","coordinates":[[17.65357410408241,59.85870913083549,9.789999961853027],[17.65356293877229,59.85871685793557,9.84000015258789]]},"properties":{"slope":0.821}},{"type":"Feature","geometry":{"type":"LineString","coordinates":[[17.649154572370335,59.85915081160482,9.300000190734863],[17.648915691247957,59.859034380880416,5.940000057220459]]},"properties":{"slope":18.026}},{"type":"Feature","geometry":{"type":"LineString","coordinates":[[17.649154572370335,59.85915081160482,9.300000190734863],[17.649331572785684,59.859244782258635,9.510000228881836]]},"properties":{"slope":1.456}},{"type":"Feature","geometry":{"type":"LineString","coordinates":[[17.650117956938477,59.858558026379015,9.1899995803833],[17.65054496320576,59.85833146361837,9.380000114440918]]},"properties":{"slope":0.5}},{"type":"Feature","geometry":{"type":"LineString","coordinates":[[17.65054496320576,59.85833146361837,9.380000114440918],[17.650772231788313,59.85825656970911,9.4399995803833]]},"properties":{"slope":0.5}},{"type":"Feature","geometry":{"type":"LineString","coordinates":[[17.650772231788313,59.85825656970911,9.4399995803833],[17.651034048409937,59.85813774001228,9.510000228881836]]},"properties":{"slope":0.64}},{"type":"Feature","geometry":{"type":"LineString","coordinates":[[17.651034048409937,59.85813774001228,9.510000228881836],[17.651251817699944,59.85794151379414,9.65999984741211]]},"properties":{"slope":0.64}},{"type":"Feature","geometry":{"type":"LineString","coordinates":[[17.651251817699944,59.85794151379414,9.65999984741211],[17.651309166186007,59.85790683765922,9.760000228881836]]},"properties":{"slope":0.64}},{"type":"Feature","geometry":{"type":"LineString","coordinates":[[17.651309166186007,59.85790683765922,9.760000228881836],[17.651419599703576,59.857847653262816,9.880000114440918]]},"properties":{"slope":0.3}},{"type":"Feature","geometry":{"type":"LineString","coordinates":[[17.651419599703576,59.857847653262816,9.880000114440918],[17.65194962072441,59.857594946084646,9.609999656677246]]},"properties":{"slope":0.3}},{"type":"Feature","geometry":{"type":"LineString","coordinates":[[17.65194962072441,59.857594946084646,9.609999656677246],[17.652119544244727,59.85753435671142,9.5],[17.65273809195367,59.85738812822963,9.199999809265137]]},"properties":{"slope":0.82}},{"type":"Feature","geometry":{"type":"LineString","coordinates":[[17.65273809195367,59.85738812822963,9.199999809265137],[17.653555478050595,59.85721045351206,9.199999809265137]]},"properties":{"slope":0.001}},{"type":"Feature","geometry":{"type":"LineString","coordinates":[[17.653555478050595,59.85721045351206,9.199999809265137],[17.65388423710185,59.85711709865978,9.210000038146973]]},"properties":{"slope":0.291}},{"type":"Feature","geometry":{"type":"LineString","coordinates":[[17.65388423710185,59.85711709865978,9.210000038146973],[17.653740587213775,59.85698587956171,9.3100004196167]]},"properties":{"slope":0.291}},{"type":"Feature","geometry":{"type":"LineString","coordinates":[[17.651419599703576,59.857847653262816,9.880000114440918],[17.651300842149674,59.857759493185036,9.630000114440918]]},"properties":{"slope":2.107}},{"type":"Feature","geometry":{"type":"LineString","coordinates":[[17.648074536619692,59.85888559814089,7.400000095367432],[17.64823582200036,59.85894725162299,7.460000038146973]]},"properties":{"slope":0.491}},{"type":"Feature","geometry":{"type":"LineString","coordinates":[[17.64823582200036,59.85894725162299,7.460000038146973],[17.64838233034203,59.858871825094106,4.230000019073486]]},"properties":{"slope":27.494}},{"type":"Feature","geometry":{"type":"LineString","coordinates":[[17.64838233034203,59.858871825094106,4.230000019073486],[17.64849472911027,59.85881395171722,4.090000152587891]]},"properties":{"slope":1.553}},{"type":"Feature","geometry":{"type":"LineString","coordinates":[[17.655290526694504,59.85817758503054,9.180000305175781],[17.655261871594483,59.85815084604722,9.210000038146973]]},"properties":{"slope":0.74}},{"type":"Feature","geometry":{"type":"LineString","coordinates":[[17.655261871594483,59.85815084604722,9.210000038146973],[17.654985494289022,59.85784966650177,8.90999984741211]]},"properties":{"slope":0.74}},{"type":"Feature","geometry":{"type":"LineString","coordinates":[[17.654985494289022,59.85784966650177,8.90999984741211],[17.65490953660419,59.85777194580044,8.8100004196167]]},"properties":{"slope":0.74}},{"type":"Feature","geometry":{"type":"LineString","coordinates":[[17.65490953660419,59.85777194580044,8.8100004196167],[17.65472347343301,59.85753983116695,8.029999732971191]]},"properties":{"slope":3.5}},{"type":"Feature","geometry":{"type":"LineString","coordinates":[[17.65472347343301,59.85753983116695,8.029999732971191],[17.65455482880869,59.857360285536416,7.059999942779541]]},"properties":{"slope":3.5}},{"type":"Feature","geometry":{"type":"LineString","coordinates":[[17.65455482880869,59.857360285536416,7.059999942779541],[17.65417475513356,59.856982621473875,5.25]]},"properties":{"slope":3.56}},{"type":"Feature","geometry":{"type":"LineString","coordinates":[[17.65417475513356,59.856982621473875,5.25],[17.654150460793804,59.85696040353235,5.28000020980835]]},"properties":{"slope":3.56}},{"type":"Feature","geometry":{"type":"LineString","coordinates":[[17.654150460793804,59.85696040353235,5.28000020980835],[17.65390071169481,59.85675444284849,5.449999809265137]]},"properties":{"slope":1.48}},{"type":"Feature","geometry":{"type":"LineString","coordinates":[[17.65390071169481,59.85675444284849,5.449999809265137],[17.65383408783387,59.856710638481886,5.659999847412109],[17.65356877076957,59.85663827510655,6.019999980926514]]},"properties":{"slope":1.48}},{"type":"Feature","geometry":{"type":"LineString","coordinates":[[17.65356877076957,59.85663827510655,6.019999980926514],[17.653283826471096,59.856597095883934,6.320000171661377]]},"properties":{"slope":0.608}},{"type":"Feature","geometry":{"type":"LineString","coordinates":[[17.653283826471096,59.856597095883934,6.320000171661377],[17.653247124376566,59.856528012076744,6.170000076293945]]},"properties":{"slope":0.608}},{"type":"Feature","geometry":{"type":"LineString","coordinates":[[17.65137982778692,59.860201071058704,10.6899995803833],[17.651291893132303,59.860249524549964,10.640000343322754]]},"properties":{"slope":0.684}},{"type":"Feature","geometry":{"type":"LineString","coordinates":[[17.647116981295383,59.85979270595663,7.429999828338623],[17.64696499186685,59.8597277020357,7.269999980926514]]},"properties":{"slope":1.429}},{"type":"Feature","geometry":{"type":"LineString","coordinates":[[17.654812899837697,59.85752546464893,8.140000343322754],[17.65502734791226,59.85748347199824,8]]},"properties":{"slope":1.086}},{"type":"Feature","geometry":{"type":"LineString","coordinates":[[17.653978615478106,59.85605374296655,7.820000171661377],[17.653982945632997,59.85600249063769,7.440000057220459]]},"properties":{"slope":6.649}},{"type":"Feature","geometry":{"type":"LineString","coordinates":[[17.653334122864376,59.855649636514215,6.449999809265137],[17.653380836906337,59.85562514660559,6.489999771118164],[17.653991555808886,59.85590402384793,7.570000171661377]]},"properties":{"slope":2.24}},{"type":"Feature","geometry":{"type":"LineString","coordinates":[[17.653991555808886,59.85590402384793,7.570000171661377],[17.654004148458334,59.85590977404602,7.619999885559082]]},"properties":{"slope":5.246}},{"type":"Feature","geometry":{"type":"LineString","coordinates":[[17.653778205835543,59.856143168340466,5.75],[17.653878747945832,59.856115936934245,7.21999979019165]]},"properties":{"slope":22.971}},{"type":"Feature","geometry":{"type":"LineString","coordinates":[[17.65516639405847,59.8574505020713,8.289999961853027],[17.655325629266137,59.85740639632452,8.6899995803833]]},"properties":{"slope":3.365}},{"type":"Feature","geometry":{"type":"LineString","coordinates":[[17.655325629266137,59.85740639632452,8.6899995803833],[17.6553860888442,59.857386039694504,8.770000457763672]]},"properties":{"slope":3.365}},{"type":"Feature","geometry":{"type":"LineString","coordinates":[[17.65457873470233,59.85765314628221,8.920000076293945],[17.65451400360026,59.85759505665416,8.850000381469727]]},"properties":{"slope":3.004}},{"type":"Feature","geometry":{"type":"LineString","coordinates":[[17.65451400360026,59.85759505665416,8.850000381469727],[17.65472347343301,59.85753983116695,8.029999732971191]]},"properties":{"slope":3.004}},{"type":"Feature","geometry":{"type":"LineString","coordinates":[[17.65472347343301,59.85753983116695,8.029999732971191],[17.654812899837697,59.85752546464893,8.140000343322754]]},"properties":{"slope":3.004}},{"type":"Feature","geometry":{"type":"LineString","coordinates":[[17.65502734791226,59.85748347199824,8],[17.65506514651108,59.85747612832607,8.069999694824219]]},"properties":{"slope":3.363}},{"type":"Feature","geometry":{"type":"LineString","coordinates":[[17.65506514651108,59.85747612832607,8.069999694824219],[17.65516639405847,59.8574505020713,8.289999961853027]]},"properties":{"slope":3.363}},{"type":"Feature","geometry":{"type":"LineString","coordinates":[[17.64987285035439,59.860765728845514,10.579999923706055],[17.649817663839386,59.86079582704348,10.609999656677246]]},"properties":{"slope":0.658}},{"type":"Feature","geometry":{"type":"LineString","coordinates":[[17.64976187982999,59.86082685804129,10.619999885559082],[17.649817663839386,59.86079582704348,10.609999656677246]]},"properties":{"slope":0.215}},{"type":"Feature","geometry":{"type":"LineString","coordinates":[[17.645851061194204,59.86056672892578,7.079999923706055],[17.645739442219213,59.86062782484747,7.150000095367432]]},"properties":{"slope":0.757}},{"type":"Feature","geometry":{"type":"LineString","coordinates":[[17.64568023626513,59.860407966841294,6.789999961853027],[17.645858467827278,59.86049181002987,6.989999771118164]]},"properties":{"slope":1.463}},{"type":"Feature","geometry":{"type":"LineString","coordinates":[[17.64568854015404,59.86060434336379,7.050000190734863],[17.645447398065272,59.86092968374484,7.440000057220459]]},"properties":{"slope":1.12}},{"type":"Feature","geometry":{"type":"LineString","coordinates":[[17.645447398065272,59.86092968374484,7.440000057220459],[17.645376805071113,59.86102492065703,7.610000133514404]]},"properties":{"slope":1.12}},{"type":"Feature","geometry":{"type":"LineString","coordinates":[[17.645376805071113,59.86102492065703,7.610000133514404],[17.645199109924267,59.86126464640275,7.75]]},"properties":{"slope":0.491}},{"type":"Feature","geometry":{"type":"LineString","coordinates":[[17.644897189212045,59.86104987940699,7.289999961853027],[17.645447398065272,59.86092968374484,7.440000057220459]]},"properties":{"slope":2.46}},{"type":"Feature","geometry":{"type":"LineString","coordinates":[[17.645447398065272,59.86092968374484,7.440000057220459],[17.64571574111382,59.86087105927901,8.520000457763672]]},"properties":{"slope":2.46}},{"type":"Feature","geometry":{"type":"LineString","coordinates":[[17.64571574111382,59.86087105927901,8.520000457763672],[17.646088720885317,59.8607895737542,7.550000190734863]]},"properties":{"slope":4.257}},{"type":"Feature","geometry":{"type":"LineString","coordinates":[[17.650122043675495,59.860896333398195,11],[17.6500813291804,59.86091885248655,10.989999771118164]]},"properties":{"slope":0.295}},{"type":"Feature","geometry":{"type":"LineString","coordinates":[[17.6500813291804,59.86091885248655,10.989999771118164],[17.6499890413304,59.86096410209256,10.970000267028809]]},"properties":{"slope":0.277}},{"type":"Feature","geometry":{"type":"LineString","coordinates":[[17.64484907322571,59.86009334777254,7.300000190734863],[17.64482141347242,59.860108293635335,7.119999885559082]]},"properties":{"slope":7.913}},{"type":"Feature","geometry":{"type":"LineString","coordinates":[[17.653778205835543,59.856143168340466,5.75],[17.653356777125055,59.85625023298484,5.739999771118164]]},"properties":{"slope":0.038}},{"type":"Feature","geometry":{"type":"LineString","coordinates":[[17.65477358673926,59.85660317083498,6.96999979019165],[17.654622442813327,59.856616380082095,6.420000076293945]]},"properties":{"slope":3.24}},{"type":"Feature","geometry":{"type":"LineString","coordinates":[[17.654622442813327,59.856616380082095,6.420000076293945],[17.65438477138845,59.85663259414692,5.690000057220459]]},"properties":{"slope":3.24}},{"type":"Feature","geometry":{"type":"LineString","coordinates":[[17.65438477138845,59.85663259414692,5.690000057220459],[17.654275482444877,59.85667617696723,5.360000133514404]]},"properties":{"slope":3.24}},{"type":"Feature","geometry":{"type":"LineString","coordinates":[[17.654275482444877,59.85667617696723,5.360000133514404],[17.65427877204192,59.856715726400225,5.269999980926514],[17.65440422989651,59.85683687721807,5.349999904632568]]},"properties":{"slope":3.24}},{"type":"Feature","geometry":{"type":"LineString","coordinates":[[17.65440422989651,59.85683687721807,5.349999904632568],[17.654570255502932,59.85699720151061,5.809049190645563]]},"properties":{"slope":2.7}},{"type":"Feature","geometry":{"type":"LineString","coordinates":[[17.654570255502932,59.85699720151061,5.809049190645563],[17.654821722754594,59.857233562296706,6.699999809265137]]},"properties":{"slope":2.7}},{"type":"Feature","geometry":{"type":"LineString","coordinates":[[17.654821722754594,59.857233562296706,6.699999809265137],[17.65506514651108,59.85747612832607,8.069999694824219]]},"properties":{"slope":4.059}},{"type":"Feature","geometry":{"type":"LineString","coordinates":[[17.65506514651108,59.85747612832607,8.069999694824219],[17.655228255901577,59.857633081099685,8.729999542236328]]},"properties":{"slope":4.059}},{"type":"Feature","geometry":{"type":"LineString","coordinates":[[17.655228255901577,59.857633081099685,8.729999542236328],[17.65541017265508,59.85780812933039,9.020000457763672]]},"properties":{"slope":1.02}},{"type":"Feature","geometry":{"type":"LineString","coordinates":[[17.65541017265508,59.85780812933039,9.020000457763672],[17.655639464686146,59.85803143279325,9.239999771118164]]},"properties":{"slope":1.02}},{"type":"Feature","geometry":{"type":"LineString","coordinates":[[17.655639464686146,59.85803143279325,9.239999771118164],[17.655720056906095,59.85808482682388,9.3100004196167]]},"properties":{"slope":0.346}},{"type":"Feature","geometry":{"type":"LineString","coordinates":[[17.655720056906095,59.85808482682388,9.3100004196167],[17.65596085033329,59.85811717140562,9.109999656677246]]},"properties":{"slope":0.346}},{"type":"Feature","geometry":{"type":"LineString","coordinates":[[17.65596085033329,59.85811717140562,9.109999656677246],[17.656373414473766,59.858044783466724,9.079999923706055]]},"properties":{"slope":0.346}},{"type":"Feature","geometry":{"type":"LineString","coordinates":[[17.648537533204244,59.86179101051223,10.649999618530273],[17.648509351950036,59.86177864354809,10.470000267028809]]},"properties":{"slope":8.589}},{"type":"Feature","geometry":{"type":"LineString","coordinates":[[17.650908313728237,59.858937418920654,9.619999885559082],[17.650987505078795,59.8589770671886,9.739999771118164]]},"properties":{"slope":1.917}},{"type":"Feature","geometry":{"type":"LineString","coordinates":[[17.650838773268305,59.85890404324507,9.619999885559082],[17.650908313728237,59.858937418920654,9.619999885559082]]},"properties":{"slope":0.001}},{"type":"Feature","geometry":{"type":"LineString","coordinates":[[17.65541017265508,59.85780812933039,9.020000457763672],[17.65566681750084,59.857753863592514,9.010000228881836]]},"properties":{"slope":0.064}},{"type":"Feature","geometry":{"type":"LineString","coordinates":[[17.6554826838266,59.85753667238663,8.850000381469727],[17.6556802584007,59.85742019510936,9.09000015258789]]},"properties":{"slope":1.401}},{"type":"Feature","geometry":{"type":"LineString","coordinates":[[17.651695082330153,59.856875529936055,7.949999809265137],[17.65152160344903,59.85680142791947,7.860000133514404]]},"properties":{"slope":0.706}},{"type":"Feature","geometry":{"type":"LineString","coordinates":[[17.647901769881173,59.85881752999784,7.409999847412109],[17.6477769834621,59.858761951534305,7.400000095367432]]},"properties":{"slope":0.078}},{"type":"Feature","geometry":{"type":"LineString","coordinates":[[17.6477769834621,59.858761951534305,7.400000095367432],[17.647559899049543,59.85866525184837,7.389999866485596]]},"properties":{"slope":0.078}},{"type":"Feature","geometry":{"type":"LineString","coordinates":[[17.64725927397479,59.85954457709112,7.309999942779541],[17.646880484501025,59.85938445265669,7.389999866485596]]},"properties":{"slope":0.34}},{"type":"Feature","geometry":{"type":"LineString","coordinates":[[17.646880484501025,59.85938445265669,7.389999866485596],[17.646795031034827,59.85934832555571,7.329999923706055],[17.646789611416494,59.85930884744559,7.329999923706055],[17.646927762666632,59.859232328311286,7.480000019073486]]},"properties":{"slope":0.34}},{"type":"Feature","geometry":{"type":"LineString","coordinates":[[17.646927762666632,59.859232328311286,7.480000019073486],[17.64752768196492,59.858900039644084,7.360000133514404]]},"properties":{"slope":0.24}},{"type":"Feature","geometry":{"type":"LineString","coordinates":[[17.64752768196492,59.858900039644084,7.360000133514404],[17.64763797831926,59.858838946701795,7.400000095367432]]},"properties":{"slope":0.435}},{"type":"Feature","geometry":{"type":"LineString","coordinates":[[17.646743898797528,59.859462219024564,7.360000133514404],[17.646880484501025,59.85938445265669,7.389999866485596]]},"properties":{"slope":0.26}},{"type":"Feature","geometry":{"type":"LineString","coordinates":[[17.6529556534579,59.85588438881878,3.950000047683716],[17.652745258552113,59.85600175202612,4.21999979019165]]},"properties":{"slope":1.534}},{"type":"Feature","geometry":{"type":"LineString","coordinates":[[17.652569527631222,59.85609977190427,8.550000190734863],[17.652004773837092,59.85641479445177,8.380000114440918],[17.652011947600865,59.856439182982264,8.449999809265137]]},"properties":{"slope":0.2}},{"type":"Feature","geometry":{"type":"LineString","coordinates":[[17.652011947600865,59.856439182982264,8.449999809265137],[17.6520367252052,59.856523418718176,8.34000015258789]]},"properties":{"slope":1.159}},{"type":"Feature","geometry":{"type":"LineString","coordinates":[[17.652745258552113,59.85600175202612,4.21999979019165],[17.652569527631222,59.85609977190427,8.550000190734863]]},"properties":{"slope":29.445}},{"type":"Feature","geometry":{"type":"LineString","coordinates":[[17.64771324684389,59.85879725312617,7.389999866485596],[17.6477769834621,59.858761951534305,7.400000095367432]]},"properties":{"slope":0.188}},{"type":"Feature","geometry":{"type":"LineString","coordinates":[[17.64763797831926,59.858838946701795,7.400000095367432],[17.64771324684389,59.85879725312617,7.389999866485596]]},"properties":{"slope":0.159}},{"type":"Feature","geometry":{"type":"LineString","coordinates":[[17.654967458187002,59.857052546840805,9.109999656677246],[17.655004768854507,59.85702792483729,9.119999885559082],[17.655210103426345,59.8569965326991,8.960000038146973]]},"properties":{"slope":0.961}},{"type":"Feature","geometry":{"type":"LineString","coordinates":[[17.655325629266137,59.85740639632452,8.6899995803833],[17.65515029935884,59.85731337782275,8.829999923706055],[17.654959448935355,59.85709863414914,9],[17.654967458187002,59.857052546840805,9.109999656677246]]},"properties":{"slope":0.92}},{"type":"Feature","geometry":{"type":"LineString","coordinates":[[17.646950724563222,59.861185894336785,8.609999656677246],[17.646800444863853,59.861119164081686,8.40999984741211]]},"properties":{"slope":1.78}},{"type":"Feature","geometry":{"type":"LineString","coordinates":[[17.655380736603078,59.857150293808836,9.260000228881836],[17.654967458187002,59.857052546840805,9.109999656677246]]},"properties":{"slope":0.592}},{"type":"Feature","geometry":{"type":"LineString","coordinates":[[17.654967458187002,59.857052546840805,9.109999656677246],[17.65475540186542,59.85700829297144,9.029999732971191]]},"properties":{"slope":0.592}},{"type":"Feature","geometry":{"type":"LineString","coordinates":[[17.65054496320576,59.85833146361837,9.380000114440918],[17.65038830112158,59.85822686351365,9.149999618530273]]},"properties":{"slope":1.576}},{"type":"Feature","geometry":{"type":"LineString","coordinates":[[17.651034048409937,59.85813774001228,9.510000228881836],[17.65075685892201,59.85803171329664,9.4399995803833]]},"properties":{"slope":0.359}},{"type":"Feature","geometry":{"type":"LineString","coordinates":[[17.651251817699944,59.85794151379414,9.65999984741211],[17.651095516284787,59.85786086227273,9.630000114440918]]},"properties":{"slope":0.239}},{"type":"Feature","geometry":{"type":"LineString","coordinates":[[17.6498680284959,59.85943877185421,9.829999923706055],[17.649778692465738,59.85948771651523,9.760000228881836]]},"properties":{"slope":0.946}},{"type":"Feature","geometry":{"type":"LineString","coordinates":[[17.64995184369525,59.85939285056283,9.829999923706055],[17.6498680284959,59.85943877185421,9.829999923706055]]},"properties":{"slope":0.001}},{"type":"Feature","geometry":{"type":"LineString","coordinates":[[17.649778692465738,59.85948771651523,9.760000228881836],[17.6497093372218,59.859525716129085,9.800000190734863]]},"properties":{"slope":0.696}},{"type":"Feature","geometry":{"type":"LineString","coordinates":[[17.65209399991305,59.8582142562074,9.899999618530273],[17.651491322771896,59.85854527366064,9.859999656677246]]},"properties":{"slope":0.08}},{"type":"Feature","geometry":{"type":"LineString","coordinates":[[17.651491322771896,59.85854527366064,9.859999656677246],[17.65088863366567,59.858876288421186,9.710000038146973]]},"properties":{"slope":0.3}},{"type":"Feature","geometry":{"type":"LineString","coordinates":[[17.65088863366567,59.858876288421186,9.710000038146973],[17.65087865473457,59.8588817690686,9.65999984741211]]},"properties":{"slope":6.039}},{"type":"Feature","geometry":{"type":"LineString","coordinates":[[17.652149481826992,59.858183779834285,9.899999618530273],[17.65209399991305,59.8582142562074,9.899999618530273]]},"properties":{"slope":0.001}},{"type":"Feature","geometry":{"type":"LineString","coordinates":[[17.651776216789205,59.856831210294985,8.079999923706055],[17.651806136735864,59.85684370567074,8.100000381469727],[17.65223080066441,59.856772642005424,8.289999961853027],[17.652632771413437,59.856762082676966,8.470000267028809]]},"properties":{"slope":0.78}},{"type":"Feature","geometry":{"type":"LineString","coordinates":[[17.652632771413437,59.856762082676966,8.470000267028809],[17.653008081642465,59.8567967713738,8.649999618530273],[17.653465684939896,59.8569079192355,8.949999809265137]]},"properties":{"slope":0.96}},{"type":"Feature","geometry":{"type":"LineString","coordinates":[[17.653465684939896,59.8569079192355,8.949999809265137],[17.653663011452025,59.8569906556953,9.289999961853027]]},"properties":{"slope":2.335}},{"type":"Feature","geometry":{"type":"LineString","coordinates":[[17.647528817380792,59.85966789605631,7.75],[17.64751550272987,59.859674766467684,7.75]]},"properties":{"slope":3.414}},{"type":"Feature","geometry":{"type":"LineString","coordinates":[[17.64751550272987,59.859674766467684,7.75],[17.647496616894713,59.859685146598714,7.659999847412109]]},"properties":{"slope":3.414}},{"type":"Feature","geometry":{"type":"LineString","coordinates":[[17.65475540186542,59.85700829297144,9.029999732971191],[17.654570255502932,59.85699720151061,5.849972115841361]]},"properties":{"slope":0.75}},{"type":"Feature","geometry":{"type":"LineString","coordinates":[[17.654570255502932,59.85699720151061,5.849972115841361],[17.65417475513356,59.856982621473875,5.25]]},"properties":{"slope":0.75}},{"type":"Feature","geometry":{"type":"LineString","coordinates":[[17.65417475513356,59.856982621473875,5.25],[17.653877776835216,59.85697297757374,9.399999618530273]]},"properties":{"slope":0.75}},{"type":"Feature","geometry":{"type":"LineString","coordinates":[[17.653877776835216,59.85697297757374,9.399999618530273],[17.653740587213775,59.85698587956171,9.3100004196167]]},"properties":{"slope":0.56}},{"type":"Feature","geometry":{"type":"LineString","coordinates":[[17.653740587213775,59.85698587956171,9.3100004196167],[17.653663011452025,59.8569906556953,9.289999961853027]]},"properties":{"slope":0.56}},{"type":"Feature","geometry":{"type":"LineString","coordinates":[[17.653663011452025,59.8569906556953,9.289999961853027],[17.653056461775645,59.857139116580356,9.119999885559082]]},"properties":{"slope":0.56}},{"type":"Feature","geometry":{"type":"LineString","coordinates":[[17.653056461775645,59.857139116580356,9.119999885559082],[17.652261957851813,59.85734281364126,9.119999885559082]]},"properties":{"slope":0.001}},{"type":"Feature","geometry":{"type":"LineString","coordinates":[[17.652261957851813,59.85734281364126,9.119999885559082],[17.652091387089158,59.857396989924844,9.199999809265137],[17.651580677708022,59.857630716237935,9.550000190734863]]},"properties":{"slope":0.86}},{"type":"Feature","geometry":{"type":"LineString","coordinates":[[17.651580677708022,59.857630716237935,9.550000190734863],[17.651300842149674,59.857759493185036,9.630000114440918]]},"properties":{"slope":0.02}},{"type":"Feature","geometry":{"type":"LineString","coordinates":[[17.651300842149674,59.857759493185036,9.630000114440918],[17.651095516284787,59.85786086227273,9.630000114440918]]},"properties":{"slope":0.02}},{"type":"Feature","geometry":{"type":"LineString","coordinates":[[17.651095516284787,59.85786086227273,9.630000114440918],[17.65093640325344,59.85794113436232,9.5600004196167]]},"properties":{"slope":0.02}},{"type":"Feature","geometry":{"type":"LineString","coordinates":[[17.65093640325344,59.85794113436232,9.5600004196167],[17.65075685892201,59.85803171329664,9.4399995803833]]},"properties":{"slope":0.98}},{"type":"Feature","geometry":{"type":"LineString","coordinates":[[17.65075685892201,59.85803171329664,9.4399995803833],[17.65038830112158,59.85822686351365,9.149999618530273]]},"properties":{"slope":0.98}},{"type":"Feature","geometry":{"type":"LineString","coordinates":[[17.65038830112158,59.85822686351365,9.149999618530273],[17.65031873558617,59.858265027324705,9.069999694824219]]},"properties":{"slope":0.98}},{"type":"Feature","geometry":{"type":"LineString","coordinates":[[17.65031873558617,59.858265027324705,9.069999694824219],[17.65000984847933,59.858434482006274,8.890000343322754]]},"properties":{"slope":1.72}},{"type":"Feature","geometry":{"type":"LineString","coordinates":[[17.65000984847933,59.858434482006274,8.890000343322754],[17.649715997420113,59.858596017226624,8.210000038146973]]},"properties":{"slope":1.72}},{"type":"Feature","geometry":{"type":"LineString","coordinates":[[17.649715997420113,59.858596017226624,8.210000038146973],[17.649113592193405,59.85892716333703,6.190000057220459]]},"properties":{"slope":4.039}},{"type":"Feature","geometry":{"type":"LineString","coordinates":[[17.649113592193405,59.85892716333703,6.190000057220459],[17.648915691247957,59.859034380880416,5.940000057220459]]},"properties":{"slope":0.72}},{"type":"Feature","geometry":{"type":"LineString","coordinates":[[17.648915691247957,59.859034380880416,5.940000057220459],[17.64886432259133,59.85906158952398,5.909999847412109]]},"properties":{"slope":0.72}},{"type":"Feature","geometry":{"type":"LineString","coordinates":[[17.64886432259133,59.85906158952398,5.909999847412109],[17.648457595231967,59.859229561449105,6.550000190734863]]},"properties":{"slope":0.72}},{"type":"Feature","geometry":{"type":"LineString","coordinates":[[17.648457595231967,59.859229561449105,6.550000190734863],[17.64814464489315,59.85933264412174,7.429999828338623],[17.64779465243094,59.8595248778717,7.650000095367432]]},"properties":{"slope":2.2}},{"type":"Feature","geometry":{"type":"LineString","coordinates":[[17.64779465243094,59.8595248778717,7.650000095367432],[17.647528817380792,59.85966789605631,7.75]]},"properties":{"slope":0.458}},{"type":"Feature","geometry":{"type":"LineString","coordinates":[[17.656533565257572,59.8581890880586,9.0600004196167],[17.65629942836042,59.85822926496444,9.079999923706055],[17.656102840635306,59.85831049361291,9.09000015258789]]},"properties":{"slope":0.5}},{"type":"Feature","geometry":{"type":"LineString","coordinates":[[17.656102840635306,59.85831049361291,9.09000015258789],[17.656060353141324,59.85833504192897,9.15999984741211]]},"properties":{"slope":0.5}},{"type":"Feature","geometry":{"type":"LineString","coordinates":[[17.656060353141324,59.85833504192897,9.15999984741211],[17.656026747376234,59.85834342907138,9.229999542236328]]},"properties":{"slope":0.5}},{"type":"Feature","geometry":{"type":"LineString","coordinates":[[17.64696499186685,59.8597277020357,7.269999980926514],[17.646947835123502,59.85971942439475,7.320000171661377]]},"properties":{"slope":0.238}},{"type":"Feature","geometry":{"type":"LineString","coordinates":[[17.646947835123502,59.85971942439475,7.320000171661377],[17.646857996890947,59.85966509806153,7.349999904632568],[17.646777668767786,59.859487821930465,7.340000152587891]]},"properties":{"slope":0.238}},{"type":"Feature","geometry":{"type":"LineString","coordinates":[[17.647404829657013,59.85973201178242,7.590000152587891],[17.64723247017782,59.85981282511854,7.610000133514404],[17.647116981295383,59.85979270595663,7.429999828338623]]},"properties":{"slope":0.78}},{"type":"Feature","geometry":{"type":"LineString","coordinates":[[17.649389081992013,59.85808184305384,7.420000076293945],[17.64946335641268,59.8581152669269,7.449999809265137]]},"properties":{"slope":0.537}},{"type":"Feature","geometry":{"type":"LineString","coordinates":[[17.649389081992013,59.85808184305384,7.420000076293945],[17.649326588139328,59.85805431353321,7.380000114440918]]},"properties":{"slope":0.859}},{"type":"Feature","geometry":{"type":"LineString","coordinates":[[17.646777668767786,59.859487821930465,7.340000152587891],[17.646743898797528,59.859462219024564,7.360000133514404]]},"properties":{"slope":0.033}},{"type":"Feature","geometry":{"type":"LineString","coordinates":[[17.646743898797528,59.859462219024564,7.360000133514404],[17.646393780410182,59.859302494621296,7.349999904632568]]},"properties":{"slope":0.033}},{"type":"Feature","geometry":{"type":"LineString","coordinates":[[17.65555326547753,59.858422727638875,9.220000267028809],[17.655457236951623,59.85833565438701,9.079999923706055]]},"properties":{"slope":1.262}},{"type":"Feature","geometry":{"type":"LineString","coordinates":[[17.65596085033329,59.85811717140562,9.109999656677246],[17.656071182514246,59.8582704602331,9.119999885559082]]},"properties":{"slope":0.055}},{"type":"Feature","geometry":{"type":"LineString","coordinates":[[17.656026747376234,59.85834342907138,9.229999542236328],[17.65570696313481,59.8584132310657,9.220000267028809]]},"properties":{"slope":0.051}},{"type":"Feature","geometry":{"type":"LineString","coordinates":[[17.655457236951623,59.85833565438701,9.079999923706055],[17.655401336788156,59.858281905343794,9.09000015258789]]},"properties":{"slope":0.148}},{"type":"Feature","geometry":{"type":"LineString","coordinates":[[17.653247124376566,59.856528012076744,6.170000076293945],[17.65321471952648,59.85642390125442,6.400000095367432]]},"properties":{"slope":1.959}},{"type":"Feature","geometry":{"type":"LineString","coordinates":[[17.65438990139533,59.85652946112797,6.050000190734863],[17.65438477138845,59.85663259414692,5.690000057220459]]},"properties":{"slope":3.132}},{"type":"Feature","geometry":{"type":"LineString","coordinates":[[17.655401336788156,59.858281905343794,9.09000015258789],[17.655290526694504,59.85817758503054,9.180000305175781]]},"properties":{"slope":0.683}},{"type":"Feature","geometry":{"type":"LineString","coordinates":[[17.655325629266137,59.85740639632452,8.6899995803833],[17.6554826838266,59.85753667238663,8.850000381469727]]},"properties":{"slope":0.94}},{"type":"Feature","geometry":{"type":"LineString","coordinates":[[17.6554826838266,59.85753667238663,8.850000381469727],[17.65566681750084,59.857753863592514,9.010000228881836]]},"properties":{"slope":0.608}},{"type":"Feature","geometry":{"type":"LineString","coordinates":[[17.64940654332374,59.85814653269257,7.429999828338623],[17.65000984847933,59.858434482006274,8.890000343322754]]},"properties":{"slope":3.132}},{"type":"Feature","geometry":{"type":"LineString","coordinates":[[17.650117956938477,59.858558026379015,9.1899995803833],[17.650763515699982,59.85886791752517,9.819999694824219]]},"properties":{"slope":1.26}},{"type":"Feature","geometry":{"type":"LineString","coordinates":[[17.650763515699982,59.85886791752517,9.819999694824219],[17.650838773268305,59.85890404324507,9.619999885559082]]},"properties":{"slope":3.431}},{"type":"Feature","geometry":{"type":"LineString","coordinates":[[17.64946335641268,59.8581152669269,7.449999809265137],[17.64940654332374,59.85814653269257,7.429999828338623]]},"properties":{"slope":0.424}},{"type":"Feature","geometry":{"type":"LineString","coordinates":[[17.650343104541065,59.86098664765039,11.029999732971191],[17.650224837057017,59.860932451943526,11.109999656677246]]},"properties":{"slope":0.892}},{"type":"Feature","geometry":{"type":"LineString","coordinates":[[17.65566681750084,59.857753863592514,9.010000228881836],[17.65596085033329,59.85811717140562,9.109999656677246]]},"properties":{"slope":0.229}},{"type":"Feature","geometry":{"type":"LineString","coordinates":[[17.649326588139328,59.85805431353321,7.380000114440918],[17.649270534903554,59.858029630881425,7.480000019073486]]},"properties":{"slope":2.395}},{"type":"Feature","geometry":{"type":"LineString","coordinates":[[17.648217335967757,59.86164560686362,10.140000343322754],[17.647551160687012,59.86134692718418,9.300000190734863]]},"properties":{"slope":1.68}},{"type":"Feature","geometry":{"type":"LineString","coordinates":[[17.647551160687012,59.86134692718418,9.300000190734863],[17.647056572000935,59.86112518469084,8.510000228881836]]},"properties":{"slope":1.994}},{"type":"Feature","geometry":{"type":"LineString","coordinates":[[17.647056572000935,59.86112518469084,8.510000228881836],[17.646982451568746,59.86109273421696,8.449999809265137]]},"properties":{"slope":1.994}},{"type":"Feature","geometry":{"type":"LineString","coordinates":[[17.656060353141324,59.85833504192897,9.15999984741211],[17.6560828185403,59.85839027912358,9.25],[17.65616453041666,59.85845992593445,9.1899995803833]]},"properties":{"slope":0.196}},{"type":"Feature","geometry":{"type":"LineString","coordinates":[[17.64664497409736,59.86120508318844,8.569999694824219],[17.646146960851656,59.86148029159925,8.350000381469727]]},"properties":{"slope":0.531}},{"type":"Feature","geometry":{"type":"LineString","coordinates":[[17.6482323035224,59.86034180795375,9.3100004196167],[17.647625636475905,59.86067099471663,8.930000305175781]]},"properties":{"slope":0.76}},{"type":"Feature","geometry":{"type":"LineString","coordinates":[[17.647625636475905,59.86067099471663,8.930000305175781],[17.647018957448765,59.861000178750366,8.699999809265137]]},"properties":{"slope":0.46}},{"type":"Feature","geometry":{"type":"LineString","coordinates":[[17.647018957448765,59.861000178750366,8.699999809265137],[17.646949927743968,59.86103763368261,8.479999542236328]]},"properties":{"slope":1.84}},{"type":"Feature","geometry":{"type":"LineString","coordinates":[[17.646949927743968,59.86103763368261,8.479999542236328],[17.64688844020345,59.86104041902683,8.399999618530273],[17.646354402626095,59.86079656843864,7.78000020980835]]},"properties":{"slope":1.84}},{"type":"Feature","geometry":{"type":"LineString","coordinates":[[17.646354402626095,59.86079656843864,7.78000020980835],[17.645851061194204,59.86056672892578,7.079999923706055]]},"properties":{"slope":1.48}},{"type":"Feature","geometry":{"type":"LineString","coordinates":[[17.645851061194204,59.86056672892578,7.079999923706055],[17.6458164139103,59.860542513900654,7.03000020980835],[17.645858467827278,59.86049181002987,6.989999771118164]]},"properties":{"slope":1.48}},{"type":"Feature","geometry":{"type":"LineString","coordinates":[[17.645858467827278,59.86049181002987,6.989999771118164],[17.64588566006716,59.86047669955741,7.039999961853027]]},"properties":{"slope":1.48}},{"type":"Feature","geometry":{"type":"LineString","coordinates":[[17.64588566006716,59.86047669955741,7.039999961853027],[17.64648451634957,59.860143915881544,7.130000114440918]]},"properties":{"slope":0.18}},{"type":"Feature","geometry":{"type":"LineString","coordinates":[[17.64648451634957,59.860143915881544,7.130000114440918],[17.6470833606806,59.85981112954765,7.440000057220459]]},"properties":{"slope":0.62}},{"type":"Feature","geometry":{"type":"LineString","coordinates":[[17.6470833606806,59.85981112954765,7.440000057220459],[17.647092334274753,59.8598061427227,7.429999828338623]]},"properties":{"slope":0.359}},{"type":"Feature","geometry":{"type":"LineString","coordinates":[[17.647092334274753,59.8598061427227,7.429999828338623],[17.647116981295383,59.85979270595663,7.429999828338623]]},"properties":{"slope":0.359}},{"type":"Feature","geometry":{"type":"LineString","coordinates":[[17.647092334274753,59.8598061427227,7.429999828338623],[17.647744432869285,59.86011256358863,8.529999732971191]]},"properties":{"slope":2.2}},{"type":"Feature","geometry":{"type":"LineString","coordinates":[[17.647744432869285,59.86011256358863,8.529999732971191],[17.6482323035224,59.86034180795375,9.3100004196167]]},"properties":{"slope":2.085}},{"type":"Feature","geometry":{"type":"LineString","coordinates":[[17.6497093372218,59.859525716129085,9.800000190734863],[17.649105814551167,59.85985635480869,9.760000228881836]]},"properties":{"slope":0.08}},{"type":"Feature","geometry":{"type":"LineString","coordinates":[[17.649105814551167,59.85985635480869,9.760000228881836],[17.648577266221434,59.8601459113428,9.40999984741211]]},"properties":{"slope":0.929}},{"type":"Feature","geometry":{"type":"LineString","coordinates":[[17.648577266221434,59.8601459113428,9.40999984741211],[17.648520724329984,59.86014442225609,9.319999694824219]]},"properties":{"slope":0.929}},{"type":"Feature","geometry":{"type":"LineString","coordinates":[[17.64751550272987,59.859674766467684,7.75],[17.648169334980928,59.85998024987156,8.949999809265137]]},"properties":{"slope":2.4}},{"type":"Feature","geometry":{"type":"LineString","coordinates":[[17.648169334980928,59.85998024987156,8.949999809265137],[17.648520724329984,59.86014442225609,9.319999694824219]]},"properties":{"slope":1.377}},{"type":"Feature","geometry":{"type":"LineString","coordinates":[[17.653283826471096,59.856597095883934,6.320000171661377],[17.65251755879065,59.8565579992068,7.989999771118164],[17.65240144108659,59.85657701183451,8.199999809265137]]},"properties":{"slope":3.76}},{"type":"Feature","geometry":{"type":"LineString","coordinates":[[17.65240144108659,59.85657701183451,8.199999809265137],[17.652132823358937,59.85664599002131,8.369999885559082],[17.651776216789205,59.856831210294985,8.079999923706055]]},"properties":{"slope":0.2}},{"type":"Feature","geometry":{"type":"LineString","coordinates":[[17.651776216789205,59.856831210294985,8.079999923706055],[17.65172531783975,59.85685901382974,8.100000381469727]]},"properties":{"slope":0.2}},{"type":"Feature","geometry":{"type":"LineString","coordinates":[[17.65172531783975,59.85685901382974,8.100000381469727],[17.651695082330153,59.856875529936055,7.949999809265137]]},"properties":{"slope":2.96}},{"type":"Feature","geometry":{"type":"LineString","coordinates":[[17.651695082330153,59.856875529936055,7.949999809265137],[17.65112957607592,59.85719317890229,9.579999923706055]]},"properties":{"slope":2.96}},{"type":"Feature","geometry":{"type":"LineString","coordinates":[[17.65112957607592,59.85719317890229,9.579999923706055],[17.650532672654933,59.85752681890419,10.619999885559082]]},"properties":{"slope":2.08}},{"type":"Feature","geometry":{"type":"LineString","coordinates":[[17.650532672654933,59.85752681890419,10.619999885559082],[17.64993063551971,59.857858125391935,7.489999771118164]]},"properties":{"slope":6.259}},{"type":"Feature","geometry":{"type":"LineString","coordinates":[[17.64993063551971,59.857858125391935,7.489999771118164],[17.64946335641268,59.8581152669269,7.449999809265137]]},"properties":{"slope":0.103}},{"type":"Feature","geometry":{"type":"LineString","coordinates":[[17.65440121391869,59.85641649577487,6.269999980926514],[17.65438990139533,59.85652946112797,6.050000190734863]]},"properties":{"slope":1.745}},{"type":"Feature","geometry":{"type":"LineString","coordinates":[[17.655261871594483,59.85815084604722,9.210000038146973],[17.655720056906095,59.85808482682388,9.3100004196167]]},"properties":{"slope":0.374}},{"type":"Feature","geometry":{"type":"LineString","coordinates":[[17.65570696313481,59.8584132310657,9.220000267028809],[17.65565149407855,59.858425164247045,9.3100004196167]]},"properties":{"slope":2.662}},{"type":"Feature","geometry":{"type":"LineString","coordinates":[[17.656071182514246,59.8582704602331,9.119999885559082],[17.656102840635306,59.85831049361291,9.09000015258789]]},"properties":{"slope":0.625}},{"type":"Feature","geometry":{"type":"LineString","coordinates":[[17.6534890664365,59.85878166811964,9.800000190734863],[17.653519838271524,59.85873790587356,9.739999771118164]]},"properties":{"slope":1.101}},{"type":"Feature","geometry":{"type":"LineString","coordinates":[[17.647484140192656,59.85959345354899,7.599999904632568],[17.647300500976666,59.859516288238645,7.340000152587891]]},"properties":{"slope":1.939}},{"type":"Feature","geometry":{"type":"LineString","coordinates":[[17.65388423710185,59.85711709865978,9.210000038146973],[17.65393187651811,59.85715923006218,9.229999542236328],[17.65411791769358,59.85720974877624,9.229999542236328],[17.654216590753556,59.857274863150735,9.199999809265137],[17.65439513113769,59.85746707986137,9.199999809265137]]},"properties":{"slope":0.02}},{"type":"Feature","geometry":{"type":"LineString","coordinates":[[17.65439513113769,59.85746707986137,9.199999809265137],[17.65451400360026,59.85759505665416,8.850000381469727]]},"properties":{"slope":2.224}},{"type":"Feature","geometry":{"type":"LineString","coordinates":[[17.65451400360026,59.85759505665416,8.850000381469727],[17.653686969663784,59.8577624253244,9.15999984741211]]},"properties":{"slope":0.62}},{"type":"Feature","geometry":{"type":"LineString","coordinates":[[17.653686969663784,59.8577624253244,9.15999984741211],[17.6528647575913,59.857936670456574,9.550000190734863]]},"properties":{"slope":0.78}},{"type":"Feature","geometry":{"type":"LineString","coordinates":[[17.6528647575913,59.857936670456574,9.550000190734863],[17.65252163001152,59.85803627665651,9.75],[17.652149481826992,59.858183779834285,9.899999618530273]]},"properties":{"slope":0.718}},{"type":"Feature","geometry":{"type":"LineString","coordinates":[[17.65087865473457,59.8588817690686,9.65999984741211],[17.650838773268305,59.85890404324507,9.619999885559082]]},"properties":{"slope":0.307}},{"type":"Feature","geometry":{"type":"LineString","coordinates":[[17.650838773268305,59.85890404324507,9.619999885559082],[17.650800765615564,59.8589252589436,9.680000305175781]]},"properties":{"slope":0.307}},{"type":"Feature","geometry":{"type":"LineString","coordinates":[[17.650800765615564,59.8589252589436,9.680000305175781],[17.65019908427044,59.859256740427355,9.84000015258789]]},"properties":{"slope":0.32}},{"type":"Feature","geometry":{"type":"LineString","coordinates":[[17.65019908427044,59.859256740427355,9.84000015258789],[17.64998392766312,59.85937527339773,9.899999618530273]]},"properties":{"slope":0.336}},{"type":"Feature","geometry":{"type":"LineString","coordinates":[[17.64998392766312,59.85937527339773,9.899999618530273],[17.64995184369525,59.85939285056283,9.829999923706055]]},"properties":{"slope":2.633}},{"type":"Feature","geometry":{"type":"LineString","coordinates":[[17.649954485425788,59.8595844659348,9.890000343322754],[17.650055520991128,59.85953073159187,9.789999961853027]]},"properties":{"slope":1.214}},{"type":"Feature","geometry":{"type":"LineString","coordinates":[[17.650055520991128,59.85953073159187,9.789999961853027],[17.65004025646076,59.85950567059022,9.90999984741211],[17.650069467983258,59.859463182643005,9.949999809265137],[17.650576944244055,59.85918621547112,9.84000015258789]]},"properties":{"slope":0.1}},{"type":"Feature","geometry":{"type":"LineString","coordinates":[[17.650576944244055,59.85918621547112,9.84000015258789],[17.650987505078795,59.8589770671886,9.739999771118164]]},"properties":{"slope":0.12}},{"type":"Feature","geometry":{"type":"LineString","coordinates":[[17.650987505078795,59.8589770671886,9.739999771118164],[17.651053032332307,59.858974155683015,9.65999984741211]]},"properties":{"slope":0.12}},{"type":"Feature","geometry":{"type":"LineString","coordinates":[[17.651053032332307,59.858974155683015,9.65999984741211],[17.65123346431219,59.8590466943505,9.779999732971191]]},"properties":{"slope":0.12}},{"type":"Feature","geometry":{"type":"LineString","coordinates":[[17.65123346431219,59.8590466943505,9.779999732971191],[17.651891145195652,59.85935007326529,10.210000038146973]]},"properties":{"slope":0.86}},{"type":"Feature","geometry":{"type":"LineString","coordinates":[[17.651891145195652,59.85935007326529,10.210000038146973],[17.65211197930552,59.859451938929396,10.390000343322754]]},"properties":{"slope":1.326}},{"type":"Feature","geometry":{"type":"LineString","coordinates":[[17.65211197930552,59.859451938929396,10.390000343322754],[17.65212729288419,59.85949425833021,10.470000267028809],[17.652090106130963,59.85952445883948,10.550000190734863]]},"properties":{"slope":1.326}},{"type":"Feature","geometry":{"type":"LineString","coordinates":[[17.650055520991128,59.85953073159187,9.789999961853027],[17.650712726806123,59.85983437621915,10.369999885559082]]},"properties":{"slope":1.16}},{"type":"Feature","geometry":{"type":"LineString","coordinates":[[17.650712726806123,59.85983437621915,10.369999885559082],[17.65113996377624,59.86001811673389,10.680000305175781],[17.651211190971416,59.86000861624117,10.680000305175781],[17.651380320521486,59.85991545142149,10.699999809265137]]},"properties":{"slope":0.66}},{"type":"Feature","geometry":{"type":"LineString","coordinates":[[17.651380320521486,59.85991545142149,10.699999809265137],[17.651982046764346,59.85958398526723,10.600000381469727]]},"properties":{"slope":0.2}},{"type":"Feature","geometry":{"type":"LineString","coordinates":[[17.651982046764346,59.85958398526723,10.600000381469727],[17.652090106130963,59.85952445883948,10.550000190734863]]},"properties":{"slope":0.557}},{"type":"Feature","geometry":{"type":"LineString","coordinates":[[17.653350775919698,59.85882847574437,10],[17.652749437726357,59.859160113612205,10.319999694824219]]},"properties":{"slope":0.64}},{"type":"Feature","geometry":{"type":"LineString","coordinates":[[17.652749437726357,59.859160113612205,10.319999694824219],[17.652282874300866,59.85941741683743,10.470000267028809],[17.652198242067005,59.85940468201737,10.399999618530273]]},"properties":{"slope":0.181}},{"type":"Feature","geometry":{"type":"LineString","coordinates":[[17.652198242067005,59.85940468201737,10.399999618530273],[17.6515409694886,59.85910107877754,9.949999809265137]]},"properties":{"slope":0.9}},{"type":"Feature","geometry":{"type":"LineString","coordinates":[[17.6515409694886,59.85910107877754,9.949999809265137],[17.65116195103517,59.85891439425893,9.670000076293945]]},"properties":{"slope":0.24}},{"type":"Feature","geometry":{"type":"LineString","coordinates":[[17.65116195103517,59.85891439425893,9.670000076293945],[17.651151006252192,59.858893900324794,9.760000228881836],[17.651177075599005,59.858858313561555,9.760000228881836],[17.651339632425,59.85876975171948,9.829999923706055]]},"properties":{"slope":0.24}},{"type":"Feature","geometry":{"type":"LineString","coordinates":[[17.651339632425,59.85876975171948,9.829999923706055],[17.65194496189494,59.85843995907391,9.979999542236328]]},"properties":{"slope":0.3}},{"type":"Feature","geometry":{"type":"LineString","coordinates":[[17.65194496189494,59.85843995907391,9.979999542236328],[17.652247135834912,59.858275326685856,10.100000381469727],[17.65231479872735,59.858270294349545,10.029999732971191]]},"properties":{"slope":0.14}},{"type":"Feature","geometry":{"type":"LineString","coordinates":[[17.65231479872735,59.858270294349545,10.029999732971191],[17.652595882405382,59.85839632274754,10.050000190734863]]},"properties":{"slope":0.14}},{"type":"Feature","geometry":{"type":"LineString","coordinates":[[17.652595882405382,59.85839632274754,10.050000190734863],[17.653254177983516,59.85869935696817,10.020000457763672]]},"properties":{"slope":0.06}},{"type":"Feature","geometry":{"type":"LineString","coordinates":[[17.653254177983516,59.85869935696817,10.020000457763672],[17.653414707603265,59.85877325246733,9.859999656677246],[17.653421454223903,59.85878836317396,9.869999885559082],[17.653350775919698,59.85882847574437,10]]},"properties":{"slope":0.101}},{"type":"Feature","geometry":{"type":"LineString","coordinates":[[17.651053032332307,59.858974155683015,9.65999984741211],[17.65116195103517,59.85891439425893,9.670000076293945]]},"properties":{"slope":0.111}},{"type":"Feature","geometry":{"type":"LineString","coordinates":[[17.65231479872735,59.858270294349545,10.029999732971191],[17.652425917410135,59.858210680207634,9.9399995803833]]},"properties":{"slope":0.989}},{"type":"Feature","geometry":{"type":"LineString","coordinates":[[17.65357410408241,59.85870913083549,9.789999961853027],[17.65346225844858,59.85870620341075,9.890000343322754],[17.65288903719003,59.85844149903325,10.100000381469727]]},"properties":{"slope":0.62}},{"type":"Feature","geometry":{"type":"LineString","coordinates":[[17.65288903719003,59.85844149903325,10.100000381469727],[17.652425917410135,59.858210680207634,9.9399995803833]]},"properties":{"slope":0.44}},{"type":"Feature","geometry":{"type":"LineString","coordinates":[[17.652425917410135,59.858210680207634,9.9399995803833],[17.652440094857628,59.858178801856475,9.90999984741211],[17.652575056139273,59.85812780050217,9.880000114440918]]},"properties":{"slope":0.44}},{"type":"Feature","geometry":{"type":"LineString","coordinates":[[17.652575056139273,59.85812780050217,9.880000114440918],[17.652873066006606,59.85803417631242,9.649999618530273],[17.653370152542102,59.85792704569882,9.359999656677246]]},"properties":{"slope":1.04}},{"type":"Feature","geometry":{"type":"LineString","coordinates":[[17.653370152542102,59.85792704569882,9.359999656677246],[17.654190377557224,59.85775026765412,9.020000457763672]]},"properties":{"slope":0.68}},{"type":"Feature","geometry":{"type":"LineString","coordinates":[[17.654190377557224,59.85775026765412,9.020000457763672],[17.65440170813383,59.85777413612959,9.029999732971191],[17.654481129420798,59.8578210155901,8.979999542236328],[17.654767620450357,59.857759397186,8.819999694824219]]},"properties":{"slope":0.537}},{"type":"Feature","geometry":{"type":"LineString","coordinates":[[17.646950724563222,59.861185894336785,8.609999656677246],[17.64761732300279,59.861484333373916,9.4399995803833]]},"properties":{"slope":1.66}},{"type":"Feature","geometry":{"type":"LineString","coordinates":[[17.64761732300279,59.861484333373916,9.4399995803833],[17.648106896188715,59.86170351182037,10.029999732971191]]},"properties":{"slope":1.606}},{"type":"Feature","geometry":{"type":"LineString","coordinates":[[17.64612106926802,59.861669011244764,8.520000457763672],[17.646704419241644,59.861329322479484,8.579999923706055]]},"properties":{"slope":0.12}},{"type":"Feature","geometry":{"type":"LineString","coordinates":[[17.646704419241644,59.861329322479484,8.579999923706055],[17.646950724563222,59.861185894336785,8.609999656677246]]},"properties":{"slope":0.142}},{"type":"Feature","geometry":{"type":"LineString","coordinates":[[17.646950724563222,59.861185894336785,8.609999656677246],[17.647071845295294,59.86163059304255,9.15999984741211]]},"properties":{"slope":1.1}},{"type":"Feature","geometry":{"type":"LineString","coordinates":[[17.647071845295294,59.86163059304255,9.15999984741211],[17.647086881119375,59.861685796679716,9.220000267028809]]},"properties":{"slope":0.94}},{"type":"Feature","geometry":{"type":"LineString","coordinates":[[17.647086881119375,59.861685796679716,9.220000267028809],[17.647192963164,59.862075292018815,9.630000114440918]]},"properties":{"slope":0.94}},{"type":"Feature","geometry":{"type":"LineString","coordinates":[[17.647192963164,59.862075292018815,9.630000114440918],[17.64721116007649,59.86214210360336,9.65999984741211]]},"properties":{"slope":0.399}},{"type":"Feature","geometry":{"type":"LineString","coordinates":[[17.648106896188715,59.86170351182037,10.029999732971191],[17.6472149758149,59.86168802180308,9.479999542236328]]},"properties":{"slope":1.1}},{"type":"Feature","geometry":{"type":"LineString","coordinates":[[17.6472149758149,59.86168802180308,9.479999542236328],[17.647086881119375,59.861685796679716,9.220000267028809]]},"properties":{"slope":1.74}},{"type":"Feature","geometry":{"type":"LineString","coordinates":[[17.647086881119375,59.861685796679716,9.220000267028809],[17.646323056346237,59.86167252228935,8.609999656677246]]},"properties":{"slope":1.74}},{"type":"Feature","geometry":{"type":"LineString","coordinates":[[17.646323056346237,59.86167252228935,8.609999656677246],[17.64612106926802,59.861669011244764,8.520000457763672]]},"properties":{"slope":0.795}},{"type":"Feature","geometry":{"type":"LineString","coordinates":[[17.647056572000935,59.86112518469084,8.510000228881836],[17.647096560003714,59.86110265976519,8.65999984741211]]},"properties":{"slope":0.8}},{"type":"Feature","geometry":{"type":"LineString","coordinates":[[17.647096560003714,59.86110265976519,8.65999984741211],[17.647654439836064,59.86079196589964,8.90999984741211]]},"properties":{"slope":0.8}},{"type":"Feature","geometry":{"type":"LineString","coordinates":[[17.647654439836064,59.86079196589964,8.90999984741211],[17.648260112721186,59.860462315349174,9.460000038146973]]},"properties":{"slope":1.1}},{"type":"Feature","geometry":{"type":"LineString","coordinates":[[17.648260112721186,59.860462315349174,9.460000038146973],[17.648499228189593,59.86033216904678,9.420000076293945]]},"properties":{"slope":0.171}},{"type":"Feature","geometry":{"type":"LineString","coordinates":[[17.648499228189593,59.86033216904678,9.420000076293945],[17.64857827597768,59.860303168779105,9.470000267028809],[17.648645012829697,59.86031024158867,9.510000228881836]]},"properties":{"slope":0.171}},{"type":"Feature","geometry":{"type":"LineString","coordinates":[[17.649697224535444,59.8607931835313,10.569999694824219],[17.64964042378656,59.86084845404069,10.920000076293945]]},"properties":{"slope":4.822}},{"type":"Feature","geometry":{"type":"LineString","coordinates":[[17.650956960583546,59.860145960189236,10.6899995803833],[17.650353785514632,59.86047676429601,10.779999732971191]]},"properties":{"slope":0.18}},{"type":"Feature","geometry":{"type":"LineString","coordinates":[[17.650353785514632,59.86047676429601,10.779999732971191],[17.64986769499679,59.860743348051145,10.600000381469727],[17.649790497168837,59.860738956163765,10.510000228881836]]},"properties":{"slope":0.602}},{"type":"Feature","geometry":{"type":"LineString","coordinates":[[17.649954485425788,59.8595844659348,9.890000343322754],[17.650614202609454,59.85988673028444,10.420000076293945]]},"properties":{"slope":1.06}},{"type":"Feature","geometry":{"type":"LineString","coordinates":[[17.650614202609454,59.85988673028444,10.420000076293945],[17.6510037122118,59.86006868524119,10.710000038146973],[17.65101343482219,59.86009791211964,10.720000267028809],[17.650956960583546,59.860145960189236,10.6899995803833]]},"properties":{"slope":0.685}},{"type":"Feature","geometry":{"type":"LineString","coordinates":[[17.649790497168837,59.860738956163765,10.510000228881836],[17.64913876284122,59.86043233301692,9.920000076293945]]},"properties":{"slope":1.18}},{"type":"Feature","geometry":{"type":"LineString","coordinates":[[17.64913876284122,59.86043233301692,9.920000076293945],[17.64875240056258,59.86025055591825,9.59000015258789]]},"properties":{"slope":0.48}},{"type":"Feature","geometry":{"type":"LineString","coordinates":[[17.64875240056258,59.86025055591825,9.59000015258789],[17.64872813782913,59.860215311526964,9.529999732971191]]},"properties":{"slope":0.48}},{"type":"Feature","geometry":{"type":"LineString","coordinates":[[17.64872813782913,59.860215311526964,9.529999732971191],[17.648919664186597,59.86010809890847,9.680000305175781]]},"properties":{"slope":0.48}},{"type":"Feature","geometry":{"type":"LineString","coordinates":[[17.648919664186597,59.86010809890847,9.680000305175781],[17.6495160992014,59.85977422037744,9.859999656677246]]},"properties":{"slope":0.36}},{"type":"Feature","geometry":{"type":"LineString","coordinates":[[17.6495160992014,59.85977422037744,9.859999656677246],[17.64985305026142,59.85958559432494,9.9399995803833],[17.649954485425788,59.8595844659348,9.890000343322754]]},"properties":{"slope":0.087}},{"type":"Feature","geometry":{"type":"LineString","coordinates":[[17.64836303230333,59.860269654116514,9.3100004196167],[17.648499228189593,59.86033216904678,9.420000076293945]]},"properties":{"slope":1.065}},{"type":"Feature","geometry":{"type":"LineString","coordinates":[[17.648645012829697,59.86031024158867,9.510000228881836],[17.64875240056258,59.86025055591825,9.59000015258789]]},"properties":{"slope":0.892}},{"type":"Feature","geometry":{"type":"LineString","coordinates":[[17.648577266221434,59.8601459113428,9.40999984741211],[17.64872813782913,59.860215311526964,9.529999732971191]]},"properties":{"slope":1.047}},{"type":"Feature","geometry":{"type":"LineString","coordinates":[[17.64840092141641,59.86021099582981,9.279999732971191],[17.648520724329984,59.86014442225609,9.319999694824219]]},"properties":{"slope":0.4}},{"type":"Feature","geometry":{"type":"LineString","coordinates":[[17.647322062660557,59.86212753891794,9.579999923706055],[17.647635691215555,59.86227815194841,9.920000076293945]]},"properties":{"slope":1.399}},{"type":"Feature","geometry":{"type":"LineString","coordinates":[[17.650242601518254,59.861043205653104,11.100000381469727],[17.650121465977165,59.860989324111635,11.119999885559082]]},"properties":{"slope":0.221}},{"type":"Feature","geometry":{"type":"LineString","coordinates":[[17.64902552599274,59.861632214740474,10.670000076293945],[17.64912767113021,59.861670614028604,10.729999542236328]]},"properties":{"slope":0.832}},{"type":"Feature","geometry":{"type":"LineString","coordinates":[[17.648697603344313,59.86138430962301,10.359999656677246],[17.648729953254172,59.86139934077603,10.289999961853027]]},"properties":{"slope":1.906}},{"type":"Feature","geometry":{"type":"LineString","coordinates":[[17.648729953254172,59.86139934077603,10.289999961853027],[17.648954911641535,59.86150381060111,10.670000076293945]]},"properties":{"slope":1.906}},{"type":"Feature","geometry":{"type":"LineString","coordinates":[[17.648954911641535,59.86150381060111,10.670000076293945],[17.649007091032345,59.861528043200245,10.8100004196167]]},"properties":{"slope":1.906}},{"type":"Feature","geometry":{"type":"LineString","coordinates":[[17.648860287934678,59.86173792675263,10.670000076293945],[17.64902552599274,59.861632214740474,10.670000076293945]]},"properties":{"slope":0.001}},{"type":"Feature","geometry":{"type":"LineString","coordinates":[[17.650956960583546,59.860145960189236,10.6899995803833],[17.650986168200628,59.86015852009371,10.6899995803833]]},"properties":{"slope":0.126}},{"type":"Feature","geometry":{"type":"LineString","coordinates":[[17.650986168200628,59.86015852009371,10.6899995803833],[17.651250561852034,59.860272306275,10.579999923706055]]},"properties":{"slope":0.126}},{"type":"Feature","geometry":{"type":"LineString","coordinates":[[17.651250561852034,59.860272306275,10.579999923706055],[17.65128033796302,59.86028580401594,10.720000267028809]]},"properties":{"slope":0.126}},{"type":"Feature","geometry":{"type":"LineString","coordinates":[[17.649965021146574,59.86100340902507,11.100000381469727],[17.64993665943725,59.86098978971903,10.970000267028809]]},"properties":{"slope":2.079}},{"type":"Feature","geometry":{"type":"LineString","coordinates":[[17.64993665943725,59.86098978971903,10.970000267028809],[17.649686010275364,59.86086905736922,10.649999618530273]]},"properties":{"slope":2.079}},{"type":"Feature","geometry":{"type":"LineString","coordinates":[[17.649686010275364,59.86086905736922,10.649999618530273],[17.64964042378656,59.86084845404069,10.920000076293945]]},"properties":{"slope":7.862}},{"type":"Feature","geometry":{"type":"LineString","coordinates":[[17.650121465977165,59.860989324111635,11.119999885559082],[17.650224837057017,59.860932451943526,11.109999656677246]]},"properties":{"slope":0.116}},{"type":"Feature","geometry":{"type":"LineString","coordinates":[[17.65137846647444,59.86028549778209,10.789999961853027],[17.651494969585126,59.86033634393681,10.8100004196167]]},"properties":{"slope":0.231}},{"type":"Feature","geometry":{"type":"LineString","coordinates":[[17.65128033796302,59.86028580401594,10.720000267028809],[17.65137846647444,59.86028549778209,10.789999961853027]]},"properties":{"slope":1.067}},{"type":"Feature","geometry":{"type":"LineString","coordinates":[[17.650224837057017,59.860932451943526,11.109999656677246],[17.65018326930438,59.8609022601218,11.010000228881836],[17.65020365999748,59.86087428992164,11.109999656677246],[17.65071840646232,59.86059294572739,10.9399995803833]]},"properties":{"slope":0.34}},{"type":"Feature","geometry":{"type":"LineString","coordinates":[[17.65071840646232,59.86059294572739,10.9399995803833],[17.65128033796302,59.86028580401594,10.720000267028809]]},"properties":{"slope":0.473}},{"type":"Feature","geometry":{"type":"LineString","coordinates":[[17.65137846647444,59.86028549778209,10.789999961853027],[17.651523293697267,59.86020960195603,10.680000305175781]]},"properties":{"slope":0.939}},{"type":"Feature","geometry":{"type":"LineString","coordinates":[[17.652552627498,59.85965782704535,10.300000190734863],[17.652625976723034,59.859690853048924,10.359999656677246]]},"properties":{"slope":1.088}},{"type":"Feature","geometry":{"type":"LineString","coordinates":[[17.651630601866238,59.86025893740032,10.680000305175781],[17.651523293697267,59.86020960195603,10.680000305175781]]},"properties":{"slope":0.12}},{"type":"Feature","geometry":{"type":"LineString","coordinates":[[17.651523293697267,59.86020960195603,10.680000305175781],[17.651511766700274,59.860162395230184,10.739999771118164],[17.651947766022708,59.85992018365685,10.739999771118164]]},"properties":{"slope":0.12}},{"type":"Feature","geometry":{"type":"LineString","coordinates":[[17.651947766022708,59.85992018365685,10.739999771118164],[17.652401254814663,59.859668250896,10.470000267028809]]},"properties":{"slope":0.923}},{"type":"Feature","geometry":{"type":"LineString","coordinates":[[17.652401254814663,59.859668250896,10.470000267028809],[17.65247649925568,59.85964387888147,10.430000305175781],[17.652552627498,59.85965782704535,10.300000190734863]]},"properties":{"slope":0.923}},{"type":"Feature","geometry":{"type":"LineString","coordinates":[[17.652552627498,59.85965782704535,10.300000190734863],[17.65266331375459,59.85959405290896,10.359999656677246]]},"properties":{"slope":0.636}},{"type":"Feature","geometry":{"type":"LineString","coordinates":[[17.6538451746249,59.85896440171749,9.90999984741211],[17.65391870429379,59.858998514144375,9.930000305175781]]},"properties":{"slope":0.357}},{"type":"Feature","geometry":{"type":"LineString","coordinates":[[17.65273633756882,59.85962786581865,10.34000015258789],[17.65266331375459,59.85959405290896,10.359999656677246]]},"properties":{"slope":0.16}},{"type":"Feature","geometry":{"type":"LineString","coordinates":[[17.65266331375459,59.85959405290896,10.359999656677246],[17.65264132549132,59.85957247539074,10.369999885559082],[17.652655821955133,59.85953210355167,10.4399995803833],[17.65310021654142,59.85928624309831,10.260000228881836]]},"properties":{"slope":0.16}},{"type":"Feature","geometry":{"type":"LineString","coordinates":[[17.65310021654142,59.85928624309831,10.260000228881836],[17.653662129458638,59.858975358567996,9.859999656677246]]},"properties":{"slope":0.78}},{"type":"Feature","geometry":{"type":"LineString","coordinates":[[17.653662129458638,59.858975358567996,9.859999656677246],[17.653706511603048,59.85895732612049,9.869999885559082]]},"properties":{"slope":0.78}},{"type":"Feature","geometry":{"type":"LineString","coordinates":[[17.653706511603048,59.85895732612049,9.869999885559082],[17.6538451746249,59.85896440171749,9.90999984741211]]},"properties":{"slope":0.465}},{"type":"Feature","geometry":{"type":"LineString","coordinates":[[17.6538451746249,59.85896440171749,9.90999984741211],[17.653948344252537,59.85890627421964,9.920000076293945]]},"properties":{"slope":0.115}},{"type":"Feature","geometry":{"type":"LineString","coordinates":[[17.653350775919698,59.85882847574437,10],[17.653379674292207,59.8588421334597,9.819999694824219]]},"properties":{"slope":0.585}},{"type":"Feature","geometry":{"type":"LineString","coordinates":[[17.653379674292207,59.8588421334597,9.819999694824219],[17.65363564503317,59.85896265156236,9.84000015258789]]},"properties":{"slope":0.585}},{"type":"Feature","geometry":{"type":"LineString","coordinates":[[17.65363564503317,59.85896265156236,9.84000015258789],[17.653662129458638,59.858975358567996,9.859999656677246]]},"properties":{"slope":0.585}},{"type":"Feature","geometry":{"type":"LineString","coordinates":[[17.654066388840977,59.85896049966906,9.829999923706055],[17.653948344252537,59.85890627421964,9.920000076293945]]},"properties":{"slope":1.005}},{"type":"Feature","geometry":{"type":"LineString","coordinates":[[17.653948344252537,59.85890627421964,9.920000076293945],[17.65386730375576,59.85884712119891,9.729999542236328]]},"properties":{"slope":2.374}},{"type":"Feature","geometry":{"type":"LineString","coordinates":[[17.65391330257993,59.858823759109555,9.84000015258789],[17.65386730375576,59.85884712119891,9.729999542236328]]},"properties":{"slope":3.003}},{"type":"Feature","geometry":{"type":"LineString","coordinates":[[17.65565149407855,59.858425164247045,9.3100004196167],[17.65555326547753,59.858422727638875,9.220000267028809]]},"properties":{"slope":0.14}},{"type":"Feature","geometry":{"type":"LineString","coordinates":[[17.65555326547753,59.858422727638875,9.220000267028809],[17.655402758631922,59.85842231638798,9.210000038146973],[17.654807995910655,59.85854587940646,9.380000114440918]]},"properties":{"slope":0.14}},{"type":"Feature","geometry":{"type":"LineString","coordinates":[[17.654807995910655,59.85854587940646,9.380000114440918],[17.654287709410188,59.85865891722366,9.6899995803833],[17.654036680811103,59.85876188820308,9.789999961853027]]},"properties":{"slope":0.82}},{"type":"Feature","geometry":{"type":"LineString","coordinates":[[17.654036680811103,59.85876188820308,9.789999961853027],[17.65391330257993,59.858823759109555,9.84000015258789]]},"properties":{"slope":0.512}},{"type":"Feature","geometry":{"type":"LineString","coordinates":[[17.65386730375576,59.85884712119891,9.729999542236328],[17.653842131177385,59.85886001311095,9.720000267028809]]},"properties":{"slope":0.497}},{"type":"Feature","geometry":{"type":"LineString","coordinates":[[17.65356293877229,59.85871685793557,9.84000015258789],[17.653519838271524,59.85873790587356,9.739999771118164]]},"properties":{"slope":2.971}},{"type":"Feature","geometry":{"type":"LineString","coordinates":[[17.65317904474516,59.85564774468639,3.869999885559082],[17.65364502652464,59.856030149388765,5.380000114440918]]},"properties":{"slope":3.02}},{"type":"Feature","geometry":{"type":"LineString","coordinates":[[17.65364502652464,59.856030149388765,5.380000114440918],[17.653778205835543,59.856143168340466,5.75]]},"properties":{"slope":1.68}},{"type":"Feature","geometry":{"type":"LineString","coordinates":[[17.653778205835543,59.856143168340466,5.75],[17.653947078998517,59.85626128738283,6.150000095367432],[17.654214989497778,59.8563673065591,6.21999979019165]]},"properties":{"slope":1.68}},{"type":"Feature","geometry":{"type":"LineString","coordinates":[[17.654214989497778,59.8563673065591,6.21999979019165],[17.65440121391869,59.85641649577487,6.269999980926514]]},"properties":{"slope":2.163}},{"type":"Feature","geometry":{"type":"LineString","coordinates":[[17.65440121391869,59.85641649577487,6.269999980926514],[17.654595600097814,59.856442777142014,6.71999979019165]]},"properties":{"slope":2.163}},{"type":"Feature","geometry":{"type":"LineString","coordinates":[[17.649790497168837,59.860738956163765,10.510000228881836],[17.649697224535444,59.8607931835313,10.569999694824219]]},"properties":{"slope":0.751}},{"type":"Feature","geometry":{"type":"LineString","coordinates":[[17.652090106130963,59.85952445883948,10.550000190734863],[17.652117180430686,59.85953695440529,10.4399995803833]]},"properties":{"slope":0.338}},{"type":"Feature","geometry":{"type":"LineString","coordinates":[[17.652117180430686,59.85953695440529,10.4399995803833],[17.652375023186014,59.85965587402728,10.399999618530273]]},"properties":{"slope":0.338}},{"type":"Feature","geometry":{"type":"LineString","coordinates":[[17.652375023186014,59.85965587402728,10.399999618530273],[17.652401254814663,59.859668250896,10.470000267028809]]},"properties":{"slope":0.338}},{"type":"Feature","geometry":{"type":"LineString","coordinates":[[17.65211197930552,59.859451938929396,10.390000343322754],[17.652198242067005,59.85940468201737,10.399999618530273]]},"properties":{"slope":0.14}},{"type":"Feature","geometry":{"type":"LineString","coordinates":[[17.646949927743968,59.86103763368261,8.479999542236328],[17.647096560003714,59.86110265976519,8.65999984741211]]},"properties":{"slope":1.643}},{"type":"Feature","geometry":{"type":"LineString","coordinates":[[17.64417814969132,59.862598761591,7.809999942779541],[17.64414607645778,59.862583738051406,7.769999980926514]]},"properties":{"slope":1.18}},{"type":"Feature","geometry":{"type":"LineString","coordinates":[[17.64414607645778,59.862583738051406,7.769999980926514],[17.643525047897565,59.86229285499635,7.21999979019165]]},"properties":{"slope":1.18}},{"type":"Feature","geometry":{"type":"LineString","coordinates":[[17.643525047897565,59.86229285499635,7.21999979019165],[17.643020054871634,59.8620563157648,7]]},"properties":{"slope":0.371}},{"type":"Feature","geometry":{"type":"LineString","coordinates":[[17.643020054871634,59.8620563157648,7],[17.64289187584212,59.861996275300925,7.039999961853027]]},"properties":{"slope":0.371}},{"type":"Feature","geometry":{"type":"LineString","coordinates":[[17.647129777545484,59.859623371909834,7.329999923706055],[17.647244226618785,59.85955489426442,7.329999923706055]]},"properties":{"slope":0.001}},{"type":"Feature","geometry":{"type":"LineString","coordinates":[[17.640717250372116,59.86323084622079,7.420000076293945],[17.64089589754756,59.863316429455594,7.449999809265137]]},"properties":{"slope":0.52}},{"type":"Feature","geometry":{"type":"LineString","coordinates":[[17.64089589754756,59.863316429455594,7.449999809265137],[17.64136350075079,59.86354042137988,7.679999828338623]]},"properties":{"slope":0.52}},{"type":"Feature","geometry":{"type":"LineString","coordinates":[[17.64136350075079,59.86354042137988,7.679999828338623],[17.641905107396802,59.86378883244344,8.010000228881836],[17.641975433555952,59.86378395914822,8.130000114440918]]},"properties":{"slope":0.999}},{"type":"Feature","geometry":{"type":"LineString","coordinates":[[17.643348914498002,59.86441105716579,9.699999809265137],[17.643359264997052,59.86445804538175,9.760000228881836],[17.643526526500878,59.86453439606243,9.970000267028809]]},"properties":{"slope":1.506}},{"type":"Feature","geometry":{"type":"LineString","coordinates":[[17.643526526500878,59.86453439606243,9.970000267028809],[17.643625124240334,59.86457765633883,10.050000190734863]]},"properties":{"slope":2.153}},{"type":"Feature","geometry":{"type":"LineString","coordinates":[[17.643625124240334,59.86457765633883,10.050000190734863],[17.64368152807773,59.8646035459977,10.220000267028809]]},"properties":{"slope":2.153}},{"type":"Feature","geometry":{"type":"LineString","coordinates":[[17.645006096761655,59.86304423873296,8.899999618530273],[17.644970846722817,59.86301663791572,8.800000190734863]]},"properties":{"slope":3.303}},{"type":"Feature","geometry":{"type":"LineString","coordinates":[[17.644970846722817,59.86301663791572,8.800000190734863],[17.644873472925827,59.86291428045774,8.359999656677246]]},"properties":{"slope":3.303}},{"type":"Feature","geometry":{"type":"LineString","coordinates":[[17.644873472925827,59.86291428045774,8.359999656677246],[17.644335642368315,59.86267131727458,7.949999809265137]]},"properties":{"slope":1.053}},{"type":"Feature","geometry":{"type":"LineString","coordinates":[[17.644335642368315,59.86267131727458,7.949999809265137],[17.644318645387642,59.86266363566019,7.920000076293945]]},"properties":{"slope":1.053}},{"type":"Feature","geometry":{"type":"LineString","coordinates":[[17.645489115419974,59.86327777237852,9.329999923706055],[17.64546928637835,59.863268370471594,9.359999656677246]]},"properties":{"slope":1.145}},{"type":"Feature","geometry":{"type":"LineString","coordinates":[[17.64546928637835,59.863268370471594,9.359999656677246],[17.645006096761655,59.86304423873296,8.899999618530273]]},"properties":{"slope":1.145}},{"type":"Feature","geometry":{"type":"LineString","coordinates":[[17.644263047408504,59.862638520551286,7.860000133514404],[17.64417814969132,59.862598761591,7.809999942779541]]},"properties":{"slope":0.769}},{"type":"Feature","geometry":{"type":"LineString","coordinates":[[17.644318645387642,59.86266363566019,7.920000076293945],[17.644263047408504,59.862638520551286,7.860000133514404]]},"properties":{"slope":1.433}},{"type":"Feature","geometry":{"type":"LineString","coordinates":[[17.64556807876633,59.863315215757694,9.479999542236328],[17.645489115419974,59.86327777237852,9.329999923706055]]},"properties":{"slope":2.467}},{"type":"Feature","geometry":{"type":"LineString","coordinates":[[17.645663836949975,59.863361757918646,9.4399995803833],[17.6456624569701,59.863361093272374,9.4399995803833]]},"properties":{"slope":0.536}},{"type":"Feature","geometry":{"type":"LineString","coordinates":[[17.6456624569701,59.863361093272374,9.4399995803833],[17.64556807876633,59.863315215757694,9.479999542236328]]},"properties":{"slope":0.536}},{"type":"Feature","geometry":{"type":"LineString","coordinates":[[17.647769387228937,59.858896504917155,7.309999942779541],[17.64783747323134,59.858855455408005,7.320000171661377]]},"properties":{"slope":0.168}},{"type":"Feature","geometry":{"type":"LineString","coordinates":[[17.64736055309315,59.862522485763144,10.069999694824219],[17.64726665104013,59.86257287657909,9.989999771118164]]},"properties":{"slope":1.04}},{"type":"Feature","geometry":{"type":"LineString","coordinates":[[17.6475022518829,59.86245087608126,10.050000190734863],[17.64736055309315,59.862522485763144,10.069999694824219]]},"properties":{"slope":0.178}},{"type":"Feature","geometry":{"type":"LineString","coordinates":[[17.6475568231277,59.86241664414909,10.039999961853027],[17.6475022518829,59.86245087608126,10.050000190734863]]},"properties":{"slope":0.205}},{"type":"Feature","geometry":{"type":"LineString","coordinates":[[17.647023193542672,59.86251250293413,9.819999694824219],[17.646920276598518,59.86246487084586,9.760000228881836]]},"properties":{"slope":0.766}},{"type":"Feature","geometry":{"type":"LineString","coordinates":[[17.64713253863148,59.862563831622175,9.84000015258789],[17.647023193542672,59.86251250293413,9.819999694824219]]},"properties":{"slope":0.239}},{"type":"Feature","geometry":{"type":"LineString","coordinates":[[17.646970542717835,59.86219182564834,9.4399995803833],[17.647125577685266,59.8621049584955,9.489999771118164]]},"properties":{"slope":0.384}},{"type":"Feature","geometry":{"type":"LineString","coordinates":[[17.646852227506983,59.86225800370556,9.399999618530273],[17.646970542717835,59.86219182564834,9.4399995803833]]},"properties":{"slope":0.403}},{"type":"Feature","geometry":{"type":"LineString","coordinates":[[17.641732094400798,59.86391731832129,8.109999656677246],[17.641782445618105,59.86388976903875,8.229999542236328]]},"properties":{"slope":2.879}},{"type":"Feature","geometry":{"type":"LineString","coordinates":[[17.641701674557456,59.863933946298104,8.109999656677246],[17.641732094400798,59.86391731832129,8.109999656677246]]},"properties":{"slope":0.001}},{"type":"Feature","geometry":{"type":"LineString","coordinates":[[17.641671898726422,59.863950225861,8.170000076293945],[17.641701674557456,59.863933946298104,8.109999656677246]]},"properties":{"slope":2.435}},{"type":"Feature","geometry":{"type":"LineString","coordinates":[[17.64188324888091,59.8638346184232,8.109999656677246],[17.64191479954794,59.863817353844794,8.020000457763672]]},"properties":{"slope":3.445}},{"type":"Feature","geometry":{"type":"LineString","coordinates":[[17.64191479954794,59.863817353844794,8.020000457763672],[17.641975433555952,59.86378395914822,8.130000114440918]]},"properties":{"slope":2.183}},{"type":"Feature","geometry":{"type":"LineString","coordinates":[[17.643032479528696,59.864517263336865,9.430000305175781],[17.64299005367942,59.86454209145992,9.430000305175781]]},"properties":{"slope":0.001}},{"type":"Feature","geometry":{"type":"LineString","coordinates":[[17.643217902408583,59.86441932676334,9.529999732971191],[17.643032479528696,59.864517263336865,9.430000305175781]]},"properties":{"slope":0.664}},{"type":"Feature","geometry":{"type":"LineString","coordinates":[[17.643287002219438,59.86438278495838,9.6899995803833],[17.643217902408583,59.86441932676334,9.529999732971191]]},"properties":{"slope":2.848}},{"type":"Feature","geometry":{"type":"LineString","coordinates":[[17.643362292733652,59.864717570004345,10.069999694824219],[17.643409864701596,59.864692731219755,10.149999618530273]]},"properties":{"slope":2.082}},{"type":"Feature","geometry":{"type":"LineString","coordinates":[[17.643409864701596,59.864692731219755,10.149999618530273],[17.64359504933728,59.86459352834589,10.09000015258789]]},"properties":{"slope":0.396}},{"type":"Feature","geometry":{"type":"LineString","coordinates":[[17.64359504933728,59.86459352834589,10.09000015258789],[17.643625124240334,59.86457765633883,10.050000190734863]]},"properties":{"slope":1.638}},{"type":"Feature","geometry":{"type":"LineString","coordinates":[[17.643625124240334,59.86457765633883,10.050000190734863],[17.64366403055915,59.864557124345346,10.319999694824219]]},"properties":{"slope":8.545}},{"type":"Feature","geometry":{"type":"LineString","coordinates":[[17.64591011892584,59.86161058040084,8.1899995803833],[17.645944613872516,59.86159162102429,8.329999923706055]]},"properties":{"slope":0.771}},{"type":"Feature","geometry":{"type":"LineString","coordinates":[[17.645944613872516,59.86159162102429,8.329999923706055],[17.646146960851656,59.86148029159925,8.350000381469727]]},"properties":{"slope":0.771}},{"type":"Feature","geometry":{"type":"LineString","coordinates":[[17.646146960851656,59.86148029159925,8.350000381469727],[17.64633898279303,59.86145339008779,8.430000305175781]]},"properties":{"slope":0.771}},{"type":"Feature","geometry":{"type":"LineString","coordinates":[[17.64552265411003,59.86195186005431,8.300000190734863],[17.64553500135829,59.86187280896966,8.270000457763672],[17.645600717761557,59.86182168676366,8.369999885559082]]},"properties":{"slope":0.445}},{"type":"Feature","geometry":{"type":"LineString","coordinates":[[17.64576120338349,59.86169249072894,8.329999923706055],[17.64591011892584,59.86161058040084,8.1899995803833]]},"properties":{"slope":1.132}},{"type":"Feature","geometry":{"type":"LineString","coordinates":[[17.64854184104121,59.86147252102918,10.279999732971191],[17.648697603344313,59.86138430962301,10.359999656677246]]},"properties":{"slope":0.6}},{"type":"Feature","geometry":{"type":"LineString","coordinates":[[17.648697603344313,59.86138430962301,10.359999656677246],[17.64913357671147,59.86113652546078,10.579999923706055]]},"properties":{"slope":0.6}},{"type":"Feature","geometry":{"type":"LineString","coordinates":[[17.64913357671147,59.86113652546078,10.579999923706055],[17.64964042378656,59.86084845404069,10.920000076293945]]},"properties":{"slope":0.793}},{"type":"Feature","geometry":{"type":"LineString","coordinates":[[17.648161310247247,59.86167536430958,10.069999694824219],[17.648217335967757,59.86164560686362,10.140000343322754]]},"properties":{"slope":0.676}},{"type":"Feature","geometry":{"type":"LineString","coordinates":[[17.648217335967757,59.86164560686362,10.140000343322754],[17.64854184104121,59.86147252102918,10.279999732971191]]},"properties":{"slope":0.676}},{"type":"Feature","geometry":{"type":"LineString","coordinates":[[17.645944613872516,59.86159162102429,8.329999923706055],[17.64527199823921,59.86129661535815,7.809999942779541]]},"properties":{"slope":1.04}},{"type":"Feature","geometry":{"type":"LineString","coordinates":[[17.64527199823921,59.86129661535815,7.809999942779541],[17.645199109924267,59.86126464640275,7.75]]},"properties":{"slope":1.02}},{"type":"Feature","geometry":{"type":"LineString","coordinates":[[17.645199109924267,59.86126464640275,7.75],[17.644903337088408,59.86113491871403,7.400000095367432]]},"properties":{"slope":1.02}},{"type":"Feature","geometry":{"type":"LineString","coordinates":[[17.644903337088408,59.86113491871403,7.400000095367432],[17.644864965568317,59.861096109792925,7.400000095367432],[17.644897189212045,59.86104987940699,7.289999961853027]]},"properties":{"slope":1.02}},{"type":"Feature","geometry":{"type":"LineString","coordinates":[[17.644897189212045,59.86104987940699,7.289999961853027],[17.645042845282802,59.86096787453842,7.300000190734863]]},"properties":{"slope":1.02}},{"type":"Feature","geometry":{"type":"LineString","coordinates":[[17.645042845282802,59.86096787453842,7.300000190734863],[17.645622139085923,59.86064172458876,7.039999961853027]]},"properties":{"slope":0.54}},{"type":"Feature","geometry":{"type":"LineString","coordinates":[[17.645622139085923,59.86064172458876,7.039999961853027],[17.64563739203532,59.8606331377804,7.03000020980835]]},"properties":{"slope":0.54}},{"type":"Feature","geometry":{"type":"LineString","coordinates":[[17.64563739203532,59.8606331377804,7.03000020980835],[17.64568854015404,59.86060434336379,7.050000190734863]]},"properties":{"slope":0.465}},{"type":"Feature","geometry":{"type":"LineString","coordinates":[[17.647322062660557,59.86212753891794,9.579999923706055],[17.647925580340218,59.86179732679946,9.930000305175781]]},"properties":{"slope":0.7}},{"type":"Feature","geometry":{"type":"LineString","coordinates":[[17.647925580340218,59.86179732679946,9.930000305175781],[17.648106896188715,59.86170351182037,10.029999732971191]]},"properties":{"slope":0.739}},{"type":"Feature","geometry":{"type":"LineString","coordinates":[[17.648106896188715,59.86170351182037,10.029999732971191],[17.648161310247247,59.86167536430958,10.069999694824219]]},"properties":{"slope":0.739}},{"type":"Feature","geometry":{"type":"LineString","coordinates":[[17.640549752243242,59.86597584966474,9.220000267028809],[17.640792870164315,59.866078199007006,9.220000267028809]]},"properties":{"slope":0.001}},{"type":"Feature","geometry":{"type":"LineString","coordinates":[[17.640792870164315,59.866078199007006,9.220000267028809],[17.640824960006306,59.86609167411816,9.289999961853027]]},"properties":{"slope":3.025}},{"type":"Feature","geometry":{"type":"LineString","coordinates":[[17.640824960006306,59.86609167411816,9.289999961853027],[17.64089332367994,59.86613974003886,9.489999771118164]]},"properties":{"slope":3.025}},{"type":"Feature","geometry":{"type":"LineString","coordinates":[[17.64045189506106,59.865933764270274,9.069999694824219],[17.640549752243242,59.86597584966474,9.220000267028809]]},"properties":{"slope":2.079}},{"type":"Feature","geometry":{"type":"LineString","coordinates":[[17.64612106926802,59.861669011244764,8.520000457763672],[17.645944613872516,59.86159162102429,8.329999923706055]]},"properties":{"slope":1.448}},{"type":"Feature","geometry":{"type":"LineString","coordinates":[[17.643348914498002,59.86441105716579,9.699999809265137],[17.643574011599217,59.864514990929194,9.890000343322754]]},"properties":{"slope":1.11}},{"type":"Feature","geometry":{"type":"LineString","coordinates":[[17.640828862235413,59.866172597071824,9.5],[17.640874761049012,59.866208869166535,9.529999732971191]]},"properties":{"slope":0.626}},{"type":"Feature","geometry":{"type":"LineString","coordinates":[[17.645543405198783,59.86048161105741,6.760000228881836],[17.645568818876896,59.86046793077475,6.710000038146973]]},"properties":{"slope":0.46}},{"type":"Feature","geometry":{"type":"LineString","coordinates":[[17.645568818876896,59.86046793077475,6.710000038146973],[17.64568023626513,59.860407966841294,6.789999961853027]]},"properties":{"slope":0.46}},{"type":"Feature","geometry":{"type":"LineString","coordinates":[[17.64568023626513,59.860407966841294,6.789999961853027],[17.646152430206545,59.86015353073406,6.989999771118164]]},"properties":{"slope":0.46}},{"type":"Feature","geometry":{"type":"LineString","coordinates":[[17.646152430206545,59.86015353073406,6.989999771118164],[17.6467534770995,59.85982176138556,7.21999979019165]]},"properties":{"slope":0.46}},{"type":"Feature","geometry":{"type":"LineString","coordinates":[[17.6467534770995,59.85982176138556,7.21999979019165],[17.646947835123502,59.85971942439475,7.320000171661377]]},"properties":{"slope":0.36}},{"type":"Feature","geometry":{"type":"LineString","coordinates":[[17.646947835123502,59.85971942439475,7.320000171661377],[17.647129777545484,59.859623371909834,7.329999923706055]]},"properties":{"slope":0.36}},{"type":"Feature","geometry":{"type":"LineString","coordinates":[[17.64786656708769,59.85883791750167,7.400000095367432],[17.647901769881173,59.85881752999784,7.409999847412109]]},"properties":{"slope":0.14}},{"type":"Feature","geometry":{"type":"LineString","coordinates":[[17.647901769881173,59.85881752999784,7.409999847412109],[17.648222626253713,59.85863174813932,2.950000047683716]]},"properties":{"slope":0.14}},{"type":"Feature","geometry":{"type":"LineString","coordinates":[[17.648222626253713,59.85863174813932,2.950000047683716],[17.64844990003408,59.85849824864085,7.46999979019165]]},"properties":{"slope":0.14}},{"type":"Feature","geometry":{"type":"LineString","coordinates":[[17.64844990003408,59.85849824864085,7.46999979019165],[17.649021316729225,59.85815379641457,7.53000020980835]]},"properties":{"slope":0.12}},{"type":"Feature","geometry":{"type":"LineString","coordinates":[[17.649021316729225,59.85815379641457,7.53000020980835],[17.649270534903554,59.858029630881425,7.480000019073486]]},"properties":{"slope":0.1}},{"type":"Feature","geometry":{"type":"LineString","coordinates":[[17.649270534903554,59.858029630881425,7.480000019073486],[17.649646392904703,59.85783378598295,7.480000019073486]]},"properties":{"slope":0.1}},{"type":"Feature","geometry":{"type":"LineString","coordinates":[[17.649646392904703,59.85783378598295,7.480000019073486],[17.649766429988222,59.8577695346584,7.46999979019165],[17.649839319681682,59.85766333194308,7.599999904632568],[17.65016988367171,59.85747888707364,7.579999923706055]]},"properties":{"slope":0.2}},{"type":"Feature","geometry":{"type":"LineString","coordinates":[[17.65016988367171,59.85747888707364,7.579999923706055],[17.65076736449365,59.85714550332466,7.590000152587891]]},"properties":{"slope":0.02}},{"type":"Feature","geometry":{"type":"LineString","coordinates":[[17.65076736449365,59.85714550332466,7.590000152587891],[17.651188077098016,59.85691074753404,7.820000171661377],[17.651407591093605,59.85683702224231,7.820000171661377]]},"properties":{"slope":0.46}},{"type":"Feature","geometry":{"type":"LineString","coordinates":[[17.651407591093605,59.85683702224231,7.820000171661377],[17.65152160344903,59.85680142791947,7.860000133514404]]},"properties":{"slope":1.04}},{"type":"Feature","geometry":{"type":"LineString","coordinates":[[17.65152160344903,59.85680142791947,7.860000133514404],[17.6520367252052,59.856523418718176,8.34000015258789]]},"properties":{"slope":1.04}},{"type":"Feature","geometry":{"type":"LineString","coordinates":[[17.6520367252052,59.856523418718176,8.34000015258789],[17.652038634246765,59.8565225674783,8.34000015258789]]},"properties":{"slope":1.04}},{"type":"Feature","geometry":{"type":"LineString","coordinates":[[17.652038634246765,59.8565225674783,8.34000015258789],[17.652307272547866,59.8564614201631,8.25],[17.652897141563656,59.8564370324153,6.96999979019165]]},"properties":{"slope":2.74}},{"type":"Feature","geometry":{"type":"LineString","coordinates":[[17.652897141563656,59.8564370324153,6.96999979019165],[17.65321471952648,59.85642390125442,6.400000095367432]]},"properties":{"slope":3.069}},{"type":"Feature","geometry":{"type":"LineString","coordinates":[[17.65321471952648,59.85642390125442,6.400000095367432],[17.653399131314416,59.856395236524364,6.079999923706055]]},"properties":{"slope":3.069}},{"type":"Feature","geometry":{"type":"LineString","coordinates":[[17.647244226618785,59.85955489426442,7.329999923706055],[17.64725927397479,59.85954457709112,7.309999942779541]]},"properties":{"slope":0.16}},{"type":"Feature","geometry":{"type":"LineString","coordinates":[[17.64725927397479,59.85954457709112,7.309999942779541],[17.647300500976666,59.859516288238645,7.340000152587891]]},"properties":{"slope":0.16}},{"type":"Feature","geometry":{"type":"LineString","coordinates":[[17.647300500976666,59.859516288238645,7.340000152587891],[17.647411824581653,59.85942234796956,7.400000095367432],[17.64744274390736,59.859357841399174,7.429999828338623],[17.6474779980737,59.85913363548241,7.409999847412109]]},"properties":{"slope":0.16}},{"type":"Feature","geometry":{"type":"LineString","coordinates":[[17.6474779980737,59.85913363548241,7.409999847412109],[17.647551984282323,59.85902754808977,7.429999828338623],[17.647769387228937,59.858896504917155,7.309999942779541]]},"properties":{"slope":0.317}},{"type":"Feature","geometry":{"type":"LineString","coordinates":[[17.65191473328839,59.855121231106416,2.940000057220459],[17.65124772831253,59.854823160526756,4.610000133514404]]},"properties":{"slope":3.34}},{"type":"Feature","geometry":{"type":"LineString","coordinates":[[17.65124772831253,59.854823160526756,4.610000133514404],[17.65103717901624,59.8547651371183,4.809999942779541]]},"properties":{"slope":1.216}},{"type":"Feature","geometry":{"type":"LineString","coordinates":[[17.65103717901624,59.8547651371183,4.809999942779541],[17.65093583239433,59.8547472706217,4.849999904632568]]},"properties":{"slope":1.216}},{"type":"Feature","geometry":{"type":"LineString","coordinates":[[17.637904972129363,59.86468074645108,7.900000095367432],[17.63815181474995,59.864737899864366,7.940000057220459]]},"properties":{"slope":0.001}},{"type":"Feature","geometry":{"type":"LineString","coordinates":[[17.63815181474995,59.864737899864366,7.940000057220459],[17.63860637229361,59.86494855566102,7.900000095367432]]},"properties":{"slope":0.001}},{"type":"Feature","geometry":{"type":"LineString","coordinates":[[17.63860637229361,59.86494855566102,7.900000095367432],[17.639253787127025,59.86525741470154,8.199999809265137]]},"properties":{"slope":0.6}},{"type":"Feature","geometry":{"type":"LineString","coordinates":[[17.639253787127025,59.86525741470154,8.199999809265137],[17.63927311438061,59.865267464242834,8.25]]},"properties":{"slope":3.325}},{"type":"Feature","geometry":{"type":"LineString","coordinates":[[17.63927311438061,59.865267464242834,8.25],[17.639328418901332,59.86529622054852,8.399999618530273]]},"properties":{"slope":3.325}},{"type":"Feature","geometry":{"type":"LineString","coordinates":[[17.639328418901332,59.86529622054852,8.399999618530273],[17.639462274096765,59.86536581549017,8.40999984741211]]},"properties":{"slope":0.26}},{"type":"Feature","geometry":{"type":"LineString","coordinates":[[17.639462274096765,59.86536581549017,8.40999984741211],[17.63997086213637,59.86560770596184,8.270000457763672]]},"properties":{"slope":0.26}},{"type":"Feature","geometry":{"type":"LineString","coordinates":[[17.63997086213637,59.86560770596184,8.270000457763672],[17.640469177227946,59.86585033927865,8.640000343322754],[17.640500585072363,59.8658883826211,8.729999542236328],[17.64045189506106,59.865933764270274,9.069999694824219]]},"properties":{"slope":1.7}},{"type":"Feature","geometry":{"type":"LineString","coordinates":[[17.64045189506106,59.865933764270274,9.069999694824219],[17.64044422281311,59.86593816073606,9.119999885559082]]},"properties":{"slope":1.7}},{"type":"Feature","geometry":{"type":"LineString","coordinates":[[17.64044422281311,59.86593816073606,9.119999885559082],[17.640304899514465,59.86601970427876,9.199999809265137]]},"properties":{"slope":0.668}},{"type":"Feature","geometry":{"type":"LineString","coordinates":[[17.637340037114885,59.864438483736336,7.420000076293945],[17.63739074920389,59.86446079448714,7.599999904632568]]},"properties":{"slope":1.153}},{"type":"Feature","geometry":{"type":"LineString","coordinates":[[17.63739074920389,59.86446079448714,7.599999904632568],[17.637904972129363,59.86468074645108,7.900000095367432]]},"properties":{"slope":1.153}},{"type":"Feature","geometry":{"type":"LineString","coordinates":[[17.643272532638463,59.860242905852985,7.489999771118164],[17.64323307161289,59.86030348566137,7.690000057220459]]},"properties":{"slope":1.46}},{"type":"Feature","geometry":{"type":"LineString","coordinates":[[17.64323307161289,59.86030348566137,7.690000057220459],[17.643149836344705,59.86038192182316,4.415222000750028]]},"properties":{"slope":1.46}},{"type":"Feature","geometry":{"type":"LineString","coordinates":[[17.643149836344705,59.86038192182316,4.415222000750028],[17.642926341777763,59.860504699623874,3.337705721504665]]},"properties":{"slope":1.46}},{"type":"Feature","geometry":{"type":"LineString","coordinates":[[17.642926341777763,59.860504699623874,3.337705721504665],[17.642722581009025,59.86058135041333,6.760000228881836]]},"properties":{"slope":1.46}},{"type":"Feature","geometry":{"type":"LineString","coordinates":[[17.642722581009025,59.86058135041333,6.760000228881836],[17.64269046730866,59.860592367412785,6.599999904632568]]},"properties":{"slope":7.345}},{"type":"Feature","geometry":{"type":"LineString","coordinates":[[17.645841163412,59.86344795663805,9.489999771118164],[17.645719999431833,59.863389059605716,9.489999771118164]]},"properties":{"slope":0.362}},{"type":"Feature","geometry":{"type":"LineString","coordinates":[[17.645719999431833,59.863389059605716,9.489999771118164],[17.645663836949975,59.863361757918646,9.4399995803833]]},"properties":{"slope":0.362}},{"type":"Feature","geometry":{"type":"LineString","coordinates":[[17.64783747323134,59.858855455408005,7.320000171661377],[17.64786656708769,59.85883791750167,7.400000095367432]]},"properties":{"slope":3.144}},{"type":"Feature","geometry":{"type":"LineString","coordinates":[[17.643358208568763,59.86068092545267,3.279999971389771],[17.642926341777763,59.860504699623874,3.221114259016316]]},"properties":{"slope":0.78}},{"type":"Feature","geometry":{"type":"LineString","coordinates":[[17.642926341777763,59.860504699623874,3.221114259016316],[17.642773561166926,59.86043840406973,3.329999923706055]]},"properties":{"slope":0.78}},{"type":"Feature","geometry":{"type":"LineString","coordinates":[[17.642773561166926,59.86043840406973,3.329999923706055],[17.642671303278156,59.86039453539986,3.670000076293945]]},"properties":{"slope":0.78}},{"type":"Feature","geometry":{"type":"LineString","coordinates":[[17.642671303278156,59.86039453539986,3.670000076293945],[17.641998387262518,59.86009973783835,6]]},"properties":{"slope":4.659}},{"type":"Feature","geometry":{"type":"LineString","coordinates":[[17.641998387262518,59.86009973783835,6],[17.641762359886993,59.85999218783524,6.519999980926514]]},"properties":{"slope":2.913}},{"type":"Feature","geometry":{"type":"LineString","coordinates":[[17.644264250610362,59.86109535861328,7.03000020980835],[17.64422941152139,59.86107941991025,6.900000095367432]]},"properties":{"slope":5.479}},{"type":"Feature","geometry":{"type":"LineString","coordinates":[[17.64422941152139,59.86107941991025,6.900000095367432],[17.643604020998122,59.86079336337968,4.289999961853027]]},"properties":{"slope":5.479}},{"type":"Feature","geometry":{"type":"LineString","coordinates":[[17.643604020998122,59.86079336337968,4.289999961853027],[17.643358208568763,59.86068092545267,3.279999971389771]]},"properties":{"slope":5.425}},{"type":"Feature","geometry":{"type":"LineString","coordinates":[[17.64230714845025,59.86163501362526,6.940000057220459],[17.642913884439924,59.86192111347354,6.980000019073486]]},"properties":{"slope":0.001}},{"type":"Feature","geometry":{"type":"LineString","coordinates":[[17.642913884439924,59.86192111347354,6.980000019073486],[17.642954716385713,59.861898486398246,6.940000057220459]]},"properties":{"slope":0.001}},{"type":"Feature","geometry":{"type":"LineString","coordinates":[[17.642954716385713,59.861898486398246,6.940000057220459],[17.643554403758305,59.86156606957629,7.110000133514404]]},"properties":{"slope":0.34}},{"type":"Feature","geometry":{"type":"LineString","coordinates":[[17.643554403758305,59.86156606957629,7.110000133514404],[17.64415379848131,59.86123352203842,7.269999980926514]]},"properties":{"slope":0.32}},{"type":"Feature","geometry":{"type":"LineString","coordinates":[[17.64415379848131,59.86123352203842,7.269999980926514],[17.644308261645406,59.86114782350647,7.21999979019165]]},"properties":{"slope":1.168}},{"type":"Feature","geometry":{"type":"LineString","coordinates":[[17.644308261645406,59.86114782350647,7.21999979019165],[17.644327649365636,59.861127233654365,7.179999828338623],[17.644264250610362,59.86109535861328,7.03000020980835]]},"properties":{"slope":1.168}},{"type":"Feature","geometry":{"type":"LineString","coordinates":[[17.640036199797283,59.862899358981146,7.630000114440918],[17.64056396541058,59.863143626221195,7.400000095367432]]},"properties":{"slope":0.572}},{"type":"Feature","geometry":{"type":"LineString","coordinates":[[17.64056396541058,59.863143626221195,7.400000095367432],[17.64062301179073,59.86315602527647,7.369999885559082]]},"properties":{"slope":0.821}},{"type":"Feature","geometry":{"type":"LineString","coordinates":[[17.64062301179073,59.86315602527647,7.369999885559082],[17.6406784137928,59.86314838985654,7.369999885559082],[17.641243768433036,59.862839857815416,7.210000038146973]]},"properties":{"slope":0.32}},{"type":"Feature","geometry":{"type":"LineString","coordinates":[[17.641243768433036,59.862839857815416,7.210000038146973],[17.641843969322633,59.86250766756762,7.179999828338623]]},"properties":{"slope":0.06}},{"type":"Feature","geometry":{"type":"LineString","coordinates":[[17.641843969322633,59.86250766756762,7.179999828338623],[17.64244415825359,59.86217547464958,6.949999809265137]]},"properties":{"slope":0.46}},{"type":"Feature","geometry":{"type":"LineString","coordinates":[[17.64244415825359,59.86217547464958,6.949999809265137],[17.642733627363487,59.86201525579814,7.010000228881836]]},"properties":{"slope":0.249}},{"type":"Feature","geometry":{"type":"LineString","coordinates":[[17.642733627363487,59.86201525579814,7.010000228881836],[17.64214883057394,59.861738458049345,6.929999828338623]]},"properties":{"slope":0.178}},{"type":"Feature","geometry":{"type":"LineString","coordinates":[[17.64086226231745,59.86327568280209,7.409999847412109],[17.640909677253934,59.863221932298394,7.380000114440918],[17.641429389648206,59.86293403854484,7.190000057220459]]},"properties":{"slope":0.44}},{"type":"Feature","geometry":{"type":"LineString","coordinates":[[17.641429389648206,59.86293403854484,7.190000057220459],[17.642029295817615,59.86260171292208,7.03000020980835]]},"properties":{"slope":0.32}},{"type":"Feature","geometry":{"type":"LineString","coordinates":[[17.642029295817615,59.86260171292208,7.03000020980835],[17.642628148007613,59.86226891042949,6.940000057220459]]},"properties":{"slope":0.18}},{"type":"Feature","geometry":{"type":"LineString","coordinates":[[17.642628148007613,59.86226891042949,6.940000057220459],[17.642927768067956,59.862105507501894,6.929999828338623]]},"properties":{"slope":0.229}},{"type":"Feature","geometry":{"type":"LineString","coordinates":[[17.642927768067956,59.862105507501894,6.929999828338623],[17.643020054871634,59.8620563157648,7]]},"properties":{"slope":0.229}},{"type":"Feature","geometry":{"type":"LineString","coordinates":[[17.643020054871634,59.8620563157648,7],[17.643105532521826,59.862010751132196,7.03000020980835]]},"properties":{"slope":0.229}},{"type":"Feature","geometry":{"type":"LineString","coordinates":[[17.644130637126384,59.862666491411154,7.699999809265137],[17.64405698965598,59.86263266644061,7.659999847412109]]},"properties":{"slope":0.9}},{"type":"Feature","geometry":{"type":"LineString","coordinates":[[17.64405698965598,59.86263266644061,7.659999847412109],[17.643476698435748,59.86236104100053,7.25]]},"properties":{"slope":0.9}},{"type":"Feature","geometry":{"type":"LineString","coordinates":[[17.643476698435748,59.86236104100053,7.25],[17.642927768067956,59.862105507501894,6.929999828338623]]},"properties":{"slope":0.524}},{"type":"Feature","geometry":{"type":"LineString","coordinates":[[17.642927768067956,59.862105507501894,6.929999828338623],[17.642851639068407,59.86207076808828,7]]},"properties":{"slope":0.524}},{"type":"Feature","geometry":{"type":"LineString","coordinates":[[17.644224051028043,59.86254090733902,7.739999771118164],[17.644820374717995,59.86220695836499,8.149999618530273]]},"properties":{"slope":0.82}},{"type":"Feature","geometry":{"type":"LineString","coordinates":[[17.644820374717995,59.86220695836499,8.149999618530273],[17.645425508015105,59.86187707352162,8.289999961853027]]},"properties":{"slope":0.28}},{"type":"Feature","geometry":{"type":"LineString","coordinates":[[17.645425508015105,59.86187707352162,8.289999961853027],[17.645539435884682,59.861816080234895,8.40999984741211],[17.645600717761557,59.86182168676366,8.369999885559082]]},"properties":{"slope":0.624}},{"type":"Feature","geometry":{"type":"LineString","coordinates":[[17.644664017936993,59.861266140125835,7.550000190734863],[17.64450313044678,59.86119559462426,7.400000095367432],[17.64443695505891,59.86120609631926,7.389999866485596]]},"properties":{"slope":0.46}},{"type":"Feature","geometry":{"type":"LineString","coordinates":[[17.64443695505891,59.86120609631926,7.389999866485596],[17.644031623951026,59.861430930608506,7.320000171661377]]},"properties":{"slope":0.46}},{"type":"Feature","geometry":{"type":"LineString","coordinates":[[17.644031623951026,59.861430930608506,7.320000171661377],[17.64343151925358,59.86176315520734,7.079999923706055]]},"properties":{"slope":0.48}},{"type":"Feature","geometry":{"type":"LineString","coordinates":[[17.64343151925358,59.86176315520734,7.079999923706055],[17.64311562007914,59.86193741324857,7.039999961853027],[17.643095370879582,59.8619694908713,7.099999904632568],[17.643105532521826,59.862010751132196,7.03000020980835]]},"properties":{"slope":0.144}},{"type":"Feature","geometry":{"type":"LineString","coordinates":[[17.64302781652942,59.861974980132516,6.960000038146973],[17.643105532521826,59.862010751132196,7.03000020980835]]},"properties":{"slope":0.94}},{"type":"Feature","geometry":{"type":"LineString","coordinates":[[17.643105532521826,59.862010751132196,7.03000020980835],[17.643678348383425,59.86228225813569,7.429999828338623]]},"properties":{"slope":0.94}},{"type":"Feature","geometry":{"type":"LineString","coordinates":[[17.643678348383425,59.86228225813569,7.429999828338623],[17.644224051028043,59.86254090733902,7.739999771118164]]},"properties":{"slope":0.821}},{"type":"Feature","geometry":{"type":"LineString","coordinates":[[17.644224051028043,59.86254090733902,7.739999771118164],[17.64429563466373,59.862574830777234,7.820000171661377]]},"properties":{"slope":0.821}},{"type":"Feature","geometry":{"type":"LineString","coordinates":[[17.640318330993182,59.863351427474676,7.659999847412109],[17.640314498986,59.8633208611953,7.679999828338623],[17.639747835701794,59.863068165034555,7.949999809265137]]},"properties":{"slope":0.626}},{"type":"Feature","geometry":{"type":"LineString","coordinates":[[17.639150560655292,59.863988527727095,8.0600004196167],[17.63975548671131,59.86365850263012,7.980000019073486]]},"properties":{"slope":0.16}},{"type":"Feature","geometry":{"type":"LineString","coordinates":[[17.63975548671131,59.86365850263012,7.980000019073486],[17.640318330993182,59.863351427474676,7.659999847412109]]},"properties":{"slope":0.688}},{"type":"Feature","geometry":{"type":"LineString","coordinates":[[17.638549770276448,59.86371828744812,7.860000133514404],[17.639150560655292,59.863988527727095,8.0600004196167]]},"properties":{"slope":0.442}},{"type":"Feature","geometry":{"type":"LineString","coordinates":[[17.639747835701794,59.863068165034555,7.949999809265137],[17.6395308038271,59.863178586601585,8.020000457763672]]},"properties":{"slope":0.401}},{"type":"Feature","geometry":{"type":"LineString","coordinates":[[17.63843746224909,59.863782524194185,7.730000019073486],[17.6383653368082,59.863820251833225,7.610000133514404]]},"properties":{"slope":0.24}},{"type":"Feature","geometry":{"type":"LineString","coordinates":[[17.6383653368082,59.863820251833225,7.610000133514404],[17.637835577010073,59.864113927383436,7.849999904632568]]},"properties":{"slope":0.24}},{"type":"Feature","geometry":{"type":"LineString","coordinates":[[17.637835577010073,59.864113927383436,7.849999904632568],[17.63739074920389,59.86446079448714,7.599999904632568]]},"properties":{"slope":0.543}},{"type":"Feature","geometry":{"type":"LineString","coordinates":[[17.638919685110977,59.864075192305684,7.900000095367432],[17.6383653368082,59.863820251833225,7.610000133514404]]},"properties":{"slope":0.689}},{"type":"Feature","geometry":{"type":"LineString","coordinates":[[17.639265589284513,59.86415758894748,8],[17.639226843005137,59.86414831555648,7.96999979019165],[17.639113814225507,59.86421009760177,7.920000076293945]]},"properties":{"slope":0.24}},{"type":"Feature","geometry":{"type":"LineString","coordinates":[[17.639113814225507,59.86421009760177,7.920000076293945],[17.638653779782118,59.8644631466427,7.880000114440918]]},"properties":{"slope":0.24}},{"type":"Feature","geometry":{"type":"LineString","coordinates":[[17.638653779782118,59.8644631466427,7.880000114440918],[17.63815181474995,59.864737899864366,7.940000057220459]]},"properties":{"slope":0.144}},{"type":"Feature","geometry":{"type":"LineString","coordinates":[[17.64062801932085,59.863465989458604,7.760000228881836],[17.641284259665174,59.86377020530787,7.929999828338623]]},"properties":{"slope":0.34}},{"type":"Feature","geometry":{"type":"LineString","coordinates":[[17.641284259665174,59.86377020530787,7.929999828338623],[17.641671898726422,59.863950225861,8.170000076293945]]},"properties":{"slope":0.72}},{"type":"Feature","geometry":{"type":"LineString","coordinates":[[17.641671898726422,59.863950225861,8.170000076293945],[17.641728339416883,59.863983205432476,8.1899995803833]]},"properties":{"slope":0.72}},{"type":"Feature","geometry":{"type":"LineString","coordinates":[[17.641728339416883,59.863983205432476,8.1899995803833],[17.64156518166813,59.86409313718034,8.289999961853027]]},"properties":{"slope":0.72}},{"type":"Feature","geometry":{"type":"LineString","coordinates":[[17.64156518166813,59.86409313718034,8.289999961853027],[17.640962762399088,59.86442432334293,8.609999656677246]]},"properties":{"slope":0.64}},{"type":"Feature","geometry":{"type":"LineString","coordinates":[[17.640962762399088,59.86442432334293,8.609999656677246],[17.64060316356325,59.86462201206733,8.760000228881836]]},"properties":{"slope":0.503}},{"type":"Feature","geometry":{"type":"LineString","coordinates":[[17.640049853791638,59.86441555981446,8.420000076293945],[17.63939171675004,59.86411237490334,8.140000343322754]]},"properties":{"slope":0.56}},{"type":"Feature","geometry":{"type":"LineString","coordinates":[[17.63939171675004,59.86411237490334,8.140000343322754],[17.63936834672454,59.864101608837466,8.100000381469727]]},"properties":{"slope":4.249}},{"type":"Feature","geometry":{"type":"LineString","coordinates":[[17.63936834672454,59.864101608837466,8.100000381469727],[17.639355897513745,59.86407748241528,7.940000057220459]]},"properties":{"slope":4.249}},{"type":"Feature","geometry":{"type":"LineString","coordinates":[[17.639355897513745,59.86407748241528,7.940000057220459],[17.639959757045826,59.863746962977935,7.880000114440918]]},"properties":{"slope":0.12}},{"type":"Feature","geometry":{"type":"LineString","coordinates":[[17.639959757045826,59.863746962977935,7.880000114440918],[17.640514437510152,59.86344206445039,7.710000038146973]]},"properties":{"slope":0.18}},{"type":"Feature","geometry":{"type":"LineString","coordinates":[[17.640514437510152,59.86344206445039,7.710000038146973],[17.640581129306398,59.863444864771466,7.789999961853027]]},"properties":{"slope":0.18}},{"type":"Feature","geometry":{"type":"LineString","coordinates":[[17.640581129306398,59.863444864771466,7.789999961853027],[17.64062801932085,59.863465989458604,7.760000228881836]]},"properties":{"slope":0.851}},{"type":"Feature","geometry":{"type":"LineString","coordinates":[[17.639462274096765,59.86536581549017,8.40999984741211],[17.64006127440717,59.86503305678442,8.569999694824219]]},"properties":{"slope":0.32}},{"type":"Feature","geometry":{"type":"LineString","coordinates":[[17.64006127440717,59.86503305678442,8.569999694824219],[17.640466416383063,59.864807985652156,8.670000076293945]]},"properties":{"slope":0.54}},{"type":"Feature","geometry":{"type":"LineString","coordinates":[[17.640466416383063,59.864807985652156,8.670000076293945],[17.64058620404958,59.86477479704054,8.739999771118164]]},"properties":{"slope":0.54}},{"type":"Feature","geometry":{"type":"LineString","coordinates":[[17.64058620404958,59.86477479704054,8.739999771118164],[17.640698089997613,59.86481713651943,8.84000015258789]]},"properties":{"slope":0.54}},{"type":"Feature","geometry":{"type":"LineString","coordinates":[[17.640698089997613,59.86481713651943,8.84000015258789],[17.641357081519562,59.86511985625092,9.199999809265137]]},"properties":{"slope":0.72}},{"type":"Feature","geometry":{"type":"LineString","coordinates":[[17.641357081519562,59.86511985625092,9.199999809265137],[17.64172335525554,59.8652926952116,9.260000228881836],[17.641685123998215,59.86534491261783,9.359999656677246]]},"properties":{"slope":0.08}},{"type":"Feature","geometry":{"type":"LineString","coordinates":[[17.641685123998215,59.86534491261783,9.359999656677246],[17.641500969700456,59.86544702012472,9.239999771118164]]},"properties":{"slope":0.08}},{"type":"Feature","geometry":{"type":"LineString","coordinates":[[17.641500969700456,59.86544702012472,9.239999771118164],[17.640901608858464,59.865779617496365,9.140000343322754]]},"properties":{"slope":0.2}},{"type":"Feature","geometry":{"type":"LineString","coordinates":[[17.640901608858464,59.865779617496365,9.140000343322754],[17.640549752243242,59.86597584966474,9.220000267028809]]},"properties":{"slope":0.272}},{"type":"Feature","geometry":{"type":"LineString","coordinates":[[17.641977326022136,59.86540057060816,9.34000015258789],[17.641889276641418,59.8654349651311,9.40999984741211]]},"properties":{"slope":1.081}},{"type":"Feature","geometry":{"type":"LineString","coordinates":[[17.64329435094514,59.864686242482016,9.979999542236328],[17.643207643445468,59.86470121007325,9.829999923706055]]},"properties":{"slope":0.64}},{"type":"Feature","geometry":{"type":"LineString","coordinates":[[17.643207643445468,59.86470121007325,9.829999923706055],[17.642673154851696,59.86499823741928,9.65999984741211]]},"properties":{"slope":0.64}},{"type":"Feature","geometry":{"type":"LineString","coordinates":[[17.642673154851696,59.86499823741928,9.65999984741211],[17.642077802602987,59.86533239933534,9.350000381469727]]},"properties":{"slope":0.62}},{"type":"Feature","geometry":{"type":"LineString","coordinates":[[17.642077802602987,59.86533239933534,9.350000381469727],[17.642078987857143,59.86534456040238,9.34000015258789]]},"properties":{"slope":1.114}},{"type":"Feature","geometry":{"type":"LineString","coordinates":[[17.642078987857143,59.86534456040238,9.34000015258789],[17.64221208080196,59.86540807301103,9.479999542236328]]},"properties":{"slope":1.114}},{"type":"Feature","geometry":{"type":"LineString","coordinates":[[17.64299005367942,59.86454209145992,9.430000305175781],[17.643012896104917,59.86461432560934,9.609999656677246]]},"properties":{"slope":0.38}},{"type":"Feature","geometry":{"type":"LineString","coordinates":[[17.643012896104917,59.86461432560934,9.609999656677246],[17.642514996359374,59.86489283357928,9.619999885559082]]},"properties":{"slope":0.38}},{"type":"Feature","geometry":{"type":"LineString","coordinates":[[17.642514996359374,59.86489283357928,9.619999885559082],[17.64191248905155,59.8652239857396,9.399999618530273]]},"properties":{"slope":0.44}},{"type":"Feature","geometry":{"type":"LineString","coordinates":[[17.64191248905155,59.8652239857396,9.399999618530273],[17.641838118530135,59.865235651387536,9.34000015258789],[17.641246745893227,59.864961540273704,9.050000190734863]]},"properties":{"slope":0.7}},{"type":"Feature","geometry":{"type":"LineString","coordinates":[[17.641246745893227,59.864961540273704,9.050000190734863],[17.64069985926603,59.86470816877866,8.670000076293945]]},"properties":{"slope":0.766}},{"type":"Feature","geometry":{"type":"LineString","coordinates":[[17.64069985926603,59.86470816877866,8.670000076293945],[17.640719791841665,59.864674499042806,8.699999809265137]]},"properties":{"slope":0.766}},{"type":"Feature","geometry":{"type":"LineString","coordinates":[[17.640719791841665,59.864674499042806,8.699999809265137],[17.641321610030516,59.86434303451885,8.479999542236328]]},"properties":{"slope":0.44}},{"type":"Feature","geometry":{"type":"LineString","coordinates":[[17.641321610030516,59.86434303451885,8.479999542236328],[17.64186388735639,59.86404435548219,8.3100004196167]]},"properties":{"slope":0.5}},{"type":"Feature","geometry":{"type":"LineString","coordinates":[[17.64186388735639,59.86404435548219,8.3100004196167],[17.641898825611005,59.86402510995996,8.239999771118164]]},"properties":{"slope":0.5}},{"type":"Feature","geometry":{"type":"LineString","coordinates":[[17.641889276641418,59.8654349651311,9.40999984741211],[17.641293361882553,59.86576851426599,9.15999984741211]]},"properties":{"slope":0.5}},{"type":"Feature","geometry":{"type":"LineString","coordinates":[[17.641293361882553,59.86576851426599,9.15999984741211],[17.640824960006306,59.86609167411816,9.289999961853027]]},"properties":{"slope":0.292}},{"type":"Feature","geometry":{"type":"LineString","coordinates":[[17.643012896104917,59.86461432560934,9.609999656677246],[17.64311655346315,59.864660568267254,9.859999656677246]]},"properties":{"slope":3.22}},{"type":"Feature","geometry":{"type":"LineString","coordinates":[[17.64311655346315,59.864660568267254,9.859999656677246],[17.643207643445468,59.86470121007325,9.829999923706055]]},"properties":{"slope":0.44}},{"type":"Feature","geometry":{"type":"LineString","coordinates":[[17.63848579398259,59.86375723657678,7.789999961853027],[17.63843746224909,59.863782524194185,7.730000019073486]]},"properties":{"slope":1.535}},{"type":"Feature","geometry":{"type":"LineString","coordinates":[[17.638522518509266,59.86373487972394,7.800000190734863],[17.63848579398259,59.86375723657678,7.789999961853027]]},"properties":{"slope":0.31}},{"type":"Feature","geometry":{"type":"LineString","coordinates":[[17.648320616113423,59.86029306344828,9.359999656677246],[17.64836303230333,59.860269654116514,9.3100004196167]]},"properties":{"slope":0.735}},{"type":"Feature","geometry":{"type":"LineString","coordinates":[[17.64836303230333,59.860269654116514,9.3100004196167],[17.648398825343932,59.86024812682662,9.350000381469727],[17.64840092141641,59.86021099582981,9.279999732971191]]},"properties":{"slope":0.735}},{"type":"Feature","geometry":{"type":"LineString","coordinates":[[17.643348914498002,59.86441105716579,9.699999809265137],[17.6434049928288,59.86440325714129,9.729999542236328],[17.643971647670806,59.86409535690266,9.979999542236328]]},"properties":{"slope":0.56}},{"type":"Feature","geometry":{"type":"LineString","coordinates":[[17.643971647670806,59.86409535690266,9.979999542236328],[17.64457265006682,59.86376352340554,9.90999984741211]]},"properties":{"slope":0.14}},{"type":"Feature","geometry":{"type":"LineString","coordinates":[[17.64457265006682,59.86376352340554,9.90999984741211],[17.645173640500094,59.8634316872311,9.6899995803833]]},"properties":{"slope":0.44}},{"type":"Feature","geometry":{"type":"LineString","coordinates":[[17.645173640500094,59.8634316872311,9.6899995803833],[17.64542103356516,59.86329508673858,9.40999984741211]]},"properties":{"slope":1.36}},{"type":"Feature","geometry":{"type":"LineString","coordinates":[[17.64360784192782,59.86453082161753,10.050000190734863],[17.64366403055915,59.864557124345346,10.319999694824219]]},"properties":{"slope":4.09}},{"type":"Feature","geometry":{"type":"LineString","coordinates":[[17.64366403055915,59.864557124345346,10.319999694824219],[17.64371964682587,59.86458315761999,10.399999618530273]]},"properties":{"slope":4.09}},{"type":"Feature","geometry":{"type":"LineString","coordinates":[[17.643574011599217,59.864514990929194,9.890000343322754],[17.64360784192782,59.86453082161753,10.050000190734863]]},"properties":{"slope":6.18}},{"type":"Feature","geometry":{"type":"LineString","coordinates":[[17.64360784192782,59.86453082161753,10.050000190734863],[17.64363086101392,59.8644786806708,9.880000114440918],[17.644160888119487,59.86418771308636,10]]},"properties":{"slope":0.1}},{"type":"Feature","geometry":{"type":"LineString","coordinates":[[17.644160888119487,59.86418771308636,10],[17.644763769654546,59.86385674209178,9.989999771118164]]},"properties":{"slope":0.02}},{"type":"Feature","geometry":{"type":"LineString","coordinates":[[17.644763769654546,59.86385674209178,9.989999771118164],[17.64536663866027,59.863525768146864,9.710000038146973]]},"properties":{"slope":0.56}},{"type":"Feature","geometry":{"type":"LineString","coordinates":[[17.64536663866027,59.863525768146864,9.710000038146973],[17.6456624569701,59.863361093272374,9.4399995803833]]},"properties":{"slope":1.092}},{"type":"Feature","geometry":{"type":"LineString","coordinates":[[17.64563893332194,59.86317443050264,9.380000114440918],[17.64623896507989,59.86284216078428,9.59000015258789]]},"properties":{"slope":0.42}},{"type":"Feature","geometry":{"type":"LineString","coordinates":[[17.64623896507989,59.86284216078428,9.59000015258789],[17.64683898487964,59.86250988839737,9.800000190734863]]},"properties":{"slope":0.42}},{"type":"Feature","geometry":{"type":"LineString","coordinates":[[17.64683898487964,59.86250988839737,9.800000190734863],[17.646920276598518,59.86246487084586,9.760000228881836]]},"properties":{"slope":0.92}},{"type":"Feature","geometry":{"type":"LineString","coordinates":[[17.646920276598518,59.86246487084586,9.760000228881836],[17.647061999066267,59.86237339625252,9.6899995803833],[17.646852227506983,59.86225800370556,9.399999618530273]]},"properties":{"slope":0.92}},{"type":"Feature","geometry":{"type":"LineString","coordinates":[[17.646852227506983,59.86225800370556,9.399999618530273],[17.646687495837035,59.86218293024598,9.34000015258789]]},"properties":{"slope":0.92}},{"type":"Feature","geometry":{"type":"LineString","coordinates":[[17.646687495837035,59.86218293024598,9.34000015258789],[17.646026163329733,59.86188153445985,8.720000267028809]]},"properties":{"slope":1.24}},{"type":"Feature","geometry":{"type":"LineString","coordinates":[[17.646026163329733,59.86188153445985,8.720000267028809],[17.645906363494884,59.86183246763592,8.539999961853027]]},"properties":{"slope":0.8}},{"type":"Feature","geometry":{"type":"LineString","coordinates":[[17.645906363494884,59.86183246763592,8.539999961853027],[17.645842156292407,59.861843715639104,8.550000190734863],[17.645391006362203,59.862092176801724,8.319999694824219]]},"properties":{"slope":0.8}},{"type":"Feature","geometry":{"type":"LineString","coordinates":[[17.645391006362203,59.862092176801724,8.319999694824219],[17.64478917324627,59.86242361538875,8.09000015258789]]},"properties":{"slope":0.46}},{"type":"Feature","geometry":{"type":"LineString","coordinates":[[17.64478917324627,59.86242361538875,8.09000015258789],[17.644413307745758,59.86263060549229,7.940000057220459]]},"properties":{"slope":0.48}},{"type":"Feature","geometry":{"type":"LineString","coordinates":[[17.641975433555952,59.86378395914822,8.130000114440918],[17.642316613735453,59.86362903487351,8.010000228881836],[17.642368967080372,59.8635640138256,7.889999866485596],[17.642562535163865,59.86345738174767,8.180000305175781]]},"properties":{"slope":0.1}},{"type":"Feature","geometry":{"type":"LineString","coordinates":[[17.642562535163865,59.86345738174767,8.180000305175781],[17.643164274860084,59.863125891454764,8.100000381469727]]},"properties":{"slope":0.16}},{"type":"Feature","geometry":{"type":"LineString","coordinates":[[17.643164274860084,59.863125891454764,8.100000381469727],[17.6437640906705,59.86279353231351,7.880000114440918]]},"properties":{"slope":0.44}},{"type":"Feature","geometry":{"type":"LineString","coordinates":[[17.6437640906705,59.86279353231351,7.880000114440918],[17.64405698965598,59.86263266644061,7.659999847412109]]},"properties":{"slope":0.367}},{"type":"Feature","geometry":{"type":"LineString","coordinates":[[17.64405698965598,59.86263266644061,7.659999847412109],[17.64414607645778,59.862583738051406,7.769999980926514]]},"properties":{"slope":0.367}},{"type":"Feature","geometry":{"type":"LineString","coordinates":[[17.64414607645778,59.862583738051406,7.769999980926514],[17.644224051028043,59.86254090733902,7.739999771118164]]},"properties":{"slope":0.367}},{"type":"Feature","geometry":{"type":"LineString","coordinates":[[17.644413307745758,59.86263060549229,7.940000057220459],[17.644335642368315,59.86267131727458,7.949999809265137]]},"properties":{"slope":0.22}},{"type":"Feature","geometry":{"type":"LineString","coordinates":[[17.644335642368315,59.86267131727458,7.949999809265137],[17.644245017869057,59.86271902040239,7.889999866485596]]},"properties":{"slope":0.22}},{"type":"Feature","geometry":{"type":"LineString","coordinates":[[17.644245017869057,59.86271902040239,7.889999866485596],[17.64380144615456,59.86295733751817,8.050000190734863]]},"properties":{"slope":0.22}},{"type":"Feature","geometry":{"type":"LineString","coordinates":[[17.64380144615456,59.86295733751817,8.050000190734863],[17.643199042555555,59.86328852121237,7.949999809265137]]},"properties":{"slope":0.2}},{"type":"Feature","geometry":{"type":"LineString","coordinates":[[17.643199042555555,59.86328852121237,7.949999809265137],[17.64259662698879,59.863619702216326,8.079999923706055]]},"properties":{"slope":0.26}},{"type":"Feature","geometry":{"type":"LineString","coordinates":[[17.64259662698879,59.863619702216326,8.079999923706055],[17.642228564674216,59.86382204177298,8.020000457763672],[17.642179644258256,59.863877200603234,8.050000190734863]]},"properties":{"slope":0.08}},{"type":"Feature","geometry":{"type":"LineString","coordinates":[[17.640942125955103,59.86616853183867,9.479999542236328],[17.64089332367994,59.86613974003886,9.489999771118164]]},"properties":{"slope":0.237}},{"type":"Feature","geometry":{"type":"LineString","coordinates":[[17.645863536017263,59.86331054815062,9.539999961853027],[17.64598765324902,59.86336952405999,9.619999885559082]]},"properties":{"slope":0.836}},{"type":"Feature","geometry":{"type":"LineString","coordinates":[[17.647377764250745,59.86262521412191,10.239999771118164],[17.64726665104013,59.86257287657909,9.989999771118164]]},"properties":{"slope":1.12}},{"type":"Feature","geometry":{"type":"LineString","coordinates":[[17.64726665104013,59.86257287657909,9.989999771118164],[17.64713253863148,59.862563831622175,9.84000015258789]]},"properties":{"slope":1.12}},{"type":"Feature","geometry":{"type":"LineString","coordinates":[[17.64713253863148,59.862563831622175,9.84000015258789],[17.646718445383208,59.862779610897356,9.680000305175781]]},"properties":{"slope":1.12}},{"type":"Feature","geometry":{"type":"LineString","coordinates":[[17.646718445383208,59.862779610897356,9.680000305175781],[17.64611695122775,59.86311121059003,9.449999809265137]]},"properties":{"slope":0.46}},{"type":"Feature","geometry":{"type":"LineString","coordinates":[[17.64611695122775,59.86311121059003,9.449999809265137],[17.64584734744552,59.86326314921561,9.369999885559082],[17.645863536017263,59.86331054815062,9.539999961853027]]},"properties":{"slope":0.317}},{"type":"Feature","geometry":{"type":"LineString","coordinates":[[17.641782445618105,59.86388976903875,8.229999542236328],[17.64188324888091,59.8638346184232,8.109999656677246]]},"properties":{"slope":1.438}},{"type":"Feature","geometry":{"type":"LineString","coordinates":[[17.64086226231745,59.86327568280209,7.409999847412109],[17.640921248559042,59.863302622903795,7.46999979019165]]},"properties":{"slope":0.94}},{"type":"Feature","geometry":{"type":"LineString","coordinates":[[17.640921248559042,59.863302622903795,7.46999979019165],[17.64152304119696,59.863577401547154,7.880000114440918]]},"properties":{"slope":0.94}},{"type":"Feature","geometry":{"type":"LineString","coordinates":[[17.64152304119696,59.863577401547154,7.880000114440918],[17.641975433555952,59.86378395914822,8.130000114440918]]},"properties":{"slope":0.73}},{"type":"Feature","geometry":{"type":"LineString","coordinates":[[17.641975433555952,59.86378395914822,8.130000114440918],[17.642179644258256,59.863877200603234,8.050000190734863]]},"properties":{"slope":0.514}},{"type":"Feature","geometry":{"type":"LineString","coordinates":[[17.642179644258256,59.863877200603234,8.050000190734863],[17.642180971188495,59.863877809246596,8.050000190734863]]},"properties":{"slope":0.514}},{"type":"Feature","geometry":{"type":"LineString","coordinates":[[17.64057524916002,59.86260316547358,7.699999809265137],[17.640036199797283,59.862899358981146,7.630000114440918]]},"properties":{"slope":0.156}},{"type":"Feature","geometry":{"type":"LineString","coordinates":[[17.645695195957842,59.861728843319604,8.319999694824219],[17.64502925595867,59.8614300296663,7.849999904632568]]},"properties":{"slope":0.94}},{"type":"Feature","geometry":{"type":"LineString","coordinates":[[17.64502925595867,59.8614300296663,7.849999904632568],[17.644664017936993,59.861266140125835,7.550000190734863]]},"properties":{"slope":1.094}},{"type":"Feature","geometry":{"type":"LineString","coordinates":[[17.64252902122888,59.86009999282292,5.269999980926514],[17.642662533314915,59.860099782192925,6]]},"properties":{"slope":9.757}},{"type":"Feature","geometry":{"type":"LineString","coordinates":[[17.642745083687213,59.86014228730316,7.550000190734863],[17.64280147460377,59.860141369275325,7.489999771118164],[17.64323307161289,59.86030348566137,7.690000057220459]]},"properties":{"slope":0.42}},{"type":"Feature","geometry":{"type":"LineString","coordinates":[[17.642061195988177,59.85982610031559,6.420000076293945],[17.64214607521942,59.859920309099564,6.239999771118164],[17.64252902122888,59.86009999282292,5.269999980926514]]},"properties":{"slope":3.14}},{"type":"Feature","geometry":{"type":"LineString","coordinates":[[17.64252902122888,59.86009999282292,5.269999980926514],[17.642646476031928,59.86015393053967,4.849999904632568]]},"properties":{"slope":3.14}},{"type":"Feature","geometry":{"type":"LineString","coordinates":[[17.642646476031928,59.86015393053967,4.849999904632568],[17.64314983634471,59.86038192182316,3.290882359258508]]},"properties":{"slope":3.58}},{"type":"Feature","geometry":{"type":"LineString","coordinates":[[17.64314983634471,59.86038192182316,3.290882359258508],[17.643308891035197,59.86045467100066,3.059999942779541]]},"properties":{"slope":3.58}},{"type":"Feature","geometry":{"type":"LineString","coordinates":[[17.643308891035197,59.86045467100066,3.059999942779541],[17.643596108368207,59.86058603850175,3.759999990463257]]},"properties":{"slope":3.218}},{"type":"Feature","geometry":{"type":"LineString","coordinates":[[17.642678310071375,59.8643976895253,8.880000114440918],[17.642631970980286,59.86439360892719,8.979999542236328],[17.642323093540433,59.86423409474391,8.579999923706055]]},"properties":{"slope":1.081}},{"type":"Feature","geometry":{"type":"LineString","coordinates":[[17.64265532272168,59.86050170020807,6.300000190734863],[17.64261337948907,59.86053866737112,6.25],[17.642633806719022,59.86056532434723,6.460000038146973]]},"properties":{"slope":1.967}},{"type":"Feature","geometry":{"type":"LineString","coordinates":[[17.644970846722817,59.86301663791572,8.800000190734863],[17.644946697808237,59.86302905063492,8.75]]},"properties":{"slope":2.615}},{"type":"Feature","geometry":{"type":"LineString","coordinates":[[17.644946697808237,59.86302905063492,8.75],[17.644763981466,59.862957352178675,8.399999618530273]]},"properties":{"slope":2.615}},{"type":"Feature","geometry":{"type":"LineString","coordinates":[[17.644959659099246,59.86288955746004,8.489999771118164],[17.64508108412964,59.86295260116447,8.770000457763672]]},"properties":{"slope":2.844}},{"type":"Feature","geometry":{"type":"LineString","coordinates":[[17.64542103356516,59.86329508673858,9.40999984741211],[17.64546928637835,59.863268370471594,9.359999656677246]]},"properties":{"slope":0.379}},{"type":"Feature","geometry":{"type":"LineString","coordinates":[[17.64546928637835,59.863268370471594,9.359999656677246],[17.645516035102656,59.86324248386298,9.4399995803833]]},"properties":{"slope":0.379}},{"type":"Feature","geometry":{"type":"LineString","coordinates":[[17.642662533314915,59.860099782192925,6],[17.642745083687213,59.86014228730316,7.550000190734863]]},"properties":{"slope":23.414}},{"type":"Feature","geometry":{"type":"LineString","coordinates":[[17.642773561166926,59.86043840406973,3.329999923706055],[17.64265532272168,59.86050170020807,6.300000190734863]]},"properties":{"slope":30.695}},{"type":"Feature","geometry":{"type":"LineString","coordinates":[[17.638949522302237,59.864093259858,7.900000095367432],[17.63907921358309,59.864022185814,7.869999885559082]]},"properties":{"slope":0.279}},{"type":"Feature","geometry":{"type":"LineString","coordinates":[[17.63907921358309,59.864022185814,7.869999885559082],[17.639150560655292,59.863988527727095,8.0600004196167]]},"properties":{"slope":3.467}},{"type":"Feature","geometry":{"type":"LineString","coordinates":[[17.63900184503569,59.86415660933892,7.71999979019165],[17.63892172031086,59.864118328825185,7.809999942779541]]},"properties":{"slope":1.453}},{"type":"Feature","geometry":{"type":"LineString","coordinates":[[17.639113814225507,59.86421009760177,7.920000076293945],[17.63900184503569,59.86415660933892,7.71999979019165]]},"properties":{"slope":2.311}},{"type":"Feature","geometry":{"type":"LineString","coordinates":[[17.639150560655292,59.863988527727095,8.0600004196167],[17.639252935953017,59.864031044487426,7.989999771118164]]},"properties":{"slope":0.941}},{"type":"Feature","geometry":{"type":"LineString","coordinates":[[17.639252935953017,59.864031044487426,7.989999771118164],[17.639355897513745,59.86407748241528,7.940000057220459]]},"properties":{"slope":0.645}},{"type":"Feature","geometry":{"type":"LineString","coordinates":[[17.63931650009074,59.864130229284115,7.889999866485596],[17.63936834672454,59.864101608837466,8.100000381469727]]},"properties":{"slope":4.869}},{"type":"Feature","geometry":{"type":"LineString","coordinates":[[17.639265589284513,59.86415758894748,8],[17.63931650009074,59.864130229284115,7.889999866485596]]},"properties":{"slope":2.635}},{"type":"Feature","geometry":{"type":"LineString","coordinates":[[17.64046514481612,59.86465756499833,8.680000305175781],[17.640514518934616,59.86462960755477,8.75]]},"properties":{"slope":1.68}},{"type":"Feature","geometry":{"type":"LineString","coordinates":[[17.64040844279454,59.86468802491718,8.649999618530273],[17.64046514481612,59.86465756499833,8.680000305175781]]},"properties":{"slope":0.645}},{"type":"Feature","geometry":{"type":"LineString","coordinates":[[17.640362781231286,59.8647593278847,8.609999656677246],[17.64041192051244,59.86478218298042,8.569999694824219]]},"properties":{"slope":1.067}},{"type":"Feature","geometry":{"type":"LineString","coordinates":[[17.64041192051244,59.86478218298042,8.569999694824219],[17.640466416383063,59.864807985652156,8.670000076293945]]},"properties":{"slope":2.385}},{"type":"Feature","geometry":{"type":"LineString","coordinates":[[17.640645313419423,59.864740405721705,8.720000267028809],[17.64058620404958,59.86477479704054,8.739999771118164]]},"properties":{"slope":0.395}},{"type":"Feature","geometry":{"type":"LineString","coordinates":[[17.64069985926603,59.86470816877866,8.670000076293945],[17.640645313419423,59.864740405721705,8.720000267028809]]},"properties":{"slope":1.06}},{"type":"Feature","geometry":{"type":"LineString","coordinates":[[17.640658174702633,59.86464676218506,8.729999542236328],[17.64060316356325,59.86462201206733,8.760000228881836]]},"properties":{"slope":0.725}},{"type":"Feature","geometry":{"type":"LineString","coordinates":[[17.640719791841665,59.864674499042806,8.699999809265137],[17.640658174702633,59.86464676218506,8.729999542236328]]},"properties":{"slope":0.647}},{"type":"Feature","geometry":{"type":"LineString","coordinates":[[17.641685123998215,59.86534491261783,9.359999656677246],[17.64178599956,59.865390055801704,9.369999885559082]]},"properties":{"slope":0.132}},{"type":"Feature","geometry":{"type":"LineString","coordinates":[[17.64178599956,59.865390055801704,9.369999885559082],[17.641889276641418,59.8654349651311,9.40999984741211]]},"properties":{"slope":0.523}},{"type":"Feature","geometry":{"type":"LineString","coordinates":[[17.642023994385003,59.86537543641865,9.380000114440918],[17.641977326022136,59.86540057060816,9.34000015258789]]},"properties":{"slope":1.044}},{"type":"Feature","geometry":{"type":"LineString","coordinates":[[17.642078987857143,59.86534456040238,9.34000015258789],[17.642023994385003,59.86537543641865,9.380000114440918]]},"properties":{"slope":0.866}},{"type":"Feature","geometry":{"type":"LineString","coordinates":[[17.645906363494884,59.86183246763592,8.539999961853027],[17.645802272885764,59.86178264554569,8.399999618530273]]},"properties":{"slope":1.739}},{"type":"Feature","geometry":{"type":"LineString","coordinates":[[17.645802272885764,59.86178264554569,8.399999618530273],[17.645695195957842,59.861728843319604,8.319999694824219]]},"properties":{"slope":0.943}},{"type":"Feature","geometry":{"type":"LineString","coordinates":[[17.644341656405395,59.862596647785445,7.849999904632568],[17.644413307745758,59.86263060549229,7.940000057220459]]},"properties":{"slope":1.632}},{"type":"Feature","geometry":{"type":"LineString","coordinates":[[17.64429563466373,59.862574830777234,7.820000171661377],[17.644341656405395,59.862596647785445,7.849999904632568]]},"properties":{"slope":0.847}},{"type":"Feature","geometry":{"type":"LineString","coordinates":[[17.64420252071828,59.86269950235809,7.760000228881836],[17.644175804754024,59.86268723352821,7.710000038146973]]},"properties":{"slope":2.467}},{"type":"Feature","geometry":{"type":"LineString","coordinates":[[17.644175804754024,59.86268723352821,7.710000038146973],[17.644130637126384,59.862666491411154,7.699999809265137]]},"properties":{"slope":0.292}},{"type":"Feature","geometry":{"type":"LineString","coordinates":[[17.64297450840451,59.86195044666765,6.980000019073486],[17.64302781652942,59.861974980132516,6.960000038146973]]},"properties":{"slope":0.494}},{"type":"Feature","geometry":{"type":"LineString","coordinates":[[17.642913884439924,59.86192111347354,6.980000019073486],[17.64297450840451,59.86195044666765,6.980000019073486]]},"properties":{"slope":0.001}},{"type":"Feature","geometry":{"type":"LineString","coordinates":[[17.642830586207264,59.86196640581194,7.059999942779541],[17.642913884439924,59.86192111347354,6.980000019073486]]},"properties":{"slope":1.164}},{"type":"Feature","geometry":{"type":"LineString","coordinates":[[17.642733627363487,59.86201525579814,7.010000228881836],[17.64283058465832,59.861966406592316,7.059999144018389]]},"properties":{"slope":0.65}},{"type":"Feature","geometry":{"type":"LineString","coordinates":[[17.64283058465832,59.861966406592316,7.059999144018389],[17.642830586207264,59.86196640581194,7.059999942779541]]},"properties":{"slope":0.65}},{"type":"Feature","geometry":{"type":"LineString","coordinates":[[17.642801176941806,59.86204773348502,6.96999979019165],[17.642733627363487,59.86201525579814,7.010000228881836]]},"properties":{"slope":0.764}},{"type":"Feature","geometry":{"type":"LineString","coordinates":[[17.642851639068407,59.86207076808828,7],[17.642801176941806,59.86204773348502,6.96999979019165]]},"properties":{"slope":0.786}},{"type":"Feature","geometry":{"type":"LineString","coordinates":[[17.640743644291994,59.86321559833364,7.400000095367432],[17.64086226231745,59.86327568280209,7.409999847412109]]},"properties":{"slope":0.106}},{"type":"Feature","geometry":{"type":"LineString","coordinates":[[17.64062301179073,59.86315602527647,7.369999885559082],[17.640743644291994,59.86321559833364,7.400000095367432]]},"properties":{"slope":0.317}},{"type":"Feature","geometry":{"type":"LineString","coordinates":[[17.640831150004836,59.86335244727937,7.519999980926514],[17.64072374057379,59.86341338285195,7.730000019073486]]},"properties":{"slope":2.315}},{"type":"Feature","geometry":{"type":"LineString","coordinates":[[17.64072374057379,59.86341338285195,7.730000019073486],[17.64069267845853,59.863430994238804,7.670000076293945]]},"properties":{"slope":2.288}},{"type":"Feature","geometry":{"type":"LineString","coordinates":[[17.64069267845853,59.863430994238804,7.670000076293945],[17.64065909576432,59.86344917011102,7.690000057220459]]},"properties":{"slope":0.724}},{"type":"Feature","geometry":{"type":"LineString","coordinates":[[17.640864449187866,59.86333355611691,7.440000057220459],[17.640831150004836,59.86335244727937,7.519999980926514]]},"properties":{"slope":2.844}},{"type":"Feature","geometry":{"type":"LineString","coordinates":[[17.64089589754756,59.863316429455594,7.449999809265137],[17.640864449187866,59.86333355611691,7.440000057220459]]},"properties":{"slope":0.385}},{"type":"Feature","geometry":{"type":"LineString","coordinates":[[17.64065909576432,59.86344917011102,7.690000057220459],[17.64062801932085,59.863465989458604,7.760000228881836]]},"properties":{"slope":2.737}},{"type":"Feature","geometry":{"type":"LineString","coordinates":[[17.640921248559042,59.863302622903795,7.46999979019165],[17.64089589754756,59.863316429455594,7.449999809265137]]},"properties":{"slope":0.955}},{"type":"Feature","geometry":{"type":"LineString","coordinates":[[17.642061195988177,59.85982610031559,6.420000076293945],[17.64191676006572,59.85990441878677,6.480000019073486]]},"properties":{"slope":0.504}},{"type":"Feature","geometry":{"type":"LineString","coordinates":[[17.64191676006572,59.85990441878677,6.480000019073486],[17.641762359886993,59.85999218783524,6.519999980926514]]},"properties":{"slope":0.306}},{"type":"Feature","geometry":{"type":"LineString","coordinates":[[17.644430924051484,59.860968759467376,7.099999904632568],[17.644323635301348,59.861027675723236,6.989999771118164]]},"properties":{"slope":1.236}},{"type":"Feature","geometry":{"type":"LineString","coordinates":[[17.644323635301348,59.861027675723236,6.989999771118164],[17.64422941152139,59.86107941991025,6.900000095367432]]},"properties":{"slope":1.151}},{"type":"Feature","geometry":{"type":"LineString","coordinates":[[17.64480056186333,59.86100920735713,7.320000171661377],[17.644897189212045,59.86104987940699,7.289999961853027]]},"properties":{"slope":0.425}},{"type":"Feature","geometry":{"type":"LineString","coordinates":[[17.644668193065414,59.860949995154805,7.179999828338623],[17.64480056186333,59.86100920735713,7.320000171661377]]},"properties":{"slope":1.41}},{"type":"Feature","geometry":{"type":"LineString","coordinates":[[17.644308261645406,59.86114782350647,7.21999979019165],[17.64437052869665,59.861176145152406,7.230000019073486]]},"properties":{"slope":0.213}},{"type":"Feature","geometry":{"type":"LineString","coordinates":[[17.64437052869665,59.861176145152406,7.230000019073486],[17.64443695505891,59.86120609631926,7.389999866485596]]},"properties":{"slope":3.201}},{"type":"Feature","geometry":{"type":"LineString","coordinates":[[17.644664017936993,59.861266140125835,7.550000190734863],[17.644785294305237,59.86119964043969,7.449999809265137]]},"properties":{"slope":0.995}},{"type":"Feature","geometry":{"type":"LineString","coordinates":[[17.644785294305237,59.86119964043969,7.449999809265137],[17.644903337088408,59.86113491871403,7.400000095367432]]},"properties":{"slope":0.511}},{"type":"Feature","geometry":{"type":"LineString","coordinates":[[17.645417544802818,59.860548517698284,6.940000057220459],[17.645523343750803,59.86059749198116,6.949999809265137]]},"properties":{"slope":0.124}},{"type":"Feature","geometry":{"type":"LineString","coordinates":[[17.645523343750803,59.86059749198116,6.949999809265137],[17.645622139085923,59.86064172458876,7.039999961853027]]},"properties":{"slope":1.214}},{"type":"Feature","geometry":{"type":"LineString","coordinates":[[17.648271859475326,59.860319976581685,9.329999923706055],[17.648320616113423,59.86029306344828,9.359999656677246]]},"properties":{"slope":0.74}},{"type":"Feature","geometry":{"type":"LineString","coordinates":[[17.6482323035224,59.86034180795375,9.3100004196167],[17.648271859475326,59.860319976581685,9.329999923706055]]},"properties":{"slope":0.608}},{"type":"Feature","geometry":{"type":"LineString","coordinates":[[17.645561675379994,59.86321721196279,9.420000076293945],[17.64563893332194,59.86317443050264,9.380000114440918]]},"properties":{"slope":0.621}},{"type":"Feature","geometry":{"type":"LineString","coordinates":[[17.645516035102656,59.86324248386298,9.4399995803833],[17.645561675379994,59.86321721196279,9.420000076293945]]},"properties":{"slope":0.526}},{"type":"Feature","geometry":{"type":"LineString","coordinates":[[17.645863536017263,59.86331054815062,9.539999961853027],[17.645809349963162,59.86334019616834,9.510000228881836]]},"properties":{"slope":0.669}},{"type":"Feature","geometry":{"type":"LineString","coordinates":[[17.645809349963162,59.86334019616834,9.510000228881836],[17.645719999431833,59.863389059605716,9.489999771118164]]},"properties":{"slope":0.27}},{"type":"Feature","geometry":{"type":"LineString","coordinates":[[17.640318330993182,59.863351427474676,7.659999847412109],[17.640418689856325,59.86339780970023,7.619999885559082]]},"properties":{"slope":0.524}},{"type":"Feature","geometry":{"type":"LineString","coordinates":[[17.640418689856325,59.86339780970023,7.619999885559082],[17.640514437510152,59.86344206445039,7.710000038146973]]},"properties":{"slope":1.235}},{"type":"Feature","geometry":{"type":"LineString","coordinates":[[17.641805572067803,59.864018044727146,8.1899995803833],[17.641728339416883,59.863983205432476,8.1899995803833]]},"properties":{"slope":0.001}},{"type":"Feature","geometry":{"type":"LineString","coordinates":[[17.64186388735639,59.86404435548219,8.3100004196167],[17.641805572067803,59.864018044727146,8.1899995803833]]},"properties":{"slope":2.734}},{"type":"Feature","geometry":{"type":"LineString","coordinates":[[17.65405038852174,59.85597739692582,7.590000152587891],[17.653982945632997,59.85600249063769,7.440000057220459]]},"properties":{"slope":5.939}},{"type":"Feature","geometry":{"type":"LineString","coordinates":[[17.653982945632997,59.85600249063769,7.440000057220459],[17.65391140924281,59.855995303268365,7.300000190734863],[17.653376679826717,59.855743395815566,4.619999885559082]]},"properties":{"slope":5.939}},{"type":"Feature","geometry":{"type":"LineString","coordinates":[[17.653376679826717,59.855743395815566,4.619999885559082],[17.65317904474516,59.85564774468639,3.869999885559082]]},"properties":{"slope":4.871}},{"type":"Feature","geometry":{"type":"LineString","coordinates":[[17.651299848316242,59.854541010249896,4.690000057220459],[17.651011041168953,59.85441621716642,4.900000095367432]]},"properties":{"slope":0.984}},{"type":"Feature","geometry":{"type":"LineString","coordinates":[[17.647615712737494,59.853146230394266,4.579999923706055],[17.647689087626805,59.85310825077641,4.610000133514404]]},"properties":{"slope":1.032}},{"type":"Feature","geometry":{"type":"LineString","coordinates":[[17.647689087626805,59.85310825077641,4.610000133514404],[17.647748305069868,59.85307760110034,4.690000057220459]]},"properties":{"slope":1.032}},{"type":"Feature","geometry":{"type":"LineString","coordinates":[[17.647971753121112,59.85330660263282,4.730000019073486],[17.648046083295064,59.85326507030499,4.75]]},"properties":{"slope":0.498}},{"type":"Feature","geometry":{"type":"LineString","coordinates":[[17.648046083295064,59.85326507030499,4.75],[17.648091497736328,59.85323969476342,4.78000020980835]]},"properties":{"slope":0.498}},{"type":"Feature","geometry":{"type":"LineString","coordinates":[[17.647821409603058,59.8530388702194,4.590000152587891],[17.647939284968142,59.85297511937321,4.730000019073486]]},"properties":{"slope":1.443}},{"type":"Feature","geometry":{"type":"LineString","coordinates":[[17.648091497736328,59.85323969476342,4.78000020980835],[17.64816990414589,59.853197744861724,4.630000114440918]]},"properties":{"slope":2.338}},{"type":"Feature","geometry":{"type":"LineString","coordinates":[[17.64816990414589,59.853197744861724,4.630000114440918],[17.6482732918052,59.853144392577235,4.739999771118164]]},"properties":{"slope":1.325}},{"type":"Feature","geometry":{"type":"LineString","coordinates":[[17.647748305069868,59.85307760110034,4.690000057220459],[17.647821409603058,59.8530388702194,4.590000152587891]]},"properties":{"slope":1.68}},{"type":"Feature","geometry":{"type":"LineString","coordinates":[[17.64803375004062,59.85301804517108,4.679999828338623],[17.648096253941638,59.853046445811444,4.730000019073486]]},"properties":{"slope":1.059}},{"type":"Feature","geometry":{"type":"LineString","coordinates":[[17.64581010093898,59.85207167520783,4.429999828338623],[17.64598356211846,59.852112221981685,4.360000133514404]]},"properties":{"slope":0.653}},{"type":"Feature","geometry":{"type":"LineString","coordinates":[[17.651351335876214,59.85456093728127,4.820000171661377],[17.651378302816777,59.85452244145178,4.800000190734863],[17.651646294047485,59.854362138829636,4.78000020980835]]},"properties":{"slope":0.143}},{"type":"Feature","geometry":{"type":"LineString","coordinates":[[17.651681268936663,59.85470249618772,4.570000171661377],[17.651351335876214,59.85456093728127,4.820000171661377]]},"properties":{"slope":0.429}},{"type":"Feature","geometry":{"type":"LineString","coordinates":[[17.651351335876214,59.85456093728127,4.820000171661377],[17.651299848316242,59.854541010249896,4.690000057220459]]},"properties":{"slope":0.429}},{"type":"Feature","geometry":{"type":"LineString","coordinates":[[17.65317904474516,59.85564774468639,3.869999885559082],[17.652693912336385,59.85527110862051,3.259999990463257]]},"properties":{"slope":1.22}},{"type":"Feature","geometry":{"type":"LineString","coordinates":[[17.652693912336385,59.85527110862051,3.259999990463257],[17.65252616900739,59.85514963220159,3.259999990463257],[17.652107293387505,59.854935049650294,3.730000019073486]]},"properties":{"slope":0.94}},{"type":"Feature","geometry":{"type":"LineString","coordinates":[[17.652107293387505,59.854935049650294,3.730000019073486],[17.651681268936663,59.85470249618772,4.570000171661377]]},"properties":{"slope":2.381}},{"type":"Feature","geometry":{"type":"LineString","coordinates":[[17.64598356211846,59.852112221981685,4.360000133514404],[17.6460112520389,59.85211953844635,4.369999885559082]]},"properties":{"slope":0.44}},{"type":"Feature","geometry":{"type":"LineString","coordinates":[[17.6460112520389,59.85211953844635,4.369999885559082],[17.64611710239678,59.852150344821446,4.539999961853027]]},"properties":{"slope":0.44}},{"type":"Feature","geometry":{"type":"LineString","coordinates":[[17.64611710239678,59.852150344821446,4.539999961853027],[17.646668347753142,59.852397599475914,4.579999923706055]]},"properties":{"slope":0.44}},{"type":"Feature","geometry":{"type":"LineString","coordinates":[[17.646668347753142,59.852397599475914,4.579999923706055],[17.64733044692605,59.85269846454895,4.610000133514404]]},"properties":{"slope":0.06}},{"type":"Feature","geometry":{"type":"LineString","coordinates":[[17.64733044692605,59.85269846454895,4.610000133514404],[17.647939284968142,59.85297511937321,4.730000019073486]]},"properties":{"slope":0.18}},{"type":"Feature","geometry":{"type":"LineString","coordinates":[[17.647939284968142,59.85297511937321,4.730000019073486],[17.6479787746278,59.852993062013525,4.690000057220459]]},"properties":{"slope":0.18}},{"type":"Feature","geometry":{"type":"LineString","coordinates":[[17.6479787746278,59.852993062013525,4.690000057220459],[17.64799255844827,59.85299932597144,4.699999809265137]]},"properties":{"slope":0.18}},{"type":"Feature","geometry":{"type":"LineString","coordinates":[[17.64799255844827,59.85299932597144,4.699999809265137],[17.64803375004062,59.85301804517108,4.679999828338623]]},"properties":{"slope":0.643}},{"type":"Feature","geometry":{"type":"LineString","coordinates":[[17.63628010107423,59.85875304623362,7.900000095367432],[17.636252724469564,59.8587668145609,7.929998227598634]]},"properties":{"slope":0.907}},{"type":"Feature","geometry":{"type":"LineString","coordinates":[[17.636252724469564,59.8587668145609,7.929998227598634],[17.63616875531474,59.85880904622397,7.820000171661377]]},"properties":{"slope":0.907}},{"type":"Feature","geometry":{"type":"LineString","coordinates":[[17.6496716128495,59.85411138801043,4.690000057220459],[17.649626030491977,59.854091227254386,4.679999828338623]]},"properties":{"slope":0.294}},{"type":"Feature","geometry":{"type":"LineString","coordinates":[[17.649626030491977,59.854091227254386,4.679999828338623],[17.649576984231686,59.85406494760005,4.670000076293945]]},"properties":{"slope":0.249}},{"type":"Feature","geometry":{"type":"LineString","coordinates":[[17.645615911447315,59.85823734576641,5.929999828338623],[17.645570662869094,59.85826522240915,5.900000095367432]]},"properties":{"slope":0.748}},{"type":"Feature","geometry":{"type":"LineString","coordinates":[[17.645086997106592,59.85853604181951,5.809999942779541],[17.645042476159272,59.85856035608579,5.71999979019165]]},"properties":{"slope":2.444}},{"type":"Feature","geometry":{"type":"LineString","coordinates":[[17.631809769312998,59.86203334133881,7.650000095367432],[17.631232539690732,59.86177555309496,7.820000171661377]]},"properties":{"slope":0.393}},{"type":"Feature","geometry":{"type":"LineString","coordinates":[[17.649549558054673,59.85401978819088,4.769999980926514],[17.64923126935977,59.85381509714452,4.78000020980835],[17.648956221549636,59.85368799840608,4.809999942779541]]},"properties":{"slope":0.08}},{"type":"Feature","geometry":{"type":"LineString","coordinates":[[17.648956221549636,59.85368799840608,4.809999942779541],[17.648301178090648,59.85338324064648,4.829999923706055]]},"properties":{"slope":0.04}},{"type":"Feature","geometry":{"type":"LineString","coordinates":[[17.648301178090648,59.85338324064648,4.829999923706055],[17.648046083295064,59.85326507030499,4.75]]},"properties":{"slope":0.412}},{"type":"Feature","geometry":{"type":"LineString","coordinates":[[17.64956407181478,59.85405802674995,4.710000038146973],[17.649549558054673,59.85401978819088,4.769999980926514]]},"properties":{"slope":1.347}},{"type":"Feature","geometry":{"type":"LineString","coordinates":[[17.637767769396767,59.858030178127485,6.78000020980835],[17.637729817568168,59.8580541298008,6.78000020980835]]},"properties":{"slope":0.001}},{"type":"Feature","geometry":{"type":"LineString","coordinates":[[17.637809019527563,59.85801037885972,6.789999961853027],[17.637767769396767,59.858030178127485,6.78000020980835]]},"properties":{"slope":0.313}},{"type":"Feature","geometry":{"type":"LineString","coordinates":[[17.636510380264465,59.86129953481861,9.960000038146973],[17.63661279340455,59.86133276629722,9.9399995803833]]},"properties":{"slope":0.293}},{"type":"Feature","geometry":{"type":"LineString","coordinates":[[17.63661279340455,59.86133276629722,9.9399995803833],[17.636640463175926,59.86134905757245,9.930000305175781]]},"properties":{"slope":0.419}},{"type":"Feature","geometry":{"type":"LineString","coordinates":[[17.641355924290917,59.85555928273844,4.28000020980835],[17.641330769537905,59.85557875305412,4.300000190734863]]},"properties":{"slope":0.773}},{"type":"Feature","geometry":{"type":"LineString","coordinates":[[17.64139167934672,59.85553605926769,4.230000019073486],[17.641355924290917,59.85555928273844,4.28000020980835]]},"properties":{"slope":1.528}},{"type":"Feature","geometry":{"type":"LineString","coordinates":[[17.63468284726435,59.859588670719624,7.46999979019165],[17.634668033438004,59.859596432218616,7.489996361468408]]},"properties":{"slope":1.154}},{"type":"Feature","geometry":{"type":"LineString","coordinates":[[17.634668033438004,59.859596432218616,7.489996361468408],[17.63456570185035,59.859650695555445,7.579999923706055]]},"properties":{"slope":1.154}},{"type":"Feature","geometry":{"type":"LineString","coordinates":[[17.632145690362982,59.86222734286091,7.260000228881836],[17.632074789543125,59.862197075356335,7.309999942779541]]},"properties":{"slope":1.317}},{"type":"Feature","geometry":{"type":"LineString","coordinates":[[17.632074789543125,59.862197075356335,7.309999942779541],[17.63181196003857,59.86206668867365,7.579999923706055],[17.631809769312998,59.86203334133881,7.650000095367432]]},"properties":{"slope":1.317}},{"type":"Feature","geometry":{"type":"LineString","coordinates":[[17.63220970723151,59.86225467154098,7.190000057220459],[17.632145690362982,59.86222734286091,7.260000228881836]]},"properties":{"slope":1.488}},{"type":"Feature","geometry":{"type":"LineString","coordinates":[[17.643966936531772,59.85899711469618,6.289999961853027],[17.64399338129181,59.85900926763605,6.340000152587891]]},"properties":{"slope":0.103}},{"type":"Feature","geometry":{"type":"LineString","coordinates":[[17.64399338129181,59.85900926763605,6.340000152587891],[17.644094465245114,59.859055710929056,6.300000190734863]]},"properties":{"slope":0.103}},{"type":"Feature","geometry":{"type":"LineString","coordinates":[[17.650668698302994,59.85589613893374,5.889999866485596],[17.650588001807908,59.855963640342026,5.949999809265137]]},"properties":{"slope":0.08}},{"type":"Feature","geometry":{"type":"LineString","coordinates":[[17.650588001807908,59.855963640342026,5.949999809265137],[17.650121090959956,59.85624892552466,5.929999828338623]]},"properties":{"slope":0.08}},{"type":"Feature","geometry":{"type":"LineString","coordinates":[[17.650121090959956,59.85624892552466,5.929999828338623],[17.650041769996143,59.856301058496705,5.909999847412109],[17.649694899380616,59.8566414776315,6.289999961853027]]},"properties":{"slope":0.72}},{"type":"Feature","geometry":{"type":"LineString","coordinates":[[17.649694899380616,59.8566414776315,6.289999961853027],[17.649099524139594,59.85697577216121,6.710000038146973]]},"properties":{"slope":0.84}},{"type":"Feature","geometry":{"type":"LineString","coordinates":[[17.649099524139594,59.85697577216121,6.710000038146973],[17.64850717229021,59.85731146255038,6.639999866485596]]},"properties":{"slope":0.14}},{"type":"Feature","geometry":{"type":"LineString","coordinates":[[17.64850717229021,59.85731146255038,6.639999866485596],[17.648482845976815,59.85732524826094,6.599999904632568]]},"properties":{"slope":0.1}},{"type":"Feature","geometry":{"type":"LineString","coordinates":[[17.648482845976815,59.85732524826094,6.599999904632568],[17.6479545976004,59.85762459970185,6.619999885559082],[17.647899041201168,59.85763462693351,6.590000152587891]]},"properties":{"slope":0.1}},{"type":"Feature","geometry":{"type":"LineString","coordinates":[[17.647899041201168,59.85763462693351,6.590000152587891],[17.64768427415477,59.85763965963031,6.400000095367432]]},"properties":{"slope":2}},{"type":"Feature","geometry":{"type":"LineString","coordinates":[[17.64768427415477,59.85763965963031,6.400000095367432],[17.647222686676542,59.857650464252295,5.730000019073486]]},"properties":{"slope":2}},{"type":"Feature","geometry":{"type":"LineString","coordinates":[[17.647222686676542,59.857650464252295,5.730000019073486],[17.647007663209568,59.85765550096994,5.590000152587891]]},"properties":{"slope":2}},{"type":"Feature","geometry":{"type":"LineString","coordinates":[[17.647007663209568,59.85765550096994,5.590000152587891],[17.64656390871948,59.85767172783318,5.329999923706055]]},"properties":{"slope":1.228}},{"type":"Feature","geometry":{"type":"LineString","coordinates":[[17.64656390871948,59.85767172783318,5.329999923706055],[17.646460762246935,59.85773555218787,5.170000076293945]]},"properties":{"slope":1.228}},{"type":"Feature","geometry":{"type":"LineString","coordinates":[[17.647766924836525,59.85855688051889,2.900000095367432],[17.64784104703461,59.85851807937594,2.210000038146973]]},"properties":{"slope":4.618}},{"type":"Feature","geometry":{"type":"LineString","coordinates":[[17.64784104703461,59.85851807937594,2.210000038146973],[17.647959718640557,59.85845596166226,2.180000066757202]]},"properties":{"slope":4.618}},{"type":"Feature","geometry":{"type":"LineString","coordinates":[[17.647590435455736,59.85864926961303,7.409999847412109],[17.647766924836525,59.85855688051889,2.900000095367432]]},"properties":{"slope":31.595}},{"type":"Feature","geometry":{"type":"LineString","coordinates":[[17.639641623462285,59.85687369180145,4.960000038146973],[17.639587746935266,59.85691779973184,4.929999828338623]]},"properties":{"slope":0.52}},{"type":"Feature","geometry":{"type":"LineString","coordinates":[[17.639650252602603,59.85686670201958,4.980000019073486],[17.639641625328494,59.856873690289795,4.960004363497504]]},"properties":{"slope":2.182}},{"type":"Feature","geometry":{"type":"LineString","coordinates":[[17.639641625328494,59.856873690289795,4.960004363497504],[17.639641623462285,59.85687369180145,4.960000038146973]]},"properties":{"slope":2.182}},{"type":"Feature","geometry":{"type":"LineString","coordinates":[[17.638616273578727,59.857548592092115,5.099999904632568],[17.638580099479142,59.857566883700436,5.099999904632568]]},"properties":{"slope":0.001}},{"type":"Feature","geometry":{"type":"LineString","coordinates":[[17.638580099479142,59.857566883700436,5.099999904632568],[17.638580097548697,59.85756688467689,5.099999904632568]]},"properties":{"slope":0.001}},{"type":"Feature","geometry":{"type":"LineString","coordinates":[[17.638580097548697,59.85756688467689,5.099999904632568],[17.638546788585703,59.857583733143876,5.099999904632568]]},"properties":{"slope":0.001}},{"type":"Feature","geometry":{"type":"LineString","coordinates":[[17.637748935423765,59.85798423753883,6.679999828338623],[17.637710558702274,59.8580037436547,6.730000019073486]]},"properties":{"slope":1.635}},{"type":"Feature","geometry":{"type":"LineString","coordinates":[[17.637710558702274,59.8580037436547,6.730000019073486],[17.637661829310293,59.858028510870064,6.739999771118164]]},"properties":{"slope":0.258}},{"type":"Feature","geometry":{"type":"LineString","coordinates":[[17.634650269410116,59.85956738082576,7.489999771118164],[17.63462783268072,59.859579257713925,7.46999979019165]]},"properties":{"slope":1.096}},{"type":"Feature","geometry":{"type":"LineString","coordinates":[[17.63462783268072,59.859579257713925,7.46999979019165],[17.6346278312152,59.85957925848986,7.470000160572073]]},"properties":{"slope":0.311}},{"type":"Feature","geometry":{"type":"LineString","coordinates":[[17.6346278312152,59.85957925848986,7.470000160572073],[17.634588263820785,59.85960020717346,7.480000019073486]]},"properties":{"slope":0.311}},{"type":"Feature","geometry":{"type":"LineString","coordinates":[[17.633923950991527,59.86018537729306,7.28000020980835],[17.633869650474832,59.86017078182165,7.289999961853027]]},"properties":{"slope":0.29}},{"type":"Feature","geometry":{"type":"LineString","coordinates":[[17.633869650474832,59.86017078182165,7.289999961853027],[17.633645986163675,59.860108339056616,7.559999942779541]]},"properties":{"slope":1.881}},{"type":"Feature","geometry":{"type":"LineString","coordinates":[[17.64186810139999,59.85522661811856,4.380000114440918],[17.641423779441027,59.85551520755387,4.289999961853027]]},"properties":{"slope":0.344}},{"type":"Feature","geometry":{"type":"LineString","coordinates":[[17.641423779441027,59.85551520755387,4.289999961853027],[17.64139167934672,59.85553605926769,4.230000019073486]]},"properties":{"slope":0.344}},{"type":"Feature","geometry":{"type":"LineString","coordinates":[[17.641330769537905,59.85557875305412,4.300000190734863],[17.64128414219768,59.855614850256664,4.449999809265137]]},"properties":{"slope":0.86}},{"type":"Feature","geometry":{"type":"LineString","coordinates":[[17.64128414219768,59.855614850256664,4.449999809265137],[17.64084460922628,59.855955133038854,4.730000019073486]]},"properties":{"slope":0.86}},{"type":"Feature","geometry":{"type":"LineString","coordinates":[[17.64084460922628,59.855955133038854,4.730000019073486],[17.64035843961651,59.85633151181346,4.849999904632568]]},"properties":{"slope":0.24}},{"type":"Feature","geometry":{"type":"LineString","coordinates":[[17.64035843961651,59.85633151181346,4.849999904632568],[17.64033518010752,59.85634951841254,4.880000114440918]]},"properties":{"slope":0.602}},{"type":"Feature","geometry":{"type":"LineString","coordinates":[[17.64033518010752,59.85634951841254,4.880000114440918],[17.640310024733235,59.85636899566578,4.880000114440918]]},"properties":{"slope":0.602}},{"type":"Feature","geometry":{"type":"LineString","coordinates":[[17.640232411385597,59.85643126784809,4.980000019073486],[17.640206120371584,59.85645315906851,5.079999923706055]]},"properties":{"slope":0.04}},{"type":"Feature","geometry":{"type":"LineString","coordinates":[[17.640206120371584,59.85645315906851,5.079999923706055],[17.640092067840264,59.85654811863282,5.03000020980835]]},"properties":{"slope":0.04}},{"type":"Feature","geometry":{"type":"LineString","coordinates":[[17.640092067840264,59.85654811863282,5.03000020980835],[17.639770994593395,59.856815452205176,4.960000038146973]]},"properties":{"slope":0.04}},{"type":"Feature","geometry":{"type":"LineString","coordinates":[[17.639770994593395,59.856815452205176,4.960000038146973],[17.639697673175437,59.856876500737805,5.010000228881836]]},"properties":{"slope":0.629}},{"type":"Feature","geometry":{"type":"LineString","coordinates":[[17.6386114908889,59.85762517090168,5.269999980926514],[17.638513115293943,59.85767239742807,5.300000190734863]]},"properties":{"slope":2.42}},{"type":"Feature","geometry":{"type":"LineString","coordinates":[[17.638513115293943,59.85767239742807,5.300000190734863],[17.637965933468088,59.85793505487047,6.480000019073486]]},"properties":{"slope":2.42}},{"type":"Feature","geometry":{"type":"LineString","coordinates":[[17.637965933468088,59.85793505487047,6.480000019073486],[17.6378531922907,59.85798917193869,6.75]]},"properties":{"slope":2.55}},{"type":"Feature","geometry":{"type":"LineString","coordinates":[[17.6378531922907,59.85798917193869,6.75],[17.637809019527563,59.85801037885972,6.789999961853027]]},"properties":{"slope":2.55}},{"type":"Feature","geometry":{"type":"LineString","coordinates":[[17.637729817568168,59.8580541298008,6.78000020980835],[17.637678326241645,59.85808662564203,6.829999923706055]]},"properties":{"slope":0.28}},{"type":"Feature","geometry":{"type":"LineString","coordinates":[[17.637678326241645,59.85808662564203,6.829999923706055],[17.637097089250585,59.858369525084456,6.920000076293945]]},"properties":{"slope":0.28}},{"type":"Feature","geometry":{"type":"LineString","coordinates":[[17.637097089250585,59.858369525084456,6.920000076293945],[17.63644470344653,59.85867577757092,7.599999904632568]]},"properties":{"slope":1.36}},{"type":"Feature","geometry":{"type":"LineString","coordinates":[[17.63644470344653,59.85867577757092,7.599999904632568],[17.63628010107423,59.85875304623362,7.900000095367432]]},"properties":{"slope":2.378}},{"type":"Feature","geometry":{"type":"LineString","coordinates":[[17.63616875531474,59.85880904622397,7.820000171661377],[17.635544883073656,59.859129914105786,6.940000057220459]]},"properties":{"slope":1.76}},{"type":"Feature","geometry":{"type":"LineString","coordinates":[[17.635544883073656,59.859129914105786,6.940000057220459],[17.634933476612755,59.85945686629216,7.400000095367432]]},"properties":{"slope":0.92}},{"type":"Feature","geometry":{"type":"LineString","coordinates":[[17.634933476612755,59.85945686629216,7.400000095367432],[17.63468284726435,59.859588670719624,7.46999979019165]]},"properties":{"slope":0.344}},{"type":"Feature","geometry":{"type":"LineString","coordinates":[[17.63456570185035,59.859650695555445,7.579999923706055],[17.63450134326847,59.85968518212288,7.710000038146973]]},"properties":{"slope":0.28}},{"type":"Feature","geometry":{"type":"LineString","coordinates":[[17.63450134326847,59.85968518212288,7.710000038146973],[17.634093475249056,59.86002977186789,7.71999979019165]]},"properties":{"slope":0.28}},{"type":"Feature","geometry":{"type":"LineString","coordinates":[[17.634093475249056,59.86002977186789,7.71999979019165],[17.63400762931017,59.86010796959527,7.559999942779541]]},"properties":{"slope":2.226}},{"type":"Feature","geometry":{"type":"LineString","coordinates":[[17.63400762931017,59.86010796959527,7.559999942779541],[17.633923950991527,59.86018537729306,7.28000020980835]]},"properties":{"slope":2.226}},{"type":"Feature","geometry":{"type":"LineString","coordinates":[[17.646393780410182,59.859302494621296,7.349999904632568],[17.646998130583114,59.85897224283242,7.389999866485596]]},"properties":{"slope":0.08}},{"type":"Feature","geometry":{"type":"LineString","coordinates":[[17.646998130583114,59.85897224283242,7.389999866485596],[17.647559899049543,59.85866525184837,7.389999866485596]]},"properties":{"slope":0.041}},{"type":"Feature","geometry":{"type":"LineString","coordinates":[[17.647559899049543,59.85866525184837,7.389999866485596],[17.647590435455736,59.85864926961303,7.409999847412109]]},"properties":{"slope":0.041}},{"type":"Feature","geometry":{"type":"LineString","coordinates":[[17.64218615233179,59.855155199951774,4.269999980926514],[17.642107246130873,59.855213844660014,4.309999942779541]]},"properties":{"slope":0.507}},{"type":"Feature","geometry":{"type":"LineString","coordinates":[[17.642107246130873,59.855213844660014,4.309999942779541],[17.642085991922297,59.85522964644519,4.449999809265137]]},"properties":{"slope":0.47}},{"type":"Feature","geometry":{"type":"LineString","coordinates":[[17.642085991922297,59.85522964644519,4.449999809265137],[17.64186810139999,59.85522661811856,4.380000114440918]]},"properties":{"slope":0.47}},{"type":"Feature","geometry":{"type":"LineString","coordinates":[[17.641878022201507,59.855200836599685,4.349999904632568],[17.64186810139999,59.85522661811856,4.380000114440918]]},"properties":{"slope":1.025}},{"type":"Feature","geometry":{"type":"LineString","coordinates":[[17.63491328613175,59.860599726814144,9.34000015258789],[17.634981040508,59.86063002007902,9.5]]},"properties":{"slope":2.773}},{"type":"Feature","geometry":{"type":"LineString","coordinates":[[17.634981040508,59.86063002007902,9.5],[17.63499025128586,59.86063413986556,9.5]]},"properties":{"slope":2.773}},{"type":"Feature","geometry":{"type":"LineString","coordinates":[[17.63613780394827,59.85879348442354,7.820000171661377],[17.63551331262169,59.859114113688904,6.929999828338623]]},"properties":{"slope":1.78}},{"type":"Feature","geometry":{"type":"LineString","coordinates":[[17.63551331262169,59.859114113688904,6.929999828338623],[17.634895083331344,59.85943778780981,7.269999980926514]]},"properties":{"slope":0.68}},{"type":"Feature","geometry":{"type":"LineString","coordinates":[[17.634895083331344,59.85943778780981,7.269999980926514],[17.634650269410116,59.85956738082576,7.489999771118164]]},"properties":{"slope":1.105}},{"type":"Feature","geometry":{"type":"LineString","coordinates":[[17.637661829310293,59.858028510870064,6.739999771118164],[17.637602723531057,59.85805854678597,6.679999828338623]]},"properties":{"slope":0.06}},{"type":"Feature","geometry":{"type":"LineString","coordinates":[[17.637602723531057,59.85805854678597,6.679999828338623],[17.63703069414314,59.858345824154426,6.769999980926514]]},"properties":{"slope":0.06}},{"type":"Feature","geometry":{"type":"LineString","coordinates":[[17.63703069414314,59.858345824154426,6.769999980926514],[17.636398673968923,59.85866269694209,7.610000133514404]]},"properties":{"slope":1.68}},{"type":"Feature","geometry":{"type":"LineString","coordinates":[[17.636398673968923,59.85866269694209,7.610000133514404],[17.63627975599369,59.85872231724586,7.880000114440918]]},"properties":{"slope":2.87}},{"type":"Feature","geometry":{"type":"LineString","coordinates":[[17.638546788585703,59.857583733143876,5.099999904632568],[17.638441617405533,59.85763679190997,5.139999866485596]]},"properties":{"slope":2.46}},{"type":"Feature","geometry":{"type":"LineString","coordinates":[[17.638441617405533,59.85763679190997,5.139999866485596],[17.63791449224895,59.8579004579381,6.329999923706055]]},"properties":{"slope":2.46}},{"type":"Feature","geometry":{"type":"LineString","coordinates":[[17.63791449224895,59.8579004579381,6.329999923706055],[17.63779388482566,59.85796139476428,6.690000057220459]]},"properties":{"slope":2.659}},{"type":"Feature","geometry":{"type":"LineString","coordinates":[[17.63779388482566,59.85796139476428,6.690000057220459],[17.637748935423765,59.85798423753883,6.679999828338623]]},"properties":{"slope":2.659}},{"type":"Feature","geometry":{"type":"LineString","coordinates":[[17.639587746935266,59.85691779973184,4.929999828338623],[17.63919603507595,59.8572553414649,5.079999923706055],[17.639114713851832,59.85729647522048,5.090000152587891]]},"properties":{"slope":0.32}},{"type":"Feature","geometry":{"type":"LineString","coordinates":[[17.639114713851832,59.85729647522048,5.090000152587891],[17.638616273578727,59.857548592092115,5.099999904632568]]},"properties":{"slope":0.025}},{"type":"Feature","geometry":{"type":"LineString","coordinates":[[17.6402400458622,59.85638917932659,4.900000095367432],[17.640057357633758,59.85653708722129,4.960000038146973]]},"properties":{"slope":0.1}},{"type":"Feature","geometry":{"type":"LineString","coordinates":[[17.640057357633758,59.85653708722129,4.960000038146973],[17.639769145303703,59.85677044069469,4.849999904632568]]},"properties":{"slope":0.1}},{"type":"Feature","geometry":{"type":"LineString","coordinates":[[17.639769145303703,59.85677044069469,4.849999904632568],[17.639650252602603,59.85686670201958,4.980000019073486]]},"properties":{"slope":1.03}},{"type":"Feature","geometry":{"type":"LineString","coordinates":[[17.634588263820785,59.85960020717346,7.480000019073486],[17.634459428757317,59.85966840462723,7.599999904632568]]},"properties":{"slope":0.4}},{"type":"Feature","geometry":{"type":"LineString","coordinates":[[17.634459428757317,59.85966840462723,7.599999904632568],[17.63409113474002,59.85996992975884,7.679999828338623]]},"properties":{"slope":0.4}},{"type":"Feature","geometry":{"type":"LineString","coordinates":[[17.63409113474002,59.85996992975884,7.679999828338623],[17.633954218505377,59.86009408442372,7.389999866485596]]},"properties":{"slope":1.524}},{"type":"Feature","geometry":{"type":"LineString","coordinates":[[17.633954218505377,59.86009408442372,7.389999866485596],[17.633869650474832,59.86017078182165,7.289999961853027]]},"properties":{"slope":1.524}},{"type":"Feature","geometry":{"type":"LineString","coordinates":[[17.64472783121933,59.85920845136479,6.440000057220459],[17.644697688053874,59.85931244303492,6.5]]},"properties":{"slope":0.06}},{"type":"Feature","geometry":{"type":"LineString","coordinates":[[17.644697688053874,59.85931244303492,6.5],[17.644665942529002,59.85932952669446,6.599999904632568]]},"properties":{"slope":0.06}},{"type":"Feature","geometry":{"type":"LineString","coordinates":[[17.644665942529002,59.85932952669446,6.599999904632568],[17.644230956030786,59.85956356377652,6.409999847412109]]},"properties":{"slope":0.06}},{"type":"Feature","geometry":{"type":"LineString","coordinates":[[17.644230956030786,59.85956356377652,6.409999847412109],[17.644134547036792,59.859615434360045,6.329999923706055],[17.64408818242977,59.859696246452074,6.380000114440918],[17.643718380686323,59.85992358960324,7.96999979019165]]},"properties":{"slope":3.12}},{"type":"Feature","geometry":{"type":"LineString","coordinates":[[17.643718380686323,59.85992358960324,7.96999979019165],[17.643274102739692,59.8602142654514,7.510000228881836]]},"properties":{"slope":1.12}},{"type":"Feature","geometry":{"type":"LineString","coordinates":[[17.643488793519086,59.858747724950966,5.679999828338623],[17.643582783567027,59.85882061441094,5.909999847412109]]},"properties":{"slope":1.571}},{"type":"Feature","geometry":{"type":"LineString","coordinates":[[17.643582783567027,59.85882061441094,5.909999847412109],[17.643966936531772,59.85899711469618,6.289999961853027]]},"properties":{"slope":1.571}},{"type":"Feature","geometry":{"type":"LineString","coordinates":[[17.644094465245114,59.859055710929056,6.300000190734863],[17.644154089735448,59.859083107814115,6.409999847412109]]},"properties":{"slope":2.431}},{"type":"Feature","geometry":{"type":"LineString","coordinates":[[17.64206769576533,59.855043063847454,4.440000057220459],[17.64212318107033,59.85509305057288,4.380000114440918]]},"properties":{"slope":0.941}},{"type":"Feature","geometry":{"type":"LineString","coordinates":[[17.64212318107033,59.85509305057288,4.380000114440918],[17.64218615233179,59.855155199951774,4.269999980926514]]},"properties":{"slope":1.415}},{"type":"Feature","geometry":{"type":"LineString","coordinates":[[17.642034873381764,59.85501349352319,4.579999923706055],[17.64206769576533,59.855043063847454,4.440000057220459]]},"properties":{"slope":3.71}},{"type":"Feature","geometry":{"type":"LineString","coordinates":[[17.63627975599369,59.85872231724586,7.880000114440918],[17.636224578606047,59.858749982554976,7.989999771118164]]},"properties":{"slope":2.52}},{"type":"Feature","geometry":{"type":"LineString","coordinates":[[17.636224578606047,59.858749982554976,7.989999771118164],[17.63622457660285,59.8587499835592,7.9899958466658]]},"properties":{"slope":2.476}},{"type":"Feature","geometry":{"type":"LineString","coordinates":[[17.63622457660285,59.8587499835592,7.9899958466658],[17.63613780394827,59.85879348442354,7.820000171661377]]},"properties":{"slope":2.476}},{"type":"Feature","geometry":{"type":"LineString","coordinates":[[17.64503338713083,59.85239918044546,2.769999980926514],[17.644569144857925,59.85278233706285,2.650000095367432]]},"properties":{"slope":0.24}},{"type":"Feature","geometry":{"type":"LineString","coordinates":[[17.644569144857925,59.85278233706285,2.650000095367432],[17.644137013650816,59.85314549873906,2.589999914169312]]},"properties":{"slope":0.08}},{"type":"Feature","geometry":{"type":"LineString","coordinates":[[17.644137013650816,59.85314549873906,2.589999914169312],[17.644112390260553,59.85316789678783,2.609999895095825]]},"properties":{"slope":0.08}},{"type":"Feature","geometry":{"type":"LineString","coordinates":[[17.644112390260553,59.85316789678783,2.609999895095825],[17.644102268142603,59.853177104108354,2.609999895095825]]},"properties":{"slope":0.001}},{"type":"Feature","geometry":{"type":"LineString","coordinates":[[17.63514709263825,59.86070426376807,9.729999542236328],[17.635174297281132,59.86071643179276,9.720000267028809]]},"properties":{"slope":0.001}},{"type":"Feature","geometry":{"type":"LineString","coordinates":[[17.635174297281132,59.86071643179276,9.720000267028809],[17.635814057766908,59.86100249167444,9.729999542236328]]},"properties":{"slope":0.001}},{"type":"Feature","geometry":{"type":"LineString","coordinates":[[17.635814057766908,59.86100249167444,9.729999542236328],[17.636368267566347,59.861250452735035,9.819999694824219]]},"properties":{"slope":0.42}},{"type":"Feature","geometry":{"type":"LineString","coordinates":[[17.636368267566347,59.861250452735035,9.819999694824219],[17.636486187237765,59.86129168942325,9.9399995803833]]},"properties":{"slope":0.42}},{"type":"Feature","geometry":{"type":"LineString","coordinates":[[17.636486187237765,59.86129168942325,9.9399995803833],[17.636492117144904,59.86129361239405,9.9399995803833]]},"properties":{"slope":0.42}},{"type":"Feature","geometry":{"type":"LineString","coordinates":[[17.636492117144904,59.86129361239405,9.9399995803833],[17.636510380264465,59.86129953481861,9.960000038146973]]},"properties":{"slope":1.643}},{"type":"Feature","geometry":{"type":"LineString","coordinates":[[17.636640463175926,59.86134905757245,9.930000305175781],[17.636651777237894,59.861355719046905,9.9399995803833]]},"properties":{"slope":2.64}},{"type":"Feature","geometry":{"type":"LineString","coordinates":[[17.636651777237894,59.861355719046905,9.9399995803833],[17.63675532815538,59.86141670128594,9.65999984741211]]},"properties":{"slope":2.64}},{"type":"Feature","geometry":{"type":"LineString","coordinates":[[17.63675532815538,59.86141670128594,9.65999984741211],[17.637284556877525,59.86165840385516,8.609999656677246]]},"properties":{"slope":2.64}},{"type":"Feature","geometry":{"type":"LineString","coordinates":[[17.637284556877525,59.86165840385516,8.609999656677246],[17.637624324190888,59.86180875164879,8.319999694824219]]},"properties":{"slope":1.067}},{"type":"Feature","geometry":{"type":"LineString","coordinates":[[17.637624324190888,59.86180875164879,8.319999694824219],[17.637684941985192,59.861830000070256,8.260000228881836]]},"properties":{"slope":1.067}},{"type":"Feature","geometry":{"type":"LineString","coordinates":[[17.637684941985192,59.861830000070256,8.260000228881836],[17.637829167400547,59.861880565966736,8.1899995803833]]},"properties":{"slope":1.067}},{"type":"Feature","geometry":{"type":"LineString","coordinates":[[17.639124741712408,59.86253843996141,7.760000228881836],[17.63900025794748,59.86253833025645,7.78000020980835],[17.638432808700255,59.86227806211322,7.940000057220459]]},"properties":{"slope":0.36}},{"type":"Feature","geometry":{"type":"LineString","coordinates":[[17.638432808700255,59.86227806211322,7.940000057220459],[17.638017433252916,59.86208754047064,8.170000076293945],[17.637942645807538,59.86200531847181,8.149999618530273]]},"properties":{"slope":0.16}},{"type":"Feature","geometry":{"type":"LineString","coordinates":[[17.637942645807538,59.86200531847181,8.149999618530273],[17.637899983017096,59.861958420689,8.109999656677246]]},"properties":{"slope":0.16}},{"type":"Feature","geometry":{"type":"LineString","coordinates":[[17.637899983017096,59.861958420689,8.109999656677246],[17.637880028262366,59.861936482463655,8.020000457763672]]},"properties":{"slope":0.16}},{"type":"Feature","geometry":{"type":"LineString","coordinates":[[17.637880028262366,59.861936482463655,8.020000457763672],[17.637829167400547,59.861880565966736,8.1899995803833]]},"properties":{"slope":2.482}},{"type":"Feature","geometry":{"type":"LineString","coordinates":[[17.645948979375977,59.85803021716372,5.619999885559082],[17.64563221041324,59.858227303413535,5.880000114440918]]},"properties":{"slope":1.044}},{"type":"Feature","geometry":{"type":"LineString","coordinates":[[17.64563221041324,59.858227303413535,5.880000114440918],[17.645615911447315,59.85823734576641,5.929999828338623]]},"properties":{"slope":1.044}},{"type":"Feature","geometry":{"type":"LineString","coordinates":[[17.646460762246935,59.85773555218787,5.170000076293945],[17.646276749637963,59.85783701324237,5.28000020980835]]},"properties":{"slope":1.031}},{"type":"Feature","geometry":{"type":"LineString","coordinates":[[17.646276749637963,59.85783701324237,5.28000020980835],[17.645948979375977,59.85803021716372,5.619999885559082]]},"properties":{"slope":1.031}},{"type":"Feature","geometry":{"type":"LineString","coordinates":[[17.646254684856086,59.857707488999665,5.380000114440918],[17.646219637643476,59.85770508859449,5.46999979019165]]},"properties":{"slope":1.473}},{"type":"Feature","geometry":{"type":"LineString","coordinates":[[17.646219637643476,59.85770508859449,5.46999979019165],[17.645999005392888,59.85768996607691,5.340000152587891],[17.645812132174694,59.85760715350795,5.039999961853027]]},"properties":{"slope":1.473}},{"type":"Feature","geometry":{"type":"LineString","coordinates":[[17.645812132174694,59.85760715350795,5.039999961853027],[17.645765462163116,59.85758647076918,4.909999847412109]]},"properties":{"slope":1.473}},{"type":"Feature","geometry":{"type":"LineString","coordinates":[[17.64722654063229,59.858071183499696,4.369999885559082],[17.646557332330257,59.857774264515086,4.840000152587891]]},"properties":{"slope":0.94}},{"type":"Feature","geometry":{"type":"LineString","coordinates":[[17.646557332330257,59.857774264515086,4.840000152587891],[17.646460762246935,59.85773555218787,5.170000076293945]]},"properties":{"slope":3.439}},{"type":"Feature","geometry":{"type":"LineString","coordinates":[[17.646460762246935,59.85773555218787,5.170000076293945],[17.646389405598157,59.85771975585467,5.230000019073486]]},"properties":{"slope":3.439}},{"type":"Feature","geometry":{"type":"LineString","coordinates":[[17.645042476159272,59.85856035608579,5.71999979019165],[17.64496225075547,59.858604160604315,5.769999980926514]]},"properties":{"slope":1.291}},{"type":"Feature","geometry":{"type":"LineString","coordinates":[[17.64496225075547,59.858604160604315,5.769999980926514],[17.644805359031466,59.85868982783003,6.039999961853027]]},"properties":{"slope":1.291}},{"type":"Feature","geometry":{"type":"LineString","coordinates":[[17.644805359031466,59.85868982783003,6.039999961853027],[17.644692545737893,59.858757328258456,6.099999904632568]]},"properties":{"slope":1.291}},{"type":"Feature","geometry":{"type":"LineString","coordinates":[[17.648384543377038,59.85874012093027,3.490000009536743],[17.648363134271833,59.858725783252,3.430000066757202]]},"properties":{"slope":1.66}},{"type":"Feature","geometry":{"type":"LineString","coordinates":[[17.648363134271833,59.858725783252,3.430000066757202],[17.648222626253713,59.85863174813932,2.950000047683716]]},"properties":{"slope":1.66}},{"type":"Feature","geometry":{"type":"LineString","coordinates":[[17.648222626253713,59.85863174813932,2.950000047683716],[17.647959718640557,59.85845596166226,2.180000066757202]]},"properties":{"slope":1.66}},{"type":"Feature","geometry":{"type":"LineString","coordinates":[[17.647959718640557,59.85845596166226,2.180000066757202],[17.64784818994624,59.85838139188266,4.320000171661377]]},"properties":{"slope":1.66}},{"type":"Feature","geometry":{"type":"LineString","coordinates":[[17.64784818994624,59.85838139188266,4.320000171661377],[17.64773780708185,59.85830758779517,7.309999942779541],[17.64722654063229,59.858071183499696,4.369999885559082]]},"properties":{"slope":0.102}},{"type":"Feature","geometry":{"type":"LineString","coordinates":[[17.64886432259133,59.85906158952398,5.909999847412109],[17.64849472911027,59.85881395171722,4.090000152587891]]},"properties":{"slope":5.404}},{"type":"Feature","geometry":{"type":"LineString","coordinates":[[17.64849472911027,59.85881395171722,4.090000152587891],[17.648384543377038,59.85874012093027,3.490000009536743]]},"properties":{"slope":5.404}},{"type":"Feature","geometry":{"type":"LineString","coordinates":[[17.640310024733235,59.85636899566578,4.880000114440918],[17.640269760595675,59.85640016813722,4.920000076293945]]},"properties":{"slope":0.966}},{"type":"Feature","geometry":{"type":"LineString","coordinates":[[17.640269760595675,59.85640016813722,4.920000076293945],[17.640232411385597,59.85643126784809,4.980000019073486]]},"properties":{"slope":1.482}},{"type":"Feature","geometry":{"type":"LineString","coordinates":[[17.650768637012728,59.85444546849162,4.809999942779541],[17.650835660117618,59.85440707969372,4.75]]},"properties":{"slope":1.054}},{"type":"Feature","geometry":{"type":"LineString","coordinates":[[17.639697673175437,59.856876500737805,5.010000228881836],[17.63967796148427,59.85689290644252,5.010000228881836]]},"properties":{"slope":0.001}},{"type":"Feature","geometry":{"type":"LineString","coordinates":[[17.633852383421765,59.86033784761323,7.230000019073486],[17.633826061863758,59.860326296930026,7.210000038146973]]},"properties":{"slope":1.222}},{"type":"Feature","geometry":{"type":"LineString","coordinates":[[17.633826061863758,59.860326296930026,7.210000038146973],[17.63376475950971,59.86029898612734,7.150000095367432]]},"properties":{"slope":1.222}},{"type":"Feature","geometry":{"type":"LineString","coordinates":[[17.63866750318006,59.857598287247846,5.210000038146973],[17.638667503176332,59.85759828724966,5.210000042139785]]},"properties":{"slope":1.383}},{"type":"Feature","geometry":{"type":"LineString","coordinates":[[17.638667503176332,59.85759828724966,5.210000042139785],[17.6386114908889,59.85762517090168,5.269999980926514]]},"properties":{"slope":1.383}},{"type":"Feature","geometry":{"type":"LineString","coordinates":[[17.63744939055038,59.86196302395849,8.289999961853027],[17.63739021688178,59.86193436588053,8.319999694824219]]},"properties":{"slope":1.5}},{"type":"Feature","geometry":{"type":"LineString","coordinates":[[17.63739021688178,59.86193436588053,8.319999694824219],[17.636804407757104,59.86165282130537,9.039999961853027]]},"properties":{"slope":1.5}},{"type":"Feature","geometry":{"type":"LineString","coordinates":[[17.636804407757104,59.86165282130537,9.039999961853027],[17.636547705825866,59.86153455278612,9.399999618530273]]},"properties":{"slope":2.141}},{"type":"Feature","geometry":{"type":"LineString","coordinates":[[17.636547705825866,59.86153455278612,9.399999618530273],[17.63643556509425,59.861483021723025,9.640000343322754]]},"properties":{"slope":2.141}},{"type":"Feature","geometry":{"type":"LineString","coordinates":[[17.635661435456434,59.861135318074375,9.600000381469727],[17.634998568525663,59.86083478676064,9.350000381469727]]},"properties":{"slope":0.5}},{"type":"Feature","geometry":{"type":"LineString","coordinates":[[17.634998568525663,59.86083478676064,9.350000381469727],[17.634976590317148,59.86082482443166,9.260000228881836]]},"properties":{"slope":2.459}},{"type":"Feature","geometry":{"type":"LineString","coordinates":[[17.634976590317148,59.86082482443166,9.260000228881836],[17.634944663840013,59.860810352543915,9.25]]},"properties":{"slope":2.459}},{"type":"Feature","geometry":{"type":"LineString","coordinates":[[17.634818109279273,59.86075504721307,9.149999618530273],[17.63478695594099,59.86074195884516,9.130000114440918]]},"properties":{"slope":2.56}},{"type":"Feature","geometry":{"type":"LineString","coordinates":[[17.63478695594099,59.86074195884516,9.130000114440918],[17.634139266904654,59.8604637198785,7.869999885559082]]},"properties":{"slope":2.56}},{"type":"Feature","geometry":{"type":"LineString","coordinates":[[17.634139266904654,59.8604637198785,7.869999885559082],[17.633852383421765,59.86033784761323,7.230000019073486]]},"properties":{"slope":3}},{"type":"Feature","geometry":{"type":"LineString","coordinates":[[17.63625131217606,59.86140035730417,9.869999885559082],[17.636171803840792,59.86136523926385,9.829999923706055]]},"properties":{"slope":0.609}},{"type":"Feature","geometry":{"type":"LineString","coordinates":[[17.636171803840792,59.86136523926385,9.829999923706055],[17.635661435456434,59.861135318074375,9.600000381469727]]},"properties":{"slope":0.609}},{"type":"Feature","geometry":{"type":"LineString","coordinates":[[17.64327440175663,59.864676757000225,9.869999885559082],[17.643047549356297,59.86456926758335,9.550000190734863]]},"properties":{"slope":1.832}},{"type":"Feature","geometry":{"type":"LineString","coordinates":[[17.63771472639618,59.862097703577476,8.15999984741211],[17.637572844993468,59.86202280022333,8.300000190734863]]},"properties":{"slope":1.215}},{"type":"Feature","geometry":{"type":"LineString","coordinates":[[17.634944663840013,59.860810352543915,9.25],[17.634818109279273,59.86075504721307,9.149999618530273]]},"properties":{"slope":1.064}},{"type":"Feature","geometry":{"type":"LineString","coordinates":[[17.637572844993468,59.86202280022333,8.300000190734863],[17.63744939055038,59.86196302395849,8.289999961853027]]},"properties":{"slope":0.104}},{"type":"Feature","geometry":{"type":"LineString","coordinates":[[17.646389405598157,59.85771975585467,5.230000019073486],[17.646254684856086,59.857707488999665,5.380000114440918]]},"properties":{"slope":1.951}},{"type":"Feature","geometry":{"type":"LineString","coordinates":[[17.63643556509425,59.861483021723025,9.640000343322754],[17.63625131217606,59.86140035730417,9.869999885559082]]},"properties":{"slope":1.662}},{"type":"Feature","geometry":{"type":"LineString","coordinates":[[17.638910202935723,59.86265661230292,7.920000076293945],[17.63825164462693,59.86235372213462,7.929999828338623]]},"properties":{"slope":0.02}},{"type":"Feature","geometry":{"type":"LineString","coordinates":[[17.63825164462693,59.86235372213462,7.929999828338623],[17.637734665447976,59.86210822506565,8.149999618530273]]},"properties":{"slope":0.555}},{"type":"Feature","geometry":{"type":"LineString","coordinates":[[17.637734665447976,59.86210822506565,8.149999618530273],[17.63771472639618,59.862097703577476,8.15999984741211]]},"properties":{"slope":0.555}},{"type":"Feature","geometry":{"type":"LineString","coordinates":[[17.65093583239433,59.8547472706217,4.849999904632568],[17.650636311634052,59.854617781577986,4.889999866485596]]},"properties":{"slope":0.387}},{"type":"Feature","geometry":{"type":"LineString","coordinates":[[17.650636311634052,59.854617781577986,4.889999866485596],[17.650628307066217,59.85460859204468,4.940000057220459]]},"properties":{"slope":0.387}},{"type":"Feature","geometry":{"type":"LineString","coordinates":[[17.640629209800977,59.86343834891953,7.670000076293945],[17.640473796619258,59.863367874258365,7.590000152587891]]},"properties":{"slope":0.682}},{"type":"Feature","geometry":{"type":"LineString","coordinates":[[17.631232539690732,59.86177555309496,7.820000171661377],[17.631164254841604,59.86175204953284,7.369999885559082]]},"properties":{"slope":8.042}},{"type":"Feature","geometry":{"type":"LineString","coordinates":[[17.631164254841604,59.86175204953284,7.369999885559082],[17.631097055078637,59.861727018149914,7.070000171661377]]},"properties":{"slope":8.042}},{"type":"Feature","geometry":{"type":"LineString","coordinates":[[17.64174067761491,59.86395338537044,8.119999885559082],[17.641701674557456,59.863933946298104,8.109999656677246]]},"properties":{"slope":0.78}},{"type":"Feature","geometry":{"type":"LineString","coordinates":[[17.641701674557456,59.863933946298104,8.109999656677246],[17.641091067555248,59.86364597087686,7.730000019073486]]},"properties":{"slope":0.78}},{"type":"Feature","geometry":{"type":"LineString","coordinates":[[17.641091067555248,59.86364597087686,7.730000019073486],[17.64065909576432,59.86344917011102,7.690000057220459]]},"properties":{"slope":0.173}},{"type":"Feature","geometry":{"type":"LineString","coordinates":[[17.64065909576432,59.86344917011102,7.690000057220459],[17.640629209800977,59.86343834891953,7.670000076293945]]},"properties":{"slope":0.173}},{"type":"Feature","geometry":{"type":"LineString","coordinates":[[17.63261182627806,59.859700894146805,7.480000019073486],[17.63255103840756,59.859724894104026,7.400000095367432]]},"properties":{"slope":1.847}},{"type":"Feature","geometry":{"type":"LineString","coordinates":[[17.650632640475326,59.85452336308943,4.849999904632568],[17.650768637012728,59.85444546849162,4.809999942779541]]},"properties":{"slope":0.346}},{"type":"Feature","geometry":{"type":"LineString","coordinates":[[17.634994706048044,59.862141450422584,8.569999694824219],[17.635099851499284,59.86219078864137,8.640000343322754]]},"properties":{"slope":0.869}},{"type":"Feature","geometry":{"type":"LineString","coordinates":[[17.64561424025649,59.85751803093348,4.75],[17.645574372343486,59.85749945272582,4.860000133514404]]},"properties":{"slope":0.56}},{"type":"Feature","geometry":{"type":"LineString","coordinates":[[17.645574372343486,59.85749945272582,4.860000133514404],[17.644959622631973,59.85721299915242,5.03000020980835]]},"properties":{"slope":0.56}},{"type":"Feature","geometry":{"type":"LineString","coordinates":[[17.644959622631973,59.85721299915242,5.03000020980835],[17.64443184464267,59.856967065318415,5.190000057220459]]},"properties":{"slope":0.397}},{"type":"Feature","geometry":{"type":"LineString","coordinates":[[17.645765462163116,59.85758647076918,4.909999847412109],[17.64561424025649,59.85751803093348,4.75]]},"properties":{"slope":1.403}},{"type":"Feature","geometry":{"type":"LineString","coordinates":[[17.63358601635933,59.86149565045329,7.760000228881836],[17.633657981562713,59.86150479617616,7.760000228881836]]},"properties":{"slope":0.44}},{"type":"Feature","geometry":{"type":"LineString","coordinates":[[17.633657981562713,59.86150479617616,7.760000228881836],[17.634248670709905,59.8617893123625,7.980000019073486]]},"properties":{"slope":0.44}},{"type":"Feature","geometry":{"type":"LineString","coordinates":[[17.634248670709905,59.8617893123625,7.980000019073486],[17.6348995005183,59.86209643685029,8.5]]},"properties":{"slope":1.04}},{"type":"Feature","geometry":{"type":"LineString","coordinates":[[17.6348995005183,59.86209643685029,8.5],[17.634994706048044,59.862141450422584,8.569999694824219]]},"properties":{"slope":0.956}},{"type":"Feature","geometry":{"type":"LineString","coordinates":[[17.635099851499284,59.86219078864137,8.640000343322754],[17.635755578450468,59.86249527146997,9.079999923706055]]},"properties":{"slope":0.88}},{"type":"Feature","geometry":{"type":"LineString","coordinates":[[17.635755578450468,59.86249527146997,9.079999923706055],[17.636142220398412,59.86267477641461,8.630000114440918],[17.63612672075744,59.862691910880784,8.65999984741211]]},"properties":{"slope":1.324}},{"type":"Feature","geometry":{"type":"LineString","coordinates":[[17.64370223077408,59.855723187726845,5.039999961853027],[17.642948639434792,59.85548284425483,4.78000020980835]]},"properties":{"slope":0.52}},{"type":"Feature","geometry":{"type":"LineString","coordinates":[[17.642948639434792,59.85548284425483,4.78000020980835],[17.64219232251636,59.855244691359744,4.420000076293945]]},"properties":{"slope":0.72}},{"type":"Feature","geometry":{"type":"LineString","coordinates":[[17.64219232251636,59.855244691359744,4.420000076293945],[17.642107246130873,59.855213844660014,4.309999942779541]]},"properties":{"slope":0.314}},{"type":"Feature","geometry":{"type":"LineString","coordinates":[[17.642107246130873,59.855213844660014,4.309999942779541],[17.641878022201507,59.855200836599685,4.349999904632568]]},"properties":{"slope":0.314}},{"type":"Feature","geometry":{"type":"LineString","coordinates":[[17.641878022201507,59.855200836599685,4.349999904632568],[17.6418228929267,59.85519072945045,4.349999904632568]]},"properties":{"slope":0.314}},{"type":"Feature","geometry":{"type":"LineString","coordinates":[[17.64218615233179,59.855155199951774,4.269999980926514],[17.64293672155961,59.85539791898538,4.730000019073486]]},"properties":{"slope":0.92}},{"type":"Feature","geometry":{"type":"LineString","coordinates":[[17.64293672155961,59.85539791898538,4.730000019073486],[17.64368730165809,59.85564063365736,4.889999866485596]]},"properties":{"slope":0.32}},{"type":"Feature","geometry":{"type":"LineString","coordinates":[[17.64368730165809,59.85564063365736,4.889999866485596],[17.643870164975052,59.85569318995697,4.980000019073486]]},"properties":{"slope":0.762}},{"type":"Feature","geometry":{"type":"LineString","coordinates":[[17.64370223077408,59.855723187726845,5.039999961853027],[17.643791222429897,59.85574014446572,5.039999961853027]]},"properties":{"slope":0.001}},{"type":"Feature","geometry":{"type":"LineString","coordinates":[[17.643870164975052,59.85569318995697,4.980000019073486],[17.64384635514781,59.855720107187025,5.059999942779541]]},"properties":{"slope":2.342}},{"type":"Feature","geometry":{"type":"LineString","coordinates":[[17.643791222429897,59.85574014446572,5.039999961853027],[17.64384635514781,59.855720107187025,5.059999942779541]]},"properties":{"slope":0.509}},{"type":"Feature","geometry":{"type":"LineString","coordinates":[[17.651011041168953,59.85441621716642,4.900000095367432],[17.650971359806157,59.8543972299748,5.03000020980835]]},"properties":{"slope":4.235}},{"type":"Feature","geometry":{"type":"LineString","coordinates":[[17.65058021810701,59.85455339183357,4.940000057220459],[17.650632640475326,59.85452336308943,4.849999904632568]]},"properties":{"slope":2.021}},{"type":"Feature","geometry":{"type":"LineString","coordinates":[[17.650835660117618,59.85440707969372,4.75],[17.65086309023607,59.854391373319565,4.869999885559082]]},"properties":{"slope":5.152}},{"type":"Feature","geometry":{"type":"LineString","coordinates":[[17.633250792773616,59.86306163445371,6.929999828338623],[17.63340409916046,59.86297206962939,6.809999942779541]]},"properties":{"slope":0.911}},{"type":"Feature","geometry":{"type":"LineString","coordinates":[[17.633581764599167,59.8615480921126,7.659999847412109],[17.634244511595323,59.861847529071234,8.069999694824219]]},"properties":{"slope":0.82}},{"type":"Feature","geometry":{"type":"LineString","coordinates":[[17.634244511595323,59.861847529071234,8.069999694824219],[17.63489921304248,59.86215256604432,8.479999542236328]]},"properties":{"slope":0.82}},{"type":"Feature","geometry":{"type":"LineString","coordinates":[[17.63489921304248,59.86215256604432,8.479999542236328],[17.635553926470976,59.86245759966814,8.989999771118164]]},"properties":{"slope":1.02}},{"type":"Feature","geometry":{"type":"LineString","coordinates":[[17.635553926470976,59.86245759966814,8.989999771118164],[17.63612343083726,59.86272292678312,8.609999656677246]]},"properties":{"slope":0.874}},{"type":"Feature","geometry":{"type":"LineString","coordinates":[[17.633581764599167,59.8615480921126,7.659999847412109],[17.633657981562713,59.86150479617616,7.760000228881836]]},"properties":{"slope":1.372}},{"type":"Feature","geometry":{"type":"LineString","coordinates":[[17.633657981562713,59.86150479617616,7.760000228881836],[17.633685369643345,59.86148940849139,7.78000020980835]]},"properties":{"slope":1.372}},{"type":"Feature","geometry":{"type":"LineString","coordinates":[[17.632397983426113,59.862312449712114,7.119999885559082],[17.632322369445248,59.86227784394459,7.159999847412109],[17.632357266913335,59.8622436050681,7.210000038146973]]},"properties":{"slope":0.78}},{"type":"Feature","geometry":{"type":"LineString","coordinates":[[17.632357266913335,59.8622436050681,7.210000038146973],[17.63282789337349,59.861976294649544,7.510000228881836]]},"properties":{"slope":0.78}},{"type":"Feature","geometry":{"type":"LineString","coordinates":[[17.63282789337349,59.861976294649544,7.510000228881836],[17.633419526809394,59.861640245253284,7.690000057220459]]},"properties":{"slope":0.36}},{"type":"Feature","geometry":{"type":"LineString","coordinates":[[17.633419526809394,59.861640245253284,7.690000057220459],[17.633581764599167,59.8615480921126,7.659999847412109]]},"properties":{"slope":0.219}},{"type":"Feature","geometry":{"type":"LineString","coordinates":[[17.63493373163169,59.86338305521099,7.670000076293945],[17.63480898469812,59.863376486953555,7.809999942779541]]},"properties":{"slope":1.08}},{"type":"Feature","geometry":{"type":"LineString","coordinates":[[17.63480898469812,59.863376486953555,7.809999942779541],[17.634227838956818,59.863134080396016,7.130000114440918]]},"properties":{"slope":1.08}},{"type":"Feature","geometry":{"type":"LineString","coordinates":[[17.634227838956818,59.863134080396016,7.130000114440918],[17.633562074410193,59.862835150527594,6.789999961853027]]},"properties":{"slope":0.68}},{"type":"Feature","geometry":{"type":"LineString","coordinates":[[17.633562074410193,59.862835150527594,6.789999961853027],[17.63289632179774,59.86253621719985,7.090000152587891]]},"properties":{"slope":0.6}},{"type":"Feature","geometry":{"type":"LineString","coordinates":[[17.63289632179774,59.86253621719985,7.090000152587891],[17.632397983426113,59.862312449712114,7.119999885559082]]},"properties":{"slope":0.08}},{"type":"Feature","geometry":{"type":"LineString","coordinates":[[17.63612343083726,59.86272292678312,8.609999656677246],[17.636039537163114,59.862768911833086,8.619999885559082]]},"properties":{"slope":0.66}},{"type":"Feature","geometry":{"type":"LineString","coordinates":[[17.636039537163114,59.862768911833086,8.619999885559082],[17.635529693889843,59.86305803343367,8.279999732971191]]},"properties":{"slope":0.66}},{"type":"Feature","geometry":{"type":"LineString","coordinates":[[17.635529693889843,59.86305803343367,8.279999732971191],[17.63493373163169,59.86338305521099,7.670000076293945]]},"properties":{"slope":1.238}},{"type":"Feature","geometry":{"type":"LineString","coordinates":[[17.63653067038318,59.8624968074312,8.6899995803833],[17.637130641599846,59.86216451448636,8.59000015258789]]},"properties":{"slope":0.2}},{"type":"Feature","geometry":{"type":"LineString","coordinates":[[17.637130641599846,59.86216451448636,8.59000015258789],[17.637347824974896,59.86204422558679,8.40999984741211]]},"properties":{"slope":0.08}},{"type":"Feature","geometry":{"type":"LineString","coordinates":[[17.637347824974896,59.86204422558679,8.40999984741211],[17.637410878341026,59.861988949622656,8.270000457763672],[17.637348745460876,59.861956032371474,8.34000015258789]]},"properties":{"slope":0.08}},{"type":"Feature","geometry":{"type":"LineString","coordinates":[[17.637348745460876,59.861956032371474,8.34000015258789],[17.63709139586355,59.861838912897646,8.550000190734863]]},"properties":{"slope":0.08}},{"type":"Feature","geometry":{"type":"LineString","coordinates":[[17.63709139586355,59.861838912897646,8.550000190734863],[17.636492411125104,59.861566310518086,9.539999961853027]]},"properties":{"slope":2.16}},{"type":"Feature","geometry":{"type":"LineString","coordinates":[[17.636492411125104,59.861566310518086,9.539999961853027],[17.636429651269165,59.86153774846748,9.630000114440918]]},"properties":{"slope":2.16}},{"type":"Feature","geometry":{"type":"LineString","coordinates":[[17.636429651269165,59.86153774846748,9.630000114440918],[17.636370027190676,59.861518475000985,9.739999771118164],[17.636288520499672,59.86152833740126,9.8100004196167]]},"properties":{"slope":2.032}},{"type":"Feature","geometry":{"type":"LineString","coordinates":[[17.636288520499672,59.86152833740126,9.8100004196167],[17.635693450077774,59.86186284698408,9.6899995803833]]},"properties":{"slope":0.24}},{"type":"Feature","geometry":{"type":"LineString","coordinates":[[17.635693450077774,59.86186284698408,9.6899995803833],[17.635142354690867,59.86217262836009,8.880000114440918]]},"properties":{"slope":1.749}},{"type":"Feature","geometry":{"type":"LineString","coordinates":[[17.635142354690867,59.86217262836009,8.880000114440918],[17.635775583829183,59.86248182410124,9.170000076293945]]},"properties":{"slope":0.58}},{"type":"Feature","geometry":{"type":"LineString","coordinates":[[17.635775583829183,59.86248182410124,9.170000076293945],[17.636201476679304,59.86268014950499,8.6899995803833]]},"properties":{"slope":1.476}},{"type":"Feature","geometry":{"type":"LineString","coordinates":[[17.636280751352746,59.86263521333011,8.789999961853027],[17.636201476679304,59.86268014950499,8.6899995803833]]},"properties":{"slope":1.494}},{"type":"Feature","geometry":{"type":"LineString","coordinates":[[17.636280751352746,59.86263521333011,8.789999961853027],[17.63653067038318,59.8624968074312,8.6899995803833]]},"properties":{"slope":0.48}},{"type":"Feature","geometry":{"type":"LineString","coordinates":[[17.634858582458204,59.86362425058859,7.460000038146973],[17.63496679569471,59.86360513205328,7.46999979019165]]},"properties":{"slope":0.04}},{"type":"Feature","geometry":{"type":"LineString","coordinates":[[17.63496679569471,59.86360513205328,7.46999979019165],[17.635592656476035,59.86382908330509,7.480000019073486]]},"properties":{"slope":0.04}},{"type":"Feature","geometry":{"type":"LineString","coordinates":[[17.635592656476035,59.86382908330509,7.480000019073486],[17.635669085466727,59.86386425529931,7.519999980926514]]},"properties":{"slope":1.412}},{"type":"Feature","geometry":{"type":"LineString","coordinates":[[17.635669085466727,59.86386425529931,7.519999980926514],[17.63576757391349,59.863911813381144,7.289999961853027]]},"properties":{"slope":1.412}},{"type":"Feature","geometry":{"type":"LineString","coordinates":[[17.634696132667,59.86371403631277,7.400000095367432],[17.634858582458204,59.86362425058859,7.460000038146973]]},"properties":{"slope":0.444}},{"type":"Feature","geometry":{"type":"LineString","coordinates":[[17.634501060769818,59.86362704961087,7.579999923706055],[17.634638466745294,59.863536305786695,7.630000114440918]]},"properties":{"slope":0.8}},{"type":"Feature","geometry":{"type":"LineString","coordinates":[[17.634638466745294,59.863536305786695,7.630000114440918],[17.634620840252378,59.863478306106124,7.639999866485596]]},"properties":{"slope":0.8}},{"type":"Feature","geometry":{"type":"LineString","coordinates":[[17.634620840252378,59.863478306106124,7.639999866485596],[17.63421680628172,59.863294011192245,7.179999828338623]]},"properties":{"slope":0.8}},{"type":"Feature","geometry":{"type":"LineString","coordinates":[[17.63421680628172,59.863294011192245,7.179999828338623],[17.63359215147011,59.86301251265802,6.929999828338623],[17.633541678150095,59.863011107933616,6.860000133514404]]},"properties":{"slope":0.64}},{"type":"Feature","geometry":{"type":"LineString","coordinates":[[17.633541678150095,59.863011107933616,6.860000133514404],[17.63352531746862,59.86301712603051,6.860000133514404]]},"properties":{"slope":0.328}},{"type":"Feature","geometry":{"type":"LineString","coordinates":[[17.63352531746862,59.86301712603051,6.860000133514404],[17.633360570975302,59.86311302179778,6.909999847412109]]},"properties":{"slope":0.328}},{"type":"Feature","geometry":{"type":"LineString","coordinates":[[17.636167065524223,59.86147056138633,9.880000114440918],[17.636187162661557,59.861437402993786,9.890000343322754],[17.6361230901091,59.86139334605214,9.850000381469727]]},"properties":{"slope":0.64}},{"type":"Feature","geometry":{"type":"LineString","coordinates":[[17.6361230901091,59.86139334605214,9.850000381469727],[17.635593791611075,59.86115466371511,9.5600004196167]]},"properties":{"slope":0.64}},{"type":"Feature","geometry":{"type":"LineString","coordinates":[[17.635593791611075,59.86115466371511,9.5600004196167],[17.634929042873896,59.86085518594991,9.220000267028809]]},"properties":{"slope":0.68}},{"type":"Feature","geometry":{"type":"LineString","coordinates":[[17.634929042873896,59.86085518594991,9.220000267028809],[17.634924202637986,59.86085303286992,9.220000267028809]]},"properties":{"slope":1.906}},{"type":"Feature","geometry":{"type":"LineString","coordinates":[[17.634924202637986,59.86085303286992,9.220000267028809],[17.634893975423346,59.86083958336738,9.170000076293945]]},"properties":{"slope":1.906}},{"type":"Feature","geometry":{"type":"LineString","coordinates":[[17.635083020825743,59.86212300841055,8.680000305175781],[17.635619118894034,59.86182686612318,9.600000381469727],[17.63563419258599,59.861779155695345,9.539999961853027]]},"properties":{"slope":1.72}},{"type":"Feature","geometry":{"type":"LineString","coordinates":[[17.63563419258599,59.861779155695345,9.539999961853027],[17.636167065524223,59.86147056138633,9.880000114440918]]},"properties":{"slope":0.744}},{"type":"Feature","geometry":{"type":"LineString","coordinates":[[17.633685369643345,59.86148940849139,7.78000020980835],[17.634319842276607,59.8618033804519,8.109999656677246]]},"properties":{"slope":0.66}},{"type":"Feature","geometry":{"type":"LineString","coordinates":[[17.634319842276607,59.8618033804519,8.109999656677246],[17.634973455053785,59.862109006926765,8.720000267028809]]},"properties":{"slope":1.22}},{"type":"Feature","geometry":{"type":"LineString","coordinates":[[17.634973455053785,59.862109006926765,8.720000267028809],[17.63503099125719,59.862134599759266,8.789999961853027],[17.635083020825743,59.86212300841055,8.680000305175781]]},"properties":{"slope":0.513}},{"type":"Feature","geometry":{"type":"LineString","coordinates":[[17.633685369643345,59.86148940849139,7.78000020980835],[17.634288935581843,59.86115877429193,8.319999694824219]]},"properties":{"slope":1.08}},{"type":"Feature","geometry":{"type":"LineString","coordinates":[[17.634288935581843,59.86115877429193,8.319999694824219],[17.634893975423346,59.86083958336738,9.170000076293945]]},"properties":{"slope":1.723}},{"type":"Feature","geometry":{"type":"LineString","coordinates":[[17.63473761645695,59.86077003481688,9.0600004196167],[17.63474261379566,59.860797808359244,9.020000457763672],[17.634180314318986,59.86110962644403,8.3100004196167]]},"properties":{"slope":1.5}},{"type":"Feature","geometry":{"type":"LineString","coordinates":[[17.634180314318986,59.86110962644403,8.3100004196167],[17.63358075351573,59.861442098454624,7.940000057220459]]},"properties":{"slope":0.74}},{"type":"Feature","geometry":{"type":"LineString","coordinates":[[17.63358075351573,59.861442098454624,7.940000057220459],[17.63357423373817,59.86144571378922,7.96999979019165]]},"properties":{"slope":5.517}},{"type":"Feature","geometry":{"type":"LineString","coordinates":[[17.63183787366921,59.86205259428022,7.570000171661377],[17.632026723391387,59.86161395674822,6.710000038146973]]},"properties":{"slope":1.72}},{"type":"Feature","geometry":{"type":"LineString","coordinates":[[17.632026723391387,59.86161395674822,6.710000038146973],[17.632295069590594,59.8611862382388,6.690000057220459]]},"properties":{"slope":0.04}},{"type":"Feature","geometry":{"type":"LineString","coordinates":[[17.632295069590594,59.8611862382388,6.690000057220459],[17.63236565073155,59.861101293306305,6.639999866485596],[17.632485089483634,59.86103285054442,6.739999771118164]]},"properties":{"slope":0.338}},{"type":"Feature","geometry":{"type":"LineString","coordinates":[[17.632485089483634,59.86103285054442,6.739999771118164],[17.63252424914683,59.861011702945106,6.769999980926514]]},"properties":{"slope":0.338}},{"type":"Feature","geometry":{"type":"LineString","coordinates":[[17.63216745096578,59.86221373830491,7.269999980926514],[17.632098749422443,59.86218375518127,7.28000020980835]]},"properties":{"slope":1.337}},{"type":"Feature","geometry":{"type":"LineString","coordinates":[[17.632098749422443,59.86218375518127,7.28000020980835],[17.63183787366921,59.86205259428022,7.570000171661377]]},"properties":{"slope":1.337}},{"type":"Feature","geometry":{"type":"LineString","coordinates":[[17.63183787366921,59.86205259428022,7.570000171661377],[17.631809769312998,59.86203334133881,7.650000095367432]]},"properties":{"slope":1.337}},{"type":"Feature","geometry":{"type":"LineString","coordinates":[[17.632485089483634,59.86103285054442,6.739999771118164],[17.633140360779205,59.861337569404306,7.420000076293945]]},"properties":{"slope":1.36}},{"type":"Feature","geometry":{"type":"LineString","coordinates":[[17.633140360779205,59.861337569404306,7.420000076293945],[17.633476357179728,59.8614991719736,7.78000020980835]]},"properties":{"slope":1.38}},{"type":"Feature","geometry":{"type":"LineString","coordinates":[[17.633476357179728,59.8614991719736,7.78000020980835],[17.63287180353825,59.861829352341104,7.630000114440918]]},"properties":{"slope":0.3}},{"type":"Feature","geometry":{"type":"LineString","coordinates":[[17.63287180353825,59.861829352341104,7.630000114440918],[17.632267237922314,59.8621595299984,7.349999904632568]]},"properties":{"slope":0.56}},{"type":"Feature","geometry":{"type":"LineString","coordinates":[[17.632267237922314,59.8621595299984,7.349999904632568],[17.63222207608591,59.86218419432675,7.349999904632568]]},"properties":{"slope":0.972}},{"type":"Feature","geometry":{"type":"LineString","coordinates":[[17.63222207608591,59.86218419432675,7.349999904632568],[17.63216745096578,59.86221373830491,7.269999980926514]]},"properties":{"slope":0.972}},{"type":"Feature","geometry":{"type":"LineString","coordinates":[[17.638392525788028,59.857612343502964,5.050000190734863],[17.63829978430582,59.857566157044225,4.71999979019165],[17.638840984975506,59.85729645413991,4.28000020980835]]},"properties":{"slope":1.54}},{"type":"Feature","geometry":{"type":"LineString","coordinates":[[17.638840984975506,59.85729645413991,4.28000020980835],[17.639011956275237,59.85721142229684,4.309999942779541],[17.63935760176336,59.8569335010676,4.300000190734863]]},"properties":{"slope":0.04}},{"type":"Feature","geometry":{"type":"LineString","coordinates":[[17.63935760176336,59.8569335010676,4.300000190734863],[17.6395252886922,59.85680534496829,4.5]]},"properties":{"slope":1.17}},{"type":"Feature","geometry":{"type":"LineString","coordinates":[[17.64170840079581,59.859636266777514,6.590000152587891],[17.642312233772696,59.859305772373574,6.21999979019165]]},"properties":{"slope":0.74}},{"type":"Feature","geometry":{"type":"LineString","coordinates":[[17.642312233772696,59.859305772373574,6.21999979019165],[17.642474671071145,59.859216864390625,6.28000020980835]]},"properties":{"slope":0.446}},{"type":"Feature","geometry":{"type":"LineString","coordinates":[[17.640441632517092,59.85917834557163,7.739999771118164],[17.64044163630438,59.85917834723773,7.739996782855469]]},"properties":{"slope":1.06}},{"type":"Feature","geometry":{"type":"LineString","coordinates":[[17.64044163630438,59.85917834723773,7.739996782855469],[17.641113354031642,59.85947384230905,7.210000038146973]]},"properties":{"slope":1.06}},{"type":"Feature","geometry":{"type":"LineString","coordinates":[[17.641113354031642,59.85947384230905,7.210000038146973],[17.641564453967305,59.85966903500448,6.78000020980835]]},"properties":{"slope":1.445}},{"type":"Feature","geometry":{"type":"LineString","coordinates":[[17.641564453967305,59.85966903500448,6.78000020980835],[17.64163206694771,59.859669441194185,6.71999979019165],[17.64170840079581,59.859636266777514,6.590000152587891]]},"properties":{"slope":1.445}},{"type":"Feature","geometry":{"type":"LineString","coordinates":[[17.636486187237765,59.86129168942325,9.9399995803833],[17.63709015282234,59.86096131290994,9.789999961853027]]},"properties":{"slope":0.3}},{"type":"Feature","geometry":{"type":"LineString","coordinates":[[17.63709015282234,59.86096131290994,9.789999961853027],[17.637324897540694,59.86083118070855,9.579999923706055]]},"properties":{"slope":1.073}},{"type":"Feature","geometry":{"type":"LineString","coordinates":[[17.637512260742213,59.860873944542476,9.479999542236328],[17.63746853482238,59.860899310883084,9.529999732971191]]},"properties":{"slope":0.84}},{"type":"Feature","geometry":{"type":"LineString","coordinates":[[17.63746853482238,59.860899310883084,9.529999732971191],[17.636916165335602,59.861207979583355,9.899999618530273]]},"properties":{"slope":0.84}},{"type":"Feature","geometry":{"type":"LineString","coordinates":[[17.636916165335602,59.861207979583355,9.899999618530273],[17.636651777237894,59.861355719046905,9.9399995803833]]},"properties":{"slope":0.181}},{"type":"Feature","geometry":{"type":"LineString","coordinates":[[17.64141951739727,59.85975216680372,6.880000114440918],[17.64075648354606,59.859451744195276,7.349999904632568]]},"properties":{"slope":0.94}},{"type":"Feature","geometry":{"type":"LineString","coordinates":[[17.64075648354606,59.859451744195276,7.349999904632568],[17.640349453142672,59.85926731312841,7.739999771118164]]},"properties":{"slope":1.27}},{"type":"Feature","geometry":{"type":"LineString","coordinates":[[17.640007168231655,59.86053494458744,7.679999828338623],[17.640050465201814,59.86054451187845,7.570000171661377],[17.6401232967405,59.8605132502623,7.590000152587891]]},"properties":{"slope":0.88}},{"type":"Feature","geometry":{"type":"LineString","coordinates":[[17.6401232967405,59.8605132502623,7.590000152587891],[17.640639230746693,59.86024134958934,7.239999771118164]]},"properties":{"slope":0.88}},{"type":"Feature","geometry":{"type":"LineString","coordinates":[[17.640639230746693,59.86024134958934,7.239999771118164],[17.64124401165236,59.85991128877024,6.789999961853027]]},"properties":{"slope":0.9}},{"type":"Feature","geometry":{"type":"LineString","coordinates":[[17.64124401165236,59.85991128877024,6.789999961853027],[17.641310639951637,59.85987492562978,6.809999942779541]]},"properties":{"slope":0.408}},{"type":"Feature","geometry":{"type":"LineString","coordinates":[[17.641310639951637,59.85987492562978,6.809999942779541],[17.6414322128726,59.85980112812196,6.840000152587891],[17.64141951739727,59.85975216680372,6.880000114440918]]},"properties":{"slope":0.408}},{"type":"Feature","geometry":{"type":"LineString","coordinates":[[17.63952342843311,59.86036888824802,8.710000038146973],[17.639523429822933,59.860368887558614,8.709998658769928]]},"properties":{"slope":2.727}},{"type":"Feature","geometry":{"type":"LineString","coordinates":[[17.639523429822933,59.860368887558614,8.709998658769928],[17.639593958254714,59.86033390425239,8.640000343322754],[17.640007168231655,59.86053494458744,7.679999828338623]]},"properties":{"slope":2.727}},{"type":"Feature","geometry":{"type":"LineString","coordinates":[[17.64100787135818,59.861130275003845,6.5],[17.64047968451655,59.860878901795544,6.940000057220459]]},"properties":{"slope":1.08}},{"type":"Feature","geometry":{"type":"LineString","coordinates":[[17.63986607161444,59.86189213262927,7.579999923706055],[17.63981189694746,59.86192104270684,7.670000076293945],[17.639200480941955,59.861651182876685,7.809999942779541]]},"properties":{"slope":0.46}},{"type":"Feature","geometry":{"type":"LineString","coordinates":[[17.639200480941955,59.861651182876685,7.809999942779541],[17.638769724051194,59.861461055935756,7.699999809265137]]},"properties":{"slope":0.343}},{"type":"Feature","geometry":{"type":"LineString","coordinates":[[17.638769724051194,59.861461055935756,7.699999809265137],[17.63817126239263,59.861794030799295,7.989999771118164]]},"properties":{"slope":0.58}},{"type":"Feature","geometry":{"type":"LineString","coordinates":[[17.63817126239263,59.861794030799295,7.989999771118164],[17.637899983017096,59.861958420689,8.109999656677246]]},"properties":{"slope":0.501}},{"type":"Feature","geometry":{"type":"LineString","coordinates":[[17.638910202935723,59.86265661230292,7.920000076293945],[17.638834139660776,59.86264400400208,7.920000076293945],[17.63823627079247,59.86236738063335,7.940000057220459]]},"properties":{"slope":0.04}},{"type":"Feature","geometry":{"type":"LineString","coordinates":[[17.63823627079247,59.86236738063335,7.940000057220459],[17.63769307489548,59.8621297156038,8.220000267028809]]},"properties":{"slope":0.692}},{"type":"Feature","geometry":{"type":"LineString","coordinates":[[17.63769307489548,59.8621297156038,8.220000267028809],[17.63754689538425,59.86213539985549,8.289999961853027]]},"properties":{"slope":0.88}},{"type":"Feature","geometry":{"type":"LineString","coordinates":[[17.63754689538425,59.86213539985549,8.289999961853027],[17.637050937547603,59.86241276941453,8.65999984741211]]},"properties":{"slope":0.88}},{"type":"Feature","geometry":{"type":"LineString","coordinates":[[17.637050937547603,59.86241276941453,8.65999984741211],[17.636481068642297,59.862731396476065,8.59000015258789]]},"properties":{"slope":0.147}},{"type":"Feature","geometry":{"type":"LineString","coordinates":[[17.641762359886993,59.85999218783524,6.519999980926514],[17.64159574571415,59.85999954310843,6.679999828338623]]},"properties":{"slope":0.82}},{"type":"Feature","geometry":{"type":"LineString","coordinates":[[17.64159574571415,59.85999954310843,6.679999828338623],[17.641096786475547,59.86025878657063,6.929999828338623]]},"properties":{"slope":0.82}},{"type":"Feature","geometry":{"type":"LineString","coordinates":[[17.641096786475547,59.86025878657063,6.929999828338623],[17.640423932104152,59.860552068498876,7.190000057220459]]},"properties":{"slope":0.52}},{"type":"Feature","geometry":{"type":"LineString","coordinates":[[17.640423932104152,59.860552068498876,7.190000057220459],[17.640324097019892,59.86060686963102,7.300000190734863]]},"properties":{"slope":1.24}},{"type":"Feature","geometry":{"type":"LineString","coordinates":[[17.640324097019892,59.86060686963102,7.300000190734863],[17.64030073193891,59.86065968075817,7.349999904632568]]},"properties":{"slope":1.24}},{"type":"Feature","geometry":{"type":"LineString","coordinates":[[17.64030073193891,59.86065968075817,7.349999904632568],[17.64034106440558,59.860698394497966,7.139999866485596],[17.640743054599692,59.860885258247556,6.570000171661377]]},"properties":{"slope":1.24}},{"type":"Feature","geometry":{"type":"LineString","coordinates":[[17.640743054599692,59.860885258247556,6.570000171661377],[17.641064020424988,59.86104087704898,6.594369883040892]]},"properties":{"slope":0.1}},{"type":"Feature","geometry":{"type":"LineString","coordinates":[[17.641064020424988,59.86104087704898,6.594369883040892],[17.641385234713976,59.86119694122593,6.619999885559082]]},"properties":{"slope":0.1}},{"type":"Feature","geometry":{"type":"LineString","coordinates":[[17.641385234713976,59.86119694122593,6.619999885559082],[17.641397446092284,59.861202875266116,6.620000801369191]]},"properties":{"slope":0.684}},{"type":"Feature","geometry":{"type":"LineString","coordinates":[[17.641397446092284,59.861202875266116,6.620000801369191],[17.641388206101272,59.86124654398804,6.659999847412109]]},"properties":{"slope":0.684}},{"type":"Feature","geometry":{"type":"LineString","coordinates":[[17.640582491925546,59.85657281406241,5.510000228881836],[17.640451226441016,59.85652923642074,5.420000076293945]]},"properties":{"slope":1.721}},{"type":"Feature","geometry":{"type":"LineString","coordinates":[[17.640451226441016,59.85652923642074,5.420000076293945],[17.640206120371584,59.85645315906851,5.079999923706055]]},"properties":{"slope":1.721}},{"type":"Feature","geometry":{"type":"LineString","coordinates":[[17.64033518010752,59.85634951841254,4.880000114440918],[17.641029332725658,59.85663150003998,5.650000095367432]]},"properties":{"slope":1.54}},{"type":"Feature","geometry":{"type":"LineString","coordinates":[[17.641029332725658,59.85663150003998,5.650000095367432],[17.64168642818522,59.856885674511595,5.989999771118164],[17.6417488157971,59.85689055922857,5.940000057220459]]},"properties":{"slope":0.58}},{"type":"Feature","geometry":{"type":"LineString","coordinates":[[17.6417488157971,59.85689055922857,5.940000057220459],[17.641798275784655,59.85689025353854,5.929999828338623]]},"properties":{"slope":0.48}},{"type":"Feature","geometry":{"type":"LineString","coordinates":[[17.641798275784655,59.85689025353854,5.929999828338623],[17.641880896370896,59.85687786691013,5.869999885559082]]},"properties":{"slope":0.48}},{"type":"Feature","geometry":{"type":"LineString","coordinates":[[17.641880896370896,59.85687786691013,5.869999885559082],[17.64239319882298,59.85659799869409,5.699999809265137]]},"properties":{"slope":0.48}},{"type":"Feature","geometry":{"type":"LineString","coordinates":[[17.64239319882298,59.85659799869409,5.699999809265137],[17.64284261867989,59.85635327927,5.610000133514404]]},"properties":{"slope":0.44}},{"type":"Feature","geometry":{"type":"LineString","coordinates":[[17.64284261867989,59.85635327927,5.610000133514404],[17.642888291020643,59.856325445011485,5.53000020980835],[17.64288239088418,59.85629238631705,5.5]]},"properties":{"slope":0.44}},{"type":"Feature","geometry":{"type":"LineString","coordinates":[[17.64288239088418,59.85629238631705,5.5],[17.642818537270816,59.8562625202092,5.480000019073486]]},"properties":{"slope":0.44}},{"type":"Feature","geometry":{"type":"LineString","coordinates":[[17.642818537270816,59.8562625202092,5.480000019073486],[17.642165077304277,59.85595687393235,4.949999809265137]]},"properties":{"slope":1.06}},{"type":"Feature","geometry":{"type":"LineString","coordinates":[[17.642165077304277,59.85595687393235,4.949999809265137],[17.641497461230383,59.85565917989893,4.400000095367432]]},"properties":{"slope":1.1}},{"type":"Feature","geometry":{"type":"LineString","coordinates":[[17.641497461230383,59.85565917989893,4.400000095367432],[17.641396920118012,59.855618054689934,4.300000190734863],[17.64128414219768,59.855614850256664,4.449999809265137]]},"properties":{"slope":0.363}},{"type":"Feature","geometry":{"type":"LineString","coordinates":[[17.641423779441027,59.85551520755387,4.289999961853027],[17.641451550429416,59.85555392317554,4.179999828338623],[17.642048825502087,59.85582874089734,4.789999961853027]]},"properties":{"slope":1}},{"type":"Feature","geometry":{"type":"LineString","coordinates":[[17.642048825502087,59.85582874089734,4.789999961853027],[17.642705978087925,59.85613236951505,5.289999961853027]]},"properties":{"slope":1}},{"type":"Feature","geometry":{"type":"LineString","coordinates":[[17.642705978087925,59.85613236951505,5.289999961853027],[17.642957401838704,59.85625070776167,5.559999942779541]]},"properties":{"slope":0.78}},{"type":"Feature","geometry":{"type":"LineString","coordinates":[[17.642957401838704,59.85625070776167,5.559999942779541],[17.643031870934948,59.856247163806046,5.679999828338623]]},"properties":{"slope":0.78}},{"type":"Feature","geometry":{"type":"LineString","coordinates":[[17.643031870934948,59.856247163806046,5.679999828338623],[17.64334076379018,59.856075175749446,5.679999828338623]]},"properties":{"slope":0.78}},{"type":"Feature","geometry":{"type":"LineString","coordinates":[[17.64334076379018,59.856075175749446,5.679999828338623],[17.643758497694563,59.85584861334932,5.289999961853027],[17.643795097614362,59.85578162375725,5.119999885559082]]},"properties":{"slope":1.04}},{"type":"Feature","geometry":{"type":"LineString","coordinates":[[17.643795097614362,59.85578162375725,5.119999885559082],[17.643690601527343,59.85573735663555,5.159999847412109]]},"properties":{"slope":1.04}},{"type":"Feature","geometry":{"type":"LineString","coordinates":[[17.643690601527343,59.85573735663555,5.159999847412109],[17.64293654095836,59.85549747572317,4.889999866485596]]},"properties":{"slope":0.54}},{"type":"Feature","geometry":{"type":"LineString","coordinates":[[17.64293654095836,59.85549747572317,4.889999866485596],[17.64218019679133,59.855259334430016,4.46999979019165]]},"properties":{"slope":0.84}},{"type":"Feature","geometry":{"type":"LineString","coordinates":[[17.64218019679133,59.855259334430016,4.46999979019165],[17.642085991922297,59.85522964644519,4.449999809265137]]},"properties":{"slope":0.321}},{"type":"Feature","geometry":{"type":"LineString","coordinates":[[17.64346009255477,59.856456778298075,5.840000152587891],[17.643772835054556,59.85661548336972,5.519999980926514]]},"properties":{"slope":1.342}},{"type":"Feature","geometry":{"type":"LineString","coordinates":[[17.643772835054556,59.85661548336972,5.519999980926514],[17.64370317166138,59.85665175148774,5.429999828338623]]},"properties":{"slope":1.342}},{"type":"Feature","geometry":{"type":"LineString","coordinates":[[17.643190340534506,59.85635762476947,5.75],[17.64346009255477,59.856456778298075,5.840000152587891]]},"properties":{"slope":0.475}},{"type":"Feature","geometry":{"type":"LineString","coordinates":[[17.645451045001874,59.85634099366454,4.639999866485596],[17.645470159958215,59.856312021974276,4.570000171661377],[17.645446992960316,59.85628774033029,4.5]]},"properties":{"slope":0.62}},{"type":"Feature","geometry":{"type":"LineString","coordinates":[[17.645446992960316,59.85628774033029,4.5],[17.644790038134417,59.85607960664823,4.949999809265137]]},"properties":{"slope":0.62}},{"type":"Feature","geometry":{"type":"LineString","coordinates":[[17.644790038134417,59.85607960664823,4.949999809265137],[17.644144762359474,59.85587807854637,5.170000076293945]]},"properties":{"slope":0.517}},{"type":"Feature","geometry":{"type":"LineString","coordinates":[[17.644144762359474,59.85587807854637,5.170000076293945],[17.644074819337778,59.855854443707806,5.25],[17.64400763227665,59.85587540847452,5.239999771118164]]},"properties":{"slope":0.9}},{"type":"Feature","geometry":{"type":"LineString","coordinates":[[17.64400763227665,59.85587540847452,5.239999771118164],[17.643521125386847,59.85614849224806,5.619999885559082]]},"properties":{"slope":0.9}},{"type":"Feature","geometry":{"type":"LineString","coordinates":[[17.643521125386847,59.85614849224806,5.619999885559082],[17.643202071226703,59.85632529699305,5.809999942779541]]},"properties":{"slope":0.423}},{"type":"Feature","geometry":{"type":"LineString","coordinates":[[17.643202071226703,59.85632529699305,5.809999942779541],[17.643190340534506,59.85635762476947,5.75]]},"properties":{"slope":0.423}},{"type":"Feature","geometry":{"type":"LineString","coordinates":[[17.644798445778093,59.856766582200954,5.010000228881836],[17.644724090731675,59.85673092323353,5.03000020980835],[17.644750542348525,59.856715673278345,5.090000152587891],[17.64473480271467,59.8566528757927,5.210000038146973],[17.64515510079611,59.856421199656396,4.96999979019165]]},"properties":{"slope":0.08}},{"type":"Feature","geometry":{"type":"LineString","coordinates":[[17.64515510079611,59.856421199656396,4.96999979019165],[17.645354864937673,59.85631108435057,4.650000095367432],[17.645446992960316,59.85628774033029,4.5]]},"properties":{"slope":2.099}},{"type":"Feature","geometry":{"type":"LineString","coordinates":[[17.642005530646347,59.85702241397116,6.079999923706055],[17.64199064537394,59.85700061368861,6.090000152587891],[17.642064548425086,59.856955338983795,6.130000114440918]]},"properties":{"slope":0.3}},{"type":"Feature","geometry":{"type":"LineString","coordinates":[[17.642064548425086,59.856955338983795,6.130000114440918],[17.64255549737839,59.85668607718199,5.929999828338623]]},"properties":{"slope":0.3}},{"type":"Feature","geometry":{"type":"LineString","coordinates":[[17.64255549737839,59.85668607718199,5.929999828338623],[17.64301662852931,59.85643557614376,5.75]]},"properties":{"slope":0.566}},{"type":"Feature","geometry":{"type":"LineString","coordinates":[[17.64301662852931,59.85643557614376,5.75],[17.643080847051603,59.85641643459137,5.690000057220459]]},"properties":{"slope":0.566}},{"type":"Feature","geometry":{"type":"LineString","coordinates":[[17.643080847051603,59.85641643459137,5.690000057220459],[17.643740267405107,59.85671882921641,5.650000095367432]]},"properties":{"slope":0.08}},{"type":"Feature","geometry":{"type":"LineString","coordinates":[[17.643740267405107,59.85671882921641,5.650000095367432],[17.644175152162955,59.856918252252456,5.360000133514404],[17.644207381044243,59.85690035238071,5.210000038146973]]},"properties":{"slope":1.234}},{"type":"Feature","geometry":{"type":"LineString","coordinates":[[17.643457946278676,59.85867898505292,5.78000020980835],[17.64406384249861,59.85834945560182,5.389999866485596]]},"properties":{"slope":0.78}},{"type":"Feature","geometry":{"type":"LineString","coordinates":[[17.64406384249861,59.85834945560182,5.389999866485596],[17.644339689056892,59.85819942756773,5.239999771118164]]},"properties":{"slope":0.659}},{"type":"Feature","geometry":{"type":"LineString","coordinates":[[17.644339689056892,59.85819942756773,5.239999771118164],[17.644393679720647,59.858158541701386,5.269999980926514],[17.644373843794035,59.858116505111965,5.269999980926514]]},"properties":{"slope":0.2}},{"type":"Feature","geometry":{"type":"LineString","coordinates":[[17.644373843794035,59.858116505111965,5.269999980926514],[17.643819548360362,59.85789747615921,5.139999866485596]]},"properties":{"slope":0.2}},{"type":"Feature","geometry":{"type":"LineString","coordinates":[[17.643819548360362,59.85789747615921,5.139999866485596],[17.643312022110848,59.85769817836754,5.289999961853027]]},"properties":{"slope":0.643}},{"type":"Feature","geometry":{"type":"LineString","coordinates":[[17.643312022110848,59.85769817836754,5.289999961853027],[17.64322825828333,59.85768588440618,5.340000152587891],[17.64317238284506,59.857707720773554,5.429999828338623]]},"properties":{"slope":0.643}},{"type":"Feature","geometry":{"type":"LineString","coordinates":[[17.64305118112458,59.85765504965694,5.690000057220459],[17.64307882280115,59.85763622146679,5.71999979019165],[17.643075934308577,59.85760665700155,5.730000019073486]]},"properties":{"slope":0.76}},{"type":"Feature","geometry":{"type":"LineString","coordinates":[[17.643075934308577,59.85760665700155,5.730000019073486],[17.642460224555226,59.857360873183275,6.070000171661377]]},"properties":{"slope":0.76}},{"type":"Feature","geometry":{"type":"LineString","coordinates":[[17.642460224555226,59.857360873183275,6.070000171661377],[17.641847667825353,59.85711634149846,6.21999979019165]]},"properties":{"slope":0.41}},{"type":"Feature","geometry":{"type":"LineString","coordinates":[[17.641847667825353,59.85711634149846,6.21999979019165],[17.641783889585152,59.85708628603379,6.269999980926514]]},"properties":{"slope":0.41}},{"type":"Feature","geometry":{"type":"LineString","coordinates":[[17.644716201160072,59.85825428433207,5.409999847412109],[17.644568144326232,59.85829988692459,5.380000114440918]]},"properties":{"slope":0.16}},{"type":"Feature","geometry":{"type":"LineString","coordinates":[[17.644568144326232,59.85829988692459,5.380000114440918],[17.644085270538707,59.85856288669807,5.489999771118164]]},"properties":{"slope":0.16}},{"type":"Feature","geometry":{"type":"LineString","coordinates":[[17.644085270538707,59.85856288669807,5.489999771118164],[17.643821982325036,59.85870628554603,5.710000038146973]]},"properties":{"slope":1.02}},{"type":"Feature","geometry":{"type":"LineString","coordinates":[[17.643821982325036,59.85870628554603,5.710000038146973],[17.643582783567027,59.85882061441094,5.909999847412109]]},"properties":{"slope":1.02}},{"type":"Feature","geometry":{"type":"LineString","coordinates":[[17.643582783567027,59.85882061441094,5.909999847412109],[17.643453124744408,59.858877247937194,6]]},"properties":{"slope":1.02}},{"type":"Feature","geometry":{"type":"LineString","coordinates":[[17.643453124744408,59.858877247937194,6],[17.64320766437839,59.85902098636336,6.050000190734863],[17.643314018261577,59.85907511905121,6.119999885559082]]},"properties":{"slope":0.86}},{"type":"Feature","geometry":{"type":"LineString","coordinates":[[17.643314018261577,59.85907511905121,6.119999885559082],[17.64358245085289,59.85919683043722,6.429999828338623]]},"properties":{"slope":0.86}},{"type":"Feature","geometry":{"type":"LineString","coordinates":[[17.64358245085289,59.85919683043722,6.429999828338623],[17.643645680397434,59.85920449325381,6.449999809265137],[17.64399338129181,59.85900926763605,6.340000152587891]]},"properties":{"slope":0.32}},{"type":"Feature","geometry":{"type":"LineString","coordinates":[[17.64399338129181,59.85900926763605,6.340000152587891],[17.644186828992044,59.85889480114274,6.269999980926514]]},"properties":{"slope":0.32}},{"type":"Feature","geometry":{"type":"LineString","coordinates":[[17.644186828992044,59.85889480114274,6.269999980926514],[17.644226026309482,59.85887160725363,6.269999980926514]]},"properties":{"slope":0.52}},{"type":"Feature","geometry":{"type":"LineString","coordinates":[[17.644226026309482,59.85887160725363,6.269999980926514],[17.644770382233844,59.858555239647714,6.010000228881836]]},"properties":{"slope":0.52}},{"type":"Feature","geometry":{"type":"LineString","coordinates":[[17.644770382233844,59.858555239647714,6.010000228881836],[17.644955038964888,59.85844938348561,5.940000057220459]]},"properties":{"slope":0.476}},{"type":"Feature","geometry":{"type":"LineString","coordinates":[[17.644955038964888,59.85844938348561,5.940000057220459],[17.644986251313828,59.85836651284395,5.889999866485596]]},"properties":{"slope":0.476}},{"type":"Feature","geometry":{"type":"LineString","coordinates":[[17.644543134292668,59.8580108242879,5.28000020980835],[17.644649765657036,59.85801925317006,5.25],[17.644758330993113,59.857973380423225,5.150000095367432]]},"properties":{"slope":0.5}},{"type":"Feature","geometry":{"type":"LineString","coordinates":[[17.644758330993113,59.857973380423225,5.150000095367432],[17.64517445646586,59.857731711895426,5.03000020980835]]},"properties":{"slope":0.5}},{"type":"Feature","geometry":{"type":"LineString","coordinates":[[17.64517445646586,59.857731711895426,5.03000020980835],[17.645574372343486,59.85749945272582,4.860000133514404]]},"properties":{"slope":0.52}},{"type":"Feature","geometry":{"type":"LineString","coordinates":[[17.645574372343486,59.85749945272582,4.860000133514404],[17.64576569656002,59.857395595190425,4.769999980926514]]},"properties":{"slope":0.52}},{"type":"Feature","geometry":{"type":"LineString","coordinates":[[17.64576569656002,59.857395595190425,4.769999980926514],[17.64637219807984,59.857066358695114,4.5]]},"properties":{"slope":0.54}},{"type":"Feature","geometry":{"type":"LineString","coordinates":[[17.64637219807984,59.857066358695114,4.5],[17.646804927197213,59.85683144808866,4.369999885559082]]},"properties":{"slope":0.52}},{"type":"Feature","geometry":{"type":"LineString","coordinates":[[17.646804927197213,59.85683144808866,4.369999885559082],[17.646873504375364,59.85678053163401,4.389999866485596],[17.646856201795764,59.85674097841049,4.199999809265137]]},"properties":{"slope":0.52}},{"type":"Feature","geometry":{"type":"LineString","coordinates":[[17.646856201795764,59.85674097841049,4.199999809265137],[17.64682591848285,59.856720734807055,4.239999771118164]]},"properties":{"slope":0.52}},{"type":"Feature","geometry":{"type":"LineString","coordinates":[[17.64682591848285,59.856720734807055,4.239999771118164],[17.646072482403724,59.85648104423818,4.449999809265137]]},"properties":{"slope":0.42}},{"type":"Feature","geometry":{"type":"LineString","coordinates":[[17.646072482403724,59.85648104423818,4.449999809265137],[17.645831740239515,59.85640587025794,4.489999771118164]]},"properties":{"slope":0.7}},{"type":"Feature","geometry":{"type":"LineString","coordinates":[[17.645831740239515,59.85640587025794,4.489999771118164],[17.645676166368762,59.85636925337259,4.53000020980835],[17.6455878438748,59.85640404171586,4.590000152587891]]},"properties":{"slope":0.7}},{"type":"Feature","geometry":{"type":"LineString","coordinates":[[17.6455878438748,59.85640404171586,4.590000152587891],[17.645372260966177,59.85652261419835,4.800000190734863]]},"properties":{"slope":0.7}},{"type":"Feature","geometry":{"type":"LineString","coordinates":[[17.645372260966177,59.85652261419835,4.800000190734863],[17.64486800749697,59.856799953372175,5.119999885559082],[17.644798445778093,59.856766582200954,5.010000228881836]]},"properties":{"slope":0.444}},{"type":"Feature","geometry":{"type":"LineString","coordinates":[[17.644543134292668,59.8580108242879,5.28000020980835],[17.64383384656535,59.857739374275916,5.079999923706055]]},"properties":{"slope":0.4}},{"type":"Feature","geometry":{"type":"LineString","coordinates":[[17.64383384656535,59.857739374275916,5.079999923706055],[17.643471370521212,59.85759943681271,5.099999904632568]]},"properties":{"slope":0.167}},{"type":"Feature","geometry":{"type":"LineString","coordinates":[[17.643471370521212,59.85759943681271,5.099999904632568],[17.64344340153768,59.85756582204215,5.130000114440918]]},"properties":{"slope":0.167}},{"type":"Feature","geometry":{"type":"LineString","coordinates":[[17.649486027180725,59.85534348216911,3.990000009536743],[17.648830605295903,59.85503891140064,3.880000114440918]]},"properties":{"slope":0.22}},{"type":"Feature","geometry":{"type":"LineString","coordinates":[[17.648830605295903,59.85503891140064,3.880000114440918],[17.6483913305901,59.85483477798621,3.950000047683716]]},"properties":{"slope":0.209}},{"type":"Feature","geometry":{"type":"LineString","coordinates":[[17.645955216769618,59.8563158839216,4.269999980926514],[17.646712704523043,59.85655312242086,4.179999828338623]]},"properties":{"slope":0.18}},{"type":"Feature","geometry":{"type":"LineString","coordinates":[[17.646712704523043,59.85655312242086,4.179999828338623],[17.646992877437537,59.85664086813736,4.139999866485596]]},"properties":{"slope":0.7}},{"type":"Feature","geometry":{"type":"LineString","coordinates":[[17.646992877437537,59.85664086813736,4.139999866485596],[17.647089196516866,59.85664745378624,4.190000057220459],[17.647197134539667,59.85660457519712,4.269999980926514]]},"properties":{"slope":0.7}},{"type":"Feature","geometry":{"type":"LineString","coordinates":[[17.647197134539667,59.85660457519712,4.269999980926514],[17.6474154067111,59.85648486625449,4.53000020980835]]},"properties":{"slope":0.7}},{"type":"Feature","geometry":{"type":"LineString","coordinates":[[17.6474154067111,59.85648486625449,4.53000020980835],[17.648018542510282,59.85615407683443,4.610000133514404]]},"properties":{"slope":0.16}},{"type":"Feature","geometry":{"type":"LineString","coordinates":[[17.648018542510282,59.85615407683443,4.610000133514404],[17.648621413021,59.85582316851367,4.440000057220459]]},"properties":{"slope":0.34}},{"type":"Feature","geometry":{"type":"LineString","coordinates":[[17.648621413021,59.85582316851367,4.440000057220459],[17.64922075874291,59.855490646120444,4.21999979019165]]},"properties":{"slope":0.44}},{"type":"Feature","geometry":{"type":"LineString","coordinates":[[17.64922075874291,59.855490646120444,4.21999979019165],[17.649421031368753,59.85537953099624,4.010000228881836]]},"properties":{"slope":1.039}},{"type":"Feature","geometry":{"type":"LineString","coordinates":[[17.649421031368753,59.85537953099624,4.010000228881836],[17.649486027180725,59.85534348216911,3.990000009536743]]},"properties":{"slope":1.039}},{"type":"Feature","geometry":{"type":"LineString","coordinates":[[17.6483913305901,59.85483477798621,3.950000047683716],[17.64778953702506,59.85516617445766,3.869999885559082]]},"properties":{"slope":0.16}},{"type":"Feature","geometry":{"type":"LineString","coordinates":[[17.64778953702506,59.85516617445766,3.869999885559082],[17.647517973297294,59.85531571649269,4.099999904632568]]},"properties":{"slope":0.86}},{"type":"Feature","geometry":{"type":"LineString","coordinates":[[17.647517973297294,59.85531571649269,4.099999904632568],[17.647189854494982,59.85549853810666,4.300000190734863]]},"properties":{"slope":0.86}},{"type":"Feature","geometry":{"type":"LineString","coordinates":[[17.647189854494982,59.85549853810666,4.300000190734863],[17.64684865379958,59.85568864573321,4.369999885559082]]},"properties":{"slope":0.08}},{"type":"Feature","geometry":{"type":"LineString","coordinates":[[17.64684865379958,59.85568864573321,4.369999885559082],[17.646591920543372,59.85583170333124,4.340000152587891]]},"properties":{"slope":0.08}},{"type":"Feature","geometry":{"type":"LineString","coordinates":[[17.646591920543372,59.85583170333124,4.340000152587891],[17.64650312027981,59.8558811878981,4.340000152587891]]},"properties":{"slope":0.02}},{"type":"Feature","geometry":{"type":"LineString","coordinates":[[17.64650312027981,59.8558811878981,4.340000152587891],[17.645997049474538,59.85616624780331,4.329999923706055]]},"properties":{"slope":0.02}},{"type":"Feature","geometry":{"type":"LineString","coordinates":[[17.645997049474538,59.85616624780331,4.329999923706055],[17.645925123760932,59.856207178257236,4.300000190734863]]},"properties":{"slope":0.493}},{"type":"Feature","geometry":{"type":"LineString","coordinates":[[17.645925123760932,59.856207178257236,4.300000190734863],[17.64588751391586,59.85626772180554,4.230000019073486],[17.645955216769618,59.8563158839216,4.269999980926514]]},"properties":{"slope":0.214}},{"type":"Feature","geometry":{"type":"LineString","coordinates":[[17.64849536194862,59.85477755814884,3.950000047683716],[17.64915191856997,59.85508150706769,4.150000095367432]]},"properties":{"slope":0.4}},{"type":"Feature","geometry":{"type":"LineString","coordinates":[[17.64915191856997,59.85508150706769,4.150000095367432],[17.64959216714851,59.85528531249604,4.179999828338623]]},"properties":{"slope":0.089}},{"type":"Feature","geometry":{"type":"LineString","coordinates":[[17.64959216714851,59.85528531249604,4.179999828338623],[17.650078837770344,59.855018619060615,5.039999961853027],[17.650160778908763,59.854942505828944,5.110000133514404]]},"properties":{"slope":1.86}},{"type":"Feature","geometry":{"type":"LineString","coordinates":[[17.650160778908763,59.854942505828944,5.110000133514404],[17.650285223679926,59.85481311560133,5.079999923706055],[17.650636311634052,59.854617781577986,4.889999866485596]]},"properties":{"slope":0.485}},{"type":"Feature","geometry":{"type":"LineString","coordinates":[[17.649691728457164,59.85412027667276,4.710000038146973],[17.64908918043658,59.8544513199696,4.389999866485596]]},"properties":{"slope":0.64}},{"type":"Feature","geometry":{"type":"LineString","coordinates":[[17.64908918043658,59.8544513199696,4.389999866485596],[17.64849536194862,59.85477755814884,3.950000047683716]]},"properties":{"slope":0.893}},{"type":"Feature","geometry":{"type":"LineString","coordinates":[[17.64956407181478,59.85405802674995,4.710000038146973],[17.64952260544945,59.85403580588333,4.820000171661377]]},"properties":{"slope":0.02}},{"type":"Feature","geometry":{"type":"LineString","coordinates":[[17.64952260544945,59.85403580588333,4.820000171661377],[17.64893366839765,59.85374290572441,4.71999979019165]]},"properties":{"slope":0.02}},{"type":"Feature","geometry":{"type":"LineString","coordinates":[[17.64893366839765,59.85374290572441,4.71999979019165],[17.648271133478367,59.85344227286359,4.789999961853027]]},"properties":{"slope":0.14}},{"type":"Feature","geometry":{"type":"LineString","coordinates":[[17.648271133478367,59.85344227286359,4.789999961853027],[17.647971753121112,59.85330660263282,4.730000019073486]]},"properties":{"slope":0.633}},{"type":"Feature","geometry":{"type":"LineString","coordinates":[[17.647971753121112,59.85330660263282,4.730000019073486],[17.647831021651186,59.85324282967382,4.579999923706055]]},"properties":{"slope":0.633}},{"type":"Feature","geometry":{"type":"LineString","coordinates":[[17.64956407181478,59.85405802674995,4.710000038146973],[17.648963846878406,59.854390135821156,4.300000190734863]]},"properties":{"slope":0.82}},{"type":"Feature","geometry":{"type":"LineString","coordinates":[[17.648963846878406,59.854390135821156,4.300000190734863],[17.648569971903356,59.854608064827545,3.880000114440918]]},"properties":{"slope":1.28}},{"type":"Feature","geometry":{"type":"LineString","coordinates":[[17.646584148563925,59.85562380567377,4.260000228881836],[17.64592926614224,59.855318938029455,4.610000133514404]]},"properties":{"slope":0.7}},{"type":"Feature","geometry":{"type":"LineString","coordinates":[[17.64592926614224,59.855318938029455,4.610000133514404],[17.645455322377575,59.855098297254116,4.789999961853027]]},"properties":{"slope":0.497}},{"type":"Feature","geometry":{"type":"LineString","coordinates":[[17.645455322377575,59.855098297254116,4.789999961853027],[17.645447172833446,59.85505120780765,4.849999904632568]]},"properties":{"slope":0.08}},{"type":"Feature","geometry":{"type":"LineString","coordinates":[[17.645447172833446,59.85505120780765,4.849999904632568],[17.645979440070402,59.85475465279382,4.75]]},"properties":{"slope":0.08}},{"type":"Feature","geometry":{"type":"LineString","coordinates":[[17.645979440070402,59.85475465279382,4.75],[17.64656274593934,59.85443415315996,4.46999979019165]]},"properties":{"slope":0.52}},{"type":"Feature","geometry":{"type":"LineString","coordinates":[[17.64656274593934,59.85443415315996,4.46999979019165],[17.646581963154876,59.854423595113204,4.489999771118164]]},"properties":{"slope":0.52}},{"type":"Feature","geometry":{"type":"LineString","coordinates":[[17.646581963154876,59.854423595113204,4.489999771118164],[17.646607451087927,59.85440959188431,4.340000152587891]]},"properties":{"slope":7.091}},{"type":"Feature","geometry":{"type":"LineString","coordinates":[[17.648569971903356,59.854608064827545,3.880000114440918],[17.64831415946762,59.854749961467,3.990000009536743]]},"properties":{"slope":0.28}},{"type":"Feature","geometry":{"type":"LineString","coordinates":[[17.64831415946762,59.854749961467,3.990000009536743],[17.64814305502347,59.8548449913965,3.980000019073486]]},"properties":{"slope":0.28}},{"type":"Feature","geometry":{"type":"LineString","coordinates":[[17.64814305502347,59.8548449913965,3.980000019073486],[17.64797080214323,59.85494066019798,3.740000009536743]]},"properties":{"slope":0.28}},{"type":"Feature","geometry":{"type":"LineString","coordinates":[[17.64797080214323,59.85494066019798,3.740000009536743],[17.647398331990527,59.85525832836314,4.21999979019165]]},"properties":{"slope":1.12}},{"type":"Feature","geometry":{"type":"LineString","coordinates":[[17.647398331990527,59.85525832836314,4.21999979019165],[17.64737144446978,59.85527317241086,4.300000190734863]]},"properties":{"slope":1.12}},{"type":"Feature","geometry":{"type":"LineString","coordinates":[[17.64737144446978,59.85527317241086,4.300000190734863],[17.646770474629285,59.85560495066416,4.369999885559082]]},"properties":{"slope":0.14}},{"type":"Feature","geometry":{"type":"LineString","coordinates":[[17.646770474629285,59.85560495066416,4.369999885559082],[17.646724132839303,59.85563053425511,4.329999923706055]]},"properties":{"slope":0.845}},{"type":"Feature","geometry":{"type":"LineString","coordinates":[[17.646724132839303,59.85563053425511,4.329999923706055],[17.64666945864871,59.855646544875455,4.28000020980835],[17.646584148563925,59.85562380567377,4.260000228881836]]},"properties":{"slope":0.845}},{"type":"Feature","geometry":{"type":"LineString","coordinates":[[17.644297485934988,59.85576349417867,5.159999847412109],[17.645044910773358,59.85600763317635,4.880000114440918]]},"properties":{"slope":0.56}},{"type":"Feature","geometry":{"type":"LineString","coordinates":[[17.645044910773358,59.85600763317635,4.880000114440918],[17.645184866116075,59.85607460152296,4.599999904632568],[17.64559210160661,59.856203622367104,4.21999979019165]]},"properties":{"slope":1.16}},{"type":"Feature","geometry":{"type":"LineString","coordinates":[[17.64559210160661,59.856203622367104,4.21999979019165],[17.645660988709114,59.856214450746144,4.21999979019165],[17.645755888805823,59.85616399727018,4.300000190734863]]},"properties":{"slope":1.16}},{"type":"Feature","geometry":{"type":"LineString","coordinates":[[17.645755888805823,59.85616399727018,4.300000190734863],[17.645789697122993,59.85614602308249,4.320000171661377]]},"properties":{"slope":0.2}},{"type":"Feature","geometry":{"type":"LineString","coordinates":[[17.645789697122993,59.85614602308249,4.320000171661377],[17.64635891709281,59.85583316507309,4.400000095367432]]},"properties":{"slope":0.2}},{"type":"Feature","geometry":{"type":"LineString","coordinates":[[17.64635891709281,59.85583316507309,4.400000095367432],[17.64637792351957,59.85582271850693,4.329999923706055]]},"properties":{"slope":0.419}},{"type":"Feature","geometry":{"type":"LineString","coordinates":[[17.64637792351957,59.85582271850693,4.329999923706055],[17.64652335286813,59.855738821420076,4.25],[17.64652643411237,59.85571050029867,4.25],[17.646478066303633,59.85568155767168,4.309999942779541]]},"properties":{"slope":0.419}},{"type":"Feature","geometry":{"type":"LineString","coordinates":[[17.646478066303633,59.85568155767168,4.309999942779541],[17.64582088078459,59.855377946057374,4.409999847412109]]},"properties":{"slope":0.2}},{"type":"Feature","geometry":{"type":"LineString","coordinates":[[17.64582088078459,59.855377946057374,4.409999847412109],[17.645345118285228,59.855158144087795,4.909999847412109]]},"properties":{"slope":1.381}},{"type":"Feature","geometry":{"type":"LineString","coordinates":[[17.645345118285228,59.855158144087795,4.909999847412109],[17.645264187479867,59.855152825436896,4.989999771118164]]},"properties":{"slope":0.56}},{"type":"Feature","geometry":{"type":"LineString","coordinates":[[17.645264187479867,59.855152825436896,4.989999771118164],[17.64471765058215,59.85545081303399,5.190000057220459]]},"properties":{"slope":0.56}},{"type":"Feature","geometry":{"type":"LineString","coordinates":[[17.64471765058215,59.85545081303399,5.190000057220459],[17.644264146065016,59.85571225682283,5.269999980926514]]},"properties":{"slope":0.067}},{"type":"Feature","geometry":{"type":"LineString","coordinates":[[17.644264146065016,59.85571225682283,5.269999980926514],[17.644297485934988,59.85576349417867,5.159999847412109]]},"properties":{"slope":0.067}},{"type":"Feature","geometry":{"type":"LineString","coordinates":[[17.646528466900055,59.854247007117536,4.289999961853027],[17.645874290647182,59.85394177067325,4.690000057220459]]},"properties":{"slope":0.8}},{"type":"Feature","geometry":{"type":"LineString","coordinates":[[17.645874290647182,59.85394177067325,4.690000057220459],[17.645220126370017,59.853636530884074,4.46999979019165]]},"properties":{"slope":0.44}},{"type":"Feature","geometry":{"type":"LineString","coordinates":[[17.645220126370017,59.853636530884074,4.46999979019165],[17.644792163095236,59.853442671727095,4.119999885559082]]},"properties":{"slope":0.34}},{"type":"Feature","geometry":{"type":"LineString","coordinates":[[17.644792163095236,59.853442671727095,4.119999885559082],[17.644691910461564,59.853458355459324,4.239999771118164]]},"properties":{"slope":0.34}},{"type":"Feature","geometry":{"type":"LineString","coordinates":[[17.644691910461564,59.853458355459324,4.239999771118164],[17.644571952970008,59.85353947986824,4.300000190734863]]},"properties":{"slope":0.34}},{"type":"Feature","geometry":{"type":"LineString","coordinates":[[17.644571952970008,59.85353947986824,4.300000190734863],[17.644039415670292,59.85389961619063,3.880000114440918]]},"properties":{"slope":0.84}},{"type":"Feature","geometry":{"type":"LineString","coordinates":[[17.644039415670292,59.85389961619063,3.880000114440918],[17.64359670272193,59.85419899995329,4.050000190734863],[17.643603187262823,59.85424135477499,3.980000019073486]]},"properties":{"slope":0.44}},{"type":"Feature","geometry":{"type":"LineString","coordinates":[[17.643603187262823,59.85424135477499,3.980000019073486],[17.643647105896203,59.85426228352097,4.099999904632568]]},"properties":{"slope":0.44}},{"type":"Feature","geometry":{"type":"LineString","coordinates":[[17.643647105896203,59.85426228352097,4.099999904632568],[17.64430180659954,59.854567223928896,4.369999885559082]]},"properties":{"slope":0.54}},{"type":"Feature","geometry":{"type":"LineString","coordinates":[[17.64430180659954,59.854567223928896,4.369999885559082],[17.644958953801044,59.85487084800907,4.579999923706055]]},"properties":{"slope":0.42}},{"type":"Feature","geometry":{"type":"LineString","coordinates":[[17.644958953801044,59.85487084800907,4.579999923706055],[17.645221516512006,59.854992158311724,4.739999771118164]]},"properties":{"slope":0.64}},{"type":"Feature","geometry":{"type":"LineString","coordinates":[[17.645221516512006,59.854992158311724,4.739999771118164],[17.64532614335253,59.85499186854093,4.739999771118164]]},"properties":{"slope":0.64}},{"type":"Feature","geometry":{"type":"LineString","coordinates":[[17.64532614335253,59.85499186854093,4.739999771118164],[17.645608510885868,59.85483542449264,4.900000095367432]]},"properties":{"slope":0.64}},{"type":"Feature","geometry":{"type":"LineString","coordinates":[[17.645608510885868,59.85483542449264,4.900000095367432],[17.646208295955383,59.85450311032042,4.659999847412109]]},"properties":{"slope":0.48}},{"type":"Feature","geometry":{"type":"LineString","coordinates":[[17.646208295955383,59.85450311032042,4.659999847412109],[17.646437492194757,59.85437612044753,4.460000038146973]]},"properties":{"slope":0.989}},{"type":"Feature","geometry":{"type":"LineString","coordinates":[[17.646437492194757,59.85437612044753,4.460000038146973],[17.64657278221467,59.85429930093207,4.349999904632568],[17.646575384735414,59.85427503665013,4.329999923706055],[17.646528466900055,59.854247007117536,4.289999961853027]]},"properties":{"slope":0.989}},{"type":"Feature","geometry":{"type":"LineString","coordinates":[[17.638521527534902,59.85754584250851,4.989999771118164],[17.63858009754869,59.85756688467689,5.099991915085305]]},"properties":{"slope":3.42}},{"type":"Feature","geometry":{"type":"LineString","coordinates":[[17.63858009754869,59.85756688467689,5.099991915085305],[17.63866750318006,59.857598287247846,5.210000038146973]]},"properties":{"slope":3.42}},{"type":"Feature","geometry":{"type":"LineString","coordinates":[[17.63866750318006,59.857598287247846,5.210000038146973],[17.639246234649562,59.85780773238459,6.699999809265137]]},"properties":{"slope":3.42}},{"type":"Feature","geometry":{"type":"LineString","coordinates":[[17.639246234649562,59.85780773238459,6.699999809265137],[17.639246234649562,59.85780773238459,6.699999809265137]]},"properties":{"slope":3.42}},{"type":"Feature","geometry":{"type":"LineString","coordinates":[[17.639246234649562,59.85780773238459,6.699999809265137],[17.63989374113774,59.858042061271604,7.849999904632568]]},"properties":{"slope":2.82}},{"type":"Feature","geometry":{"type":"LineString","coordinates":[[17.63989374113774,59.858042061271604,7.849999904632568],[17.63996399789161,59.85807398054717,8.109999656677246]]},"properties":{"slope":2.82}},{"type":"Feature","geometry":{"type":"LineString","coordinates":[[17.63996399789161,59.85807398054717,8.109999656677246],[17.640626222109077,59.858374839499014,7.699999809265137]]},"properties":{"slope":0.82}},{"type":"Feature","geometry":{"type":"LineString","coordinates":[[17.640626222109077,59.858374839499014,7.699999809265137],[17.64128845827363,59.858675695026406,6.760000228881836]]},"properties":{"slope":1.88}},{"type":"Feature","geometry":{"type":"LineString","coordinates":[[17.64128845827363,59.858675695026406,6.760000228881836],[17.641317246329862,59.85868877331079,6.78000020980835]]},"properties":{"slope":0.58}},{"type":"Feature","geometry":{"type":"LineString","coordinates":[[17.641317246329862,59.85868877331079,6.78000020980835],[17.641940544699004,59.85898208109639,6.46999979019165]]},"properties":{"slope":0.58}},{"type":"Feature","geometry":{"type":"LineString","coordinates":[[17.641940544699004,59.85898208109639,6.46999979019165],[17.64251322172937,59.859197017894495,6.170000076293945]]},"properties":{"slope":0.733}},{"type":"Feature","geometry":{"type":"LineString","coordinates":[[17.64257674875079,59.85916429991146,6.150000095367432],[17.642652864339848,59.859122385320426,6.099999904632568]]},"properties":{"slope":0.06}},{"type":"Feature","geometry":{"type":"LineString","coordinates":[[17.642652864339848,59.859122385320426,6.099999904632568],[17.643178538524538,59.85883286804786,6.119999885559082]]},"properties":{"slope":0.06}},{"type":"Feature","geometry":{"type":"LineString","coordinates":[[17.643178538524538,59.85883286804786,6.119999885559082],[17.643359156958613,59.85873339005085,5.889999866485596]]},"properties":{"slope":1.532}},{"type":"Feature","geometry":{"type":"LineString","coordinates":[[17.643821982325036,59.85870628554603,5.710000038146973],[17.644226026309482,59.85887160725363,6.269999980926514]]},"properties":{"slope":1.919}},{"type":"Feature","geometry":{"type":"LineString","coordinates":[[17.64312540133818,59.85918922355908,6.159999847412109],[17.643080331037442,59.85920307679814,6.059999942779541]]},"properties":{"slope":0.14}},{"type":"Feature","geometry":{"type":"LineString","coordinates":[[17.643080331037442,59.85920307679814,6.059999942779541],[17.642955535698317,59.8592533283014,6.239999771118164]]},"properties":{"slope":0.14}},{"type":"Feature","geometry":{"type":"LineString","coordinates":[[17.642955535698317,59.8592533283014,6.239999771118164],[17.642508678145628,59.85950954404441,6.230000019073486]]},"properties":{"slope":0.14}},{"type":"Feature","geometry":{"type":"LineString","coordinates":[[17.642508678145628,59.85950954404441,6.230000019073486],[17.642286382425883,59.85963700023598,6.329999923706055]]},"properties":{"slope":0.529}},{"type":"Feature","geometry":{"type":"LineString","coordinates":[[17.644987614321956,59.85805299387718,5.28000020980835],[17.64483111982803,59.85813497001111,5.260000228881836],[17.644814768155264,59.85816218008732,5.389999866485596],[17.644837030901876,59.858188207401554,5.429999828338623]]},"properties":{"slope":0.786}},{"type":"Feature","geometry":{"type":"LineString","coordinates":[[17.64615990987236,59.85773992339886,5.519999980926514],[17.646219637643476,59.85770508859449,5.46999979019165]]},"properties":{"slope":0.14}},{"type":"Feature","geometry":{"type":"LineString","coordinates":[[17.646219637643476,59.85770508859449,5.46999979019165],[17.64674251393991,59.85739994064331,5.449999809265137]]},"properties":{"slope":0.14}},{"type":"Feature","geometry":{"type":"LineString","coordinates":[[17.64674251393991,59.85739994064331,5.449999809265137],[17.647228839156334,59.85711581467798,5.369999885559082]]},"properties":{"slope":0.192}},{"type":"Feature","geometry":{"type":"LineString","coordinates":[[17.644837030901876,59.858188207401554,5.429999828338623],[17.64511211738719,59.85829457413143,5.889999866485596]]},"properties":{"slope":1.303}},{"type":"Feature","geometry":{"type":"LineString","coordinates":[[17.64511211738719,59.85829457413143,5.889999866485596],[17.64521565079577,59.85829841801897,5.940000057220459],[17.64538823671687,59.85819411172617,5.960000038146973]]},"properties":{"slope":1.303}},{"type":"Feature","geometry":{"type":"LineString","coordinates":[[17.64538823671687,59.85819411172617,5.960000038146973],[17.64545331489397,59.858154394473,5.920000076293945]]},"properties":{"slope":0.64}},{"type":"Feature","geometry":{"type":"LineString","coordinates":[[17.64545331489397,59.858154394473,5.920000076293945],[17.64596757011838,59.857852742898466,5.639999866485596]]},"properties":{"slope":0.64}},{"type":"Feature","geometry":{"type":"LineString","coordinates":[[17.64596757011838,59.857852742898466,5.639999866485596],[17.64601367363026,59.85782569916134,5.570000171661377]]},"properties":{"slope":0.725}},{"type":"Feature","geometry":{"type":"LineString","coordinates":[[17.64601367363026,59.85782569916134,5.570000171661377],[17.64611452180065,59.85776653963213,5.559999942779541]]},"properties":{"slope":0.725}},{"type":"Feature","geometry":{"type":"LineString","coordinates":[[17.64611452180065,59.85776653963213,5.559999942779541],[17.64615990987236,59.85773992339886,5.519999980926514]]},"properties":{"slope":0.725}},{"type":"Feature","geometry":{"type":"LineString","coordinates":[[17.647084408956708,59.85693250441617,4.440000057220459],[17.647036253127045,59.85693577843812,4.409999847412109]]},"properties":{"slope":0.52}},{"type":"Feature","geometry":{"type":"LineString","coordinates":[[17.647036253127045,59.85693577843812,4.409999847412109],[17.646465741130033,59.8572483289125,4.699999809265137]]},"properties":{"slope":0.52}},{"type":"Feature","geometry":{"type":"LineString","coordinates":[[17.646465741130033,59.8572483289125,4.699999809265137],[17.645892673058402,59.85756227138452,4.960000038146973]]},"properties":{"slope":0.548}},{"type":"Feature","geometry":{"type":"LineString","coordinates":[[17.645892673058402,59.85756227138452,4.960000038146973],[17.645812132174694,59.85760715350795,5.039999961853027]]},"properties":{"slope":0.44}},{"type":"Feature","geometry":{"type":"LineString","coordinates":[[17.645812132174694,59.85760715350795,5.039999961853027],[17.645686465253764,59.85767716883888,5.070000171661377]]},"properties":{"slope":0.44}},{"type":"Feature","geometry":{"type":"LineString","coordinates":[[17.645686465253764,59.85767716883888,5.070000171661377],[17.645294725316514,59.85789544723552,5.179999828338623]]},"properties":{"slope":0.44}},{"type":"Feature","geometry":{"type":"LineString","coordinates":[[17.645294725316514,59.85789544723552,5.179999828338623],[17.644987614321956,59.85805299387718,5.28000020980835]]},"properties":{"slope":0.406}},{"type":"Feature","geometry":{"type":"LineString","coordinates":[[17.650455438722663,59.85590206816366,5.699999809265137],[17.65049917887638,59.855847702565654,5.639999866485596],[17.65046968092628,59.85580338449456,5.440000057220459],[17.650407049942324,59.85579452406846,5.360000133514404],[17.64998219229667,59.85557687419156,4.809999942779541]]},"properties":{"slope":1.78}},{"type":"Feature","geometry":{"type":"LineString","coordinates":[[17.64998219229667,59.85557687419156,4.809999942779541],[17.649735223411284,59.855460931650285,4.210000038146973]]},"properties":{"slope":3.169}},{"type":"Feature","geometry":{"type":"LineString","coordinates":[[17.64811029312167,59.85633332278899,4.599999904632568],[17.64876830723533,59.856636489943774,5.559999942779541]]},"properties":{"slope":1.92}},{"type":"Feature","geometry":{"type":"LineString","coordinates":[[17.64876830723533,59.856636489943774,5.559999942779541],[17.64902043595788,59.85675265097272,5.880000114440918]]},"properties":{"slope":1.24}},{"type":"Feature","geometry":{"type":"LineString","coordinates":[[17.64902043595788,59.85675265097272,5.880000114440918],[17.649140570357062,59.856744322861175,6.190000057220459],[17.64942415345782,59.85658834690291,6.179999828338623]]},"properties":{"slope":1.24}},{"type":"Feature","geometry":{"type":"LineString","coordinates":[[17.64942415345782,59.85658834690291,6.179999828338623],[17.649612391432637,59.8564778947172,6.28000020980835],[17.64990057527502,59.85621248851891,5.760000228881836]]},"properties":{"slope":0.84}},{"type":"Feature","geometry":{"type":"LineString","coordinates":[[17.64990057527502,59.85621248851891,5.760000228881836],[17.650455438722663,59.85590206816366,5.699999809265137]]},"properties":{"slope":0.129}},{"type":"Feature","geometry":{"type":"LineString","coordinates":[[17.644928931455173,59.85335940716623,4.110000133514404],[17.6455812553805,59.85366559134317,4.460000038146973]]},"properties":{"slope":0.7}},{"type":"Feature","geometry":{"type":"LineString","coordinates":[[17.6455812553805,59.85366559134317,4.460000038146973],[17.645657502079306,59.853701190260296,4.449999809265137]]},"properties":{"slope":0.172}},{"type":"Feature","geometry":{"type":"LineString","coordinates":[[17.644987614321956,59.85805299387718,5.28000020980835],[17.64538823671687,59.85819411172617,5.960000038146973]]},"properties":{"slope":2.481}},{"type":"Feature","geometry":{"type":"LineString","coordinates":[[17.642209673114557,59.85513808923193,4.309999942779541],[17.642964041393324,59.85537780907416,4.789999961853027]]},"properties":{"slope":0.96}},{"type":"Feature","geometry":{"type":"LineString","coordinates":[[17.642964041393324,59.85537780907416,4.789999961853027],[17.643718420459933,59.855617524512105,4.949999809265137]]},"properties":{"slope":0.32}},{"type":"Feature","geometry":{"type":"LineString","coordinates":[[17.643718420459933,59.855617524512105,4.949999809265137],[17.64394859714837,59.855690665101044,5.039999961853027]]},"properties":{"slope":0.48}},{"type":"Feature","geometry":{"type":"LineString","coordinates":[[17.64394859714837,59.855690665101044,5.039999961853027],[17.643997364826316,59.85569766568123,5.050000190734863],[17.644113522665698,59.85564743659295,5.059999942779541]]},"properties":{"slope":0.48}},{"type":"Feature","geometry":{"type":"LineString","coordinates":[[17.644113522665698,59.85564743659295,5.059999942779541],[17.644395045213606,59.85549448212475,5.190000057220459]]},"properties":{"slope":0.48}},{"type":"Feature","geometry":{"type":"LineString","coordinates":[[17.644395045213606,59.85549448212475,5.190000057220459],[17.645001089729238,59.855165048762366,4.980000019073486]]},"properties":{"slope":0.42}},{"type":"Feature","geometry":{"type":"LineString","coordinates":[[17.645001089729238,59.855165048762366,4.980000019073486],[17.645135242995035,59.8550918248931,4.809999942779541]]},"properties":{"slope":1.226}},{"type":"Feature","geometry":{"type":"LineString","coordinates":[[17.645135242995035,59.8550918248931,4.809999942779541],[17.645175581630404,59.85505585978303,4.75],[17.64514162363654,59.85503586359964,4.75]]},"properties":{"slope":1.226}},{"type":"Feature","geometry":{"type":"LineString","coordinates":[[17.64351233587029,59.85429255275208,4.059999942779541],[17.64344318609782,59.85430434874015,3.960000038146973]]},"properties":{"slope":0.26}},{"type":"Feature","geometry":{"type":"LineString","coordinates":[[17.64344318609782,59.85430434874015,3.960000038146973],[17.64295657172208,59.85463326651946,4.190000057220459]]},"properties":{"slope":0.26}},{"type":"Feature","geometry":{"type":"LineString","coordinates":[[17.64295657172208,59.85463326651946,4.190000057220459],[17.642423849788308,59.85499334040781,4.25]]},"properties":{"slope":0.12}},{"type":"Feature","geometry":{"type":"LineString","coordinates":[[17.642423849788308,59.85499334040781,4.25],[17.642209673114557,59.85513808923193,4.309999942779541]]},"properties":{"slope":0.089}},{"type":"Feature","geometry":{"type":"LineString","coordinates":[[17.642209673114557,59.85513808923193,4.309999942779541],[17.64218615233179,59.855155199951774,4.269999980926514]]},"properties":{"slope":0.089}},{"type":"Feature","geometry":{"type":"LineString","coordinates":[[17.64514162363654,59.85503586359964,4.75],[17.644488003525513,59.85473031726886,4.480000019073486]]},"properties":{"slope":0.54}},{"type":"Feature","geometry":{"type":"LineString","coordinates":[[17.644488003525513,59.85473031726886,4.480000019073486],[17.643832265337682,59.85442595909579,4.21999979019165]]},"properties":{"slope":0.52}},{"type":"Feature","geometry":{"type":"LineString","coordinates":[[17.643832265337682,59.85442595909579,4.21999979019165],[17.64351233587029,59.85429255275208,4.059999942779541]]},"properties":{"slope":0.686}},{"type":"Feature","geometry":{"type":"LineString","coordinates":[[17.648003994829324,59.856393542959694,4.699999809265137],[17.647933976103662,59.85639597233414,4.739999771118164],[17.647393046753486,59.856696390523894,4.329999923706055]]},"properties":{"slope":0.96}},{"type":"Feature","geometry":{"type":"LineString","coordinates":[[17.647393046753486,59.856696390523894,4.329999923706055],[17.64738529122539,59.85670069118514,4.21999979019165]]},"properties":{"slope":0.96}},{"type":"Feature","geometry":{"type":"LineString","coordinates":[[17.64738529122539,59.85670069118514,4.21999979019165],[17.647321899036523,59.85675312643333,4.300000190734863],[17.647393300486137,59.856810728353956,4.53000020980835]]},"properties":{"slope":3}},{"type":"Feature","geometry":{"type":"LineString","coordinates":[[17.647393300486137,59.856810728353956,4.53000020980835],[17.64781478279368,59.857043962897464,5.71999979019165]]},"properties":{"slope":3}},{"type":"Feature","geometry":{"type":"LineString","coordinates":[[17.64781478279368,59.857043962897464,5.71999979019165],[17.647829233385064,59.85705195930002,5.75]]},"properties":{"slope":0.718}},{"type":"Feature","geometry":{"type":"LineString","coordinates":[[17.647829233385064,59.85705195930002,5.75],[17.64797473485455,59.85713247492774,5.980000019073486],[17.647977360713394,59.85716824751393,5.949999809265137],[17.648137783351334,59.85724520787981,6.099999904632568]]},"properties":{"slope":0.718}},{"type":"Feature","geometry":{"type":"LineString","coordinates":[[17.648137783351334,59.85724520787981,6.099999904632568],[17.64826261100921,59.857219462346166,5.989999771118164]]},"properties":{"slope":0.718}},{"type":"Feature","geometry":{"type":"LineString","coordinates":[[17.64826261100921,59.857219462346166,5.989999771118164],[17.64886965949425,59.8568904828047,6.260000228881836]]},"properties":{"slope":0.54}},{"type":"Feature","geometry":{"type":"LineString","coordinates":[[17.64886965949425,59.8568904828047,6.260000228881836],[17.648953265993274,59.856838002348006,6.210000038146973],[17.64890899446936,59.8568139175982,6.119999885559082]]},"properties":{"slope":1.78}},{"type":"Feature","geometry":{"type":"LineString","coordinates":[[17.64890899446936,59.8568139175982,6.119999885559082],[17.648400698407368,59.85657781487504,5.369999885559082]]},"properties":{"slope":1.78}},{"type":"Feature","geometry":{"type":"LineString","coordinates":[[17.648400698407368,59.85657781487504,5.369999885559082],[17.648003994829324,59.856393542959694,4.699999809265137]]},"properties":{"slope":2.214}},{"type":"Feature","geometry":{"type":"LineString","coordinates":[[17.64784104703461,59.85851807937594,2.210000038146973],[17.647166332172755,59.85822432511886,2.640000104904175]]},"properties":{"slope":0.86}},{"type":"Feature","geometry":{"type":"LineString","coordinates":[[17.647166332172755,59.85822432511886,2.640000104904175],[17.646514354324797,59.85794046171241,4.340000152587891]]},"properties":{"slope":3.54}},{"type":"Feature","geometry":{"type":"LineString","coordinates":[[17.646514354324797,59.85794046171241,4.340000152587891],[17.64649162883023,59.857930567519816,4.409999847412109]]},"properties":{"slope":3.54}},{"type":"Feature","geometry":{"type":"LineString","coordinates":[[17.64649162883023,59.857930567519816,4.409999847412109],[17.646276749637963,59.85783701324237,5.28000020980835]]},"properties":{"slope":4.116}},{"type":"Feature","geometry":{"type":"LineString","coordinates":[[17.646276749637963,59.85783701324237,5.28000020980835],[17.64611452180065,59.85776653963213,5.559999942779541]]},"properties":{"slope":4.116}},{"type":"Feature","geometry":{"type":"LineString","coordinates":[[17.645536780060922,59.85874895706237,6.059999942779541],[17.645420422472927,59.858877551697965,6.050000190734863]]},"properties":{"slope":0.064}},{"type":"Feature","geometry":{"type":"LineString","coordinates":[[17.646447331383214,59.85797686377709,5.119999885559082],[17.645882562966595,59.85828364328985,6.079999923706055]]},"properties":{"slope":1.86}},{"type":"Feature","geometry":{"type":"LineString","coordinates":[[17.645882562966595,59.85828364328985,6.079999923706055],[17.64592393813112,59.858306214593014,6.050000190734863]]},"properties":{"slope":1.86}},{"type":"Feature","geometry":{"type":"LineString","coordinates":[[17.64592393813112,59.858306214593014,6.050000190734863],[17.64601206029961,59.8584172108397,6.110000133514404],[17.64598932707709,59.85849871927059,6.110000133514404],[17.645924939109488,59.85855628920445,6.110000133514404],[17.645682674414193,59.85868729413362,6.090000152587891]]},"properties":{"slope":0.08}},{"type":"Feature","geometry":{"type":"LineString","coordinates":[[17.645682674414193,59.85868729413362,6.090000152587891],[17.645536780060922,59.85874895706237,6.059999942779541]]},"properties":{"slope":0.655}},{"type":"Feature","geometry":{"type":"LineString","coordinates":[[17.645536780060922,59.85874895706237,6.059999942779541],[17.645303406765766,59.85874342580768,6.03000020980835],[17.64496225075547,59.858604160604315,5.769999980926514]]},"properties":{"slope":0.655}},{"type":"Feature","geometry":{"type":"LineString","coordinates":[[17.64563221041324,59.858227303413535,5.880000114440918],[17.645882562966595,59.85828364328985,6.079999923706055]]},"properties":{"slope":1.278}},{"type":"Feature","geometry":{"type":"LineString","coordinates":[[17.644137013650816,59.85314549873906,2.589999914169312],[17.644609176620413,59.8533386727356,4.079999923706055],[17.644614302529607,59.853360947216075,4.099999904632568],[17.644550146302677,59.85340442877806,4.159999847412109]]},"properties":{"slope":3.673}},{"type":"Feature","geometry":{"type":"LineString","coordinates":[[17.634786034598054,59.860791571538506,9.069999694824219],[17.63473761645695,59.86077003481688,9.0600004196167]]},"properties":{"slope":2.06}},{"type":"Feature","geometry":{"type":"LineString","coordinates":[[17.63473761645695,59.86077003481688,9.0600004196167],[17.634118000959702,59.860493951632996,8.039999961853027]]},"properties":{"slope":2.06}},{"type":"Feature","geometry":{"type":"LineString","coordinates":[[17.634118000959702,59.860493951632996,8.039999961853027],[17.63381992432395,59.86035898290499,7.179999828338623]]},"properties":{"slope":3.827}},{"type":"Feature","geometry":{"type":"LineString","coordinates":[[17.632419091772476,59.860939086272815,6.550000190734863],[17.63277224773651,59.860526999546046,6.670000076293945]]},"properties":{"slope":0.24}},{"type":"Feature","geometry":{"type":"LineString","coordinates":[[17.63277224773651,59.860526999546046,6.670000076293945],[17.632972508752136,59.86031739086107,6.519999980926514],[17.633191244844056,59.8601322977219,6.739999771118164]]},"properties":{"slope":0.14}},{"type":"Feature","geometry":{"type":"LineString","coordinates":[[17.631904832094968,59.86230428726212,7.289999961853027],[17.631918306558074,59.86234002860557,7.320000171661377],[17.631881906031275,59.8624238459058,7.239999771118164]]},"properties":{"slope":0.367}},{"type":"Feature","geometry":{"type":"LineString","coordinates":[[17.636197880859623,59.864171932451306,5.340000152587891],[17.635885517628573,59.864033587356616,6.46999979019165],[17.635823649316578,59.86399157035809,6.820000171661377],[17.63576757391349,59.863911813381144,7.289999961853027]]},"properties":{"slope":4.761}},{"type":"Feature","geometry":{"type":"LineString","coordinates":[[17.63576757391349,59.863911813381144,7.289999961853027],[17.635771457034686,59.86386324061904,7.440000057220459]]},"properties":{"slope":4.761}},{"type":"Feature","geometry":{"type":"LineString","coordinates":[[17.636483436477906,59.864288621939465,5.300000190734863],[17.63712592881007,59.8645309548931,6.699999809265137]]},"properties":{"slope":3.111}},{"type":"Feature","geometry":{"type":"LineString","coordinates":[[17.63712592881007,59.8645309548931,6.699999809265137],[17.637340037114885,59.864438483736336,7.420000076293945]]},"properties":{"slope":4.553}},{"type":"Feature","geometry":{"type":"LineString","coordinates":[[17.637340037114885,59.864438483736336,7.420000076293945],[17.63749736242724,59.86430551438886,7.710000038146973]]},"properties":{"slope":1.682}},{"type":"Feature","geometry":{"type":"LineString","coordinates":[[17.636483436477906,59.864288621939465,5.300000190734863],[17.636197880859623,59.864171932451306,5.340000152587891]]},"properties":{"slope":0.194}},{"type":"Feature","geometry":{"type":"LineString","coordinates":[[17.632396387369727,59.86248950178245,7.179999828338623],[17.632096865120456,59.862468659653494,7.289999961853027]]},"properties":{"slope":0.635}},{"type":"Feature","geometry":{"type":"LineString","coordinates":[[17.633844329688245,59.86006528328861,7.300000190734863],[17.63372912497116,59.86002870816816,6.989999771118164]]},"properties":{"slope":4.061}},{"type":"Feature","geometry":{"type":"LineString","coordinates":[[17.63423557756742,59.85955171132318,6.820000171661377],[17.634411765547057,59.85964932955543,7.429999828338623]]},"properties":{"slope":4.153}},{"type":"Feature","geometry":{"type":"LineString","coordinates":[[17.636136171380237,59.85869742639705,8.34000015258789],[17.636751328291357,59.85837226564993,6.800000190734863]]},"properties":{"slope":3.08}},{"type":"Feature","geometry":{"type":"LineString","coordinates":[[17.636751328291357,59.85837226564993,6.800000190734863],[17.637366473199748,59.858047102095036,6.539999961853027]]},"properties":{"slope":0.52}},{"type":"Feature","geometry":{"type":"LineString","coordinates":[[17.637366473199748,59.858047102095036,6.539999961853027],[17.637457083391297,59.85798949340574,6.610000133514404]]},"properties":{"slope":0.394}},{"type":"Feature","geometry":{"type":"LineString","coordinates":[[17.637457083391297,59.85798949340574,6.610000133514404],[17.637238515133635,59.85787768875097,6.519999980926514],[17.637163854607664,59.85787610817415,6.420000076293945]]},"properties":{"slope":0.394}},{"type":"Feature","geometry":{"type":"LineString","coordinates":[[17.637457561308086,59.85774777932093,6.119999885559082],[17.637410602683165,59.85778213289108,6.440000057220459],[17.637668572913206,59.85790290523182,6.559999942779541]]},"properties":{"slope":1.792}},{"type":"Feature","geometry":{"type":"LineString","coordinates":[[17.63938483292401,59.85871618109253,8.130000114440918],[17.64005003558776,59.85901538028861,7.889999866485596]]},"properties":{"slope":0.48}},{"type":"Feature","geometry":{"type":"LineString","coordinates":[[17.64005003558776,59.85901538028861,7.889999866485596],[17.640359684130306,59.859147854427256,7.829999923706055]]},"properties":{"slope":0.526}},{"type":"Feature","geometry":{"type":"LineString","coordinates":[[17.640359684130306,59.859147854427256,7.829999923706055],[17.640441632517092,59.85917834557163,7.739999771118164]]},"properties":{"slope":0.526}},{"type":"Feature","geometry":{"type":"LineString","coordinates":[[17.6378531922907,59.85798917193869,6.75],[17.637859937979375,59.858021421534055,6.789999961853027],[17.63846707819896,59.8583025293413,8.229999542236328]]},"properties":{"slope":2.96}},{"type":"Feature","geometry":{"type":"LineString","coordinates":[[17.63846707819896,59.8583025293413,8.229999542236328],[17.6385875841303,59.85835832305552,8.4399995803833]]},"properties":{"slope":2.288}},{"type":"Feature","geometry":{"type":"LineString","coordinates":[[17.64023989046934,59.859216640121,7.829999923706055],[17.639579134180224,59.85891496147038,8.039999961853027]]},"properties":{"slope":0.42}},{"type":"Feature","geometry":{"type":"LineString","coordinates":[[17.639579134180224,59.85891496147038,8.039999961853027],[17.639230201139203,59.85875581359763,8.25]]},"properties":{"slope":0.796}},{"type":"Feature","geometry":{"type":"LineString","coordinates":[[17.638486666110857,59.858413009665554,8.619999885559082],[17.637810586548643,59.85812005025782,7.139999866485596]]},"properties":{"slope":2.96}},{"type":"Feature","geometry":{"type":"LineString","coordinates":[[17.637810586548643,59.85812005025782,7.139999866485596],[17.637678326241645,59.85808662564203,6.829999923706055]]},"properties":{"slope":3.648}},{"type":"Feature","geometry":{"type":"LineString","coordinates":[[17.640092067840264,59.85654811863282,5.03000020980835],[17.640155843337162,59.856575212696924,5.059999942779541],[17.640319525295233,59.85657986674675,5.380000114440918],[17.640451226441016,59.85652923642074,5.420000076293945]]},"properties":{"slope":1.674}},{"type":"Feature","geometry":{"type":"LineString","coordinates":[[17.64768427415477,59.85763965963031,6.400000095367432],[17.647559076681162,59.857582411864655,6.179999828338623]]},"properties":{"slope":1.94}},{"type":"Feature","geometry":{"type":"LineString","coordinates":[[17.647559076681162,59.857582411864655,6.179999828338623],[17.647187374859726,59.85741245264461,5.619999885559082]]},"properties":{"slope":1.94}},{"type":"Feature","geometry":{"type":"LineString","coordinates":[[17.647187374859726,59.85741245264461,5.619999885559082],[17.647059391800525,59.85735393278806,5.420000076293945],[17.647027900711496,59.85737206092254,5.429999828338623]]},"properties":{"slope":1.94}},{"type":"Feature","geometry":{"type":"LineString","coordinates":[[17.647027900711496,59.85737206092254,5.429999828338623],[17.64683509507453,59.85748305066769,5.429999828338623]]},"properties":{"slope":0.229}},{"type":"Feature","geometry":{"type":"LineString","coordinates":[[17.64683509507453,59.85748305066769,5.429999828338623],[17.646546856149914,59.8576489651504,5.329999923706055],[17.64656390871948,59.85767172783318,5.329999923706055]]},"properties":{"slope":0.229}},{"type":"Feature","geometry":{"type":"LineString","coordinates":[[17.64683509507453,59.85748305066769,5.429999828338623],[17.647222686676542,59.857650464252295,5.730000019073486]]},"properties":{"slope":1.048}},{"type":"Feature","geometry":{"type":"LineString","coordinates":[[17.647187374859726,59.85741245264461,5.619999885559082],[17.647245648220135,59.85737949533237,5.510000228881836]]},"properties":{"slope":2.239}},{"type":"Feature","geometry":{"type":"LineString","coordinates":[[17.64728730001435,59.85735678691725,5.5],[17.647351469792692,59.85732319703016,5.550000190734863]]},"properties":{"slope":0.963}},{"type":"Feature","geometry":{"type":"LineString","coordinates":[[17.647388860072788,59.85730265857621,5.550000190734863],[17.647451003278842,59.857267089357045,5.579999923706055]]},"properties":{"slope":0.569}},{"type":"Feature","geometry":{"type":"LineString","coordinates":[[17.647489813008725,59.85724445945245,5.590000152587891],[17.647544485624866,59.857212116909935,5.610000133514404]]},"properties":{"slope":0.423}},{"type":"Feature","geometry":{"type":"LineString","coordinates":[[17.647585536580227,59.85718847113176,5.559999942779541],[17.64765152528411,59.85715151107567,5.670000076293945]]},"properties":{"slope":1.988}},{"type":"Feature","geometry":{"type":"LineString","coordinates":[[17.649864547514458,59.8553905173703,4.510000228881836],[17.649933548626848,59.855425660262405,4.71999979019165]]},"properties":{"slope":3.816}},{"type":"Feature","geometry":{"type":"LineString","coordinates":[[17.649933548626848,59.855425660262405,4.71999979019165],[17.65059136729378,59.85572892467373,5.519999980926514]]},"properties":{"slope":1.6}},{"type":"Feature","geometry":{"type":"LineString","coordinates":[[17.65059136729378,59.85572892467373,5.519999980926514],[17.650700557459285,59.855805437589346,5.760000228881836],[17.650708253800534,59.85584399178796,5.849999904632568],[17.650668698302994,59.85589613893374,5.889999866485596]]},"properties":{"slope":1.753}},{"type":"Feature","geometry":{"type":"LineString","coordinates":[[17.650277664595865,59.855108950950964,5.010000228881836],[17.649847565803157,59.85533611820604,4.389999866485596],[17.64983870673304,59.855374049262146,4.440000057220459],[17.649864547514458,59.8553905173703,4.510000228881836]]},"properties":{"slope":1.204}},{"type":"Feature","geometry":{"type":"LineString","coordinates":[[17.65093583239433,59.8547472706217,4.849999904632568],[17.650335206797283,59.855077675065395,5.050000190734863]]},"properties":{"slope":0.4}},{"type":"Feature","geometry":{"type":"LineString","coordinates":[[17.650335206797283,59.855077675065395,5.050000190734863],[17.650277664595865,59.855108950950964,5.010000228881836]]},"properties":{"slope":0.842}},{"type":"Feature","geometry":{"type":"LineString","coordinates":[[17.645331001960948,59.8529108361552,4.440000057220459],[17.645935266101677,59.85284955882433,4.940000057220459],[17.64621042587636,59.852845302488795,4.519999980926514]]},"properties":{"slope":0.16}},{"type":"Feature","geometry":{"type":"LineString","coordinates":[[17.64621042587636,59.852845302488795,4.519999980926514],[17.647040866692866,59.852894238305794,4.570000171661377]]},"properties":{"slope":0.107}},{"type":"Feature","geometry":{"type":"LineString","coordinates":[[17.643297587562767,59.854250140808084,3.960000038146973],[17.643360410968725,59.854206950777176,3.920000076293945]]},"properties":{"slope":0.671}},{"type":"Feature","geometry":{"type":"LineString","coordinates":[[17.64331537185525,59.854192465917905,3.390000104904175],[17.643228182713113,59.85416442316998,2.740000009536743]]},"properties":{"slope":11.207}},{"type":"Feature","geometry":{"type":"LineString","coordinates":[[17.647224471384497,59.85466504920103,4.159999847412109],[17.64748138882024,59.854662908020515,4.28000020980835]]},"properties":{"slope":0.833}},{"type":"Feature","geometry":{"type":"LineString","coordinates":[[17.647233954629726,59.854194488406954,4.349999904632568],[17.647224050726578,59.85407079405727,4.699999809265137]]},"properties":{"slope":2.538}},{"type":"Feature","geometry":{"type":"LineString","coordinates":[[17.64695890299968,59.854331522949494,4.010000228881836],[17.64675630976382,59.85432780255363,4.349999904632568]]},"properties":{"slope":2.992}},{"type":"Feature","geometry":{"type":"LineString","coordinates":[[17.647451990834362,59.85444135893675,4.449999809265137],[17.64752756152463,59.85437753156349,4.329999923706055],[17.647527425054374,59.85430029444913,4.320000171661377],[17.64738827989115,59.854212041559755,4.409999847412109],[17.647233954629726,59.854194488406954,4.349999904632568]]},"properties":{"slope":0.6}},{"type":"Feature","geometry":{"type":"LineString","coordinates":[[17.647233954629726,59.854194488406954,4.349999904632568],[17.647054054273443,59.85423346545329,4.150000095367432]]},"properties":{"slope":0.6}},{"type":"Feature","geometry":{"type":"LineString","coordinates":[[17.647054054273443,59.85423346545329,4.150000095367432],[17.64697862671107,59.854287641839086,3.970000028610229],[17.64695890299968,59.854331522949494,4.010000228881836]]},"properties":{"slope":0.48}},{"type":"Feature","geometry":{"type":"LineString","coordinates":[[17.64695890299968,59.854331522949494,4.010000228881836],[17.64698728240142,59.854405922172205,4.210000038146973],[17.64713215635648,59.8544731174904,4.110000133514404],[17.647275430679038,59.854486182000734,4.130000114440918],[17.647429328763753,59.85445275338495,4.389999866485596]]},"properties":{"slope":0.48}},{"type":"Feature","geometry":{"type":"LineString","coordinates":[[17.647429328763753,59.85445275338495,4.389999866485596],[17.647451990834362,59.85444135893675,4.449999809265137]]},"properties":{"slope":3.341}},{"type":"Feature","geometry":{"type":"LineString","coordinates":[[17.647650703974197,59.85453518027335,4.400000095367432],[17.647451990834362,59.85444135893675,4.449999809265137]]},"properties":{"slope":0.327}},{"type":"Feature","geometry":{"type":"LineString","coordinates":[[17.64744610893967,59.85464665074647,4.199999809265137],[17.647650703974197,59.85453518027335,4.400000095367432]]},"properties":{"slope":0.438}},{"type":"Feature","geometry":{"type":"LineString","coordinates":[[17.647650703974197,59.85453518027335,4.400000095367432],[17.64786099713867,59.85442060402144,4.349999904632568]]},"properties":{"slope":0.438}},{"type":"Feature","geometry":{"type":"LineString","coordinates":[[17.642286382425883,59.85963700023598,6.329999923706055],[17.64206026781072,59.85979686053315,6.429999828338623]]},"properties":{"slope":0.357}},{"type":"Feature","geometry":{"type":"LineString","coordinates":[[17.64206026781072,59.85979686053315,6.429999828338623],[17.642061195988177,59.85982610031559,6.420000076293945]]},"properties":{"slope":0.357}},{"type":"Feature","geometry":{"type":"LineString","coordinates":[[17.635669085466727,59.86386425529931,7.519999980926514],[17.635437761858594,59.86404473766829,7.369999885559082]]},"properties":{"slope":0.627}},{"type":"Feature","geometry":{"type":"LineString","coordinates":[[17.643738132750663,59.85932740052826,6.550000190734863],[17.643307237738494,59.8594146715526,6.369999885559082],[17.643250895765906,59.85938744392205,6.380000114440918],[17.643105463718083,59.85923024340381,6.400000095367432]]},"properties":{"slope":0.3}},{"type":"Feature","geometry":{"type":"LineString","coordinates":[[17.643105463718083,59.85923024340381,6.400000095367432],[17.643080331037442,59.85920307679814,6.059999942779541]]},"properties":{"slope":10.185}},{"type":"Feature","geometry":{"type":"LineString","coordinates":[[17.644154089735448,59.859083107814115,6.409999847412109],[17.643738132750663,59.85932740052826,6.550000190734863]]},"properties":{"slope":0.39}},{"type":"Feature","geometry":{"type":"LineString","coordinates":[[17.643314018261577,59.85907511905121,6.119999885559082],[17.643248585122535,59.85911469955314,6.110000133514404]]},"properties":{"slope":0.174}},{"type":"Feature","geometry":{"type":"LineString","coordinates":[[17.64804210242039,59.85731291628195,6.079999923706055],[17.647559076681162,59.857582411864655,6.179999828338623]]},"properties":{"slope":0.247}},{"type":"Feature","geometry":{"type":"LineString","coordinates":[[17.645990597414823,59.85385670411763,4.46999979019165],[17.64664664839279,59.8541609196795,4.090000152587891]]},"properties":{"slope":0.76}},{"type":"Feature","geometry":{"type":"LineString","coordinates":[[17.64664664839279,59.8541609196795,4.090000152587891],[17.646666854759506,59.85417028937574,4.090000152587891]]},"properties":{"slope":0.826}},{"type":"Feature","geometry":{"type":"LineString","coordinates":[[17.646666854759506,59.85417028937574,4.090000152587891],[17.646809922797054,59.854175992149685,4.159999847412109],[17.647185397786902,59.85397992010315,4.460000038146973],[17.647243808669486,59.85400729709932,4.460000038146973]]},"properties":{"slope":0.826}},{"type":"Feature","geometry":{"type":"LineString","coordinates":[[17.646684930701795,59.854367019155546,4.179999828338623],[17.64675630976382,59.85432780255363,4.349999904632568]]},"properties":{"slope":0.82}},{"type":"Feature","geometry":{"type":"LineString","coordinates":[[17.64675630976382,59.85432780255363,4.349999904632568],[17.647224050726578,59.85407079405727,4.699999809265137]]},"properties":{"slope":0.82}},{"type":"Feature","geometry":{"type":"LineString","coordinates":[[17.647224050726578,59.85407079405727,4.699999809265137],[17.647287443361378,59.8540359599725,4.590000152587891]]},"properties":{"slope":0.82}},{"type":"Feature","geometry":{"type":"LineString","coordinates":[[17.647287443361378,59.8540359599725,4.590000152587891],[17.64729551340609,59.85403152549695,4.590000152587891]]},"properties":{"slope":0.001}},{"type":"Feature","geometry":{"type":"LineString","coordinates":[[17.64576037250491,59.85374921652427,4.369999885559082],[17.64591661984028,59.85382216608933,4.420000076293945]]},"properties":{"slope":0.419}},{"type":"Feature","geometry":{"type":"LineString","coordinates":[[17.645657502079306,59.853701190260296,4.449999809265137],[17.645887529734775,59.85367625150601,4.579999923706055],[17.64595420119328,59.853688787352056,4.679999828338623],[17.646072020998385,59.85374544955695,4.599999904632568],[17.646095758378067,59.853780797720866,4.570000171661377],[17.645990597414823,59.85385670411763,4.46999979019165]]},"properties":{"slope":0.049}},{"type":"Feature","geometry":{"type":"LineString","coordinates":[[17.647708928974257,59.85318789671492,4.53000020980835],[17.647615712737494,59.853146230394266,4.579999923706055]]},"properties":{"slope":0.02}},{"type":"Feature","geometry":{"type":"LineString","coordinates":[[17.647615712737494,59.853146230394266,4.579999923706055],[17.647040866692866,59.852894238305794,4.570000171661377]]},"properties":{"slope":0.02}},{"type":"Feature","geometry":{"type":"LineString","coordinates":[[17.647040866692866,59.852894238305794,4.570000171661377],[17.64703704223281,59.85289264420255,4.539999961853027]]},"properties":{"slope":0.02}},{"type":"Feature","geometry":{"type":"LineString","coordinates":[[17.64703704223281,59.85289264420255,4.539999961853027],[17.646379691080522,59.85258921864807,4.579999923706055]]},"properties":{"slope":0.08}},{"type":"Feature","geometry":{"type":"LineString","coordinates":[[17.646379691080522,59.85258921864807,4.579999923706055],[17.6459161603357,59.8523735771329,4.460000038146973]]},"properties":{"slope":0.339}},{"type":"Feature","geometry":{"type":"LineString","coordinates":[[17.647831021651186,59.85324282967382,4.579999923706055],[17.647708928974257,59.85318789671492,4.53000020980835]]},"properties":{"slope":0.545}},{"type":"Feature","geometry":{"type":"LineString","coordinates":[[17.636488590408263,59.86276936232533,8.449999809265137],[17.637146392858963,59.863072420116,7.929999828338623]]},"properties":{"slope":1.04}},{"type":"Feature","geometry":{"type":"LineString","coordinates":[[17.637146392858963,59.863072420116,7.929999828338623],[17.6375781609729,59.86326948915967,7.590000152587891],[17.637590500599813,59.86333597436436,7.53000020980835]]},"properties":{"slope":0.997}},{"type":"Feature","geometry":{"type":"LineString","coordinates":[[17.637590500599813,59.86333597436436,7.53000020980835],[17.637458624195347,59.863328288050376,7.639999866485596],[17.636896887745525,59.86307103594904,8.119999885559082]]},"properties":{"slope":1.18}},{"type":"Feature","geometry":{"type":"LineString","coordinates":[[17.636896887745525,59.86307103594904,8.119999885559082],[17.636363525535025,59.86283683644523,8.470000267028809]]},"properties":{"slope":0.88}},{"type":"Feature","geometry":{"type":"LineString","coordinates":[[17.636241009941063,59.862860268385845,8.420000076293945],[17.63564059014553,59.86319236041083,8.149999618530273]]},"properties":{"slope":0.54}},{"type":"Feature","geometry":{"type":"LineString","coordinates":[[17.63564059014553,59.86319236041083,8.149999618530273],[17.635130643985637,59.86347179233977,7.789999961853027]]},"properties":{"slope":0.852}},{"type":"Feature","geometry":{"type":"LineString","coordinates":[[17.63340409916046,59.86297206962939,6.809999942779541],[17.63339597153131,59.862929162060105,6.75],[17.6327884366321,59.86266394184286,7.039999961853027]]},"properties":{"slope":0.46}},{"type":"Feature","geometry":{"type":"LineString","coordinates":[[17.6327884366321,59.86266394184286,7.039999961853027],[17.632396387369727,59.86248950178245,7.179999828338623]]},"properties":{"slope":0.46}},{"type":"Feature","geometry":{"type":"LineString","coordinates":[[17.632396387369727,59.86248950178245,7.179999828338623],[17.632345335546102,59.86244090705981,7.239999771118164],[17.63225224843346,59.86240423090484,7.239999771118164]]},"properties":{"slope":0.46}},{"type":"Feature","geometry":{"type":"LineString","coordinates":[[17.63225224843346,59.86240423090484,7.239999771118164],[17.632168477573497,59.86240043833489,7.21999979019165]]},"properties":{"slope":0.46}},{"type":"Feature","geometry":{"type":"LineString","coordinates":[[17.632168477573497,59.86240043833489,7.21999979019165],[17.632132692403626,59.86242076039551,7.269999980926514]]},"properties":{"slope":0.46}},{"type":"Feature","geometry":{"type":"LineString","coordinates":[[17.632132692403626,59.86242076039551,7.269999980926514],[17.632096865120456,59.862468659653494,7.289999961853027]]},"properties":{"slope":0.666}},{"type":"Feature","geometry":{"type":"LineString","coordinates":[[17.632096865120456,59.862468659653494,7.289999961853027],[17.632071589153085,59.86250963150473,7.199999809265137]]},"properties":{"slope":0.666}},{"type":"Feature","geometry":{"type":"LineString","coordinates":[[17.63390734186155,59.8600818886533,7.349999904632568],[17.633954218505377,59.86009408442372,7.389999866485596]]},"properties":{"slope":1.353}},{"type":"Feature","geometry":{"type":"LineString","coordinates":[[17.633844329688245,59.86006528328861,7.300000190734863],[17.63390734186155,59.8600818886533,7.349999904632568]]},"properties":{"slope":1.254}},{"type":"Feature","geometry":{"type":"LineString","coordinates":[[17.633954218505377,59.86009408442372,7.389999866485596],[17.63400762931017,59.86010796959527,7.559999942779541]]},"properties":{"slope":5.046}},{"type":"Feature","geometry":{"type":"LineString","coordinates":[[17.632397983426113,59.862312449712114,7.119999885559082],[17.63225224843346,59.86240423090484,7.239999771118164]]},"properties":{"slope":0.915}},{"type":"Feature","geometry":{"type":"LineString","coordinates":[[17.632168477573497,59.86240043833489,7.21999979019165],[17.631904832094968,59.86230428726212,7.289999961853027]]},"properties":{"slope":0.383}},{"type":"Feature","geometry":{"type":"LineString","coordinates":[[17.63340409916046,59.86297206962939,6.809999942779541],[17.63352531746862,59.86301712603051,6.860000133514404]]},"properties":{"slope":0.592}},{"type":"Feature","geometry":{"type":"LineString","coordinates":[[17.632098749422443,59.86218375518127,7.28000020980835],[17.632074789543125,59.862197075356335,7.309999942779541]]},"properties":{"slope":0.058}},{"type":"Feature","geometry":{"type":"LineString","coordinates":[[17.632074789543125,59.862197075356335,7.309999942779541],[17.631904832094968,59.86230428726212,7.289999961853027]]},"properties":{"slope":0.058}},{"type":"Feature","geometry":{"type":"LineString","coordinates":[[17.63222207608591,59.86218419432675,7.349999904632568],[17.632357266913335,59.8622436050681,7.210000038146973]]},"properties":{"slope":1.392}},{"type":"Feature","geometry":{"type":"LineString","coordinates":[[17.633476357179728,59.8614991719736,7.78000020980835],[17.633581764599167,59.8615480921126,7.659999847412109]]},"properties":{"slope":1.493}},{"type":"Feature","geometry":{"type":"LineString","coordinates":[[17.635142354690867,59.86217262836009,8.880000114440918],[17.635083020825743,59.86212300841055,8.680000305175781]]},"properties":{"slope":3.026}},{"type":"Feature","geometry":{"type":"LineString","coordinates":[[17.63675532815538,59.86141670128594,9.65999984741211],[17.636547705825866,59.86153455278612,9.399999618530273]]},"properties":{"slope":0.539}},{"type":"Feature","geometry":{"type":"LineString","coordinates":[[17.636547705825866,59.86153455278612,9.399999618530273],[17.636492411125104,59.861566310518086,9.539999961853027]]},"properties":{"slope":0.539}},{"type":"Feature","geometry":{"type":"LineString","coordinates":[[17.637678326241645,59.85808662564203,6.829999923706055],[17.637602723531057,59.85805854678597,6.679999828338623]]},"properties":{"slope":1.332}},{"type":"Feature","geometry":{"type":"LineString","coordinates":[[17.637602723531057,59.85805854678597,6.679999828338623],[17.637457083391297,59.85798949340574,6.610000133514404]]},"properties":{"slope":1.332}},{"type":"Feature","geometry":{"type":"LineString","coordinates":[[17.637668572913206,59.85790290523182,6.559999942779541],[17.63779388482566,59.85796139476428,6.690000057220459]]},"properties":{"slope":1.344}},{"type":"Feature","geometry":{"type":"LineString","coordinates":[[17.63779388482566,59.85796139476428,6.690000057220459],[17.6378531922907,59.85798917193869,6.75]]},"properties":{"slope":1.344}},{"type":"Feature","geometry":{"type":"LineString","coordinates":[[17.637324897540694,59.86083118070855,9.579999923706055],[17.637404159475853,59.860871463703006,9.539999968790074]]},"properties":{"slope":0.452}},{"type":"Feature","geometry":{"type":"LineString","coordinates":[[17.637404159475853,59.860871463703006,9.539999968790074],[17.63746853482238,59.860899310883084,9.529999732971191]]},"properties":{"slope":0.452}},{"type":"Feature","geometry":{"type":"LineString","coordinates":[[17.637348745460876,59.861956032371474,8.34000015258789],[17.63739021688178,59.86193436588053,8.319999694824219]]},"properties":{"slope":0.089}},{"type":"Feature","geometry":{"type":"LineString","coordinates":[[17.63739021688178,59.86193436588053,8.319999694824219],[17.637624324190888,59.86180875164879,8.319999694824219]]},"properties":{"slope":0.089}},{"type":"Feature","geometry":{"type":"LineString","coordinates":[[17.637684941985192,59.861830000070256,8.260000228881836],[17.637823092777072,59.86178927942275,8.210000038146973],[17.63830829858799,59.86151641323663,8]]},"properties":{"slope":0.52}},{"type":"Feature","geometry":{"type":"LineString","coordinates":[[17.63830829858799,59.86151641323663,8],[17.6385727142624,59.861366081481016,7.820000171661377]]},"properties":{"slope":0.001}},{"type":"Feature","geometry":{"type":"LineString","coordinates":[[17.6385727142624,59.861366081481016,7.820000171661377],[17.638908913606773,59.86118454279427,8]]},"properties":{"slope":0.001}},{"type":"Feature","geometry":{"type":"LineString","coordinates":[[17.638908913606773,59.86118454279427,8],[17.63950896025243,59.86085230520687,7.769999980926514]]},"properties":{"slope":0.46}},{"type":"Feature","geometry":{"type":"LineString","coordinates":[[17.63950896025243,59.86085230520687,7.769999980926514],[17.63985913306657,59.86065778077771,7.550000190734863]]},"properties":{"slope":0.62}},{"type":"Feature","geometry":{"type":"LineString","coordinates":[[17.63985913306657,59.86065778077771,7.550000190734863],[17.639900515698397,59.86063483040186,7.610000133514404],[17.63988052944691,59.86060390997879,7.699999809265137]]},"properties":{"slope":0.62}},{"type":"Feature","geometry":{"type":"LineString","coordinates":[[17.63988052944691,59.86060390997879,7.699999809265137],[17.639706922672367,59.860520507098684,8.079999923706055]]},"properties":{"slope":0.62}},{"type":"Feature","geometry":{"type":"LineString","coordinates":[[17.639706922672367,59.860520507098684,8.079999923706055],[17.639427267527427,59.86038615587268,8.850000381469727],[17.639490158576486,59.86035320951759,8.859999656677246]]},"properties":{"slope":2.915}},{"type":"Feature","geometry":{"type":"LineString","coordinates":[[17.634620840252378,59.863478306106124,7.639999866485596],[17.63480898469812,59.863376486953555,7.809999942779541]]},"properties":{"slope":1.098}},{"type":"Feature","geometry":{"type":"LineString","coordinates":[[17.634924202637986,59.86085303286992,9.220000267028809],[17.634976590317148,59.86082482443166,9.260000228881836]]},"properties":{"slope":2.417}},{"type":"Feature","geometry":{"type":"LineString","coordinates":[[17.634976590317148,59.86082482443166,9.260000228881836],[17.635174297281132,59.86071643179276,9.720000267028809]]},"properties":{"slope":2.417}},{"type":"Feature","geometry":{"type":"LineString","coordinates":[[17.63473761645695,59.86077003481688,9.0600004196167],[17.63478695594099,59.86074195884516,9.130000114440918]]},"properties":{"slope":2.123}},{"type":"Feature","geometry":{"type":"LineString","coordinates":[[17.63478695594099,59.86074195884516,9.130000114440918],[17.634981040508,59.86063002007902,9.5]]},"properties":{"slope":2.123}},{"type":"Feature","geometry":{"type":"LineString","coordinates":[[17.6361230901091,59.86139334605214,9.850000381469727],[17.636171803840792,59.86136523926385,9.829999923706055]]},"properties":{"slope":0.143}},{"type":"Feature","geometry":{"type":"LineString","coordinates":[[17.636171803840792,59.86136523926385,9.829999923706055],[17.636368267566347,59.861250452735035,9.819999694824219]]},"properties":{"slope":0.143}},{"type":"Feature","geometry":{"type":"LineString","coordinates":[[17.636167065524223,59.86147056138633,9.880000114440918],[17.636288520499672,59.86152833740126,9.8100004196167]]},"properties":{"slope":0.747}},{"type":"Feature","geometry":{"type":"LineString","coordinates":[[17.637347824974896,59.86204422558679,8.40999984741211],[17.63754689538425,59.86213539985549,8.289999961853027]]},"properties":{"slope":0.795}},{"type":"Feature","geometry":{"type":"LineString","coordinates":[[17.63769307489548,59.8621297156038,8.220000267028809],[17.637734665447976,59.86210822506565,8.149999618530273]]},"properties":{"slope":0.356}},{"type":"Feature","geometry":{"type":"LineString","coordinates":[[17.637734665447976,59.86210822506565,8.149999618530273],[17.637942645807538,59.86200531847181,8.149999618530273]]},"properties":{"slope":0.356}},{"type":"Feature","geometry":{"type":"LineString","coordinates":[[17.641783889585152,59.85708628603379,6.269999980926514],[17.64171989360161,59.85705533425172,6.150000095367432]]},"properties":{"slope":1.209}},{"type":"Feature","geometry":{"type":"LineString","coordinates":[[17.64171989360161,59.85705533425172,6.150000095367432],[17.641680887942258,59.85701544639495,6.150000095367432]]},"properties":{"slope":1.209}},{"type":"Feature","geometry":{"type":"LineString","coordinates":[[17.64288239088418,59.85629238631705,5.5],[17.642957401838704,59.85625070776167,5.559999942779541]]},"properties":{"slope":0.958}},{"type":"Feature","geometry":{"type":"LineString","coordinates":[[17.64284261867989,59.85635327927,5.610000133514404],[17.64301662852931,59.85643557614376,5.75]]},"properties":{"slope":1.046}},{"type":"Feature","geometry":{"type":"LineString","coordinates":[[17.643031870934948,59.856247163806046,5.679999828338623],[17.643202071226703,59.85632529699305,5.809999942779541]]},"properties":{"slope":1.007}},{"type":"Feature","geometry":{"type":"LineString","coordinates":[[17.643795097614362,59.85578162375725,5.119999885559082],[17.64394859714837,59.855690665101044,5.039999961853027]]},"properties":{"slope":0.602}},{"type":"Feature","geometry":{"type":"LineString","coordinates":[[17.643795097614362,59.85578162375725,5.119999885559082],[17.64400763227665,59.85587540847452,5.239999771118164]]},"properties":{"slope":0.757}},{"type":"Feature","geometry":{"type":"LineString","coordinates":[[17.644144762359474,59.85587807854637,5.170000076293945],[17.644297485934988,59.85576349417867,5.159999847412109]]},"properties":{"slope":0.065}},{"type":"Feature","geometry":{"type":"LineString","coordinates":[[17.644264146065016,59.85571225682283,5.269999980926514],[17.644113522665698,59.85564743659295,5.059999942779541]]},"properties":{"slope":1.89}},{"type":"Feature","geometry":{"type":"LineString","coordinates":[[17.643190340534506,59.85635762476947,5.75],[17.643080847051603,59.85641643459137,5.690000057220459]]},"properties":{"slope":0.668}},{"type":"Feature","geometry":{"type":"LineString","coordinates":[[17.642005530646347,59.85702241397116,6.079999923706055],[17.641847667825353,59.85711634149846,6.21999979019165]]},"properties":{"slope":1.022}},{"type":"Feature","geometry":{"type":"LineString","coordinates":[[17.644955038964888,59.85844938348561,5.940000057220459],[17.644568144326232,59.85829988692459,5.380000114440918]]},"properties":{"slope":2.048}},{"type":"Feature","geometry":{"type":"LineString","coordinates":[[17.64023989046934,59.859216640121,7.829999923706055],[17.640359684130306,59.859147854427256,7.829999923706055]]},"properties":{"slope":0.001}},{"type":"Feature","geometry":{"type":"LineString","coordinates":[[17.643075934308577,59.85760665700155,5.730000019073486],[17.643236388164183,59.85750053431505,5.480000019073486]]},"properties":{"slope":1.683}},{"type":"Feature","geometry":{"type":"LineString","coordinates":[[17.64317238284506,59.857707720773554,5.429999828338623],[17.643121298163102,59.857684954434596,5.470009618889389]]},"properties":{"slope":2.896}},{"type":"Feature","geometry":{"type":"LineString","coordinates":[[17.643121298163102,59.857684954434596,5.470009618889389],[17.64305118112458,59.85765504965694,5.690000057220459]]},"properties":{"slope":2.896}},{"type":"Feature","geometry":{"type":"LineString","coordinates":[[17.643471370521212,59.85759943681271,5.099999904632568],[17.643312022110848,59.85769817836754,5.289999961853027]]},"properties":{"slope":1.341}},{"type":"Feature","geometry":{"type":"LineString","coordinates":[[17.64344340153768,59.85756582204215,5.130000114440918],[17.64329553311617,59.857505827825214,5.380000114440918]]},"properties":{"slope":2.318}},{"type":"Feature","geometry":{"type":"LineString","coordinates":[[17.6455878438748,59.85640404171586,4.590000152587891],[17.645451045001874,59.85634099366454,4.639999866485596]]},"properties":{"slope":0.481}},{"type":"Feature","geometry":{"type":"LineString","coordinates":[[17.645446992960316,59.85628774033029,4.5],[17.64559210160661,59.856203622367104,4.21999979019165]]},"properties":{"slope":2.257}},{"type":"Feature","geometry":{"type":"LineString","coordinates":[[17.645789697122993,59.85614602308249,4.320000171661377],[17.645925123760932,59.856207178257236,4.300000190734863]]},"properties":{"slope":0.196}},{"type":"Feature","geometry":{"type":"LineString","coordinates":[[17.645955216769618,59.8563158839216,4.269999980926514],[17.645831740239515,59.85640587025794,4.489999771118164]]},"properties":{"slope":1.806}},{"type":"Feature","geometry":{"type":"LineString","coordinates":[[17.646584148563925,59.85562380567377,4.260000228881836],[17.646478066303633,59.85568155767168,4.309999942779541]]},"properties":{"slope":0.571}},{"type":"Feature","geometry":{"type":"LineString","coordinates":[[17.64165124613316,59.856984377400366,6.099999904632568],[17.641798275784655,59.85689025353854,5.929999828338623]]},"properties":{"slope":1.275}},{"type":"Feature","geometry":{"type":"LineString","coordinates":[[17.641880896370896,59.85687786691013,5.869999885559082],[17.642064548425086,59.856955338983795,6.130000114440918]]},"properties":{"slope":1.936}},{"type":"Feature","geometry":{"type":"LineString","coordinates":[[17.645135242995035,59.8550918248931,4.809999942779541],[17.645264187479867,59.855152825436896,4.989999771118164]]},"properties":{"slope":1.814}},{"type":"Feature","geometry":{"type":"LineString","coordinates":[[17.645455322377575,59.855098297254116,4.789999961853027],[17.64540170682361,59.85512732711378,4.75]]},"properties":{"slope":1.32}},{"type":"Feature","geometry":{"type":"LineString","coordinates":[[17.64540170682361,59.85512732711378,4.75],[17.645345118285228,59.855158144087795,4.909999847412109]]},"properties":{"slope":1.32}},{"type":"Feature","geometry":{"type":"LineString","coordinates":[[17.645221516512006,59.854992158311724,4.739999771118164],[17.64514162363654,59.85503586359964,4.75]]},"properties":{"slope":0.151}},{"type":"Feature","geometry":{"type":"LineString","coordinates":[[17.646437492194757,59.85437612044753,4.460000038146973],[17.64656274593934,59.85443415315996,4.46999979019165]]},"properties":{"slope":0.105}},{"type":"Feature","geometry":{"type":"LineString","coordinates":[[17.646666854759506,59.85417028937574,4.090000152587891],[17.646528466900055,59.854247007117536,4.289999961853027]]},"properties":{"slope":1.733}},{"type":"Feature","geometry":{"type":"LineString","coordinates":[[17.643603187262823,59.85424135477499,3.980000019073486],[17.64351233587029,59.85429255275208,4.059999942779541]]},"properties":{"slope":1.046}},{"type":"Feature","geometry":{"type":"LineString","coordinates":[[17.642474671071145,59.859216864390625,6.28000020980835],[17.64251322172937,59.859197017894495,6.170000076293945]]},"properties":{"slope":1.588}},{"type":"Feature","geometry":{"type":"LineString","coordinates":[[17.64251322172937,59.859197017894495,6.170000076293945],[17.64257674875079,59.85916429991146,6.150000095367432]]},"properties":{"slope":1.588}},{"type":"Feature","geometry":{"type":"LineString","coordinates":[[17.644373843794035,59.858116505111965,5.269999980926514],[17.644543134292668,59.8580108242879,5.28000020980835]]},"properties":{"slope":0.066}},{"type":"Feature","geometry":{"type":"LineString","coordinates":[[17.644568144326232,59.85829988692459,5.380000114440918],[17.644339689056892,59.85819942756773,5.239999771118164]]},"properties":{"slope":0.823}},{"type":"Feature","geometry":{"type":"LineString","coordinates":[[17.649864547514458,59.8553905173703,4.510000228881836],[17.649735223411284,59.855460931650285,4.210000038146973]]},"properties":{"slope":2.809}},{"type":"Feature","geometry":{"type":"LineString","coordinates":[[17.647036253127045,59.85693577843812,4.409999847412109],[17.646804927197213,59.85683144808866,4.369999885559082]]},"properties":{"slope":0.23}},{"type":"Feature","geometry":{"type":"LineString","coordinates":[[17.647393300486137,59.856810728353956,4.53000020980835],[17.647084408956708,59.85693250441617,4.440000057220459]]},"properties":{"slope":0.409}},{"type":"Feature","geometry":{"type":"LineString","coordinates":[[17.646856201795764,59.85674097841049,4.199999809265137],[17.646992877437537,59.85664086813736,4.139999866485596]]},"properties":{"slope":0.443}},{"type":"Feature","geometry":{"type":"LineString","coordinates":[[17.647197134539667,59.85660457519712,4.269999980926514],[17.647393046753486,59.856696390523894,4.329999923706055]]},"properties":{"slope":0.4}},{"type":"Feature","geometry":{"type":"LineString","coordinates":[[17.64811029312167,59.85633332278899,4.599999904632568],[17.648003994829324,59.856393542959694,4.699999809265137]]},"properties":{"slope":1.115}},{"type":"Feature","geometry":{"type":"LineString","coordinates":[[17.644928931455173,59.85335940716623,4.110000133514404],[17.644792163095236,59.853442671727095,4.119999885559082]]},"properties":{"slope":0.083}},{"type":"Feature","geometry":{"type":"LineString","coordinates":[[17.649421031368753,59.85537953099624,4.010000228881836],[17.649617024215324,59.85546972820765,4.130000114440918]]},"properties":{"slope":0.806}},{"type":"Feature","geometry":{"type":"LineString","coordinates":[[17.63988052944691,59.86060390997879,7.699999809265137],[17.639946406826912,59.860568242178665,7.650001714286405]]},"properties":{"slope":0.191}},{"type":"Feature","geometry":{"type":"LineString","coordinates":[[17.639946406826912,59.860568242178665,7.650001714286405],[17.640007168231655,59.86053494458744,7.679999828338623]]},"properties":{"slope":0.191}},{"type":"Feature","geometry":{"type":"LineString","coordinates":[[17.63985913306657,59.86065778077771,7.550000190734863],[17.640056678511495,59.860750966173946,7.329999923706055]]},"properties":{"slope":1.45}},{"type":"Feature","geometry":{"type":"LineString","coordinates":[[17.64206026781072,59.85979686053315,6.429999828338623],[17.64170840079581,59.859636266777514,6.590000152587891]]},"properties":{"slope":0.601}},{"type":"Feature","geometry":{"type":"LineString","coordinates":[[17.641564453967305,59.85966903500448,6.78000020980835],[17.64141951739727,59.85975216680372,6.880000114440918]]},"properties":{"slope":0.812}},{"type":"Feature","geometry":{"type":"LineString","coordinates":[[17.640156216198747,59.860730760922785,7.239999771118164],[17.64030073193891,59.86065968075817,7.349999904632568]]},"properties":{"slope":0.97}},{"type":"Feature","geometry":{"type":"LineString","coordinates":[[17.6401232967405,59.8605132502623,7.590000152587891],[17.640324097019892,59.86060686963102,7.300000190734863]]},"properties":{"slope":1.889}},{"type":"Feature","geometry":{"type":"LineString","coordinates":[[17.644758330993113,59.857973380423225,5.150000095367432],[17.644987614321956,59.85805299387718,5.28000020980835]]},"properties":{"slope":0.833}},{"type":"Feature","geometry":{"type":"LineString","coordinates":[[17.63496679569471,59.86360513205328,7.46999979019165],[17.63511114217365,59.863517715485614,7.769999980926514]]},"properties":{"slope":2.37}},{"type":"Feature","geometry":{"type":"LineString","coordinates":[[17.63493373163169,59.86338305521099,7.670000076293945],[17.635130643985637,59.86347179233977,7.789999961853027]]},"properties":{"slope":0.81}},{"type":"Feature","geometry":{"type":"LineString","coordinates":[[17.634638466745294,59.863536305786695,7.630000114440918],[17.634858582458204,59.86362425058859,7.460000038146973]]},"properties":{"slope":1.079}},{"type":"Feature","geometry":{"type":"LineString","coordinates":[[17.64344318609782,59.85430434874015,3.960000038146973],[17.643297587562767,59.854250140808084,3.960000038146973]]},"properties":{"slope":0.001}},{"type":"Feature","geometry":{"type":"LineString","coordinates":[[17.64890899446936,59.8568139175982,6.119999885559082],[17.64902043595788,59.85675265097272,5.880000114440918]]},"properties":{"slope":2.594}},{"type":"Feature","geometry":{"type":"LineString","coordinates":[[17.64826261100921,59.857219462346166,5.989999771118164],[17.648482845976815,59.85732524826094,6.599999904632568]]},"properties":{"slope":3.575}},{"type":"Feature","geometry":{"type":"LineString","coordinates":[[17.633512139435453,59.860029930240394,6.809999942779541],[17.63348696436978,59.860045252218285,6.849999904632568]]},"properties":{"slope":0.195}},{"type":"Feature","geometry":{"type":"LineString","coordinates":[[17.63348696436978,59.860045252218285,6.849999904632568],[17.633370237379967,59.86011865253743,6.949999809265137]]},"properties":{"slope":0.195}},{"type":"Feature","geometry":{"type":"LineString","coordinates":[[17.633370237379967,59.86011865253743,6.949999809265137],[17.63334050472464,59.860137941549795,6.840000152587891]]},"properties":{"slope":0.195}},{"type":"Feature","geometry":{"type":"LineString","coordinates":[[17.650588001807908,59.855963640342026,5.949999809265137],[17.650455438722663,59.85590206816366,5.699999809265137]]},"properties":{"slope":2.472}},{"type":"Feature","geometry":{"type":"LineString","coordinates":[[17.64545331489397,59.858154394473,5.920000076293945],[17.64563221041324,59.858227303413535,5.880000114440918]]},"properties":{"slope":0.31}},{"type":"Feature","geometry":{"type":"LineString","coordinates":[[17.644986251313828,59.85836651284395,5.889999866485596],[17.64511211738719,59.85829457413143,5.889999866485596]]},"properties":{"slope":0.001}},{"type":"Feature","geometry":{"type":"LineString","coordinates":[[17.644837030901876,59.858188207401554,5.429999828338623],[17.644716201160072,59.85825428433207,5.409999847412109]]},"properties":{"slope":0.2}},{"type":"Feature","geometry":{"type":"LineString","coordinates":[[17.642955535698317,59.8592533283014,6.239999771118164],[17.642652864339848,59.859122385320426,6.099999904632568]]},"properties":{"slope":0.626}},{"type":"Feature","geometry":{"type":"LineString","coordinates":[[17.647517973297294,59.85531571649269,4.099999904632568],[17.647398331990527,59.85525832836314,4.21999979019165]]},"properties":{"slope":1.295}},{"type":"Feature","geometry":{"type":"LineString","coordinates":[[17.646724132839303,59.85563053425511,4.329999923706055],[17.64684865379958,59.85568864573321,4.369999885559082]]},"properties":{"slope":0.42}},{"type":"Feature","geometry":{"type":"LineString","coordinates":[[17.64532614335253,59.85499186854093,4.739999771118164],[17.645447172833446,59.85505120780765,4.849999904632568]]},"properties":{"slope":1.161}},{"type":"Feature","geometry":{"type":"LineString","coordinates":[[17.63357423373817,59.86144571378922,7.96999979019165],[17.633685369643345,59.86148940849139,7.78000020980835]]},"properties":{"slope":2.395}},{"type":"Feature","geometry":{"type":"LineString","coordinates":[[17.646514354324797,59.85794046171241,4.340000152587891],[17.646447331383214,59.85797686377709,5.119999885559082]]},"properties":{"slope":14.111}},{"type":"Feature","geometry":{"type":"LineString","coordinates":[[17.644550146302677,59.85340442877806,4.159999847412109],[17.644691910461564,59.853458355459324,4.239999771118164]]},"properties":{"slope":0.803}},{"type":"Feature","geometry":{"type":"LineString","coordinates":[[17.63381992432395,59.86035898290499,7.179999828338623],[17.633722093702087,59.860313944319316,6.980000019073486]]},"properties":{"slope":2.691}},{"type":"Feature","geometry":{"type":"LineString","coordinates":[[17.634893975423346,59.86083958336738,9.170000076293945],[17.634786034598054,59.860791571538506,9.069999694824219]]},"properties":{"slope":1.238}},{"type":"Feature","geometry":{"type":"LineString","coordinates":[[17.633191244844056,59.8601322977219,6.739999771118164],[17.633248474701865,59.86009317917008,6.53000020980835]]},"properties":{"slope":3.872}},{"type":"Feature","geometry":{"type":"LineString","coordinates":[[17.636039537163114,59.862768911833086,8.619999885559082],[17.636241009941063,59.862860268385845,8.420000076293945]]},"properties":{"slope":1.316}},{"type":"Feature","geometry":{"type":"LineString","coordinates":[[17.634411765547057,59.85964932955543,7.429999828338623],[17.634459428757317,59.85966840462723,7.599999904632568]]},"properties":{"slope":4.365}},{"type":"Feature","geometry":{"type":"LineString","coordinates":[[17.634459428757317,59.85966840462723,7.599999904632568],[17.63450134326847,59.85968518212288,7.710000038146973]]},"properties":{"slope":4.365}},{"type":"Feature","geometry":{"type":"LineString","coordinates":[[17.637324897540694,59.86083118070855,9.579999923706055],[17.637366772537458,59.86080829267064,9.609999656677246]]},"properties":{"slope":0.866}},{"type":"Feature","geometry":{"type":"LineString","coordinates":[[17.6385875841303,59.85835832305552,8.4399995803833],[17.638852176777913,59.858477090292716,8.489999771118164]]},"properties":{"slope":0.96}},{"type":"Feature","geometry":{"type":"LineString","coordinates":[[17.638852176777913,59.858477090292716,8.489999771118164],[17.638979657245258,59.85853431418319,8.569999020859981]]},"properties":{"slope":0.96}},{"type":"Feature","geometry":{"type":"LineString","coordinates":[[17.638979657245258,59.85853431418319,8.569999020859981],[17.639113163719163,59.85859423762536,8.359999656677246]]},"properties":{"slope":0.96}},{"type":"Feature","geometry":{"type":"LineString","coordinates":[[17.639113163719163,59.85859423762536,8.359999656677246],[17.639253384722693,59.85865718168055,7.960000038146973]]},"properties":{"slope":0.96}},{"type":"Feature","geometry":{"type":"LineString","coordinates":[[17.639253384722693,59.85865718168055,7.960000038146973],[17.639338379041806,59.858695334740986,8.0600004196167]]},"properties":{"slope":1.722}},{"type":"Feature","geometry":{"type":"LineString","coordinates":[[17.639338379041806,59.858695334740986,8.0600004196167],[17.63938483292401,59.85871618109253,8.130000114440918]]},"properties":{"slope":1.722}},{"type":"Feature","geometry":{"type":"LineString","coordinates":[[17.639230201139203,59.85875581359763,8.25],[17.639007640868265,59.85865319978935,8.399999618530273]]},"properties":{"slope":0.54}},{"type":"Feature","geometry":{"type":"LineString","coordinates":[[17.639007640868265,59.85865319978935,8.399999618530273],[17.638874428570237,59.85859178549023,8.659998164312078]]},"properties":{"slope":0.54}},{"type":"Feature","geometry":{"type":"LineString","coordinates":[[17.638874428570237,59.85859178549023,8.659998164312078],[17.63875105378862,59.85853490762864,8.510000228881836]]},"properties":{"slope":0.54}},{"type":"Feature","geometry":{"type":"LineString","coordinates":[[17.63875105378862,59.85853490762864,8.510000228881836],[17.638572367581986,59.85845252314242,8.520000457763672]]},"properties":{"slope":0.54}},{"type":"Feature","geometry":{"type":"LineString","coordinates":[[17.638572367581986,59.85845252314242,8.520000457763672],[17.638486666110857,59.858413009665554,8.619999885559082]]},"properties":{"slope":1.535}},{"type":"Feature","geometry":{"type":"LineString","coordinates":[[17.644986251313828,59.85836651284395,5.889999866485596],[17.644716201160072,59.85825428433207,5.409999847412109]]},"properties":{"slope":2.445}},{"type":"Feature","geometry":{"type":"LineString","coordinates":[[17.645686465253764,59.85767716883888,5.070000171661377],[17.64601367363026,59.85782569916134,5.570000171661377]]},"properties":{"slope":2.024}},{"type":"Feature","geometry":{"type":"LineString","coordinates":[[17.64765152528411,59.85715151107567,5.670000076293945],[17.647829233385064,59.85705195930002,5.75]]},"properties":{"slope":0.537}},{"type":"Feature","geometry":{"type":"LineString","coordinates":[[17.643360410968725,59.854206950777176,3.920000076293945],[17.64331537185525,59.854192465917905,3.390000104904175]]},"properties":{"slope":17.69}},{"type":"Feature","geometry":{"type":"LineString","coordinates":[[17.636488590408263,59.86276936232533,8.449999809265137],[17.636363525535025,59.86283683644523,8.470000267028809]]},"properties":{"slope":0.195}},{"type":"Feature","geometry":{"type":"LineString","coordinates":[[17.63887203438081,59.86140207999036,7.730000019073486],[17.638769724051194,59.861461055935756,7.699999809265137]]},"properties":{"slope":0.344}},{"type":"Feature","geometry":{"type":"LineString","coordinates":[[17.641310639951637,59.85987492562978,6.809999942779541],[17.64159574571415,59.85999954310843,6.679999828338623]]},"properties":{"slope":0.614}},{"type":"Feature","geometry":{"type":"LineString","coordinates":[[17.648137783351334,59.85724520787981,6.099999904632568],[17.64804210242039,59.85731291628195,6.079999923706055]]},"properties":{"slope":0.216}},{"type":"Feature","geometry":{"type":"LineString","coordinates":[[17.636201476679304,59.86268014950499,8.6899995803833],[17.63612343083726,59.86272292678312,8.609999656677246]]},"properties":{"slope":1.237}},{"type":"Feature","geometry":{"type":"LineString","coordinates":[[17.63357423373817,59.86144571378922,7.96999979019165],[17.633476357179728,59.8614991719736,7.78000020980835]]},"properties":{"slope":2.347}},{"type":"Feature","geometry":{"type":"LineString","coordinates":[[17.638486666110857,59.858413009665554,8.619999885559082],[17.6385875841303,59.85835832305552,8.4399995803833]]},"properties":{"slope":2.165}},{"type":"Feature","geometry":{"type":"LineString","coordinates":[[17.639338379041806,59.858695334740986,8.0600004196167],[17.639230201139203,59.85875581359763,8.25]]},"properties":{"slope":2.096}},{"type":"Feature","geometry":{"type":"LineString","coordinates":[[17.63875105378862,59.85853490762864,8.510000228881836],[17.638852176777913,59.858477090292716,8.489999771118164]]},"properties":{"slope":0.233}},{"type":"Feature","geometry":{"type":"LineString","coordinates":[[17.639113163719163,59.85859423762536,8.359999656677246],[17.639007640868265,59.85865319978935,8.399999618530273]]},"properties":{"slope":0.453}},{"type":"Feature","geometry":{"type":"LineString","coordinates":[[17.638193277320767,59.85857407608984,9.199999809265137],[17.63873132760613,59.85866837552317,8.819999694824219]]},"properties":{"slope":1.54}},{"type":"Feature","geometry":{"type":"LineString","coordinates":[[17.63873132760613,59.85866837552317,8.819999694824219],[17.638731333648334,59.85866837658221,8.819991959332153]]},"properties":{"slope":1.54}},{"type":"Feature","geometry":{"type":"LineString","coordinates":[[17.638731333648334,59.85866837658221,8.819991959332153],[17.63903595705452,59.85872176851881,8.430000305175781]]},"properties":{"slope":1.54}},{"type":"Feature","geometry":{"type":"LineString","coordinates":[[17.63903595705452,59.85872176851881,8.430000305175781],[17.639230201139203,59.85875581359763,8.25]]},"properties":{"slope":1.562}},{"type":"Feature","geometry":{"type":"LineString","coordinates":[[17.638937254041835,59.85891744386005,8.989999771118164],[17.638731330066705,59.858668378499246,8.820001726135226]]},"properties":{"slope":0.98}},{"type":"Feature","geometry":{"type":"LineString","coordinates":[[17.638731330066705,59.858668378499246,8.820001726135226],[17.63873132760613,59.85866837552317,8.819999694824219]]},"properties":{"slope":0.98}},{"type":"Feature","geometry":{"type":"LineString","coordinates":[[17.63873132760613,59.85866837552317,8.819999694824219],[17.638576742833212,59.85850702791704,8.5]]},"properties":{"slope":0.98}},{"type":"Feature","geometry":{"type":"LineString","coordinates":[[17.638576742833212,59.85850702791704,8.5],[17.638486666110857,59.858413009665554,8.619999885559082]]},"properties":{"slope":1.032}},{"type":"Feature","geometry":{"type":"LineString","coordinates":[[17.639230201139203,59.85875581359763,8.25],[17.638937254041835,59.85891744386005,8.989999771118164]]},"properties":{"slope":1.7}},{"type":"Feature","geometry":{"type":"LineString","coordinates":[[17.638937254041835,59.85891744386005,8.989999771118164],[17.638600121445236,59.85876185191389,9.100000381469727]]},"properties":{"slope":1.7}},{"type":"Feature","geometry":{"type":"LineString","coordinates":[[17.638600121445236,59.85876185191389,9.100000381469727],[17.638577199075655,59.85875127279815,9.090001126781349]]},"properties":{"slope":0.7}},{"type":"Feature","geometry":{"type":"LineString","coordinates":[[17.638577199075655,59.85875127279815,9.090001126781349],[17.638193277320767,59.85857407608984,9.199999809265137]]},"properties":{"slope":0.7}},{"type":"Feature","geometry":{"type":"LineString","coordinates":[[17.638193277320767,59.85857407608984,9.199999809265137],[17.63842309904623,59.85844790729892,8.75]]},"properties":{"slope":0.7}},{"type":"Feature","geometry":{"type":"LineString","coordinates":[[17.63842309904623,59.85844790729892,8.75],[17.638486666110857,59.858413009665554,8.619999885559082]]},"properties":{"slope":2.465}},{"type":"Feature","geometry":{"type":"LineString","coordinates":[[17.6385875841303,59.85835832305552,8.4399995803833],[17.639123011489318,59.858454472196,8.5]]},"properties":{"slope":0.28}},{"type":"Feature","geometry":{"type":"LineString","coordinates":[[17.639123011489318,59.858454472196,8.5],[17.6391230170691,59.85845447319795,8.499996340969123]]},"properties":{"slope":0.28}},{"type":"Feature","geometry":{"type":"LineString","coordinates":[[17.6391230170691,59.85845447319795,8.499996340969123],[17.639427998794076,59.85850923771051,8.300000190734863]]},"properties":{"slope":0.28}},{"type":"Feature","geometry":{"type":"LineString","coordinates":[[17.639427998794076,59.85850923771051,8.300000190734863],[17.639613576171065,59.85854256076173,8.329999923706055]]},"properties":{"slope":0.272}},{"type":"Feature","geometry":{"type":"LineString","coordinates":[[17.639338379041806,59.858695334740986,8.0600004196167],[17.6391230139312,59.85845447492699,8.49999501115262]]},"properties":{"slope":0.34}},{"type":"Feature","geometry":{"type":"LineString","coordinates":[[17.6391230139312,59.85845447492699,8.49999501115262],[17.639123011489318,59.858454472196,8.5]]},"properties":{"slope":0.34}},{"type":"Feature","geometry":{"type":"LineString","coordinates":[[17.639123011489318,59.858454472196,8.5],[17.63895975347987,59.858288973997944,8.229999542236328]]},"properties":{"slope":0.34}},{"type":"Feature","geometry":{"type":"LineString","coordinates":[[17.63895975347987,59.858288973997944,8.229999542236328],[17.63887232139815,59.85820034142102,8.270000457763672]]},"properties":{"slope":0.363}},{"type":"Feature","geometry":{"type":"LineString","coordinates":[[17.6385875841303,59.85835832305552,8.4399995803833],[17.63887232139815,59.85820034142102,8.270000457763672]]},"properties":{"slope":0.08}},{"type":"Feature","geometry":{"type":"LineString","coordinates":[[17.63887232139815,59.85820034142102,8.270000457763672],[17.63921741306985,59.85835966670828,8.399999618530273]]},"properties":{"slope":0.08}},{"type":"Feature","geometry":{"type":"LineString","coordinates":[[17.63921741306985,59.85835966670828,8.399999618530273],[17.639259786255977,59.85837922980489,8.479999519977056]]},"properties":{"slope":0.58}},{"type":"Feature","geometry":{"type":"LineString","coordinates":[[17.639259786255977,59.85837922980489,8.479999519977056],[17.639613576171065,59.85854256076173,8.329999923706055]]},"properties":{"slope":0.58}},{"type":"Feature","geometry":{"type":"LineString","coordinates":[[17.639613576171065,59.85854256076173,8.329999923706055],[17.639375462171607,59.85867474838583,8.109999656677246]]},"properties":{"slope":0.58}},{"type":"Feature","geometry":{"type":"LineString","coordinates":[[17.639375462171607,59.85867474838583,8.109999656677246],[17.639338379041806,59.858695334740986,8.0600004196167]]},"properties":{"slope":1.616}},{"type":"Feature","geometry":{"type":"LineString","coordinates":[[17.640639644832923,59.85663158330653,5.590000152587891],[17.640582491925546,59.85657281406241,5.510000228881836]]},"properties":{"slope":1.096}},{"type":"Feature","geometry":{"type":"LineString","coordinates":[[17.641680887942258,59.85701544639495,6.150000095367432],[17.64165124613316,59.856984377400366,6.099999904632568]]},"properties":{"slope":0.44}},{"type":"Feature","geometry":{"type":"LineString","coordinates":[[17.64165124613316,59.856984377400366,6.099999904632568],[17.64128243866498,59.856890427184624,6.039999961853027],[17.64095561776165,59.8567655577332,5.929999828338623]]},"properties":{"slope":0.44}},{"type":"Feature","geometry":{"type":"LineString","coordinates":[[17.64095561776165,59.8567655577332,5.929999828338623],[17.640639644832923,59.85663158330653,5.590000152587891]]},"properties":{"slope":1.454}},{"type":"Feature","geometry":{"type":"LineString","coordinates":[[17.643359156958613,59.85873339005085,5.889999866485596],[17.643406451394352,59.85870734815571,5.78999914194]]},"properties":{"slope":1.34}},{"type":"Feature","geometry":{"type":"LineString","coordinates":[[17.643406451394352,59.85870734815571,5.78999914194],[17.643457946278676,59.85867898505292,5.78000020980835]]},"properties":{"slope":1.34}},{"type":"Feature","geometry":{"type":"LineString","coordinates":[[17.638513115293943,59.85767239742807,5.300000190734863],[17.638441617405533,59.85763679190997,5.139999866485596]]},"properties":{"slope":2.629}},{"type":"Feature","geometry":{"type":"LineString","coordinates":[[17.638441617405533,59.85763679190997,5.139999866485596],[17.638392525788028,59.857612343502964,5.050000190734863]]},"properties":{"slope":2.629}},{"type":"Feature","geometry":{"type":"LineString","coordinates":[[17.64849536194862,59.85477755814884,3.950000047683716],[17.648443704066242,59.85480593603291,3.900000095367432]]},"properties":{"slope":1.166}},{"type":"Feature","geometry":{"type":"LineString","coordinates":[[17.648443704066242,59.85480593603291,3.900000095367432],[17.6483913305901,59.85483477798621,3.950000047683716]]},"properties":{"slope":1.149}},{"type":"Feature","geometry":{"type":"LineString","coordinates":[[17.649486027180725,59.85534348216911,3.990000009536743],[17.64959216714851,59.85528531249604,4.179999828338623]]},"properties":{"slope":2.16}},{"type":"Feature","geometry":{"type":"LineString","coordinates":[[17.64786099713867,59.85442060402144,4.349999904632568],[17.64824574033299,59.85459735090174,4.110000133514404],[17.64831415946762,59.854749961467,3.990000009536743]]},"properties":{"slope":0.772}},{"type":"Feature","geometry":{"type":"LineString","coordinates":[[17.64814305502347,59.8548449913965,3.980000019073486],[17.647831565952295,59.854824026896665,4.25],[17.64748138882024,59.854662908020515,4.28000020980835]]},"properties":{"slope":0.469}},{"type":"Feature","geometry":{"type":"LineString","coordinates":[[17.64748138882024,59.854662908020515,4.28000020980835],[17.64744610893967,59.85464665074647,4.199999809265137]]},"properties":{"slope":0.469}},{"type":"Feature","geometry":{"type":"LineString","coordinates":[[17.64591661984028,59.85382216608933,4.420000076293945],[17.645990597414823,59.85385670411763,4.46999979019165]]},"properties":{"slope":0.884}},{"type":"Feature","geometry":{"type":"LineString","coordinates":[[17.645657502079306,59.853701190260296,4.449999809265137],[17.64576037250491,59.85374921652427,4.369999885559082]]},"properties":{"slope":1.017}},{"type":"Feature","geometry":{"type":"LineString","coordinates":[[17.643248585122535,59.85911469955314,6.110000133514404],[17.64312540133818,59.85918922355908,6.159999847412109]]},"properties":{"slope":0.463}},{"type":"Feature","geometry":{"type":"LineString","coordinates":[[17.640349453142672,59.85926731312841,7.739999771118164],[17.640312014835914,59.85925034909328,7.739999771118164]]},"properties":{"slope":0.001}},{"type":"Feature","geometry":{"type":"LineString","coordinates":[[17.640312014835914,59.85925034909328,7.739999771118164],[17.640312011985802,59.85925034780184,7.739999771118164]]},"properties":{"slope":0.001}},{"type":"Feature","geometry":{"type":"LineString","coordinates":[[17.640312011985802,59.85925034780184,7.739999771118164],[17.64023989046934,59.859216640121,7.829999923706055]]},"properties":{"slope":1.631}},{"type":"Feature","geometry":{"type":"LineString","coordinates":[[17.64637792351957,59.85582271850693,4.329999923706055],[17.64644668028947,59.855854313399895,4.230000019073486]]},"properties":{"slope":1.916}},{"type":"Feature","geometry":{"type":"LineString","coordinates":[[17.64644668028947,59.855854313399895,4.230000019073486],[17.64650312027981,59.8558811878981,4.340000152587891]]},"properties":{"slope":2.526}},{"type":"Feature","geometry":{"type":"LineString","coordinates":[[17.636363525535025,59.86283683644523,8.470000267028809],[17.636241009941063,59.862860268385845,8.420000076293945]]},"properties":{"slope":0.632}},{"type":"Feature","geometry":{"type":"LineString","coordinates":[[17.636481068642297,59.862731396476065,8.59000015258789],[17.636468120255017,59.86274477530646,8.510000228881836],[17.636488590408263,59.86276936232533,8.449999809265137]]},"properties":{"slope":2.988}},{"type":"Feature","geometry":{"type":"LineString","coordinates":[[17.636280751352746,59.86263521333011,8.789999961853027],[17.63638849454213,59.86268696112073,8.760000228881836]]},"properties":{"slope":0.359}},{"type":"Feature","geometry":{"type":"LineString","coordinates":[[17.63638849454213,59.86268696112073,8.760000228881836],[17.636481068642297,59.862731396476065,8.59000015258789]]},"properties":{"slope":2.371}},{"type":"Feature","geometry":{"type":"LineString","coordinates":[[17.647245648220135,59.85737949533237,5.510000228881836],[17.64726721274955,59.85736730540593,5.519999980926514]]},"properties":{"slope":0.55}},{"type":"Feature","geometry":{"type":"LineString","coordinates":[[17.64726721274955,59.85736730540593,5.519999980926514],[17.64728730001435,59.85735678691725,5.5]]},"properties":{"slope":1.231}},{"type":"Feature","geometry":{"type":"LineString","coordinates":[[17.647351469792692,59.85732319703016,5.550000190734863],[17.647369110410974,59.857313962604216,5.519999980926514]]},"properties":{"slope":2.103}},{"type":"Feature","geometry":{"type":"LineString","coordinates":[[17.647369110410974,59.857313962604216,5.519999980926514],[17.647388860072788,59.85730265857621,5.550000190734863]]},"properties":{"slope":1.789}},{"type":"Feature","geometry":{"type":"LineString","coordinates":[[17.64746840776908,59.85725712445687,5.570000171661377],[17.647489813008725,59.85724445945245,5.590000152587891]]},"properties":{"slope":1.08}},{"type":"Feature","geometry":{"type":"LineString","coordinates":[[17.647451003278842,59.857267089357045,5.579999923706055],[17.64746840776908,59.85725712445687,5.570000171661377]]},"properties":{"slope":0.677}},{"type":"Feature","geometry":{"type":"LineString","coordinates":[[17.647565141794015,59.857199902375065,5.539999961853027],[17.647585536580227,59.85718847113176,5.559999942779541]]},"properties":{"slope":1.169}},{"type":"Feature","geometry":{"type":"LineString","coordinates":[[17.647544485624866,59.857212116909935,5.610000133514404],[17.647565141794015,59.857199902375065,5.539999961853027]]},"properties":{"slope":3.918}},{"type":"Feature","geometry":{"type":"LineString","coordinates":[[17.646638435672624,59.85439257293777,4.269999980926514],[17.646684930701795,59.854367019155546,4.179999828338623]]},"properties":{"slope":2.332}},{"type":"Feature","geometry":{"type":"LineString","coordinates":[[17.646607451087927,59.85440959188431,4.340000152587891],[17.646638435672624,59.85439257293777,4.269999980926514]]},"properties":{"slope":2.723}},{"type":"Feature","geometry":{"type":"LineString","coordinates":[[17.635130643985637,59.86347179233977,7.789999961853027],[17.63510289042156,59.8634946396094,7.820000171661377],[17.63511114217365,59.863517715485614,7.769999980926514]]},"properties":{"slope":0.348}},{"type":"Feature","geometry":{"type":"LineString","coordinates":[[17.63511114217365,59.863517715485614,7.769999980926514],[17.635773230005896,59.86381871103081,7.460000038146973]]},"properties":{"slope":0.62}},{"type":"Feature","geometry":{"type":"LineString","coordinates":[[17.635773230005896,59.86381871103081,7.460000038146973],[17.6361728392278,59.86401377940019,7.659999847412109]]},"properties":{"slope":0.631}},{"type":"Feature","geometry":{"type":"LineString","coordinates":[[17.639991714269243,59.85651531264868,4.869999885559082],[17.639920869810325,59.85649406350037,4.480000019073486]]},"properties":{"slope":8.437}},{"type":"Feature","geometry":{"type":"LineString","coordinates":[[17.640057357633758,59.85653708722129,4.960000038146973],[17.640028965037327,59.85652726387856,4.880000114440918]]},"properties":{"slope":4.142}},{"type":"Feature","geometry":{"type":"LineString","coordinates":[[17.640092067840264,59.85654811863282,5.03000020980835],[17.640057357633758,59.85653708722129,4.960000038146973]]},"properties":{"slope":3.042}},{"type":"Feature","geometry":{"type":"LineString","coordinates":[[17.640028965037327,59.85652726387856,4.880000114440918],[17.64001190341205,59.856521367537766,4.880000114440918]]},"properties":{"slope":0.001}},{"type":"Feature","geometry":{"type":"LineString","coordinates":[[17.64001190341205,59.856521367537766,4.880000114440918],[17.639991714269243,59.85651531264868,4.869999885559082]]},"properties":{"slope":0.759}},{"type":"Feature","geometry":{"type":"LineString","coordinates":[[17.6459161603357,59.8523735771329,4.460000038146973],[17.64611710239678,59.852150344821446,4.539999961853027]]},"properties":{"slope":0.293}},{"type":"Feature","geometry":{"type":"LineString","coordinates":[[17.647689087626805,59.85310825077641,4.610000133514404],[17.647037739039426,59.85280235658769,4.579999923706055]]},"properties":{"slope":0.06}},{"type":"Feature","geometry":{"type":"LineString","coordinates":[[17.647037739039426,59.85280235658769,4.579999923706055],[17.64637214407617,59.852503678835525,4.550000190734863]]},"properties":{"slope":0.06}},{"type":"Feature","geometry":{"type":"LineString","coordinates":[[17.64637214407617,59.852503678835525,4.550000190734863],[17.64603953123385,59.85237746386711,4.570000171661377],[17.6459161603357,59.8523735771329,4.460000038146973]]},"properties":{"slope":0.295}},{"type":"Feature","geometry":{"type":"LineString","coordinates":[[17.65103717901624,59.8547651371183,4.809999942779541],[17.651273342116482,59.85463794247869,4.71999979019165],[17.651351335876214,59.85456093728127,4.820000171661377]]},"properties":{"slope":0.034}},{"type":"Feature","geometry":{"type":"LineString","coordinates":[[17.64952260544945,59.85403580588333,4.820000171661377],[17.649549558054673,59.85401978819088,4.769999980926514]]},"properties":{"slope":0.717}},{"type":"Feature","geometry":{"type":"LineString","coordinates":[[17.649549558054673,59.85401978819088,4.769999980926514],[17.649819333784823,59.853866936606586,4.639999866485596]]},"properties":{"slope":0.717}},{"type":"Feature","geometry":{"type":"LineString","coordinates":[[17.650277664595865,59.855108950950964,5.010000228881836],[17.650124166730247,59.85527177513514,5.019999980926514],[17.64996708685344,59.85537078644468,4.829999923706055],[17.649933548626848,59.855425660262405,4.71999979019165]]},"properties":{"slope":0.715}},{"type":"Feature","geometry":{"type":"LineString","coordinates":[[17.647708928974257,59.85318789671492,4.53000020980835],[17.647689087626805,59.85310825077641,4.610000133514404]]},"properties":{"slope":0.893}},{"type":"Feature","geometry":{"type":"LineString","coordinates":[[17.644692545737893,59.858757328258456,6.099999904632568],[17.644154089735448,59.859083107814115,6.409999847412109]]},"properties":{"slope":0.657}},{"type":"Feature","geometry":{"type":"LineString","coordinates":[[17.644154089735448,59.859083107814115,6.409999847412109],[17.644406641285943,59.85919949360462,6.5]]},"properties":{"slope":0.469}},{"type":"Feature","geometry":{"type":"LineString","coordinates":[[17.63499025128586,59.86063413986556,9.5],[17.635076701287385,59.860672794310815,9.669994435658417]]},"properties":{"slope":1.956}},{"type":"Feature","geometry":{"type":"LineString","coordinates":[[17.635076701287385,59.860672794310815,9.669994435658417],[17.63514709263825,59.86070426376807,9.729999542236328]]},"properties":{"slope":1.956}},{"type":"Feature","geometry":{"type":"LineString","coordinates":[[17.64848189701085,59.85293105231498,4.960000038146973],[17.648250456918504,59.85305580596975,4.760000228881836]]},"properties":{"slope":1.052}},{"type":"Feature","geometry":{"type":"LineString","coordinates":[[17.64993639091665,59.85392164785994,4.710000038146973],[17.649819333784823,59.853866936606586,4.639999866485596]]},"properties":{"slope":0.2}},{"type":"Feature","geometry":{"type":"LineString","coordinates":[[17.649819333784823,59.853866936606586,4.639999866485596],[17.649282706425264,59.8536161488196,4.610000133514404]]},"properties":{"slope":0.2}},{"type":"Feature","geometry":{"type":"LineString","coordinates":[[17.649282706425264,59.8536161488196,4.610000133514404],[17.649127110391074,59.85354343133911,4.619999885559082]]},"properties":{"slope":0.54}},{"type":"Feature","geometry":{"type":"LineString","coordinates":[[17.649127110391074,59.85354343133911,4.619999885559082],[17.64862902713748,59.85331065010675,4.880000114440918]]},"properties":{"slope":0.54}},{"type":"Feature","geometry":{"type":"LineString","coordinates":[[17.64862902713748,59.85331065010675,4.880000114440918],[17.6482732918052,59.853144392577235,4.739999771118164]]},"properties":{"slope":0.454}},{"type":"Feature","geometry":{"type":"LineString","coordinates":[[17.6482732918052,59.853144392577235,4.739999771118164],[17.648168057136367,59.85309483833243,4.710000038146973]]},"properties":{"slope":0.454}},{"type":"Feature","geometry":{"type":"LineString","coordinates":[[17.648168057136367,59.85309483833243,4.710000038146973],[17.648122026113395,59.8530638149946,4.699999809265137]]},"properties":{"slope":0.454}},{"type":"Feature","geometry":{"type":"LineString","coordinates":[[17.649256626280717,59.853473470527696,4.739999771118164],[17.649127110391074,59.85354343133911,4.619999885559082]]},"properties":{"slope":1.127}},{"type":"Feature","geometry":{"type":"LineString","coordinates":[[17.65058021810701,59.85455339183357,4.940000057220459],[17.649947021085445,59.85423886616708,4.900000095367432]]},"properties":{"slope":0.08}},{"type":"Feature","geometry":{"type":"LineString","coordinates":[[17.649947021085445,59.85423886616708,4.900000095367432],[17.649691728457164,59.85412027667276,4.710000038146973]]},"properties":{"slope":0.975}},{"type":"Feature","geometry":{"type":"LineString","coordinates":[[17.650628307066217,59.85460859204468,4.940000057220459],[17.65058021810701,59.85455339183357,4.940000057220459]]},"properties":{"slope":0.001}},{"type":"Feature","geometry":{"type":"LineString","coordinates":[[17.649691728457164,59.85412027667276,4.710000038146973],[17.6496716128495,59.85411138801043,4.690000057220459]]},"properties":{"slope":1.333}},{"type":"Feature","geometry":{"type":"LineString","coordinates":[[17.649576984231686,59.85406494760005,4.670000076293945],[17.64956407181478,59.85405802674995,4.710000038146973]]},"properties":{"slope":3.783}},{"type":"Feature","geometry":{"type":"LineString","coordinates":[[17.64329435094514,59.864686242482016,9.979999542236328],[17.64327440175663,59.864676757000225,9.869999885559082]]},"properties":{"slope":7.151}},{"type":"Feature","geometry":{"type":"LineString","coordinates":[[17.643362292733652,59.864717570004345,10.069999694824219],[17.64329435094514,59.864686242482016,9.979999542236328]]},"properties":{"slope":1.743}},{"type":"Feature","geometry":{"type":"LineString","coordinates":[[17.64341924282984,59.864743832183436,10.289999961853027],[17.643362292733652,59.864717570004345,10.069999694824219]]},"properties":{"slope":5.082}},{"type":"Feature","geometry":{"type":"LineString","coordinates":[[17.64299005367942,59.86454209145992,9.430000305175781],[17.642678310071375,59.8643976895253,8.880000114440918]]},"properties":{"slope":2.316}},{"type":"Feature","geometry":{"type":"LineString","coordinates":[[17.625046763944415,59.85756505383461,18.709999084472656],[17.624909720561252,59.857638373473534,18.709999084472656]]},"properties":{"slope":0.001}},{"type":"Feature","geometry":{"type":"LineString","coordinates":[[17.62473491617791,59.85756654320818,18.920000076293945],[17.624878515608454,59.85765492754057,18.829999923706055]]},"properties":{"slope":0.707}},{"type":"Feature","geometry":{"type":"LineString","coordinates":[[17.624884056000052,59.8574856075241,18.940000534057617],[17.625096306196667,59.857538276583696,18.829999923706055]]},"properties":{"slope":0.817}},{"type":"Feature","geometry":{"type":"LineString","coordinates":[[17.631904832094968,59.86230428726212,7.289999961853027],[17.631692393144235,59.862135518757334,7.599999904632568]]},"properties":{"slope":1.393}},{"type":"Feature","geometry":{"type":"LineString","coordinates":[[17.635242745987078,59.855319571033306,13.390000343322754],[17.635708375559783,59.85534264653354,10.579999923706055],[17.63591177744708,59.8553142114573,9.460000038146973],[17.636078515720925,59.855249885360664,8.640000343322754]]},"properties":{"slope":9.499}},{"type":"Feature","geometry":{"type":"LineString","coordinates":[[17.636078515720925,59.855249885360664,8.640000343322754],[17.63621949654324,59.85519162173872,8.279999732971191],[17.63629585582195,59.85520860808122,8.300000190734863]]},"properties":{"slope":2.25}},{"type":"Feature","geometry":{"type":"LineString","coordinates":[[17.636917282585134,59.85477183111133,6.960000038146973],[17.636771195917724,59.854851554804725,7.679999828338623],[17.636208701939843,59.8550381574693,11.3100004196167]]},"properties":{"slope":8.699}},{"type":"Feature","geometry":{"type":"LineString","coordinates":[[17.636208701939843,59.8550381574693,11.3100004196167],[17.636155369378365,59.85505656460863,11.300000190734863]]},"properties":{"slope":0.276}},{"type":"Feature","geometry":{"type":"LineString","coordinates":[[17.635622858041256,59.855224548951014,12.779999732971191],[17.636155369378365,59.85505656460863,11.300000190734863]]},"properties":{"slope":4.2}},{"type":"Feature","geometry":{"type":"LineString","coordinates":[[17.635622858041256,59.855224548951014,12.779999732971191],[17.635242745987078,59.855319571033306,13.390000343322754]]},"properties":{"slope":2.564}},{"type":"Feature","geometry":{"type":"LineString","coordinates":[[17.634659242259467,59.855437985844276,14.510000228881836],[17.635242745987078,59.855319571033306,13.390000343322754]]},"properties":{"slope":3.176}},{"type":"Feature","geometry":{"type":"LineString","coordinates":[[17.633631705800436,59.85559247191691,17.25],[17.634026794144685,59.85555025387016,16.729999542236328]]},"properties":{"slope":2.279}},{"type":"Feature","geometry":{"type":"LineString","coordinates":[[17.625096306196667,59.857538276583696,18.829999923706055],[17.625220603026534,59.85755032320406,18.889999389648438]]},"properties":{"slope":0.846}},{"type":"Feature","geometry":{"type":"LineString","coordinates":[[17.639017317877435,59.85380327956301,5.349999904632568],[17.639460143439557,59.853414054351056,4.949999809265137]]},"properties":{"slope":0.8}},{"type":"Feature","geometry":{"type":"LineString","coordinates":[[17.639460143439557,59.853414054351056,4.949999809265137],[17.63950646578993,59.85338086225024,4.920000076293945]]},"properties":{"slope":0.664}},{"type":"Feature","geometry":{"type":"LineString","coordinates":[[17.640059811551335,59.85463083048358,4.489999771118164],[17.640105382467585,59.85464254339614,4.46999979019165]]},"properties":{"slope":0.92}},{"type":"Feature","geometry":{"type":"LineString","coordinates":[[17.640105382467585,59.85464254339614,4.46999979019165],[17.64012891101218,59.854648588372186,4.449999809265137]]},"properties":{"slope":0.92}},{"type":"Feature","geometry":{"type":"LineString","coordinates":[[17.639017317877435,59.85380327956301,5.349999904632568],[17.639160555202217,59.853726415577555,4.920000076293945],[17.63950394299443,59.85343048288176,4.840000152587891]]},"properties":{"slope":1.02}},{"type":"Feature","geometry":{"type":"LineString","coordinates":[[17.63950394299443,59.85343048288176,4.840000152587891],[17.63950646578993,59.85338086225024,4.920000076293945]]},"properties":{"slope":1.447}},{"type":"Feature","geometry":{"type":"LineString","coordinates":[[17.62363270487621,59.85840368302764,15.079999923706055],[17.623575415862806,59.85843558206863,14.899999618530273]]},"properties":{"slope":3.399}},{"type":"Feature","geometry":{"type":"LineString","coordinates":[[17.623575415862806,59.85843558206863,14.899999618530273],[17.623367394879608,59.85855001216796,14.329999923706055]]},"properties":{"slope":3.399}},{"type":"Feature","geometry":{"type":"LineString","coordinates":[[17.627737831765053,59.8603320197734,9.270000457763672],[17.627507350372294,59.8604362069635,9.149999618530273]]},"properties":{"slope":0.691}},{"type":"Feature","geometry":{"type":"LineString","coordinates":[[17.623575415862806,59.85843558206863,14.899999618530273],[17.623640456982372,59.85846295142866,14.8100004196167]]},"properties":{"slope":1.894}},{"type":"Feature","geometry":{"type":"LineString","coordinates":[[17.639017317877435,59.85380327956301,5.349999904632568],[17.638695858795987,59.853705068367994,5.78000020980835]]},"properties":{"slope":2.04}},{"type":"Feature","geometry":{"type":"LineString","coordinates":[[17.632110378331763,59.85557141813881,22.079999923706055],[17.632115281134503,59.85553773620556,22.020000457763672]]},"properties":{"slope":1.595}},{"type":"Feature","geometry":{"type":"LineString","coordinates":[[17.62406052211216,59.85858537260908,15.0600004196167],[17.623997494681962,59.85861971318337,15.15999984741211]]},"properties":{"slope":1.921}},{"type":"Feature","geometry":{"type":"LineString","coordinates":[[17.62411122889893,59.858557737414415,15],[17.62406052211216,59.85858537260908,15.0600004196167]]},"properties":{"slope":1.432}},{"type":"Feature","geometry":{"type":"LineString","coordinates":[[17.63769611701633,59.85590107777261,5.510000228881836],[17.637678884167066,59.855910581085055,5.460000038146973]]},"properties":{"slope":3.489}},{"type":"Feature","geometry":{"type":"LineString","coordinates":[[17.64016881591845,59.8546076013138,4.519999980926514],[17.640105382467585,59.85464254339614,4.46999979019165]]},"properties":{"slope":0.948}},{"type":"Feature","geometry":{"type":"LineString","coordinates":[[17.625096306196667,59.857538276583696,18.829999923706055],[17.625046763944415,59.85756505383461,18.709999084472656]]},"properties":{"slope":2.945}},{"type":"Feature","geometry":{"type":"LineString","coordinates":[[17.631692393144235,59.862135518757334,7.599999904632568],[17.631185851504316,59.86189960093099,7.880000114440918]]},"properties":{"slope":0.723}},{"type":"Feature","geometry":{"type":"LineString","coordinates":[[17.628565176305717,59.86057704098918,9.199999809265137],[17.628452147034697,59.860525942202244,9.3100004196167]]},"properties":{"slope":1.29}},{"type":"Feature","geometry":{"type":"LineString","coordinates":[[17.626733769115543,59.85986448432066,9.65999984741211],[17.626768963920767,59.85988126270342,9.65999984741211]]},"properties":{"slope":0.001}},{"type":"Feature","geometry":{"type":"LineString","coordinates":[[17.626768963920767,59.85988126270342,9.65999984741211],[17.6268179691194,59.85990406824223,9.5600004196167]]},"properties":{"slope":2.673}},{"type":"Feature","geometry":{"type":"LineString","coordinates":[[17.62839413684518,59.860650079409076,9.109999656677246],[17.628242898833516,59.860576944921426,9.170000076293945]]},"properties":{"slope":0.51}},{"type":"Feature","geometry":{"type":"LineString","coordinates":[[17.632677099245168,59.859639466035574,7.380000114440918],[17.632962998559346,59.85977415749103,7.960000038146973]]},"properties":{"slope":2.642}},{"type":"Feature","geometry":{"type":"LineString","coordinates":[[17.632220986939693,59.859423871987424,8.3100004196167],[17.63257708095255,59.859592193403714,7.440000057220459]]},"properties":{"slope":3.177}},{"type":"Feature","geometry":{"type":"LineString","coordinates":[[17.632778262034744,59.85987202305685,7.920000076293945],[17.632521353030565,59.85974775094107,7.480000019073486]]},"properties":{"slope":0.24}},{"type":"Feature","geometry":{"type":"LineString","coordinates":[[17.632521353030565,59.85974775094107,7.480000019073486],[17.63212965146372,59.859563765472586,8.039999961853027]]},"properties":{"slope":0.24}},{"type":"Feature","geometry":{"type":"LineString","coordinates":[[17.63212965146372,59.859563765472586,8.039999961853027],[17.632018879851316,59.859511833807325,8.319999694824219]]},"properties":{"slope":3.3}},{"type":"Feature","geometry":{"type":"LineString","coordinates":[[17.633120730538344,59.85329399263538,29.600000381469727],[17.633943285838697,59.853467882807564,36.40999984741211]]},"properties":{"slope":13.618}},{"type":"Feature","geometry":{"type":"LineString","coordinates":[[17.633943285838697,59.853467882807564,36.40999984741211],[17.63435028050651,59.853553919874706,41.619998931884766]]},"properties":{"slope":15.589}},{"type":"Feature","geometry":{"type":"LineString","coordinates":[[17.63435028050651,59.853553919874706,41.619998931884766],[17.634509929434248,59.8535876701887,41.779998779296875]]},"properties":{"slope":15.589}},{"type":"Feature","geometry":{"type":"LineString","coordinates":[[17.631973291721476,59.85853280295323,11.1899995803833],[17.631737248825974,59.85862816688556,10.90999984741211]]},"properties":{"slope":1.78}},{"type":"Feature","geometry":{"type":"LineString","coordinates":[[17.631737248825974,59.85862816688556,10.90999984741211],[17.631277562166616,59.85881388794015,10.300000190734863]]},"properties":{"slope":1.78}},{"type":"Feature","geometry":{"type":"LineString","coordinates":[[17.631277562166616,59.85881388794015,10.300000190734863],[17.631158631148203,59.858861937454606,10.180000305175781]]},"properties":{"slope":1.547}},{"type":"Feature","geometry":{"type":"LineString","coordinates":[[17.631158631148203,59.858861937454606,10.180000305175781],[17.63109771385991,59.85888654605847,10.100000381469727]]},"properties":{"slope":1.547}},{"type":"Feature","geometry":{"type":"LineString","coordinates":[[17.633631705800436,59.85559247191691,17.25],[17.633898930070202,59.85596109452768,12.479999542236328],[17.633962120908823,59.8560077298476,11.930000305175781]]},"properties":{"slope":10.639}},{"type":"Feature","geometry":{"type":"LineString","coordinates":[[17.633962120908823,59.8560077298476,11.930000305175781],[17.633998444174694,59.85603453662047,11.609999656677246]]},"properties":{"slope":8.887}},{"type":"Feature","geometry":{"type":"LineString","coordinates":[[17.633998444174694,59.85603453662047,11.609999656677246],[17.63401516487932,59.85604309585256,11.489999771118164]]},"properties":{"slope":8.887}},{"type":"Feature","geometry":{"type":"LineString","coordinates":[[17.63401516487932,59.85604309585256,11.489999771118164],[17.63421740217731,59.856147166576015,9.729999542236328]]},"properties":{"slope":8.719}},{"type":"Feature","geometry":{"type":"LineString","coordinates":[[17.63421740217731,59.856147166576015,9.729999542236328],[17.634283436573465,59.85618182009039,9.609999656677246]]},"properties":{"slope":8.719}},{"type":"Feature","geometry":{"type":"LineString","coordinates":[[17.637678884167066,59.855910581085055,5.460000038146973],[17.63703917857454,59.85559766175233,6.110000133514404]]},"properties":{"slope":1.3}},{"type":"Feature","geometry":{"type":"LineString","coordinates":[[17.63703917857454,59.85559766175233,6.110000133514404],[17.636400231723336,59.85528435396609,8.020000457763672]]},"properties":{"slope":3.819}},{"type":"Feature","geometry":{"type":"LineString","coordinates":[[17.636400231723336,59.85528435396609,8.020000457763672],[17.636332628084173,59.855251141647265,8.180000305175781]]},"properties":{"slope":2.66}},{"type":"Feature","geometry":{"type":"LineString","coordinates":[[17.636332628084173,59.855251141647265,8.180000305175781],[17.63629585582195,59.85520860808122,8.300000190734863]]},"properties":{"slope":2.66}},{"type":"Feature","geometry":{"type":"LineString","coordinates":[[17.63210162800262,59.858501385292044,11.34000015258789],[17.63199328060452,59.85854595101861,11.020000457763672]]},"properties":{"slope":1.96}},{"type":"Feature","geometry":{"type":"LineString","coordinates":[[17.63199328060452,59.85854595101861,11.020000457763672],[17.63141085221369,59.85878554410747,10.359999656677246]]},"properties":{"slope":1.96}},{"type":"Feature","geometry":{"type":"LineString","coordinates":[[17.63141085221369,59.85878554410747,10.359999656677246],[17.631127255158077,59.85890088092808,10.039999961853027]]},"properties":{"slope":0.654}},{"type":"Feature","geometry":{"type":"LineString","coordinates":[[17.631127255158077,59.85890088092808,10.039999961853027],[17.630962805080088,59.858965382719056,10.149999618530273]]},"properties":{"slope":0.654}},{"type":"Feature","geometry":{"type":"LineString","coordinates":[[17.63825035629543,59.85408373715407,5.610000133514404],[17.63820659105096,59.854121767368206,5.53000020980835]]},"properties":{"slope":2.584}},{"type":"Feature","geometry":{"type":"LineString","coordinates":[[17.63820659105096,59.854121767368206,5.53000020980835],[17.63826237220063,59.854182834910084,5.289999961853027]]},"properties":{"slope":2.584}},{"type":"Feature","geometry":{"type":"LineString","coordinates":[[17.64130149053314,59.854535316804245,3.910000085830688],[17.64126927223625,59.85456639954439,3.930000066757202]]},"properties":{"slope":2.186}},{"type":"Feature","geometry":{"type":"LineString","coordinates":[[17.64126927223625,59.85456639954439,3.930000066757202],[17.641108337745177,59.854729925801344,4.440000057220459]]},"properties":{"slope":2.186}},{"type":"Feature","geometry":{"type":"LineString","coordinates":[[17.625220603026534,59.85755032320406,18.889999389648438],[17.625356146006798,59.85754214501925,19.040000915527344]]},"properties":{"slope":3.999}},{"type":"Feature","geometry":{"type":"LineString","coordinates":[[17.625356146006798,59.85754214501925,19.040000915527344],[17.62554320373306,59.857465814379175,19.719999313354492],[17.625882824578035,59.857271105264836,20.889999389648438]]},"properties":{"slope":3.999}},{"type":"Feature","geometry":{"type":"LineString","coordinates":[[17.625882824578035,59.857271105264836,20.889999389648438],[17.626402390662737,59.85697322511759,22.030000686645508]]},"properties":{"slope":2.582}},{"type":"Feature","geometry":{"type":"LineString","coordinates":[[17.631947829209814,59.855273156032325,24.079999923706055],[17.631855948705297,59.855275343064115,24.309999465942383],[17.631433895149105,59.85544494155952,24.81999969482422]]},"properties":{"slope":1.62}},{"type":"Feature","geometry":{"type":"LineString","coordinates":[[17.631433895149105,59.85544494155952,24.81999969482422],[17.63118456923505,59.855472578148735,24.889999389648438]]},"properties":{"slope":1.62}},{"type":"Feature","geometry":{"type":"LineString","coordinates":[[17.63118456923505,59.855472578148735,24.889999389648438],[17.631089923511592,59.85547817834305,24.93000030517578]]},"properties":{"slope":0.943}},{"type":"Feature","geometry":{"type":"LineString","coordinates":[[17.631089923511592,59.85547817834305,24.93000030517578],[17.63092965273699,59.85547226695862,24.979999542236328],[17.6304722657827,59.85526854205581,24.43000030517578]]},"properties":{"slope":0.943}},{"type":"Feature","geometry":{"type":"LineString","coordinates":[[17.638319851431323,59.85424194828746,5.260000228881836],[17.638452794710947,59.8542823464479,5.119999885559082]]},"properties":{"slope":1.24}},{"type":"Feature","geometry":{"type":"LineString","coordinates":[[17.638452794710947,59.8542823464479,5.119999885559082],[17.639120208477916,59.85443669031948,4.639999866485596]]},"properties":{"slope":1.24}},{"type":"Feature","geometry":{"type":"LineString","coordinates":[[17.639120208477916,59.85443669031948,4.639999866485596],[17.639904878669206,59.85459731338234,4.480000019073486]]},"properties":{"slope":0.24}},{"type":"Feature","geometry":{"type":"LineString","coordinates":[[17.639904878669206,59.85459731338234,4.480000019073486],[17.63994501069587,59.85460599761597,4.519999980926514]]},"properties":{"slope":0.24}},{"type":"Feature","geometry":{"type":"LineString","coordinates":[[17.63994501069587,59.85460599761597,4.519999980926514],[17.63999019006968,59.854615774032936,4.489999771118164]]},"properties":{"slope":1.088}},{"type":"Feature","geometry":{"type":"LineString","coordinates":[[17.64012891101218,59.854648588372186,4.449999809265137],[17.640902476901307,59.854849184405985,4.599999904632568]]},"properties":{"slope":0.4}},{"type":"Feature","geometry":{"type":"LineString","coordinates":[[17.640902476901307,59.854849184405985,4.599999904632568],[17.640921603145127,59.854854567793666,4.650000095367432]]},"properties":{"slope":0.4}},{"type":"Feature","geometry":{"type":"LineString","coordinates":[[17.640921603145127,59.854854567793666,4.650000095367432],[17.640964664107383,59.85486668797457,4.630000114440918]]},"properties":{"slope":0.117}},{"type":"Feature","geometry":{"type":"LineString","coordinates":[[17.640964664107383,59.85486668797457,4.630000114440918],[17.641054249972132,59.85489190032952,4.639999866485596]]},"properties":{"slope":0.117}},{"type":"Feature","geometry":{"type":"LineString","coordinates":[[17.63826237220063,59.854182834910084,5.289999961853027],[17.63828927641818,59.85421230347903,5.309999942779541]]},"properties":{"slope":0.554}},{"type":"Feature","geometry":{"type":"LineString","coordinates":[[17.63999019006968,59.854615774032936,4.489999771118164],[17.640059811551335,59.85463083048358,4.489999771118164]]},"properties":{"slope":0.001}},{"type":"Feature","geometry":{"type":"LineString","coordinates":[[17.641064533681714,59.85477161953781,4.679999828338623],[17.641008581105115,59.85482488493995,4.730000019073486]]},"properties":{"slope":0.745}},{"type":"Feature","geometry":{"type":"LineString","coordinates":[[17.641108337745177,59.854729925801344,4.440000057220459],[17.641082617813176,59.85475440397768,4.630000114440918]]},"properties":{"slope":4.568}},{"type":"Feature","geometry":{"type":"LineString","coordinates":[[17.641082617813176,59.85475440397768,4.630000114440918],[17.641064533681714,59.85477161953781,4.679999828338623]]},"properties":{"slope":4.568}},{"type":"Feature","geometry":{"type":"LineString","coordinates":[[17.63169323371841,59.86061970288369,6.71999979019165],[17.631778514653565,59.86065934777502,6.739999771118164]]},"properties":{"slope":1.14}},{"type":"Feature","geometry":{"type":"LineString","coordinates":[[17.631778514653565,59.86065934777502,6.739999771118164],[17.63183058522282,59.860685352243294,7.070000171661377]]},"properties":{"slope":1.14}},{"type":"Feature","geometry":{"type":"LineString","coordinates":[[17.63183058522282,59.860685352243294,7.070000171661377],[17.632333097744457,59.86093246733473,6.150000095367432]]},"properties":{"slope":1.14}},{"type":"Feature","geometry":{"type":"LineString","coordinates":[[17.632333097744457,59.86093246733473,6.150000095367432],[17.63252424914683,59.861011702945106,6.769999980926514]]},"properties":{"slope":2.146}},{"type":"Feature","geometry":{"type":"LineString","coordinates":[[17.63252424914683,59.861011702945106,6.769999980926514],[17.6325845905282,59.86103535038389,6.539999961853027]]},"properties":{"slope":2.146}},{"type":"Feature","geometry":{"type":"LineString","coordinates":[[17.63255103840756,59.859724894104026,7.400000095367432],[17.632521353030565,59.85974775094107,7.480000019073486]]},"properties":{"slope":0.8}},{"type":"Feature","geometry":{"type":"LineString","coordinates":[[17.632521353030565,59.85974775094107,7.480000019073486],[17.63239062797558,59.8598797185154,7.079999923706055],[17.6323309610414,59.86002354147855,6.980000019073486],[17.63224508683325,59.86013187057607,6.980000019073486]]},"properties":{"slope":0.8}},{"type":"Feature","geometry":{"type":"LineString","coordinates":[[17.63224508683325,59.86013187057607,6.980000019073486],[17.63223769368994,59.860141197407565,7]]},"properties":{"slope":0.8}},{"type":"Feature","geometry":{"type":"LineString","coordinates":[[17.63223769368994,59.860141197407565,7],[17.63213916944663,59.8602654902909,7.03000020980835]]},"properties":{"slope":0.201}},{"type":"Feature","geometry":{"type":"LineString","coordinates":[[17.630898798647554,59.86166022261765,6.440000057220459],[17.630853493013525,59.861642626643665,6.360000133514404]]},"properties":{"slope":0.64}},{"type":"Feature","geometry":{"type":"LineString","coordinates":[[17.630853493013525,59.861642626643665,6.360000133514404],[17.630243161098395,59.86135600407191,6.760000228881836]]},"properties":{"slope":0.64}},{"type":"Feature","geometry":{"type":"LineString","coordinates":[[17.630243161098395,59.86135600407191,6.760000228881836],[17.62987233275939,59.8611817300444,7.03000020980835]]},"properties":{"slope":1.28}},{"type":"Feature","geometry":{"type":"LineString","coordinates":[[17.62987233275939,59.8611817300444,7.03000020980835],[17.629805936556046,59.86112289114108,7.139999866485596],[17.629625327678813,59.861037733857735,7.400000095367432]]},"properties":{"slope":1.28}},{"type":"Feature","geometry":{"type":"LineString","coordinates":[[17.629625327678813,59.861037733857735,7.400000095367432],[17.629258700412656,59.86086486657808,8.0600004196167],[17.62911739973608,59.860833591085914,8.25],[17.628942154666404,59.8607544562419,8.510000228881836]]},"properties":{"slope":2.22}},{"type":"Feature","geometry":{"type":"LineString","coordinates":[[17.628942154666404,59.8607544562419,8.510000228881836],[17.628653613330602,59.860622684909174,9.079999923706055]]},"properties":{"slope":2.384}},{"type":"Feature","geometry":{"type":"LineString","coordinates":[[17.628653613330602,59.860622684909174,9.079999923706055],[17.628565176305717,59.86057704098918,9.199999809265137]]},"properties":{"slope":2.384}},{"type":"Feature","geometry":{"type":"LineString","coordinates":[[17.62951931539299,59.861163178684755,7.349999904632568],[17.62937215385296,59.86112984346291,7.539999961853027],[17.628847725780957,59.8608759126997,8.470000267028809]]},"properties":{"slope":2.24}},{"type":"Feature","geometry":{"type":"LineString","coordinates":[[17.628847725780957,59.8608759126997,8.470000267028809],[17.628507349318518,59.86070205969079,8.989999771118164]]},"properties":{"slope":1.781}},{"type":"Feature","geometry":{"type":"LineString","coordinates":[[17.628507349318518,59.86070205969079,8.989999771118164],[17.62839413684518,59.860650079409076,9.109999656677246]]},"properties":{"slope":1.781}},{"type":"Feature","geometry":{"type":"LineString","coordinates":[[17.63076856836584,59.861726623954,6.309999942779541],[17.630723099199574,59.86170736807128,6.300000190734863]]},"properties":{"slope":0.76}},{"type":"Feature","geometry":{"type":"LineString","coordinates":[[17.630723099199574,59.86170736807128,6.300000190734863],[17.630220536493784,59.86148251658158,6.579999923706055],[17.63007287206759,59.86145156588623,6.690000057220459]]},"properties":{"slope":0.76}},{"type":"Feature","geometry":{"type":"LineString","coordinates":[[17.63007287206759,59.86145156588623,6.690000057220459],[17.629806740826755,59.86132579851984,7.019999980926514],[17.62972020512835,59.86125621965111,7.019999980926514]]},"properties":{"slope":1.192}},{"type":"Feature","geometry":{"type":"LineString","coordinates":[[17.62972020512835,59.86125621965111,7.019999980926514],[17.629680330929762,59.86123740126924,7.079999923706055]]},"properties":{"slope":1.192}},{"type":"Feature","geometry":{"type":"LineString","coordinates":[[17.623640456982372,59.85846295142866,14.8100004196167],[17.623832102785105,59.858546099397046,14.739999771118164]]},"properties":{"slope":0.494}},{"type":"Feature","geometry":{"type":"LineString","coordinates":[[17.6386753469903,59.854134547987066,5.28000020980835],[17.638319851431323,59.85424194828746,5.260000228881836]]},"properties":{"slope":0.127}},{"type":"Feature","geometry":{"type":"LineString","coordinates":[[17.638319851431323,59.85424194828746,5.260000228881836],[17.638214005591916,59.85429361437958,5.239999771118164]]},"properties":{"slope":0.127}},{"type":"Feature","geometry":{"type":"LineString","coordinates":[[17.639017317877435,59.85380327956301,5.349999904632568],[17.638931474921495,59.853878043270896,5.349999904632568]]},"properties":{"slope":0.166}},{"type":"Feature","geometry":{"type":"LineString","coordinates":[[17.638931474921495,59.853878043270896,5.349999904632568],[17.638700583674087,59.854069743517094,5.389999866485596],[17.638683055102863,59.85413207362332,5.320000171661377]]},"properties":{"slope":0.166}},{"type":"Feature","geometry":{"type":"LineString","coordinates":[[17.638683055102863,59.85413207362332,5.320000171661377],[17.6386753469903,59.854134547987066,5.28000020980835]]},"properties":{"slope":0.166}},{"type":"Feature","geometry":{"type":"LineString","coordinates":[[17.631837114247304,59.85567300882096,23.329999923706055],[17.632101804978383,59.85561342490345,21.8799991607666]]},"properties":{"slope":8.87}},{"type":"Feature","geometry":{"type":"LineString","coordinates":[[17.624909720561252,59.857638373473534,18.709999084472656],[17.624878515608454,59.85765492754057,18.829999923706055]]},"properties":{"slope":2.5}},{"type":"Feature","geometry":{"type":"LineString","coordinates":[[17.624878515608454,59.85765492754057,18.829999923706055],[17.624882050698687,59.85767976114975,18.81999969482422],[17.624803182684214,59.85774817312969,18.690000534057617]]},"properties":{"slope":2.5}},{"type":"Feature","geometry":{"type":"LineString","coordinates":[[17.624803182684214,59.85774817312969,18.690000534057617],[17.62437854777107,59.85798835612671,17.459999084472656]]},"properties":{"slope":2.5}},{"type":"Feature","geometry":{"type":"LineString","coordinates":[[17.62437854777107,59.85798835612671,17.459999084472656],[17.62381562345678,59.858301819587766,15.670000076293945]]},"properties":{"slope":3.739}},{"type":"Feature","geometry":{"type":"LineString","coordinates":[[17.62381562345678,59.858301819587766,15.670000076293945],[17.623780387767304,59.858321441656244,15.59000015258789]]},"properties":{"slope":3.739}},{"type":"Feature","geometry":{"type":"LineString","coordinates":[[17.623780387767304,59.858321441656244,15.59000015258789],[17.62363270487621,59.85840368302764,15.079999923706055]]},"properties":{"slope":4.131}},{"type":"Feature","geometry":{"type":"LineString","coordinates":[[17.64130149053314,59.854535316804245,3.910000085830688],[17.641259633719056,59.85444414158319,3.849999904632568],[17.64113184557672,59.85437586189115,3.869999885559082],[17.640669280953468,59.85425782986794,4.079999923706055]]},"properties":{"slope":0.34}},{"type":"Feature","geometry":{"type":"LineString","coordinates":[[17.640669280953468,59.85425782986794,4.079999923706055],[17.639873548485753,59.85405477803479,4.400000095367432]]},"properties":{"slope":0.64}},{"type":"Feature","geometry":{"type":"LineString","coordinates":[[17.639873548485753,59.85405477803479,4.400000095367432],[17.639269227271086,59.85390056486191,4.659999847412109],[17.639129614408407,59.85382179100629,4.920000076293945]]},"properties":{"slope":1.04}},{"type":"Feature","geometry":{"type":"LineString","coordinates":[[17.639129614408407,59.85382179100629,4.920000076293945],[17.639017317877435,59.85380327956301,5.349999904632568]]},"properties":{"slope":6.437}},{"type":"Feature","geometry":{"type":"LineString","coordinates":[[17.637808423503284,59.85592079763266,5.460000038146973],[17.637861663021656,59.855946476473264,5.369999885559082]]},"properties":{"slope":0.96}},{"type":"Feature","geometry":{"type":"LineString","coordinates":[[17.637861663021656,59.855946476473264,5.369999885559082],[17.63845246345812,59.856231462267836,4.980000019073486]]},"properties":{"slope":0.96}},{"type":"Feature","geometry":{"type":"LineString","coordinates":[[17.63845246345812,59.856231462267836,4.980000019073486],[17.639096512634275,59.856542125118764,4.590000152587891]]},"properties":{"slope":0.78}},{"type":"Feature","geometry":{"type":"LineString","coordinates":[[17.639096512634275,59.856542125118764,4.590000152587891],[17.63914776984654,59.856566849103004,4.5]]},"properties":{"slope":2.261}},{"type":"Feature","geometry":{"type":"LineString","coordinates":[[17.623832102785105,59.858546099397046,14.739999771118164],[17.623874087823467,59.85856478460097,14.960000038146973]]},"properties":{"slope":0.2}},{"type":"Feature","geometry":{"type":"LineString","coordinates":[[17.623874087823467,59.85856478460097,14.960000038146973],[17.623997494681962,59.85861971318337,15.15999984741211]]},"properties":{"slope":0.2}},{"type":"Feature","geometry":{"type":"LineString","coordinates":[[17.623997494681962,59.85861971318337,15.15999984741211],[17.624500402808586,59.858843547410416,14.640000343322754]]},"properties":{"slope":0.2}},{"type":"Feature","geometry":{"type":"LineString","coordinates":[[17.624500402808586,59.858843547410416,14.640000343322754],[17.62516871486103,59.859140991875314,13.390000343322754]]},"properties":{"slope":2.5}},{"type":"Feature","geometry":{"type":"LineString","coordinates":[[17.62516871486103,59.859140991875314,13.390000343322754],[17.625429920927626,59.85925724400927,12.819999694824219]]},"properties":{"slope":3.58}},{"type":"Feature","geometry":{"type":"LineString","coordinates":[[17.625429920927626,59.85925724400927,12.819999694824219],[17.625837041826248,59.85943843115239,11.600000381469727]]},"properties":{"slope":3.58}},{"type":"Feature","geometry":{"type":"LineString","coordinates":[[17.625837041826248,59.85943843115239,11.600000381469727],[17.625884006385515,59.859459332287486,11.5]]},"properties":{"slope":2.846}},{"type":"Feature","geometry":{"type":"LineString","coordinates":[[17.625884006385515,59.859459332287486,11.5],[17.626531663028448,59.85976812645365,10.109999656677246]]},"properties":{"slope":2.78}},{"type":"Feature","geometry":{"type":"LineString","coordinates":[[17.626531663028448,59.85976812645365,10.109999656677246],[17.626648136242263,59.859823658394596,9.890000343322754]]},"properties":{"slope":2.884}},{"type":"Feature","geometry":{"type":"LineString","coordinates":[[17.626648136242263,59.859823658394596,9.890000343322754],[17.626733769115543,59.85986448432066,9.65999984741211]]},"properties":{"slope":2.884}},{"type":"Feature","geometry":{"type":"LineString","coordinates":[[17.648046083295064,59.85326507030499,4.75],[17.647964495465477,59.85323840980747,4.699999809265137],[17.647831021651186,59.85324282967382,4.579999923706055]]},"properties":{"slope":1.298}},{"type":"Feature","geometry":{"type":"LineString","coordinates":[[17.63216009946462,59.85554312129212,21.850000381469727],[17.632115281134503,59.85553773620556,22.020000457763672]]},"properties":{"slope":5.545}},{"type":"Feature","geometry":{"type":"LineString","coordinates":[[17.632115281134503,59.85553773620556,22.020000457763672],[17.63194795939481,59.85555184615008,22.950000762939453],[17.631761971276557,59.8556351528803,23.5]]},"properties":{"slope":5.545}},{"type":"Feature","geometry":{"type":"LineString","coordinates":[[17.631761971276557,59.8556351528803,23.5],[17.631602709997814,59.85571821048021,24.020000457763672]]},"properties":{"slope":5.545}},{"type":"Feature","geometry":{"type":"LineString","coordinates":[[17.64008328144343,59.85468145306666,4.309999942779541],[17.639999774917765,59.8547186321852,4.309999942779541]]},"properties":{"slope":0.54}},{"type":"Feature","geometry":{"type":"LineString","coordinates":[[17.639999774917765,59.8547186321852,4.309999942779541],[17.639471429943402,59.85500779208935,4.579999923706055]]},"properties":{"slope":0.54}},{"type":"Feature","geometry":{"type":"LineString","coordinates":[[17.639471429943402,59.85500779208935,4.579999923706055],[17.638870678519666,59.855339669217095,5]]},"properties":{"slope":0.84}},{"type":"Feature","geometry":{"type":"LineString","coordinates":[[17.638870678519666,59.855339669217095,5],[17.638268286372004,59.85567079158774,5.360000133514404]]},"properties":{"slope":0.72}},{"type":"Feature","geometry":{"type":"LineString","coordinates":[[17.638268286372004,59.85567079158774,5.360000133514404],[17.63784621343699,59.85590024679703,5.489999771118164]]},"properties":{"slope":0.352}},{"type":"Feature","geometry":{"type":"LineString","coordinates":[[17.63784621343699,59.85590024679703,5.489999771118164],[17.63782059355877,59.855914179559875,5.489999771118164]]},"properties":{"slope":0.352}},{"type":"Feature","geometry":{"type":"LineString","coordinates":[[17.63782059355877,59.855914179559875,5.489999771118164],[17.637808423503284,59.85592079763266,5.460000038146973]]},"properties":{"slope":2.987}},{"type":"Feature","geometry":{"type":"LineString","coordinates":[[17.629614631149572,59.85520534947038,23.540000915527344],[17.62922057876658,59.85513200526044,22.479999542236328]]},"properties":{"slope":4.502}},{"type":"Feature","geometry":{"type":"LineString","coordinates":[[17.6268179691194,59.85990406824223,9.5600004196167],[17.626891442478804,59.85993824865343,9.520000457763672]]},"properties":{"slope":0.5}},{"type":"Feature","geometry":{"type":"LineString","coordinates":[[17.626891442478804,59.85993824865343,9.520000457763672],[17.627473093736477,59.86020885560243,9.3100004196167]]},"properties":{"slope":0.5}},{"type":"Feature","geometry":{"type":"LineString","coordinates":[[17.627473093736477,59.86020885560243,9.3100004196167],[17.627737831765053,59.8603320197734,9.270000457763672]]},"properties":{"slope":0.198}},{"type":"Feature","geometry":{"type":"LineString","coordinates":[[17.628242898833516,59.860576944921426,9.170000076293945],[17.628202537295085,59.860557671879,9.170000076293945]]},"properties":{"slope":0.254}},{"type":"Feature","geometry":{"type":"LineString","coordinates":[[17.628202537295085,59.860557671879,9.170000076293945],[17.627779695730183,59.86035393253272,9.229999542236328]]},"properties":{"slope":0.254}},{"type":"Feature","geometry":{"type":"LineString","coordinates":[[17.627779695730183,59.86035393253272,9.229999542236328],[17.627737831765053,59.8603320197734,9.270000457763672]]},"properties":{"slope":0.254}},{"type":"Feature","geometry":{"type":"LineString","coordinates":[[17.628452147034697,59.860525942202244,9.3100004196167],[17.628345872594483,59.86048014752705,9.289999961853027]]},"properties":{"slope":0.024}},{"type":"Feature","geometry":{"type":"LineString","coordinates":[[17.628345872594483,59.86048014752705,9.289999961853027],[17.627962500747536,59.86029648473651,9.289999961853027]]},"properties":{"slope":0.024}},{"type":"Feature","geometry":{"type":"LineString","coordinates":[[17.627962500747536,59.86029648473651,9.289999961853027],[17.627916951585735,59.86027042710791,9.319999694824219]]},"properties":{"slope":0.024}},{"type":"Feature","geometry":{"type":"LineString","coordinates":[[17.62806946232224,59.85640138109734,21.25],[17.62801257458089,59.856432117827524,21.18000030517578]]},"properties":{"slope":1.496}},{"type":"Feature","geometry":{"type":"LineString","coordinates":[[17.629571197907705,59.858430095382666,16.899999618530273],[17.629633516724876,59.858458993776004,16.65999984741211]]},"properties":{"slope":5.053}},{"type":"Feature","geometry":{"type":"LineString","coordinates":[[17.629633516724876,59.858458993776004,16.65999984741211],[17.629681853326424,59.85848306787879,16.440000534057617]]},"properties":{"slope":5.771}},{"type":"Feature","geometry":{"type":"LineString","coordinates":[[17.625551960268755,59.85777536721315,18.8700008392334],[17.62550722693761,59.85780043554912,18.700000762939453]]},"properties":{"slope":4.53}},{"type":"Feature","geometry":{"type":"LineString","coordinates":[[17.62550722693761,59.85780043554912,18.700000762939453],[17.625470577276776,59.857823358294674,18.6200008392334]]},"properties":{"slope":2.441}},{"type":"Feature","geometry":{"type":"LineString","coordinates":[[17.6283532513531,59.85900348984144,13.140000343322754],[17.628418378999708,59.85902963459562,13.100000381469727]]},"properties":{"slope":0.857}},{"type":"Feature","geometry":{"type":"LineString","coordinates":[[17.628418378999708,59.85902963459562,13.100000381469727],[17.628473065110274,59.859056551717806,13.170000076293945]]},"properties":{"slope":1.633}},{"type":"Feature","geometry":{"type":"LineString","coordinates":[[17.62545665980559,59.859091147269275,13.3100004196167],[17.625505260432636,59.859112747899616,13.09000015258789]]},"properties":{"slope":6.053}},{"type":"Feature","geometry":{"type":"LineString","coordinates":[[17.625505260432636,59.859112747899616,13.09000015258789],[17.62555253094997,59.85913441073327,13.079999923706055]]},"properties":{"slope":0.279}},{"type":"Feature","geometry":{"type":"LineString","coordinates":[[17.627331976465566,59.859488998228514,10.670000076293945],[17.627375451993426,59.859466231384566,10.649999618530273]]},"properties":{"slope":0.569}},{"type":"Feature","geometry":{"type":"LineString","coordinates":[[17.627331744041648,59.85950789688247,10.619999885559082],[17.627382601349915,59.859530693793545,10.539999961853027]]},"properties":{"slope":2.096}},{"type":"Feature","geometry":{"type":"LineString","coordinates":[[17.627382601349915,59.859530693793545,10.539999961853027],[17.627427816040576,59.85955232563225,10.550000190734863]]},"properties":{"slope":0.286}},{"type":"Feature","geometry":{"type":"LineString","coordinates":[[17.628460343553428,59.8591021456985,13.010000228881836],[17.62841502374256,59.85912613463673,12.859999656677246]]},"properties":{"slope":4.069}},{"type":"Feature","geometry":{"type":"LineString","coordinates":[[17.629680330929762,59.86123740126924,7.079999923706055],[17.629569779818272,59.861186789230366,7.210000038146973]]},"properties":{"slope":2.206}},{"type":"Feature","geometry":{"type":"LineString","coordinates":[[17.629569779818272,59.861186789230366,7.210000038146973],[17.62951931539299,59.861163178684755,7.349999904632568]]},"properties":{"slope":2.206}},{"type":"Feature","geometry":{"type":"LineString","coordinates":[[17.631097055078637,59.861727018149914,7.070000171661377],[17.630898798647554,59.86166022261765,6.440000057220459]]},"properties":{"slope":4.705}},{"type":"Feature","geometry":{"type":"LineString","coordinates":[[17.63376475950971,59.86029898612734,7.150000095367432],[17.633370237379967,59.86011865253743,6.949999809265137]]},"properties":{"slope":1.94}},{"type":"Feature","geometry":{"type":"LineString","coordinates":[[17.633370237379967,59.86011865253743,6.949999809265137],[17.633106157672753,59.85999610558214,6.179999828338623]]},"properties":{"slope":1.94}},{"type":"Feature","geometry":{"type":"LineString","coordinates":[[17.633106157672753,59.85999610558214,6.179999828338623],[17.632810919303555,59.859860555931405,7.909999847412109]]},"properties":{"slope":7.723}},{"type":"Feature","geometry":{"type":"LineString","coordinates":[[17.633645986163675,59.860108339056616,7.559999942779541],[17.63348696436978,59.860045252218285,6.849999904632568]]},"properties":{"slope":0.36}},{"type":"Feature","geometry":{"type":"LineString","coordinates":[[17.63348696436978,59.860045252218285,6.849999904632568],[17.632981244061522,59.859809357153786,7.380000114440918]]},"properties":{"slope":0.36}},{"type":"Feature","geometry":{"type":"LineString","coordinates":[[17.632981244061522,59.859809357153786,7.380000114440918],[17.632935491514964,59.85978772011669,7.889999866485596]]},"properties":{"slope":0.345}},{"type":"Feature","geometry":{"type":"LineString","coordinates":[[17.632935491514964,59.85978772011669,7.889999866485596],[17.63267936067968,59.85966694459672,7.460000038146973]]},"properties":{"slope":0.345}},{"type":"Feature","geometry":{"type":"LineString","coordinates":[[17.632810919303555,59.859860555931405,7.909999847412109],[17.63279940357116,59.85985531862073,7.889999866485596]]},"properties":{"slope":2.299}},{"type":"Feature","geometry":{"type":"LineString","coordinates":[[17.635584944551095,59.858419264722514,8.4399995803833],[17.6355637022189,59.85840675614379,8.460000038146973],[17.635191838304397,59.858568330551016,8.010000228881836],[17.634857868658532,59.858645381868826,8.569999694824219]]},"properties":{"slope":0.26}},{"type":"Feature","geometry":{"type":"LineString","coordinates":[[17.634857868658532,59.858645381868826,8.569999694824219],[17.63438860879924,59.85866805091833,9.350000381469727]]},"properties":{"slope":0.78}},{"type":"Feature","geometry":{"type":"LineString","coordinates":[[17.63438860879924,59.85866805091833,9.350000381469727],[17.633977347824477,59.85870652574663,8.960000038146973]]},"properties":{"slope":0.78}},{"type":"Feature","geometry":{"type":"LineString","coordinates":[[17.633977347824477,59.85870652574663,8.960000038146973],[17.633637400023492,59.85871372646214,8.59000015258789],[17.63341344238755,59.858651945983524,9.1899995803833]]},"properties":{"slope":1.6}},{"type":"Feature","geometry":{"type":"LineString","coordinates":[[17.63341344238755,59.858651945983524,9.1899995803833],[17.633153344223178,59.85859423435181,9.760000228881836]]},"properties":{"slope":1.6}},{"type":"Feature","geometry":{"type":"LineString","coordinates":[[17.633153344223178,59.85859423435181,9.760000228881836],[17.632286795653325,59.85848703962064,11.119999885559082]]},"properties":{"slope":2.72}},{"type":"Feature","geometry":{"type":"LineString","coordinates":[[17.632286795653325,59.85848703962064,11.119999885559082],[17.632209568338883,59.858478698175574,11.270000457763672]]},"properties":{"slope":3.384}},{"type":"Feature","geometry":{"type":"LineString","coordinates":[[17.63009600296848,59.85494735344934,23.860000610351562],[17.629936442131356,59.8550328775923,23.65999984741211]]},"properties":{"slope":0.812}},{"type":"Feature","geometry":{"type":"LineString","coordinates":[[17.629936442131356,59.8550328775923,23.65999984741211],[17.629614631149572,59.85520534947038,23.540000915527344]]},"properties":{"slope":0.812}},{"type":"Feature","geometry":{"type":"LineString","coordinates":[[17.63107240795331,59.86205880855128,7.079999923706055],[17.631185851504316,59.86189960093099,7.880000114440918]]},"properties":{"slope":4.244}},{"type":"Feature","geometry":{"type":"LineString","coordinates":[[17.624606415674716,59.85824916524236,16.110000610351562],[17.624598769158716,59.85828909717673,16.040000915527344]]},"properties":{"slope":2.59}},{"type":"Feature","geometry":{"type":"LineString","coordinates":[[17.624598769158716,59.85828909717673,16.040000915527344],[17.624226903532467,59.85849400262429,15.170000076293945]]},"properties":{"slope":2.59}},{"type":"Feature","geometry":{"type":"LineString","coordinates":[[17.624226903532467,59.85849400262429,15.170000076293945],[17.624164805133436,59.85852821769356,15.0600004196167]]},"properties":{"slope":2.59}},{"type":"Feature","geometry":{"type":"LineString","coordinates":[[17.624164805133436,59.85852821769356,15.0600004196167],[17.62415580972069,59.8585331722754,15.0600004196167]]},"properties":{"slope":1.347}},{"type":"Feature","geometry":{"type":"LineString","coordinates":[[17.62415580972069,59.8585331722754,15.0600004196167],[17.62411122889893,59.858557737414415,15]]},"properties":{"slope":1.347}},{"type":"Feature","geometry":{"type":"LineString","coordinates":[[17.637656883811594,59.8559227139005,5.460000038146973],[17.63763972081838,59.85593218011794,5.480000019073486]]},"properties":{"slope":0.56}},{"type":"Feature","geometry":{"type":"LineString","coordinates":[[17.63763972081838,59.85593218011794,5.480000019073486],[17.637055633561587,59.85625437011802,5.739999771118164]]},"properties":{"slope":0.56}},{"type":"Feature","geometry":{"type":"LineString","coordinates":[[17.637055633561587,59.85625437011802,5.739999771118164],[17.63645437258235,59.85658602421891,6.170000076293945]]},"properties":{"slope":0.86}},{"type":"Feature","geometry":{"type":"LineString","coordinates":[[17.63645437258235,59.85658602421891,6.170000076293945],[17.635851369700106,59.856916874775244,7.239999771118164]]},"properties":{"slope":2.14}},{"type":"Feature","geometry":{"type":"LineString","coordinates":[[17.635851369700106,59.856916874775244,7.239999771118164],[17.635683779997457,59.85700763873114,7.800000190734863]]},"properties":{"slope":2.931}},{"type":"Feature","geometry":{"type":"LineString","coordinates":[[17.635683779997457,59.85700763873114,7.800000190734863],[17.63561524199158,59.857044750728654,7.809999942779541]]},"properties":{"slope":2.931}},{"type":"Feature","geometry":{"type":"LineString","coordinates":[[17.637678884167066,59.855910581085055,5.460000038146973],[17.637656883811594,59.8559227139005,5.460000038146973]]},"properties":{"slope":0.001}},{"type":"Feature","geometry":{"type":"LineString","coordinates":[[17.640105382467585,59.85464254339614,4.46999979019165],[17.639974394891876,59.85470749928358,4.289999961853027]]},"properties":{"slope":0.06}},{"type":"Feature","geometry":{"type":"LineString","coordinates":[[17.639974394891876,59.85470749928358,4.289999961853027],[17.63950131631759,59.85497270432896,4.5]]},"properties":{"slope":0.06}},{"type":"Feature","geometry":{"type":"LineString","coordinates":[[17.63950131631759,59.85497270432896,4.5],[17.638900989845087,59.85530476507326,4.900000095367432]]},"properties":{"slope":0.8}},{"type":"Feature","geometry":{"type":"LineString","coordinates":[[17.638900989845087,59.85530476507326,4.900000095367432],[17.63829817143254,59.85563569479621,5.260000228881836]]},"properties":{"slope":0.72}},{"type":"Feature","geometry":{"type":"LineString","coordinates":[[17.63829817143254,59.85563569479621,5.260000228881836],[17.63783043070364,59.8558929183793,5.480000019073486]]},"properties":{"slope":0.534}},{"type":"Feature","geometry":{"type":"LineString","coordinates":[[17.63783043070364,59.8558929183793,5.480000019073486],[17.637778765796963,59.85592072817254,5.489999771118164]]},"properties":{"slope":0.534}},{"type":"Feature","geometry":{"type":"LineString","coordinates":[[17.637778765796963,59.85592072817254,5.489999771118164],[17.6377581306522,59.855931505990384,5.489999771118164]]},"properties":{"slope":0.001}},{"type":"Feature","geometry":{"type":"LineString","coordinates":[[17.62841502374256,59.85912613463673,12.859999656677246],[17.628367439248457,59.85915228873593,12.779999732971191]]},"properties":{"slope":2.025}},{"type":"Feature","geometry":{"type":"LineString","coordinates":[[17.636400098708275,59.85521797644856,8.180000305175781],[17.636357153979475,59.855238922775946,8.1899995803833]]},"properties":{"slope":0.298}},{"type":"Feature","geometry":{"type":"LineString","coordinates":[[17.636357153979475,59.855238922775946,8.1899995803833],[17.636332628084173,59.855251141647265,8.180000305175781]]},"properties":{"slope":0.517}},{"type":"Feature","geometry":{"type":"LineString","coordinates":[[17.636332628084173,59.855251141647265,8.180000305175781],[17.636310647107816,59.855262088953864,8.199999809265137]]},"properties":{"slope":1.154}},{"type":"Feature","geometry":{"type":"LineString","coordinates":[[17.637787407352818,59.85598550301652,5.46999979019165],[17.63782676034456,59.855964970828246,5.380000114440918]]},"properties":{"slope":2.832}},{"type":"Feature","geometry":{"type":"LineString","coordinates":[[17.63782676034456,59.855964970828246,5.380000114440918],[17.63784516255743,59.855955215647,5.380000114440918]]},"properties":{"slope":0.001}},{"type":"Feature","geometry":{"type":"LineString","coordinates":[[17.63784516255743,59.855955215647,5.380000114440918],[17.637861663021656,59.855946476473264,5.369999885559082]]},"properties":{"slope":0.745}},{"type":"Feature","geometry":{"type":"LineString","coordinates":[[17.632197450392436,59.857628051354766,16.350000381469727],[17.632194010432084,59.85765557255903,16.18000030517578]]},"properties":{"slope":5.534}},{"type":"Feature","geometry":{"type":"LineString","coordinates":[[17.632194010432084,59.85765557255903,16.18000030517578],[17.63219027258495,59.85768556943793,16.190000534057617]]},"properties":{"slope":0.299}},{"type":"Feature","geometry":{"type":"LineString","coordinates":[[17.62873028052645,59.85606792870002,22.729999542236328],[17.628790692895357,59.85603460870364,22.75]]},"properties":{"slope":0.398}},{"type":"Feature","geometry":{"type":"LineString","coordinates":[[17.628790692895357,59.85603460870364,22.75],[17.62883395425847,59.85600038209758,22.770000457763672]]},"properties":{"slope":0.443}},{"type":"Feature","geometry":{"type":"LineString","coordinates":[[17.63784621343699,59.85590024679703,5.489999771118164],[17.63783043070364,59.8558929183793,5.480000019073486]]},"properties":{"slope":0.831}},{"type":"Feature","geometry":{"type":"LineString","coordinates":[[17.63783043070364,59.8558929183793,5.480000019073486],[17.63779424522963,59.855876112817604,5.489999771118164]]},"properties":{"slope":0.362}},{"type":"Feature","geometry":{"type":"LineString","coordinates":[[17.63779424522963,59.855876112817604,5.489999771118164],[17.63772905445004,59.855847247254346,5.46999979019165]]},"properties":{"slope":0.411}},{"type":"Feature","geometry":{"type":"LineString","coordinates":[[17.637732122576338,59.85597353427002,5.590000152587891],[17.63767094069749,59.855946151543,5.519999980926514]]},"properties":{"slope":1.525}},{"type":"Feature","geometry":{"type":"LineString","coordinates":[[17.63767094069749,59.855946151543,5.519999980926514],[17.63763972081838,59.85593218011794,5.480000019073486]]},"properties":{"slope":1.708}},{"type":"Feature","geometry":{"type":"LineString","coordinates":[[17.63763972081838,59.85593218011794,5.480000019073486],[17.63761402023603,59.855920168081376,5.570000171661377]]},"properties":{"slope":4.578}},{"type":"Feature","geometry":{"type":"LineString","coordinates":[[17.635827413714814,59.85707434295172,7.619999885559082],[17.63576162971752,59.85710985808364,7.659999847412109]]},"properties":{"slope":0.74}},{"type":"Feature","geometry":{"type":"LineString","coordinates":[[17.63576162971752,59.85710985808364,7.659999847412109],[17.63571206808316,59.85713750355062,7.619999885559082]]},"properties":{"slope":0.964}},{"type":"Feature","geometry":{"type":"LineString","coordinates":[[17.635657126800943,59.8569955525948,7.800000190734863],[17.635683779997457,59.85700763873114,7.800000190734863]]},"properties":{"slope":0.001}},{"type":"Feature","geometry":{"type":"LineString","coordinates":[[17.635683779997457,59.85700763873114,7.800000190734863],[17.635719169081558,59.85702368278694,7.739999771118164]]},"properties":{"slope":2.247}},{"type":"Feature","geometry":{"type":"LineString","coordinates":[[17.635719169081558,59.85702368278694,7.739999771118164],[17.63577923170942,59.85705092466385,7.679999828338623]]},"properties":{"slope":1.324}},{"type":"Feature","geometry":{"type":"LineString","coordinates":[[17.635650992237544,59.857110852964645,7.71999979019165],[17.63560078090572,59.857089088418604,7.71999979019165]]},"properties":{"slope":0.001}},{"type":"Feature","geometry":{"type":"LineString","coordinates":[[17.63560078090572,59.857089088418604,7.71999979019165],[17.635533031753457,59.85705867409873,7.789999961853027]]},"properties":{"slope":1.376}},{"type":"Feature","geometry":{"type":"LineString","coordinates":[[17.635533031753457,59.85705867409873,7.789999961853027],[17.635508777070672,59.85704755349157,7.840000152587891]]},"properties":{"slope":2.719}},{"type":"Feature","geometry":{"type":"LineString","coordinates":[[17.630079631617114,59.856617694228575,24.059999465942383],[17.630041707635144,59.85664071515197,23.8700008392334]]},"properties":{"slope":5.704}},{"type":"Feature","geometry":{"type":"LineString","coordinates":[[17.630041707635144,59.85664071515197,23.8700008392334],[17.629975742623223,59.85667922886064,23.809999465942383]]},"properties":{"slope":1.059}},{"type":"Feature","geometry":{"type":"LineString","coordinates":[[17.629983280930713,59.856520802274076,24.040000915527344],[17.629917817238532,59.85655654356939,23.8799991607666]]},"properties":{"slope":2.955}},{"type":"Feature","geometry":{"type":"LineString","coordinates":[[17.629917817238532,59.85655654356939,23.8799991607666],[17.629867393924595,59.85658254800574,23.799999237060547]]},"properties":{"slope":1.977}},{"type":"Feature","geometry":{"type":"LineString","coordinates":[[17.639871012275457,59.85466212702074,4.480000019073486],[17.6399443370424,59.85469430454688,4.369999885559082]]},"properties":{"slope":2.017}},{"type":"Feature","geometry":{"type":"LineString","coordinates":[[17.6399443370424,59.85469430454688,4.369999885559082],[17.639974394891876,59.85470749928358,4.289999961853027]]},"properties":{"slope":3.578}},{"type":"Feature","geometry":{"type":"LineString","coordinates":[[17.639974394891876,59.85470749928358,4.289999961853027],[17.639999774917765,59.8547186321852,4.309999942779541]]},"properties":{"slope":1.06}},{"type":"Feature","geometry":{"type":"LineString","coordinates":[[17.630837848175055,59.8590039695257,10.119999885559082],[17.630876679941856,59.8590263130831,10.079999923706055]]},"properties":{"slope":1.21}},{"type":"Feature","geometry":{"type":"LineString","coordinates":[[17.630876679941856,59.8590263130831,10.079999923706055],[17.63092598847108,59.859054678620566,10.069999694824219]]},"properties":{"slope":0.238}},{"type":"Feature","geometry":{"type":"LineString","coordinates":[[17.631207901983892,59.85894000490111,10.079999923706055],[17.631152218726992,59.858912987476124,10.069999694824219]]},"properties":{"slope":0.231}},{"type":"Feature","geometry":{"type":"LineString","coordinates":[[17.631152218726992,59.858912987476124,10.069999694824219],[17.631127255158077,59.85890088092808,10.039999961853027]]},"properties":{"slope":1.544}},{"type":"Feature","geometry":{"type":"LineString","coordinates":[[17.629475473495646,59.861189308354874,7.429999828338623],[17.629508620927844,59.861203999841415,7.340000152587891]]},"properties":{"slope":3.635}},{"type":"Feature","geometry":{"type":"LineString","coordinates":[[17.629508620927844,59.861203999841415,7.340000152587891],[17.6295315629246,59.86121416275421,7.239999771118164]]},"properties":{"slope":3.394}},{"type":"Feature","geometry":{"type":"LineString","coordinates":[[17.6295315629246,59.86121416275421,7.239999771118164],[17.62957176161592,59.86123196825332,7.179999828338623]]},"properties":{"slope":3.394}},{"type":"Feature","geometry":{"type":"LineString","coordinates":[[17.62957176161592,59.86123196825332,7.179999828338623],[17.62965293111449,59.86126792782494,7.099999904632568]]},"properties":{"slope":1.32}},{"type":"Feature","geometry":{"type":"LineString","coordinates":[[17.62965293111449,59.86126792782494,7.099999904632568],[17.629677525017904,59.86127882146909,7.039999961853027]]},"properties":{"slope":3.267}},{"type":"Feature","geometry":{"type":"LineString","coordinates":[[17.631185851504316,59.86189960093099,7.880000114440918],[17.631043792941842,59.8618384347517,7.400000095367432]]},"properties":{"slope":6.243}},{"type":"Feature","geometry":{"type":"LineString","coordinates":[[17.631043792941842,59.8618384347517,7.400000095367432],[17.630975880003756,59.86180919192012,6.940000057220459]]},"properties":{"slope":6.243}},{"type":"Feature","geometry":{"type":"LineString","coordinates":[[17.630975880003756,59.86180919192012,6.940000057220459],[17.630944801581553,59.86179581563766,6.769999980926514]]},"properties":{"slope":6.243}},{"type":"Feature","geometry":{"type":"LineString","coordinates":[[17.630944801581553,59.86179581563766,6.769999980926514],[17.63076856836584,59.861726623954,6.309999942779541]]},"properties":{"slope":3.663}},{"type":"Feature","geometry":{"type":"LineString","coordinates":[[17.637639693152572,59.855905984469544,5.550000190734863],[17.63761402023603,59.855920168081376,5.570000171661377]]},"properties":{"slope":0.6}},{"type":"Feature","geometry":{"type":"LineString","coordinates":[[17.63761402023603,59.855920168081376,5.570000171661377],[17.63703844183128,59.85623763926612,5.849999904632568]]},"properties":{"slope":0.6}},{"type":"Feature","geometry":{"type":"LineString","coordinates":[[17.63703844183128,59.85623763926612,5.849999904632568],[17.63644751614081,59.85657393294601,6.190000057220459]]},"properties":{"slope":0.68}},{"type":"Feature","geometry":{"type":"LineString","coordinates":[[17.63644751614081,59.85657393294601,6.190000057220459],[17.635836833947813,59.85690118508049,7.309999942779541]]},"properties":{"slope":2.24}},{"type":"Feature","geometry":{"type":"LineString","coordinates":[[17.635836833947813,59.85690118508049,7.309999942779541],[17.635657126800943,59.8569955525948,7.800000190734863]]},"properties":{"slope":3.366}},{"type":"Feature","geometry":{"type":"LineString","coordinates":[[17.631164254841604,59.86175204953284,7.369999885559082],[17.631105325235254,59.86179983080277,7.460000038146973]]},"properties":{"slope":1.437}},{"type":"Feature","geometry":{"type":"LineString","coordinates":[[17.631778514653565,59.86065934777502,6.739999771118164],[17.631728862066026,59.86070212580142,6.809999942779541],[17.631771339492573,59.86079564684539,7.119999885559082],[17.63171288034172,59.86092388466677,7.170000076293945],[17.631643812437183,59.860993354007874,7.170000076293945],[17.63159942639187,59.8610834294506,7.199999809265137]]},"properties":{"slope":0.92}},{"type":"Feature","geometry":{"type":"LineString","coordinates":[[17.63159942639187,59.8610834294506,7.199999809265137],[17.63135528423749,59.86151491240739,7.289999961853027]]},"properties":{"slope":0.18}},{"type":"Feature","geometry":{"type":"LineString","coordinates":[[17.63135528423749,59.86151491240739,7.289999961853027],[17.631239876414348,59.86169072945633,7.289999961853027],[17.631164254841604,59.86175204953284,7.369999885559082]]},"properties":{"slope":0.279}},{"type":"Feature","geometry":{"type":"LineString","coordinates":[[17.631514752244122,59.85564124502892,24.049999237060547],[17.63161034949339,59.85556454264149,23.889999389648438]]},"properties":{"slope":1.586}},{"type":"Feature","geometry":{"type":"LineString","coordinates":[[17.63161034949339,59.85556454264149,23.889999389648438],[17.631947829209814,59.855273156032325,24.079999923706055]]},"properties":{"slope":0.76}},{"type":"Feature","geometry":{"type":"LineString","coordinates":[[17.631947829209814,59.855273156032325,24.079999923706055],[17.632033197561668,59.85517038311679,24.270000457763672]]},"properties":{"slope":0.76}},{"type":"Feature","geometry":{"type":"LineString","coordinates":[[17.632033197561668,59.85517038311679,24.270000457763672],[17.632061317856845,59.85513652961781,24.420000076293945]]},"properties":{"slope":2.961}},{"type":"Feature","geometry":{"type":"LineString","coordinates":[[17.632061317856845,59.85513652961781,24.420000076293945],[17.632155311168155,59.8549055585574,25.170000076293945]]},"properties":{"slope":2.961}},{"type":"Feature","geometry":{"type":"LineString","coordinates":[[17.62798369561952,59.85736585372482,21.229999542236328],[17.628051033480293,59.85739462406644,21.170000076293945]]},"properties":{"slope":1.212}},{"type":"Feature","geometry":{"type":"LineString","coordinates":[[17.628051033480293,59.85739462406644,21.170000076293945],[17.628087791587134,59.85741032159102,21.100000381469727]]},"properties":{"slope":2.59}},{"type":"Feature","geometry":{"type":"LineString","coordinates":[[17.628858634738535,59.85682381748039,21.440000534057617],[17.628918597958876,59.85679094182759,21.43000030517578]]},"properties":{"slope":0.201}},{"type":"Feature","geometry":{"type":"LineString","coordinates":[[17.628918597958876,59.85679094182759,21.43000030517578],[17.628973140071885,59.85676103672394,21.420000076293945]]},"properties":{"slope":0.221}},{"type":"Feature","geometry":{"type":"LineString","coordinates":[[17.632852975596382,59.85900257983694,8.050000190734863],[17.632798251643646,59.85902097672096,8.140000343322754]]},"properties":{"slope":2.44}},{"type":"Feature","geometry":{"type":"LineString","coordinates":[[17.632798251643646,59.85902097672096,8.140000343322754],[17.632718557173366,59.859047760414384,8.279999732971191]]},"properties":{"slope":2.607}},{"type":"Feature","geometry":{"type":"LineString","coordinates":[[17.634042760937792,59.856375755949486,9.680000305175781],[17.633997290515445,59.856354267113936,9.869999885559082]]},"properties":{"slope":5.434}},{"type":"Feature","geometry":{"type":"LineString","coordinates":[[17.633997290515445,59.856354267113936,9.869999885559082],[17.633923318639802,59.856319301192976,10.1899995803833]]},"properties":{"slope":5.625}},{"type":"Feature","geometry":{"type":"LineString","coordinates":[[17.634619397687537,59.857677842096294,11.199999809265137],[17.634582418786106,59.857693864548864,11.329999923706055]]},"properties":{"slope":4.735}},{"type":"Feature","geometry":{"type":"LineString","coordinates":[[17.634582418786106,59.857693864548864,11.329999923706055],[17.634582414741562,59.85769386591519,11.330022574836768]]},"properties":{"slope":6.557}},{"type":"Feature","geometry":{"type":"LineString","coordinates":[[17.634582414741562,59.85769386591519,11.330022574836768],[17.63452693197804,59.85771117108757,11.569999694824219]]},"properties":{"slope":6.557}},{"type":"Feature","geometry":{"type":"LineString","coordinates":[[17.633165911295745,59.857146322337755,13.539999961853027],[17.632989879700357,59.85712803743636,17.219999313354492]]},"properties":{"slope":36.533}},{"type":"Feature","geometry":{"type":"LineString","coordinates":[[17.633204210880404,59.85662174014053,17.809999465942383],[17.633571494408027,59.85656221367985,12.260000228881836]]},"properties":{"slope":25.665}},{"type":"Feature","geometry":{"type":"LineString","coordinates":[[17.626003853568676,59.85888457510415,17.1299991607666],[17.626667100540033,59.85918487439332,11.670000076293945]]},"properties":{"slope":10.919}},{"type":"Feature","geometry":{"type":"LineString","coordinates":[[17.626667100540033,59.85918487439332,11.670000076293945],[17.62732731502485,59.85948686050857,10.670000076293945]]},"properties":{"slope":2}},{"type":"Feature","geometry":{"type":"LineString","coordinates":[[17.62732731502485,59.85948686050857,10.670000076293945],[17.627331976465566,59.859488998228514,10.670000076293945]]},"properties":{"slope":0.001}},{"type":"Feature","geometry":{"type":"LineString","coordinates":[[17.627331976465566,59.859488998228514,10.670000076293945],[17.627331744041648,59.85950789688247,10.619999885559082]]},"properties":{"slope":2.094}},{"type":"Feature","geometry":{"type":"LineString","coordinates":[[17.627331744041648,59.85950789688247,10.619999885559082],[17.626876840659147,59.85973211923841,9.90999984741211]]},"properties":{"slope":1.989}},{"type":"Feature","geometry":{"type":"LineString","coordinates":[[17.626876840659147,59.85973211923841,9.90999984741211],[17.626795851127326,59.85974451368978,9.760000228881836]]},"properties":{"slope":2.667}},{"type":"Feature","geometry":{"type":"LineString","coordinates":[[17.626795851127326,59.85974451368978,9.760000228881836],[17.626136389149014,59.85944210681866,11.100000381469727]]},"properties":{"slope":2.68}},{"type":"Feature","geometry":{"type":"LineString","coordinates":[[17.626136389149014,59.85944210681866,11.100000381469727],[17.625567476325113,59.85918121557943,12.680000305175781]]},"properties":{"slope":3.662}},{"type":"Feature","geometry":{"type":"LineString","coordinates":[[17.625567476325113,59.85918121557943,12.680000305175781],[17.62553143495322,59.85916456084597,12.760000228881836],[17.62555253094997,59.85913441073327,13.079999923706055]]},"properties":{"slope":6.01}},{"type":"Feature","geometry":{"type":"LineString","coordinates":[[17.62555253094997,59.85913441073327,13.079999923706055],[17.626003853568676,59.85888457510415,17.1299991607666]]},"properties":{"slope":10.769}},{"type":"Feature","geometry":{"type":"LineString","coordinates":[[17.627427816040576,59.85955232563225,10.550000190734863],[17.628100150822636,59.859841952985605,10.5600004196167]]},"properties":{"slope":0.02}},{"type":"Feature","geometry":{"type":"LineString","coordinates":[[17.628100150822636,59.859841952985605,10.5600004196167],[17.6284130239598,59.85998928950452,10.460000038146973]]},"properties":{"slope":0.415}},{"type":"Feature","geometry":{"type":"LineString","coordinates":[[17.6284130239598,59.85998928950452,10.460000038146973],[17.628394377360323,59.860017128476514,10.40999984741211],[17.62796696886687,59.86021201843283,9.40999984741211]]},"properties":{"slope":2.938}},{"type":"Feature","geometry":{"type":"LineString","coordinates":[[17.62796696886687,59.86021201843283,9.40999984741211],[17.62785198137691,59.860227026639194,9.40999984741211],[17.627287715016074,59.85997018179101,9.489999771118164]]},"properties":{"slope":0.16}},{"type":"Feature","geometry":{"type":"LineString","coordinates":[[17.627287715016074,59.85997018179101,9.489999771118164],[17.62696577422377,59.859822580316425,9.649999618530273],[17.626953685209457,59.85980072978723,9.65999984741211],[17.6269751769352,59.85977796640008,9.739999771118164]]},"properties":{"slope":0.838}},{"type":"Feature","geometry":{"type":"LineString","coordinates":[[17.6269751769352,59.85977796640008,9.739999771118164],[17.627427816040576,59.85955232563225,10.550000190734863]]},"properties":{"slope":2.268}},{"type":"Feature","geometry":{"type":"LineString","coordinates":[[17.629443360904204,59.85966220308079,13.670000076293945],[17.62949159776699,59.85965855564635,13.539999961853027],[17.630028829713055,59.85991236770122,10.4399995803833]]},"properties":{"slope":7.267}},{"type":"Feature","geometry":{"type":"LineString","coordinates":[[17.630028829713055,59.85991236770122,10.4399995803833],[17.630047861598943,59.85993788375716,10.3100004196167],[17.630007690526337,59.859994176455295,10.220000267028809],[17.6294094878171,59.86019365493438,10.479999542236328]]},"properties":{"slope":0.08}},{"type":"Feature","geometry":{"type":"LineString","coordinates":[[17.6294094878171,59.86019365493438,10.479999542236328],[17.628674062266555,59.86044790013607,9.5600004196167]]},"properties":{"slope":1.84}},{"type":"Feature","geometry":{"type":"LineString","coordinates":[[17.628674062266555,59.86044790013607,9.5600004196167],[17.62856006483919,59.860483893531715,9.430000305175781]]},"properties":{"slope":1.723}},{"type":"Feature","geometry":{"type":"LineString","coordinates":[[17.62856006483919,59.860483893531715,9.430000305175781],[17.628482860062693,59.860495763739536,9.40999984741211],[17.628372427953163,59.86046587683123,9.289999961853027]]},"properties":{"slope":1.193}},{"type":"Feature","geometry":{"type":"LineString","coordinates":[[17.628372427953163,59.86046587683123,9.289999961853027],[17.628011399173616,59.86029690039179,9.3100004196167],[17.628041568722296,59.86025521945323,9.420000076293945]]},"properties":{"slope":0.394}},{"type":"Feature","geometry":{"type":"LineString","coordinates":[[17.628041568722296,59.86025521945323,9.420000076293945],[17.628720762778176,59.85996436053599,11.149999618530273]]},"properties":{"slope":3.46}},{"type":"Feature","geometry":{"type":"LineString","coordinates":[[17.628720762778176,59.85996436053599,11.149999618530273],[17.62940696984009,59.859677401795935,13.760000228881836]]},"properties":{"slope":5.219}},{"type":"Feature","geometry":{"type":"LineString","coordinates":[[17.62940696984009,59.859677401795935,13.760000228881836],[17.629443360904204,59.85966220308079,13.670000076293945]]},"properties":{"slope":3.395}},{"type":"Feature","geometry":{"type":"LineString","coordinates":[[17.629641541395593,59.85958877088173,13.289999961853027],[17.62964887586836,59.85963010985588,13.3100004196167],[17.630142402377576,59.859856728326434,10.430000305175781]]},"properties":{"slope":6.784}},{"type":"Feature","geometry":{"type":"LineString","coordinates":[[17.630142402377576,59.859856728326434,10.430000305175781],[17.630255154200068,59.85988402629901,10.079999923706055],[17.63034530370482,59.85986611465019,9.989999771118164]]},"properties":{"slope":3.435}},{"type":"Feature","geometry":{"type":"LineString","coordinates":[[17.63034530370482,59.85986611465019,9.989999771118164],[17.631081417192675,59.85961237006957,9.390000343322754]]},"properties":{"slope":1.2}},{"type":"Feature","geometry":{"type":"LineString","coordinates":[[17.631081417192675,59.85961237006957,9.390000343322754],[17.631696935250286,59.859404121411124,9.010000228881836]]},"properties":{"slope":0.914}},{"type":"Feature","geometry":{"type":"LineString","coordinates":[[17.631696935250286,59.859404121411124,9.010000228881836],[17.631714511623734,59.85937281288721,8.970000267028809],[17.63168523730281,59.85935971480002,8.949999809265137]]},"properties":{"slope":0.983}},{"type":"Feature","geometry":{"type":"LineString","coordinates":[[17.63168523730281,59.85935971480002,8.949999809265137],[17.63102448136623,59.85905825359697,10.029999732971191]]},"properties":{"slope":2.16}},{"type":"Feature","geometry":{"type":"LineString","coordinates":[[17.63102448136623,59.85905825359697,10.029999732971191],[17.63092598847108,59.859054678620566,10.069999694824219]]},"properties":{"slope":0.696}},{"type":"Feature","geometry":{"type":"LineString","coordinates":[[17.63092598847108,59.859054678620566,10.069999694824219],[17.63023619260111,59.859339446218065,11.649999618530273]]},"properties":{"slope":3.16}},{"type":"Feature","geometry":{"type":"LineString","coordinates":[[17.63023619260111,59.859339446218065,11.649999618530273],[17.629641541395593,59.85958877088173,13.289999961853027]]},"properties":{"slope":3.779}},{"type":"Feature","geometry":{"type":"LineString","coordinates":[[17.631657093674914,59.86056407875999,6.75],[17.631012575433584,59.86025492290102,7.889999866485596]]},"properties":{"slope":2.28}},{"type":"Feature","geometry":{"type":"LineString","coordinates":[[17.631012575433584,59.86025492290102,7.889999866485596],[17.630504357646412,59.86002116933663,9.640000343322754]]},"properties":{"slope":4.534}},{"type":"Feature","geometry":{"type":"LineString","coordinates":[[17.630504357646412,59.86002116933663,9.640000343322754],[17.630441071317833,59.85998037748155,9.680000305175781],[17.63046830864227,59.85995088897689,9.720000267028809]]},"properties":{"slope":0.831}},{"type":"Feature","geometry":{"type":"LineString","coordinates":[[17.63046830864227,59.85995088897689,9.720000267028809],[17.6312070615551,59.859699390548705,9.170000076293945]]},"properties":{"slope":1.1}},{"type":"Feature","geometry":{"type":"LineString","coordinates":[[17.6312070615551,59.859699390548705,9.170000076293945],[17.631796271903212,59.85949347202269,8.770000457763672]]},"properties":{"slope":0.995}},{"type":"Feature","geometry":{"type":"LineString","coordinates":[[17.631914464145584,59.855849874288516,20.920000076293945],[17.631892343641344,59.85583000211062,21.81999969482422]]},"properties":{"slope":35.469}},{"type":"Feature","geometry":{"type":"LineString","coordinates":[[17.63180129532525,59.85580301406693,22.299999237060547],[17.63175397835014,59.85578280340358,23.3799991607666]]},"properties":{"slope":31.045}},{"type":"Feature","geometry":{"type":"LineString","coordinates":[[17.631836101844815,59.85572592814241,22.360000610351562],[17.631825152059864,59.855703976730595,23.360000610351562]]},"properties":{"slope":39.335}},{"type":"Feature","geometry":{"type":"LineString","coordinates":[[17.631981834918868,59.855811895337105,20.899999618530273],[17.63193197648501,59.85580918061838,21.93000030517578]]},"properties":{"slope":36.648}},{"type":"Feature","geometry":{"type":"LineString","coordinates":[[17.630056650236988,59.85783427438472,22.600000381469727],[17.630134122284996,59.85786541798497,20.520000457763672]]},"properties":{"slope":37.426}},{"type":"Feature","geometry":{"type":"LineString","coordinates":[[17.633615087946634,59.857710082170655,13.039999961853027],[17.633614430648482,59.85776162394429,14.529999732971191]]},"properties":{"slope":25.947}},{"type":"Feature","geometry":{"type":"LineString","coordinates":[[17.633593301190796,59.854770266848945,31.850000381469727],[17.63352890172638,59.854846389373385,29.75]]},"properties":{"slope":22.784}},{"type":"Feature","geometry":{"type":"LineString","coordinates":[[17.634330481342825,59.85411238748419,42.900001525878906],[17.634498436299822,59.85416223178489,40.400001525878906]]},"properties":{"slope":22.875}},{"type":"Feature","geometry":{"type":"LineString","coordinates":[[17.6342399746396,59.85414755447904,43.349998474121094],[17.634233216336618,59.8541948785441,45.40999984741211]]},"properties":{"slope":38.971}},{"type":"Feature","geometry":{"type":"LineString","coordinates":[[17.63407384046232,59.854063133013064,44.310001373291016],[17.634151168287143,59.85407205673228,43.36000061035156]]},"properties":{"slope":21.365}},{"type":"Feature","geometry":{"type":"LineString","coordinates":[[17.634934544735742,59.853110493917505,37.9900016784668],[17.634766583451313,59.8533283653368,41.81999969482422]]},"properties":{"slope":14.711}},{"type":"Feature","geometry":{"type":"LineString","coordinates":[[17.62849514804374,59.859944215508186,10.609999656677246],[17.627830462707664,59.859644785027555,10.760000228881836]]},"properties":{"slope":0.3}},{"type":"Feature","geometry":{"type":"LineString","coordinates":[[17.627830462707664,59.859644785027555,10.760000228881836],[17.62757022500365,59.8595257494764,10.729999542236328],[17.627566714494783,59.85948064379428,10.859999656677246],[17.62789730346247,59.85932643404354,11.5600004196167]]},"properties":{"slope":1.6}},{"type":"Feature","geometry":{"type":"LineString","coordinates":[[17.62789730346247,59.85932643404354,11.5600004196167],[17.628278935489355,59.85914767465724,12.470000267028809],[17.628367439248457,59.85915228873593,12.779999732971191]]},"properties":{"slope":3.534}},{"type":"Feature","geometry":{"type":"LineString","coordinates":[[17.629345269805526,59.85960915068081,13.710000038146973],[17.62867451424719,59.859902711390596,11.270000457763672]]},"properties":{"slope":4.879}},{"type":"Feature","geometry":{"type":"LineString","coordinates":[[17.62867451424719,59.859902711390596,11.270000457763672],[17.628538838162918,59.85995656246425,10.6899995803833],[17.62849514804374,59.859944215508186,10.609999656677246]]},"properties":{"slope":5.245}},{"type":"Feature","geometry":{"type":"LineString","coordinates":[[17.628367439248457,59.85915228873593,12.779999732971191],[17.62903305824743,59.859451259981796,13.539999961853027]]},"properties":{"slope":1.52}},{"type":"Feature","geometry":{"type":"LineString","coordinates":[[17.62903305824743,59.859451259981796,13.539999961853027],[17.629318522864388,59.859579477346536,13.680000305175781]]},"properties":{"slope":0.653}},{"type":"Feature","geometry":{"type":"LineString","coordinates":[[17.629318522864388,59.859579477346536,13.680000305175781],[17.629345269805526,59.85960915068081,13.710000038146973]]},"properties":{"slope":0.812}},{"type":"Feature","geometry":{"type":"LineString","coordinates":[[17.62705706149594,59.85695351491688,22.18000030517578],[17.627715592825222,59.85725636094098,21.520000457763672]]},"properties":{"slope":1.32}},{"type":"Feature","geometry":{"type":"LineString","coordinates":[[17.627715592825222,59.85725636094098,21.520000457763672],[17.62798369561952,59.85736585372482,21.229999542236328]]},"properties":{"slope":1.486}},{"type":"Feature","geometry":{"type":"LineString","coordinates":[[17.62798369561952,59.85736585372482,21.229999542236328],[17.628588004967114,59.85703584199082,21.65999984741211]]},"properties":{"slope":0.86}},{"type":"Feature","geometry":{"type":"LineString","coordinates":[[17.628588004967114,59.85703584199082,21.65999984741211],[17.628892930062126,59.85686684503594,21.510000228881836],[17.628894635920524,59.85684048637423,21.469999313354492],[17.628858634738535,59.85682381748039,21.440000534057617]]},"properties":{"slope":0.707}},{"type":"Feature","geometry":{"type":"LineString","coordinates":[[17.628858634738535,59.85682381748039,21.440000534057617],[17.628202071929547,59.85651985051748,21.149999618530273]]},"properties":{"slope":0.58}},{"type":"Feature","geometry":{"type":"LineString","coordinates":[[17.628202071929547,59.85651985051748,21.149999618530273],[17.62801257458089,59.856432117827524,21.18000030517578]]},"properties":{"slope":0.208}},{"type":"Feature","geometry":{"type":"LineString","coordinates":[[17.631796271903212,59.85949347202269,8.770000457763672],[17.631895703002197,59.85946258971288,8.649999618530273],[17.632018879851316,59.859511833807325,8.319999694824219]]},"properties":{"slope":2.892}},{"type":"Feature","geometry":{"type":"LineString","coordinates":[[17.628202537295085,59.860557671879,9.170000076293945],[17.628151189373174,59.86060670659407,9.050000190734863]]},"properties":{"slope":1.939}},{"type":"Feature","geometry":{"type":"LineString","coordinates":[[17.628151189373174,59.86060670659407,9.050000190734863],[17.62802998047032,59.86067476952687,8.90999984741211]]},"properties":{"slope":1.375}},{"type":"Feature","geometry":{"type":"LineString","coordinates":[[17.630881037832978,59.86162807870188,6.440000057220459],[17.630931759719996,59.86164366059407,6.539999961853027],[17.63109700244465,59.861557379718974,6.579999923706055],[17.631256294045862,59.86127016226604,6.869999885559082]]},"properties":{"slope":0.86}},{"type":"Feature","geometry":{"type":"LineString","coordinates":[[17.631256294045862,59.86127016226604,6.869999885559082],[17.63149014435935,59.86083700173099,6.880000114440918]]},"properties":{"slope":0.02}},{"type":"Feature","geometry":{"type":"LineString","coordinates":[[17.63149014435935,59.86083700173099,6.880000114440918],[17.631598521288115,59.86061327359709,6.699999809265137],[17.631277518543875,59.8604676237881,6.869999885559082]]},"properties":{"slope":0.02}},{"type":"Feature","geometry":{"type":"LineString","coordinates":[[17.631277518543875,59.8604676237881,6.869999885559082],[17.63061584653983,59.860166469026616,8.819999694824219]]},"properties":{"slope":3.899}},{"type":"Feature","geometry":{"type":"LineString","coordinates":[[17.63061584653983,59.860166469026616,8.819999694824219],[17.63039270852087,59.8600618238107,9.460000038146973]]},"properties":{"slope":3.744}},{"type":"Feature","geometry":{"type":"LineString","coordinates":[[17.63039270852087,59.8600618238107,9.460000038146973],[17.63026350708257,59.86002511854094,9.829999923706055],[17.629658077048184,59.86023492141067,10.489999771118164]]},"properties":{"slope":2.06}},{"type":"Feature","geometry":{"type":"LineString","coordinates":[[17.629658077048184,59.86023492141067,10.489999771118164],[17.628927395436293,59.86049260797747,9.760000228881836]]},"properties":{"slope":1.46}},{"type":"Feature","geometry":{"type":"LineString","coordinates":[[17.628927395436293,59.86049260797747,9.760000228881836],[17.628702976023742,59.86057167674552,9.239999771118164]]},"properties":{"slope":3.387}},{"type":"Feature","geometry":{"type":"LineString","coordinates":[[17.628702976023742,59.86057167674552,9.239999771118164],[17.62868019105994,59.86060818529169,9.170000076293945]]},"properties":{"slope":1.494}},{"type":"Feature","geometry":{"type":"LineString","coordinates":[[17.62868019105994,59.86060818529169,9.170000076293945],[17.629140068847725,59.86081919085575,8.319999694824219],[17.629366401373197,59.86088897447556,7.889999866485596]]},"properties":{"slope":2.56}},{"type":"Feature","geometry":{"type":"LineString","coordinates":[[17.629366401373197,59.86088897447556,7.889999866485596],[17.629860059216984,59.86111864063535,7.159999847412109],[17.62989281774233,59.86117102792619,7.079999923706055]]},"properties":{"slope":1.843}},{"type":"Feature","geometry":{"type":"LineString","coordinates":[[17.62989281774233,59.86117102792619,7.079999923706055],[17.630550390062847,59.861474481811854,6.570000171661377]]},"properties":{"slope":1.02}},{"type":"Feature","geometry":{"type":"LineString","coordinates":[[17.630550390062847,59.861474481811854,6.570000171661377],[17.630881037832978,59.86162807870188,6.440000057220459]]},"properties":{"slope":0.515}},{"type":"Feature","geometry":{"type":"LineString","coordinates":[[17.629677525017904,59.86127882146909,7.039999961853027],[17.629780148801768,59.8613529255983,7.039999961853027],[17.63003016388189,59.861467854534844,6.909999847412109],[17.63018039622826,59.86149137731424,6.650000095367432],[17.630341684394725,59.86156274335909,6.489999771118164]]},"properties":{"slope":1.1}},{"type":"Feature","geometry":{"type":"LineString","coordinates":[[17.630341684394725,59.86156274335909,6.489999771118164],[17.630689074489588,59.861726242564075,6.309999942779541]]},"properties":{"slope":0.675}},{"type":"Feature","geometry":{"type":"LineString","coordinates":[[17.630689074489588,59.861726242564075,6.309999942779541],[17.630724062988346,59.86176278892015,6.21999979019165],[17.63058742759836,59.86184010385927,6.210000038146973]]},"properties":{"slope":0.603}},{"type":"Feature","geometry":{"type":"LineString","coordinates":[[17.62950699460065,59.861348097827644,7.269999980926514],[17.62965293111449,59.86126792782494,7.099999904632568]]},"properties":{"slope":1.404}},{"type":"Feature","geometry":{"type":"LineString","coordinates":[[17.62801257458089,59.856432117827524,21.18000030517578],[17.62794825705677,59.85643472964371,21.299999237060547],[17.627404774805008,59.85674372972877,21.81999969482422]]},"properties":{"slope":1.28}},{"type":"Feature","geometry":{"type":"LineString","coordinates":[[17.627404774805008,59.85674372972877,21.81999969482422],[17.62705706149594,59.85695351491688,22.18000030517578]]},"properties":{"slope":1.175}},{"type":"Feature","geometry":{"type":"LineString","coordinates":[[17.63257708095255,59.859592193403714,7.440000057220459],[17.632677099245168,59.859639466035574,7.380000114440918]]},"properties":{"slope":0.78}},{"type":"Feature","geometry":{"type":"LineString","coordinates":[[17.630731739400318,59.861870089533234,6.230000019073486],[17.63069725890796,59.86188963333471,6.25]]},"properties":{"slope":0.687}},{"type":"Feature","geometry":{"type":"LineString","coordinates":[[17.636676934127415,59.85805713026783,6.639999866485596],[17.63653509780645,59.8580963962243,6.789999961853027]]},"properties":{"slope":1.653}},{"type":"Feature","geometry":{"type":"LineString","coordinates":[[17.632209568338883,59.858478698175574,11.270000457763672],[17.63210162800262,59.858501385292044,11.34000015258789]]},"properties":{"slope":0.988}},{"type":"Feature","geometry":{"type":"LineString","coordinates":[[17.624803182684214,59.85774817312969,18.690000534057617],[17.624902696346854,59.857783612624324,18.5]]},"properties":{"slope":2.781}},{"type":"Feature","geometry":{"type":"LineString","coordinates":[[17.624803182684214,59.85774817312969,18.690000534057617],[17.62477541258222,59.85775338794327,18.649999618530273]]},"properties":{"slope":2.408}},{"type":"Feature","geometry":{"type":"LineString","coordinates":[[17.631127255158077,59.85890088092808,10.039999961853027],[17.63109771385991,59.85888654605847,10.100000381469727]]},"properties":{"slope":2.608}},{"type":"Feature","geometry":{"type":"LineString","coordinates":[[17.63157498759802,59.8576431672501,17.290000915527344],[17.63155979336871,59.85772396524961,16.709999084472656],[17.63114423530478,59.85785370286617,17.799999237060547],[17.63107251229186,59.85785754917044,18]]},"properties":{"slope":1.753}},{"type":"Feature","geometry":{"type":"LineString","coordinates":[[17.63107251229186,59.85785754917044,18],[17.630606677049514,59.85795005938182,18.8700008392334]]},"properties":{"slope":3.095}},{"type":"Feature","geometry":{"type":"LineString","coordinates":[[17.62839413684518,59.860650079409076,9.109999656677246],[17.628322701302245,59.86068583907498,9.100000381469727]]},"properties":{"slope":0.063}},{"type":"Feature","geometry":{"type":"LineString","coordinates":[[17.628322701302245,59.86068583907498,9.100000381469727],[17.62819465816299,59.860749938048755,9.119999885559082]]},"properties":{"slope":0.063}},{"type":"Feature","geometry":{"type":"LineString","coordinates":[[17.632445650632828,59.85517917276267,24.020000457763672],[17.632539118085646,59.85519471270922,24.020000457763672]]},"properties":{"slope":10.123}},{"type":"Feature","geometry":{"type":"LineString","coordinates":[[17.632539118085646,59.85519471270922,24.020000457763672],[17.632709894403884,59.85522310341908,22.969999313354492],[17.632986830010005,59.855340171724194,20.3799991607666]]},"properties":{"slope":10.123}},{"type":"Feature","geometry":{"type":"LineString","coordinates":[[17.632986830010005,59.855340171724194,20.3799991607666],[17.63354912709857,59.85557192531243,17.489999771118164]]},"properties":{"slope":6.8}},{"type":"Feature","geometry":{"type":"LineString","coordinates":[[17.63354912709857,59.85557192531243,17.489999771118164],[17.633631705800436,59.85559247191691,17.25]]},"properties":{"slope":6.8}},{"type":"Feature","geometry":{"type":"LineString","coordinates":[[17.632058117372363,59.854751838593415,25.56999969482422],[17.63146365477237,59.85441765939388,25.100000381469727]]},"properties":{"slope":0.94}},{"type":"Feature","geometry":{"type":"LineString","coordinates":[[17.63146365477237,59.85441765939388,25.100000381469727],[17.63130722890143,59.854314358792855,24.829999923706055]]},"properties":{"slope":1.866}},{"type":"Feature","geometry":{"type":"LineString","coordinates":[[17.631266787454074,59.854287650644835,24.889999389648438],[17.631211622576153,59.854251222337304,24.6200008392334]]},"properties":{"slope":5.292}},{"type":"Feature","geometry":{"type":"LineString","coordinates":[[17.631851613829703,59.85399134746411,25.799999237060547],[17.63227036585905,59.8541492724055,27.8799991607666]]},"properties":{"slope":7.063}},{"type":"Feature","geometry":{"type":"LineString","coordinates":[[17.632058117372363,59.854751838593415,25.56999969482422],[17.63209875551944,59.85477590155039,25.469999313354492]]},"properties":{"slope":2.843}},{"type":"Feature","geometry":{"type":"LineString","coordinates":[[17.632416928425478,59.85421632840354,27.979999542236328],[17.63227036585905,59.8541492724055,27.8799991607666]]},"properties":{"slope":0.898}},{"type":"Feature","geometry":{"type":"LineString","coordinates":[[17.631211622576153,59.854251222337304,24.6200008392334],[17.63103567268666,59.854146742008,23.950000762939453]]},"properties":{"slope":4.392}},{"type":"Feature","geometry":{"type":"LineString","coordinates":[[17.629614631149572,59.85520534947038,23.540000915527344],[17.629016914718765,59.855538613228354,23.3700008392334]]},"properties":{"slope":0.34}},{"type":"Feature","geometry":{"type":"LineString","coordinates":[[17.629016914718765,59.855538613228354,23.3700008392334],[17.628793759218517,59.85566303379058,23.260000228881836]]},"properties":{"slope":0.589}},{"type":"Feature","geometry":{"type":"LineString","coordinates":[[17.62860285423788,59.85546729758545,22.780000686645508],[17.628642054388795,59.85551225606438,22.8700008392334],[17.628561828763566,59.855537370518846,22.920000076293945]]},"properties":{"slope":1.3}},{"type":"Feature","geometry":{"type":"LineString","coordinates":[[17.632066941913532,59.855775167702596,20.90999984741211],[17.632101804978383,59.85561342490345,21.8799991607666]]},"properties":{"slope":5.125}},{"type":"Feature","geometry":{"type":"LineString","coordinates":[[17.632101804978383,59.85561342490345,21.8799991607666],[17.632110378331763,59.85557141813881,22.079999923706055]]},"properties":{"slope":5.125}},{"type":"Feature","geometry":{"type":"LineString","coordinates":[[17.632031295220337,59.85597951808762,19.579999923706055],[17.63205979208777,59.85581614668723,20.770000457763672]]},"properties":{"slope":5.82}},{"type":"Feature","geometry":{"type":"LineString","coordinates":[[17.63205979208777,59.85581614668723,20.770000457763672],[17.632066941913532,59.855775167702596,20.90999984741211]]},"properties":{"slope":5.82}},{"type":"Feature","geometry":{"type":"LineString","coordinates":[[17.626671246605095,59.86005454297871,9.420000076293945],[17.626891442478804,59.85993824865343,9.520000457763672]]},"properties":{"slope":0.559}},{"type":"Feature","geometry":{"type":"LineString","coordinates":[[17.623874087823467,59.85856478460097,14.960000038146973],[17.623710465507767,59.85858705433408,14.579999923706055],[17.62357642239207,59.85864519710684,14.220000267028809]]},"properties":{"slope":3.799}},{"type":"Feature","geometry":{"type":"LineString","coordinates":[[17.63047225770499,59.85526854221725,24.43000030517578],[17.63039665637059,59.85524195831009,24.209999084472656]]},"properties":{"slope":1.7}},{"type":"Feature","geometry":{"type":"LineString","coordinates":[[17.63039665637059,59.85524195831009,24.209999084472656],[17.629976315505694,59.855262842310786,23.479999542236328]]},"properties":{"slope":1.7}},{"type":"Feature","geometry":{"type":"LineString","coordinates":[[17.629976315505694,59.855262842310786,23.479999542236328],[17.629900848634335,59.85526592772296,23.450000762939453]]},"properties":{"slope":1.7}},{"type":"Feature","geometry":{"type":"LineString","coordinates":[[17.629900848634335,59.85526592772296,23.450000762939453],[17.629626490249667,59.85520785947907,23.579999923706055]]},"properties":{"slope":1.7}},{"type":"Feature","geometry":{"type":"LineString","coordinates":[[17.629626490249667,59.85520785947907,23.579999923706055],[17.629614631149572,59.85520534947038,23.540000915527344]]},"properties":{"slope":5.547}},{"type":"Feature","geometry":{"type":"LineString","coordinates":[[17.628365464800172,59.85588738746109,23.299999237060547],[17.628793759218517,59.85566303379058,23.260000228881836]]},"properties":{"slope":0.115}},{"type":"Feature","geometry":{"type":"LineString","coordinates":[[17.628561828763566,59.855537370518846,22.920000076293945],[17.628793759218517,59.85566303379058,23.260000228881836]]},"properties":{"slope":1.78}},{"type":"Feature","geometry":{"type":"LineString","coordinates":[[17.62836527759693,59.8607054889967,9.130000114440918],[17.628462958173458,59.86072605148229,9.0600004196167]]},"properties":{"slope":1.146}},{"type":"Feature","geometry":{"type":"LineString","coordinates":[[17.628462958173458,59.86072605148229,9.0600004196167],[17.629094870932533,59.86103910165534,8.270000457763672]]},"properties":{"slope":1.58}},{"type":"Feature","geometry":{"type":"LineString","coordinates":[[17.629094870932533,59.86103910165534,8.270000457763672],[17.62935857340174,59.861160864809634,7.690000057220459],[17.629475473495646,59.861189308354874,7.429999828338623]]},"properties":{"slope":3.07}},{"type":"Feature","geometry":{"type":"LineString","coordinates":[[17.62936458538082,59.86128320553457,7.539999961853027],[17.629508620927844,59.861203999841415,7.340000152587891]]},"properties":{"slope":1.672}},{"type":"Feature","geometry":{"type":"LineString","coordinates":[[17.633031324302966,59.85905229689883,7.849999904632568],[17.632942327972344,59.85908413485502,7.800000190734863]]},"properties":{"slope":0.817}},{"type":"Feature","geometry":{"type":"LineString","coordinates":[[17.63564921146606,59.85844520905647,8.350000381469727],[17.635234124070173,59.858631939405434,8.260000228881836],[17.63492425416442,59.85869543131618,8.5600004196167]]},"properties":{"slope":0.42}},{"type":"Feature","geometry":{"type":"LineString","coordinates":[[17.63492425416442,59.85869543131618,8.5600004196167],[17.63439781126086,59.85873344279624,9.260000228881836]]},"properties":{"slope":2.344}},{"type":"Feature","geometry":{"type":"LineString","coordinates":[[17.63439781126086,59.85873344279624,9.260000228881836],[17.63381900956694,59.8587994593781,8.4399995803833],[17.63355892848484,59.85887036780989,8.300000190734863]]},"properties":{"slope":1.92}},{"type":"Feature","geometry":{"type":"LineString","coordinates":[[17.63355892848484,59.85887036780989,8.300000190734863],[17.633505927901055,59.858888630507494,8.25]]},"properties":{"slope":1.389}},{"type":"Feature","geometry":{"type":"LineString","coordinates":[[17.633505927901055,59.858888630507494,8.25],[17.633031324302966,59.85905229689883,7.849999904632568]]},"properties":{"slope":1.24}},{"type":"Feature","geometry":{"type":"LineString","coordinates":[[17.63282889341332,59.85912474867836,7.769999980926514],[17.63333411002344,59.859494742684035,6.670000076293945]]},"properties":{"slope":2.2}},{"type":"Feature","geometry":{"type":"LineString","coordinates":[[17.63333411002344,59.859494742684035,6.670000076293945],[17.633388397976333,59.85953454344079,6.559999942779541],[17.633445257106075,59.85951418350307,6.829999923706055]]},"properties":{"slope":1.723}},{"type":"Feature","geometry":{"type":"LineString","coordinates":[[17.64138166952952,59.8554498339597,4.320000171661377],[17.641706259458186,59.85521601179517,4.360000133514404],[17.64171785830739,59.855132843244384,4.71999979019165],[17.641627693711005,59.85508555814958,2.900000095367432]]},"properties":{"slope":2.918}},{"type":"Feature","geometry":{"type":"LineString","coordinates":[[17.63282889341332,59.85912474867836,7.769999980926514],[17.63218362225189,59.85936769432437,8.350000381469727]]},"properties":{"slope":1.281}},{"type":"Feature","geometry":{"type":"LineString","coordinates":[[17.63218362225189,59.85936769432437,8.350000381469727],[17.632220986939693,59.859423871987424,8.3100004196167]]},"properties":{"slope":0.589}},{"type":"Feature","geometry":{"type":"LineString","coordinates":[[17.632060732117864,59.85859031344621,10.979999542236328],[17.632114484304218,59.85859576264598,11.020000457763672],[17.632583083192692,59.85894081414622,8.9399995803833]]},"properties":{"slope":4.079}},{"type":"Feature","geometry":{"type":"LineString","coordinates":[[17.632583083192692,59.85894081414622,8.9399995803833],[17.632718557173366,59.859047760414384,8.279999732971191]]},"properties":{"slope":4.665}},{"type":"Feature","geometry":{"type":"LineString","coordinates":[[17.632718557173366,59.859047760414384,8.279999732971191],[17.63206087220347,59.859275014801426,8.640000343322754]]},"properties":{"slope":0.802}},{"type":"Feature","geometry":{"type":"LineString","coordinates":[[17.63206087220347,59.859275014801426,8.640000343322754],[17.63194329978592,59.85930158465235,8.770000457763672],[17.63185413851653,59.859266856993095,8.880000114440918]]},"properties":{"slope":1.734}},{"type":"Feature","geometry":{"type":"LineString","coordinates":[[17.63185413851653,59.859266856993095,8.880000114440918],[17.631197447776017,59.85896545097368,10.100000381469727]]},"properties":{"slope":2.44}},{"type":"Feature","geometry":{"type":"LineString","coordinates":[[17.631197447776017,59.85896545097368,10.100000381469727],[17.631207901983892,59.85894000490111,10.079999923706055]]},"properties":{"slope":0.674}},{"type":"Feature","geometry":{"type":"LineString","coordinates":[[17.631207901983892,59.85894000490111,10.079999923706055],[17.631899679885663,59.85865649180873,10.949999809265137]]},"properties":{"slope":1.74}},{"type":"Feature","geometry":{"type":"LineString","coordinates":[[17.631899679885663,59.85865649180873,10.949999809265137],[17.632060732117864,59.85859031344621,10.979999542236328]]},"properties":{"slope":0.257}},{"type":"Feature","geometry":{"type":"LineString","coordinates":[[17.63452693197804,59.85771117108757,11.569999694824219],[17.63363854085736,59.85771052036375,13]]},"properties":{"slope":2.86}},{"type":"Feature","geometry":{"type":"LineString","coordinates":[[17.63363854085736,59.85771052036375,13],[17.633615087946634,59.857710082170655,13.039999961853027]]},"properties":{"slope":3.041}},{"type":"Feature","geometry":{"type":"LineString","coordinates":[[17.633615087946634,59.857710082170655,13.039999961853027],[17.632723295311596,59.85769425664001,14.960000038146973]]},"properties":{"slope":3.839}},{"type":"Feature","geometry":{"type":"LineString","coordinates":[[17.632723295311596,59.85769425664001,14.960000038146973],[17.632294954053453,59.85768668808208,15.989999771118164]]},"properties":{"slope":4.288}},{"type":"Feature","geometry":{"type":"LineString","coordinates":[[17.632294954053453,59.85768668808208,15.989999771118164],[17.63219027258495,59.85768556943793,16.190000534057617]]},"properties":{"slope":3.409}},{"type":"Feature","geometry":{"type":"LineString","coordinates":[[17.63219027258495,59.85768556943793,16.190000534057617],[17.632063658922842,59.85770833732454,16.219999313354492]]},"properties":{"slope":0.369}},{"type":"Feature","geometry":{"type":"LineString","coordinates":[[17.632063658922842,59.85770833732454,16.219999313354492],[17.631948652549664,59.85814047493354,13.680000305175781]]},"properties":{"slope":5.224}},{"type":"Feature","geometry":{"type":"LineString","coordinates":[[17.631948652549664,59.85814047493354,13.680000305175781],[17.631918633850617,59.85826342611467,12.850000381469727],[17.632117745597267,59.85843944853791,11.59000015258789],[17.632347230780322,59.85847593109718,11.170000076293945]]},"properties":{"slope":5.019}},{"type":"Feature","geometry":{"type":"LineString","coordinates":[[17.632347230780322,59.85847593109718,11.170000076293945],[17.633213972467818,59.858582729460565,9.869999885559082]]},"properties":{"slope":2.6}},{"type":"Feature","geometry":{"type":"LineString","coordinates":[[17.633213972467818,59.858582729460565,9.869999885559082],[17.63337186670244,59.858602184215755,9.649999618530273],[17.63344291383583,59.85863735176951,9.300000190734863]]},"properties":{"slope":3.878}},{"type":"Feature","geometry":{"type":"LineString","coordinates":[[17.63344291383583,59.85863735176951,9.300000190734863],[17.63356544719547,59.858669669010524,9.15999984741211],[17.633804666437342,59.85866332651462,9.210000038146973]]},"properties":{"slope":0.422}},{"type":"Feature","geometry":{"type":"LineString","coordinates":[[17.633804666437342,59.85866332651462,9.210000038146973],[17.63438582223257,59.8586482704134,9.5]]},"properties":{"slope":0.889}},{"type":"Feature","geometry":{"type":"LineString","coordinates":[[17.63438582223257,59.8586482704134,9.5],[17.63452392855083,59.858644742539,9.430000305175781]]},"properties":{"slope":0.903}},{"type":"Feature","geometry":{"type":"LineString","coordinates":[[17.63452392855083,59.858644742539,9.430000305175781],[17.63482155583427,59.858636115627355,8.779999732971191],[17.63508654262525,59.85858341527307,8.210000038146973],[17.635334502810426,59.858491308991645,8.399999618530273]]},"properties":{"slope":2.06}},{"type":"Feature","geometry":{"type":"LineString","coordinates":[[17.635334502810426,59.858491308991645,8.399999618530273],[17.635603158810657,59.858380733567074,8.680000267683072]]},"properties":{"slope":1.439}},{"type":"Feature","geometry":{"type":"LineString","coordinates":[[17.635603158810657,59.858380733567074,8.680000267683072],[17.635603158863507,59.8583807335453,8.680000305175781]]},"properties":{"slope":1.439}},{"type":"Feature","geometry":{"type":"LineString","coordinates":[[17.63109771385991,59.85888654605847,10.100000381469727],[17.630969565020052,59.8588885150882,10.369999885559082],[17.630402431756934,59.85863304681843,13.09000015258789]]},"properties":{"slope":5.979}},{"type":"Feature","geometry":{"type":"LineString","coordinates":[[17.630402431756934,59.85863304681843,13.09000015258789],[17.6302769154876,59.858576598023575,13.890000343322754]]},"properties":{"slope":8.479}},{"type":"Feature","geometry":{"type":"LineString","coordinates":[[17.6302769154876,59.858576598023575,13.890000343322754],[17.62981092436325,59.85836584731222,17.25]]},"properties":{"slope":9.568}},{"type":"Feature","geometry":{"type":"LineString","coordinates":[[17.62981092436325,59.85836584731222,17.25],[17.629347747482537,59.85815448918803,19.739999771118164]]},"properties":{"slope":7.105}},{"type":"Feature","geometry":{"type":"LineString","coordinates":[[17.629347747482537,59.85815448918803,19.739999771118164],[17.62876844786778,59.85789324921014,20.329999923706055]]},"properties":{"slope":1.353}},{"type":"Feature","geometry":{"type":"LineString","coordinates":[[17.62831930997581,59.85768860239123,20.729999542236328],[17.628279766870204,59.85762572904035,21.040000915527344],[17.628401002949563,59.85754412741189,21.15999984741211]]},"properties":{"slope":2.256}},{"type":"Feature","geometry":{"type":"LineString","coordinates":[[17.628401002949563,59.85754412741189,21.15999984741211],[17.628990988679238,59.857207391919594,21.8700008392334]]},"properties":{"slope":1.42}},{"type":"Feature","geometry":{"type":"LineString","coordinates":[[17.628990988679238,59.857207391919594,21.8700008392334],[17.629472474496566,59.85693639092514,22.56999969482422]]},"properties":{"slope":1.729}},{"type":"Feature","geometry":{"type":"LineString","coordinates":[[17.629472474496566,59.85693639092514,22.56999969482422],[17.629506609503252,59.85691742882199,22.670000076293945]]},"properties":{"slope":3.509}},{"type":"Feature","geometry":{"type":"LineString","coordinates":[[17.629506609503252,59.85691742882199,22.670000076293945],[17.62992710366561,59.85668387673499,23.639999389648438],[17.629975742623223,59.85667922886064,23.809999465942383]]},"properties":{"slope":2.995}},{"type":"Feature","geometry":{"type":"LineString","coordinates":[[17.629975742623223,59.85667922886064,23.809999465942383],[17.63000042247585,59.856904564843106,24.43000030517578]]},"properties":{"slope":2.466}},{"type":"Feature","geometry":{"type":"LineString","coordinates":[[17.630031425819425,59.857187634343326,23.889999389648438],[17.630306776360733,59.857174216240416,23.799999237060547]]},"properties":{"slope":0.581}},{"type":"Feature","geometry":{"type":"LineString","coordinates":[[17.631973291721476,59.85853280295323,11.1899995803833],[17.631988373992076,59.858500966080115,11.34000015258789],[17.6317763013119,59.85831266843826,12.529999732971191],[17.631819772789136,59.858115727331004,13.729999542236328]]},"properties":{"slope":5.079}},{"type":"Feature","geometry":{"type":"LineString","coordinates":[[17.631819772789136,59.858115727331004,13.729999542236328],[17.631915082919104,59.857701786280394,16.200000762939453]]},"properties":{"slope":5.32}},{"type":"Feature","geometry":{"type":"LineString","coordinates":[[17.631915082919104,59.857701786280394,16.200000762939453],[17.631920099312488,59.8576743477717,16.31999969482422],[17.631896811842108,59.8576650130614,16.399999618530273],[17.63157498759802,59.8576431672501,17.290000915527344]]},"properties":{"slope":4.752}},{"type":"Feature","geometry":{"type":"LineString","coordinates":[[17.63157498759802,59.8576431672501,17.290000915527344],[17.630837584681164,59.85755280943302,21.030000686645508]]},"properties":{"slope":8.786}},{"type":"Feature","geometry":{"type":"LineString","coordinates":[[17.630837584681164,59.85755280943302,21.030000686645508],[17.630596334683535,59.85756765991669,21.81999969482422],[17.630449181860612,59.85764395703642,21.979999542236328]]},"properties":{"slope":3.702}},{"type":"Feature","geometry":{"type":"LineString","coordinates":[[17.630430356293814,59.85739977424624,23.110000610351562],[17.63053176999205,59.85737397829063,23.010000228881836],[17.63069806906365,59.857444310767455,22.190000534057617],[17.631226675831744,59.85752434709013,19.479999542236328]]},"properties":{"slope":7.259}},{"type":"Feature","geometry":{"type":"LineString","coordinates":[[17.631226675831744,59.85752434709013,19.479999542236328],[17.63157360686997,59.8575742925979,17.690000534057617]]},"properties":{"slope":8.852}},{"type":"Feature","geometry":{"type":"LineString","coordinates":[[17.63157360686997,59.8575742925979,17.690000534057617],[17.631884942731137,59.857590587827474,16.93000030517578]]},"properties":{"slope":4.181}},{"type":"Feature","geometry":{"type":"LineString","coordinates":[[17.63209916103744,59.85742587256847,17.579999923706055],[17.63211249147103,59.85757723668179,16.770000457763672]]},"properties":{"slope":4.799}},{"type":"Feature","geometry":{"type":"LineString","coordinates":[[17.63211249147103,59.85757723668179,16.770000457763672],[17.632197450392436,59.857628051354766,16.350000381469727]]},"properties":{"slope":5.503}},{"type":"Feature","geometry":{"type":"LineString","coordinates":[[17.632197450392436,59.857628051354766,16.350000381469727],[17.633070831480936,59.85763523724222,14.010000228881836]]},"properties":{"slope":4.78}},{"type":"Feature","geometry":{"type":"LineString","coordinates":[[17.633198345984418,59.857632265206156,13.6899995803833],[17.634090600593296,59.857625857373314,12.119999885559082]]},"properties":{"slope":3.14}},{"type":"Feature","geometry":{"type":"LineString","coordinates":[[17.634090600593296,59.857625857373314,12.119999885559082],[17.634360877590183,59.85762124484229,11.59000015258789]]},"properties":{"slope":3.497}},{"type":"Feature","geometry":{"type":"LineString","coordinates":[[17.633294900329453,59.85711474760487,13.09000015258789],[17.63328931814655,59.85714391774113,13.170000076293945]]},"properties":{"slope":2.45}},{"type":"Feature","geometry":{"type":"LineString","coordinates":[[17.633285352797344,59.857037385151195,13.34000015258789],[17.63327046050898,59.85709237380415,13.239999771118164],[17.633294900329453,59.85711474760487,13.09000015258789]]},"properties":{"slope":2.711}},{"type":"Feature","geometry":{"type":"LineString","coordinates":[[17.637778765796963,59.85592072817254,5.489999771118164],[17.63784516255743,59.855955215647,5.380000114440918]]},"properties":{"slope":1.1}},{"type":"Feature","geometry":{"type":"LineString","coordinates":[[17.63784516255743,59.855955215647,5.380000114440918],[17.638417034581387,59.856234350968876,4.940000057220459]]},"properties":{"slope":1.1}},{"type":"Feature","geometry":{"type":"LineString","coordinates":[[17.638417034581387,59.856234350968876,4.940000057220459],[17.6390600325967,59.856545559617395,4.46999979019165]]},"properties":{"slope":0.94}},{"type":"Feature","geometry":{"type":"LineString","coordinates":[[17.6390600325967,59.856545559617395,4.46999979019165],[17.63912662940368,59.85657758016343,4.449999809265137]]},"properties":{"slope":0.541}},{"type":"Feature","geometry":{"type":"LineString","coordinates":[[17.63912662940368,59.85657758016343,4.449999809265137],[17.639178213108476,59.8566238917737,4.53000020980835]]},"properties":{"slope":0.541}},{"type":"Feature","geometry":{"type":"LineString","coordinates":[[17.628184543654765,59.85776485656479,20.739999771118164],[17.628091471704334,59.85772322367322,20.8700008392334],[17.62805563352369,59.857736823138325,20.799999237060547]]},"properties":{"slope":0.54}},{"type":"Feature","geometry":{"type":"LineString","coordinates":[[17.62805563352369,59.857736823138325,20.799999237060547],[17.62757432641323,59.858007922337514,20.469999313354492]]},"properties":{"slope":0.54}},{"type":"Feature","geometry":{"type":"LineString","coordinates":[[17.62757432641323,59.858007922337514,20.469999313354492],[17.626973563000664,59.858339797106495,19.729999542236328]]},"properties":{"slope":1.48}},{"type":"Feature","geometry":{"type":"LineString","coordinates":[[17.626973563000664,59.858339797106495,19.729999542236328],[17.62689515735146,59.85838334077816,19.530000686645508],[17.62691380102662,59.85839669488144,19.489999771118164]]},"properties":{"slope":9.019}},{"type":"Feature","geometry":{"type":"LineString","coordinates":[[17.62691380102662,59.85839669488144,19.489999771118164],[17.627463996233086,59.85864787405335,15.220000267028809]]},"properties":{"slope":9.019}},{"type":"Feature","geometry":{"type":"LineString","coordinates":[[17.627463996233086,59.85864787405335,15.220000267028809],[17.62812477672705,59.858949517892704,13.020000457763672]]},"properties":{"slope":4.399}},{"type":"Feature","geometry":{"type":"LineString","coordinates":[[17.62812477672705,59.858949517892704,13.020000457763672],[17.628262514250803,59.859011069058774,12.930000305175781],[17.6283532513531,59.85900348984144,13.140000343322754]]},"properties":{"slope":0.758}},{"type":"Feature","geometry":{"type":"LineString","coordinates":[[17.62741458664042,59.8594450572682,10.760000228881836],[17.627486543738637,59.859432849858266,10.850000381469727],[17.628061754101893,59.859146399281144,12.210000038146973]]},"properties":{"slope":2.9}},{"type":"Feature","geometry":{"type":"LineString","coordinates":[[17.628061754101893,59.859146399281144,12.210000038146973],[17.628150535689024,59.85910218603856,12.430000305175781],[17.628158615525827,59.85906308033036,12.75],[17.627657385644195,59.858827224512936,13.729999542236328]]},"properties":{"slope":3.04}},{"type":"Feature","geometry":{"type":"LineString","coordinates":[[17.627657385644195,59.858827224512936,13.729999542236328],[17.62700193294747,59.858522630413276,18.200000762939453]]},"properties":{"slope":8.939}},{"type":"Feature","geometry":{"type":"LineString","coordinates":[[17.62700193294747,59.858522630413276,18.200000762939453],[17.62683250153954,59.858443892834465,19.459999084472656]]},"properties":{"slope":1.84}},{"type":"Feature","geometry":{"type":"LineString","coordinates":[[17.62683250153954,59.858443892834465,19.459999084472656],[17.626777857230437,59.85844948020762,19.530000686645508]]},"properties":{"slope":1.84}},{"type":"Feature","geometry":{"type":"LineString","coordinates":[[17.626777857230437,59.85844948020762,19.530000686645508],[17.6263813195643,59.85867406543462,19.1200008392334]]},"properties":{"slope":1.84}},{"type":"Feature","geometry":{"type":"LineString","coordinates":[[17.6263813195643,59.85867406543462,19.1200008392334],[17.62607209796613,59.85884694596689,17.790000915527344]]},"properties":{"slope":5.134}},{"type":"Feature","geometry":{"type":"LineString","coordinates":[[17.62545665980559,59.859091147269275,13.3100004196167],[17.626058070004014,59.85875954864336,18.31999969482422]]},"properties":{"slope":10.019}},{"type":"Feature","geometry":{"type":"LineString","coordinates":[[17.626058070004014,59.85875954864336,18.31999969482422],[17.626655259037097,59.85842601934393,19.59000015258789]]},"properties":{"slope":2.54}},{"type":"Feature","geometry":{"type":"LineString","coordinates":[[17.626655259037097,59.85842601934393,19.59000015258789],[17.626685152429477,59.85840932367833,19.649999618530273]]},"properties":{"slope":0.24}},{"type":"Feature","geometry":{"type":"LineString","coordinates":[[17.626685152429477,59.85840932367833,19.649999618530273],[17.626691716012797,59.858378364123475,19.81999969482422],[17.626115374092834,59.85811463612316,19.709999084472656]]},"properties":{"slope":0.24}},{"type":"Feature","geometry":{"type":"LineString","coordinates":[[17.626115374092834,59.85811463612316,19.709999084472656],[17.625470577276776,59.857823358294674,18.6200008392334]]},"properties":{"slope":2.244}},{"type":"Feature","geometry":{"type":"LineString","coordinates":[[17.63914776984654,59.856566849103004,4.5],[17.639609243197963,59.856185124605744,4.400000095367432]]},"properties":{"slope":0.2}},{"type":"Feature","geometry":{"type":"LineString","coordinates":[[17.639609243197963,59.856185124605744,4.400000095367432],[17.640056236010945,59.855796651778284,4.489999771118164]]},"properties":{"slope":0.18}},{"type":"Feature","geometry":{"type":"LineString","coordinates":[[17.640056236010945,59.855796651778284,4.489999771118164],[17.64035701056656,59.85553524852991,4.420000076293945],[17.640374241449358,59.85548756406226,4.429999828338623],[17.640466148576166,59.855400835791755,4.380000114440918]]},"properties":{"slope":0.22}},{"type":"Feature","geometry":{"type":"LineString","coordinates":[[17.640466148576166,59.855400835791755,4.380000114440918],[17.64090825276722,59.85501095300463,4.510000228881836]]},"properties":{"slope":0.26}},{"type":"Feature","geometry":{"type":"LineString","coordinates":[[17.64090825276722,59.85501095300463,4.510000228881836],[17.64096587655427,59.85496013497402,4.570000171661377]]},"properties":{"slope":0.615}},{"type":"Feature","geometry":{"type":"LineString","coordinates":[[17.64096587655427,59.85496013497402,4.570000171661377],[17.64097233655147,59.854904372244796,4.730000019073486],[17.640878748467433,59.854870824506996,4.630000114440918]]},"properties":{"slope":0.615}},{"type":"Feature","geometry":{"type":"LineString","coordinates":[[17.639622807661738,59.85631728880049,4.409999847412109],[17.639224948606106,59.856648330019105,4.590000152587891]]},"properties":{"slope":0.418}},{"type":"Feature","geometry":{"type":"LineString","coordinates":[[17.637787407352818,59.85598550301652,5.46999979019165],[17.638427394306174,59.85629828051843,5.010000228881836]]},"properties":{"slope":0.92}},{"type":"Feature","geometry":{"type":"LineString","coordinates":[[17.638427394306174,59.85629828051843,5.010000228881836],[17.639064702616018,59.85660862270163,4.429999828338623]]},"properties":{"slope":1.16}},{"type":"Feature","geometry":{"type":"LineString","coordinates":[[17.639064702616018,59.85660862270163,4.429999828338623],[17.639068348697645,59.85661055087019,4.429999828338623]]},"properties":{"slope":1.16}},{"type":"Feature","geometry":{"type":"LineString","coordinates":[[17.639068348697645,59.85661055087019,4.429999828338623],[17.639091190556684,59.85663882754911,4.5],[17.638883942556177,59.85682944702775,4.659999847412109],[17.638652489200666,59.856988350225436,4.690000057220459]]},"properties":{"slope":0.52}},{"type":"Feature","geometry":{"type":"LineString","coordinates":[[17.638652489200666,59.856988350225436,4.690000057220459],[17.63805543648155,59.857321847732024,4.929999828338623]]},"properties":{"slope":0.48}},{"type":"Feature","geometry":{"type":"LineString","coordinates":[[17.63805543648155,59.857321847732024,4.929999828338623],[17.63742254922163,59.85763806237701,5.889999866485596]]},"properties":{"slope":1.92}},{"type":"Feature","geometry":{"type":"LineString","coordinates":[[17.63742254922163,59.85763806237701,5.889999866485596],[17.637325239075768,59.85768442626142,6.130000114440918]]},"properties":{"slope":3.195}},{"type":"Feature","geometry":{"type":"LineString","coordinates":[[17.627375451993426,59.859466231384566,10.649999618530273],[17.62741458664042,59.8594450572682,10.760000228881836]]},"properties":{"slope":3.415}},{"type":"Feature","geometry":{"type":"LineString","coordinates":[[17.62607209796613,59.85884694596689,17.790000915527344],[17.626003853568676,59.85888457510415,17.1299991607666]]},"properties":{"slope":11.631}},{"type":"Feature","geometry":{"type":"LineString","coordinates":[[17.62673024798457,59.858428752500814,19.540000915527344],[17.626685152429477,59.85840932367833,19.649999618530273]]},"properties":{"slope":3.306}},{"type":"Feature","geometry":{"type":"LineString","coordinates":[[17.626777857230437,59.85844948020762,19.530000686645508],[17.62673024798457,59.858428752500814,19.540000915527344]]},"properties":{"slope":0.283}},{"type":"Feature","geometry":{"type":"LineString","coordinates":[[17.62683250153954,59.858443892834465,19.459999084472656],[17.626871758738297,59.858421103255154,19.350000381469727]]},"properties":{"slope":3.274}},{"type":"Feature","geometry":{"type":"LineString","coordinates":[[17.626871758738297,59.858421103255154,19.350000381469727],[17.62691380102662,59.85839669488144,19.489999771118164]]},"properties":{"slope":3.891}},{"type":"Feature","geometry":{"type":"LineString","coordinates":[[17.64096587655427,59.85496013497402,4.570000171661377],[17.641055077740027,59.85498437001443,4.570000171661377]]},"properties":{"slope":0.001}},{"type":"Feature","geometry":{"type":"LineString","coordinates":[[17.641055077740027,59.85498437001443,4.570000171661377],[17.64114042664486,59.85500797564265,4.570000171661377]]},"properties":{"slope":0.001}},{"type":"Feature","geometry":{"type":"LineString","coordinates":[[17.63909954213705,59.85659127135518,4.480000019073486],[17.639064702616018,59.85660862270163,4.429999828338623]]},"properties":{"slope":1.82}},{"type":"Feature","geometry":{"type":"LineString","coordinates":[[17.63914776984654,59.856566849103004,4.5],[17.63912662940368,59.85657758016343,4.449999809265137]]},"properties":{"slope":2.971}},{"type":"Feature","geometry":{"type":"LineString","coordinates":[[17.63912662940368,59.85657758016343,4.449999809265137],[17.63909954213705,59.85659127135518,4.480000019073486]]},"properties":{"slope":1.394}},{"type":"Feature","geometry":{"type":"LineString","coordinates":[[17.633294900329453,59.85711474760487,13.09000015258789],[17.63348886549434,59.85713175250043,12.430000305175781]]},"properties":{"slope":5.982}},{"type":"Feature","geometry":{"type":"LineString","coordinates":[[17.633285352797344,59.857037385151195,13.34000015258789],[17.63348886549434,59.85713175250043,12.430000305175781]]},"properties":{"slope":5.867}},{"type":"Feature","geometry":{"type":"LineString","coordinates":[[17.63348886549434,59.85713175250043,12.430000305175781],[17.634144987504463,59.857435966044115,11.510000228881836]]},"properties":{"slope":1.84}},{"type":"Feature","geometry":{"type":"LineString","coordinates":[[17.634144987504463,59.857435966044115,11.510000228881836],[17.634527155942703,59.85761315583131,11.1899995803833]]},"properties":{"slope":1.099}},{"type":"Feature","geometry":{"type":"LineString","coordinates":[[17.634042760937792,59.856375755949486,9.680000305175781],[17.63343874984008,59.856705149258765,13.289999961853027]]},"properties":{"slope":7.219}},{"type":"Feature","geometry":{"type":"LineString","coordinates":[[17.63343874984008,59.856705149258765,13.289999961853027],[17.633326242069874,59.856841916117055,13.930000305175781],[17.633285352797344,59.857037385151195,13.34000015258789]]},"properties":{"slope":0.13}},{"type":"Feature","geometry":{"type":"LineString","coordinates":[[17.635508777070672,59.85704755349157,7.840000152587891],[17.635454526898005,59.857022700524304,7.809999942779541]]},"properties":{"slope":0.73}},{"type":"Feature","geometry":{"type":"LineString","coordinates":[[17.635454526898005,59.857022700524304,7.809999942779541],[17.634794377134234,59.85672070572865,8.260000228881836]]},"properties":{"slope":0.9}},{"type":"Feature","geometry":{"type":"LineString","coordinates":[[17.634794377134234,59.85672070572865,8.260000228881836],[17.63416661592969,59.856434292218474,9.260000228881836]]},"properties":{"slope":2.105}},{"type":"Feature","geometry":{"type":"LineString","coordinates":[[17.63416661592969,59.856434292218474,9.260000228881836],[17.634042760937792,59.856375755949486,9.680000305175781]]},"properties":{"slope":4.41}},{"type":"Feature","geometry":{"type":"LineString","coordinates":[[17.634527155942703,59.85761315583131,11.1899995803833],[17.635135670153364,59.857285006842616,8.470000267028809]]},"properties":{"slope":5.439}},{"type":"Feature","geometry":{"type":"LineString","coordinates":[[17.635135670153364,59.857285006842616,8.470000267028809],[17.635533031753457,59.85705867409873,7.789999961853027]]},"properties":{"slope":2.021}},{"type":"Feature","geometry":{"type":"LineString","coordinates":[[17.635650992237544,59.857110852964645,7.71999979019165],[17.635049771960684,59.85744252937196,9]]},"properties":{"slope":2.56}},{"type":"Feature","geometry":{"type":"LineString","coordinates":[[17.635049771960684,59.85744252937196,9],[17.634619397687537,59.857677842096294,11.199999809265137]]},"properties":{"slope":6.176}},{"type":"Feature","geometry":{"type":"LineString","coordinates":[[17.635473327400035,59.85829618624426,9.350000381469727],[17.63622857404536,59.858057113329316,7.699999809265137]]},"properties":{"slope":3.3}},{"type":"Feature","geometry":{"type":"LineString","coordinates":[[17.63622857404536,59.858057113329316,7.699999809265137],[17.63698380977906,59.85781803614707,6.619999885559082]]},"properties":{"slope":2.16}},{"type":"Feature","geometry":{"type":"LineString","coordinates":[[17.63698380977906,59.85781803614707,6.619999885559082],[17.637045407436876,59.85779853647164,6.460000038146973]]},"properties":{"slope":3.923}},{"type":"Feature","geometry":{"type":"LineString","coordinates":[[17.637045407436876,59.85779853647164,6.460000038146973],[17.63708114718902,59.8577749505228,6.489999771118164],[17.637034707757536,59.857735858562215,6.489999771118164]]},"properties":{"slope":0.351}},{"type":"Feature","geometry":{"type":"LineString","coordinates":[[17.637034707757536,59.857735858562215,6.489999771118164],[17.636374342421853,59.85743398102697,6.820000171661377]]},"properties":{"slope":0.66}},{"type":"Feature","geometry":{"type":"LineString","coordinates":[[17.636374342421853,59.85743398102697,6.820000171661377],[17.63571206808316,59.85713750355062,7.619999885559082]]},"properties":{"slope":1.61}},{"type":"Feature","geometry":{"type":"LineString","coordinates":[[17.63571206808316,59.85713750355062,7.619999885559082],[17.635650992237544,59.857110852964645,7.71999979019165]]},"properties":{"slope":2.207}},{"type":"Feature","geometry":{"type":"LineString","coordinates":[[17.631812334249624,59.85699236221992,18.600000381469727],[17.631812334095844,59.85699236222455,18.600000815269972]]},"properties":{"slope":5.025}},{"type":"Feature","geometry":{"type":"LineString","coordinates":[[17.631812334095844,59.85699236222455,18.600000815269972],[17.631734345965537,59.85699471387861,18.81999969482422]]},"properties":{"slope":5.025}},{"type":"Feature","geometry":{"type":"LineString","coordinates":[[17.631734345965537,59.85699471387861,18.81999969482422],[17.630847153134262,59.85694675915908,23.219999313354492]]},"properties":{"slope":8.799}},{"type":"Feature","geometry":{"type":"LineString","coordinates":[[17.630847153134262,59.85694675915908,23.219999313354492],[17.630618431164155,59.85693340769288,23.780000686645508],[17.630443306679787,59.85686439358519,24.239999771118164]]},"properties":{"slope":4.015}},{"type":"Feature","geometry":{"type":"LineString","coordinates":[[17.630443306679787,59.85686439358519,24.239999771118164],[17.630489483105013,59.856838809284426,24.170000076293945]]},"properties":{"slope":1.818}},{"type":"Feature","geometry":{"type":"LineString","coordinates":[[17.629976315505694,59.855262842310786,23.479999542236328],[17.629967852328313,59.855318879830214,23.420000076293945],[17.629441487991375,59.85560882293125,23.100000381469727]]},"properties":{"slope":0.76}},{"type":"Feature","geometry":{"type":"LineString","coordinates":[[17.629441487991375,59.85560882293125,23.100000381469727],[17.62884237536775,59.85594145499505,22.729999542236328]]},"properties":{"slope":0.74}},{"type":"Feature","geometry":{"type":"LineString","coordinates":[[17.62884237536775,59.85594145499505,22.729999542236328],[17.62880024056638,59.85598285378999,22.75],[17.62883395425847,59.85600038209758,22.770000457763672]]},"properties":{"slope":0.49}},{"type":"Feature","geometry":{"type":"LineString","coordinates":[[17.62883395425847,59.85600038209758,22.770000457763672],[17.629499101765695,59.85629956572445,23.739999771118164]]},"properties":{"slope":1.94}},{"type":"Feature","geometry":{"type":"LineString","coordinates":[[17.629499101765695,59.85629956572445,23.739999771118164],[17.629983280930713,59.856520802274076,24.040000915527344]]},"properties":{"slope":0.818}},{"type":"Feature","geometry":{"type":"LineString","coordinates":[[17.629983280930713,59.856520802274076,24.040000915527344],[17.630028315462766,59.85650504129634,24.049999237060547]]},"properties":{"slope":0.319}},{"type":"Feature","geometry":{"type":"LineString","coordinates":[[17.630028315462766,59.85650504129634,24.049999237060547],[17.63061897966523,59.85616860340428,25.020000457763672]]},"properties":{"slope":1.94}},{"type":"Feature","geometry":{"type":"LineString","coordinates":[[17.63061897966523,59.85616860340428,25.020000457763672],[17.63120893432471,59.855831854642034,24.5]]},"properties":{"slope":1.04}},{"type":"Feature","geometry":{"type":"LineString","coordinates":[[17.63120893432471,59.855831854642034,24.5],[17.631427849937246,59.8557058389169,24.200000762939453]]},"properties":{"slope":1.609}},{"type":"Feature","geometry":{"type":"LineString","coordinates":[[17.631427849937246,59.8557058389169,24.200000762939453],[17.631514752244122,59.85564124502892,24.049999237060547]]},"properties":{"slope":1.726}},{"type":"Feature","geometry":{"type":"LineString","coordinates":[[17.62812181743291,59.85637308321475,21.260000228881836],[17.628783113073975,59.856674441403264,21.209999084472656]]},"properties":{"slope":0.1}},{"type":"Feature","geometry":{"type":"LineString","coordinates":[[17.628783113073975,59.856674441403264,21.209999084472656],[17.628973140071885,59.85676103672394,21.420000076293945]]},"properties":{"slope":1.461}},{"type":"Feature","geometry":{"type":"LineString","coordinates":[[17.628973140071885,59.85676103672394,21.420000076293945],[17.62923446754785,59.85688476310725,22.030000686645508]]},"properties":{"slope":3.033}},{"type":"Feature","geometry":{"type":"LineString","coordinates":[[17.62923446754785,59.85688476310725,22.030000686645508],[17.62929269619825,59.85690801158991,22.280000686645508],[17.629362483356843,59.85688981488477,22.479999542236328]]},"properties":{"slope":5.078}},{"type":"Feature","geometry":{"type":"LineString","coordinates":[[17.629362483356843,59.85688981488477,22.479999542236328],[17.629867393924595,59.85658254800574,23.799999237060547]]},"properties":{"slope":2.955}},{"type":"Feature","geometry":{"type":"LineString","coordinates":[[17.629867393924595,59.85658254800574,23.799999237060547],[17.629203584672325,59.85628259355446,23.479999542236328]]},"properties":{"slope":0.64}},{"type":"Feature","geometry":{"type":"LineString","coordinates":[[17.629203584672325,59.85628259355446,23.479999542236328],[17.62873028052645,59.85606792870002,22.729999542236328]]},"properties":{"slope":2.1}},{"type":"Feature","geometry":{"type":"LineString","coordinates":[[17.62873028052645,59.85606792870002,22.729999542236328],[17.628644252168897,59.85605162361287,22.510000228881836],[17.628106611816378,59.85634575602607,21.40999984741211]]},"properties":{"slope":2.64}},{"type":"Feature","geometry":{"type":"LineString","coordinates":[[17.628106611816378,59.85634575602607,21.40999984741211],[17.62812181743291,59.85637308321475,21.260000228881836]]},"properties":{"slope":4.245}},{"type":"Feature","geometry":{"type":"LineString","coordinates":[[17.627955913629805,59.85769266045028,20.920000076293945],[17.627361192899862,59.85802728695355,20.360000610351562]]},"properties":{"slope":1.12}},{"type":"Feature","geometry":{"type":"LineString","coordinates":[[17.627361192899862,59.85802728695355,20.360000610351562],[17.626831035067212,59.858325904109726,19.780000686645508],[17.62675407907466,59.85832413765664,19.829999923706055]]},"properties":{"slope":1.06}},{"type":"Feature","geometry":{"type":"LineString","coordinates":[[17.62675407907466,59.85832413765664,19.829999923706055],[17.626090890333987,59.85802381600069,19.540000915527344]]},"properties":{"slope":0.58}},{"type":"Feature","geometry":{"type":"LineString","coordinates":[[17.626090890333987,59.85802381600069,19.540000915527344],[17.625551960268755,59.85777536721315,18.8700008392334]]},"properties":{"slope":1.635}},{"type":"Feature","geometry":{"type":"LineString","coordinates":[[17.625551960268755,59.85777536721315,18.8700008392334],[17.62559142741982,59.857737177389595,19.049999237060547]]},"properties":{"slope":3.754}},{"type":"Feature","geometry":{"type":"LineString","coordinates":[[17.62559142741982,59.857737177389595,19.049999237060547],[17.626201401906275,59.85741092743002,20.8799991607666]]},"properties":{"slope":3.66}},{"type":"Feature","geometry":{"type":"LineString","coordinates":[[17.626201401906275,59.85741092743002,20.8799991607666],[17.626676053405003,59.85713886676308,22.1299991607666]]},"properties":{"slope":3.1}},{"type":"Feature","geometry":{"type":"LineString","coordinates":[[17.626676053405003,59.85713886676308,22.1299991607666],[17.626739414041538,59.857124925426604,22.209999084472656]]},"properties":{"slope":1.949}},{"type":"Feature","geometry":{"type":"LineString","coordinates":[[17.626739414041538,59.857124925426604,22.209999084472656],[17.627408561695507,59.85742182112517,21.56999969482422]]},"properties":{"slope":1.28}},{"type":"Feature","geometry":{"type":"LineString","coordinates":[[17.627408561695507,59.85742182112517,21.56999969482422],[17.62795938108814,59.85766329013802,20.969999313354492],[17.627979162897297,59.857676507162125,20.959999084472656],[17.627955913629805,59.85769266045028,20.920000076293945]]},"properties":{"slope":1.444}},{"type":"Feature","geometry":{"type":"LineString","coordinates":[[17.629571197907705,59.858430095382666,16.899999618530273],[17.629591382765646,59.8584028036535,17.06999969482422],[17.628976161786877,59.85812210177411,19.780000686645508]]},"properties":{"slope":5.759}},{"type":"Feature","geometry":{"type":"LineString","coordinates":[[17.628976161786877,59.85812210177411,19.780000686645508],[17.628311950649373,59.85782235424847,20.610000610351562]]},"properties":{"slope":1.66}},{"type":"Feature","geometry":{"type":"LineString","coordinates":[[17.628311950649373,59.85782235424847,20.610000610351562],[17.628184543654765,59.85776485656479,20.739999771118164]]},"properties":{"slope":1.355}},{"type":"Feature","geometry":{"type":"LineString","coordinates":[[17.6283532513531,59.85900348984144,13.140000343322754],[17.62898220143054,59.85868667273497,15.850000381469727]]},"properties":{"slope":5.419}},{"type":"Feature","geometry":{"type":"LineString","coordinates":[[17.62898220143054,59.85868667273497,15.850000381469727],[17.629571197907705,59.858430095382666,16.899999618530273]]},"properties":{"slope":2.379}},{"type":"Feature","geometry":{"type":"LineString","coordinates":[[17.629403118018523,59.859535188526756,13.5600004196167],[17.629493819253103,59.85956218526056,13.449999809265137],[17.630095017727378,59.85931033468136,11.90999984741211]]},"properties":{"slope":3.3}},{"type":"Feature","geometry":{"type":"LineString","coordinates":[[17.630095017727378,59.85931033468136,11.90999984741211],[17.630785001013738,59.85902568738227,10.229999542236328]]},"properties":{"slope":3.36}},{"type":"Feature","geometry":{"type":"LineString","coordinates":[[17.630785001013738,59.85902568738227,10.229999542236328],[17.630837848175055,59.8590039695257,10.119999885559082]]},"properties":{"slope":2.876}},{"type":"Feature","geometry":{"type":"LineString","coordinates":[[17.630837848175055,59.8590039695257,10.119999885559082],[17.63085308476492,59.85898205854741,10.260000228881836],[17.630231247396306,59.858696242587065,13.020000457763672]]},"properties":{"slope":5.799}},{"type":"Feature","geometry":{"type":"LineString","coordinates":[[17.630231247396306,59.858696242587065,13.020000457763672],[17.62972887589115,59.85846396247687,16.329999923706055],[17.629681853326424,59.85848306787879,16.440000534057617]]},"properties":{"slope":8.212}},{"type":"Feature","geometry":{"type":"LineString","coordinates":[[17.629681853326424,59.85848306787879,16.440000534057617],[17.629034608916847,59.85879207020269,15.550000190734863]]},"properties":{"slope":1.78}},{"type":"Feature","geometry":{"type":"LineString","coordinates":[[17.629034608916847,59.85879207020269,15.550000190734863],[17.628473065110274,59.859056551717806,13.170000076293945]]},"properties":{"slope":5.521}},{"type":"Feature","geometry":{"type":"LineString","coordinates":[[17.628473065110274,59.859056551717806,13.170000076293945],[17.62843689142212,59.85907504029157,13.039999961853027],[17.628460343553428,59.8591021456985,13.010000228881836]]},"properties":{"slope":2.432}},{"type":"Feature","geometry":{"type":"LineString","coordinates":[[17.628460343553428,59.8591021456985,13.010000228881836],[17.62911930236035,59.859404825925985,13.609999656677246]]},"properties":{"slope":1.2}},{"type":"Feature","geometry":{"type":"LineString","coordinates":[[17.62911930236035,59.859404825925985,13.609999656677246],[17.629403118018523,59.859535188526756,13.5600004196167]]},"properties":{"slope":0.232}},{"type":"Feature","geometry":{"type":"LineString","coordinates":[[17.629131603052947,59.85694464913206,21.959999084472656],[17.629197272825785,59.856991232731126,22.209999084472656],[17.629013365396172,59.85709052553529,22.020000457763672],[17.628893076399297,59.857059858179625,21.969999313354492],[17.628659280731988,59.85719167545382,21.75]]},"properties":{"slope":0.42}},{"type":"Feature","geometry":{"type":"LineString","coordinates":[[17.628659280731988,59.85719167545382,21.75],[17.62819229021115,59.85745496692376,21.260000228881836]]},"properties":{"slope":1.246}},{"type":"Feature","geometry":{"type":"LineString","coordinates":[[17.62415580972069,59.8585331722754,15.0600004196167],[17.624816657815508,59.85883480297973,14.270000457763672]]},"properties":{"slope":1.58}},{"type":"Feature","geometry":{"type":"LineString","coordinates":[[17.624816657815508,59.85883480297973,14.270000457763672],[17.625401317645014,59.85910165170447,13.1899995803833],[17.62545665980559,59.859091147269275,13.3100004196167]]},"properties":{"slope":1.996}},{"type":"Feature","geometry":{"type":"LineString","coordinates":[[17.625470577276776,59.857823358294674,18.6200008392334],[17.62523234735326,59.85795714159746,17.84000015258789]]},"properties":{"slope":3.898}},{"type":"Feature","geometry":{"type":"LineString","coordinates":[[17.62523234735326,59.85795714159746,17.84000015258789],[17.62463394517331,59.858290115926955,16.139999389648438]]},"properties":{"slope":3.4}},{"type":"Feature","geometry":{"type":"LineString","coordinates":[[17.62463394517331,59.858290115926955,16.139999389648438],[17.624598769158716,59.85828909717673,16.040000915527344]]},"properties":{"slope":4.807}},{"type":"Feature","geometry":{"type":"LineString","coordinates":[[17.624226903532467,59.85849400262429,15.170000076293945],[17.624095573414873,59.85843473534299,15.25]]},"properties":{"slope":0.809}},{"type":"Feature","geometry":{"type":"LineString","coordinates":[[17.631602709997814,59.85571821048021,24.020000457763672],[17.631015614865547,59.856056193224134,24.899999618530273]]},"properties":{"slope":1.76}},{"type":"Feature","geometry":{"type":"LineString","coordinates":[[17.631015614865547,59.856056193224134,24.899999618530273],[17.630424749701593,59.856392540885665,24.469999313354492]]},"properties":{"slope":0.86}},{"type":"Feature","geometry":{"type":"LineString","coordinates":[[17.630424749701593,59.856392540885665,24.469999313354492],[17.630149610302926,59.856555730750145,24.100000381469727]]},"properties":{"slope":1.552}},{"type":"Feature","geometry":{"type":"LineString","coordinates":[[17.630149610302926,59.856555730750145,24.100000381469727],[17.630079631617114,59.856617694228575,24.059999465942383]]},"properties":{"slope":0.487}},{"type":"Feature","geometry":{"type":"LineString","coordinates":[[17.630079631617114,59.856617694228575,24.059999465942383],[17.63066375744298,59.85686725416961,23.940000534057617],[17.630779621666036,59.85688889488898,23.43000030517578]]},"properties":{"slope":1.26}},{"type":"Feature","geometry":{"type":"LineString","coordinates":[[17.630779621666036,59.85688889488898,23.43000030517578],[17.631668984993155,59.8569243600419,18.950000762939453]]},"properties":{"slope":8.959}},{"type":"Feature","geometry":{"type":"LineString","coordinates":[[17.631668984993155,59.8569243600419,18.950000762939453],[17.631822780546297,59.85693012488662,18.670000076293945]]},"properties":{"slope":3.24}},{"type":"Feature","geometry":{"type":"LineString","coordinates":[[17.636310647107816,59.855262088953864,8.199999809265137],[17.635675711220227,59.85557745284714,8.649999618530273]]},"properties":{"slope":0.9}},{"type":"Feature","geometry":{"type":"LineString","coordinates":[[17.635675711220227,59.85557745284714,8.649999618530273],[17.63503949328839,59.855892166386425,8.9399995803833]]},"properties":{"slope":0.58}},{"type":"Feature","geometry":{"type":"LineString","coordinates":[[17.63503949328839,59.855892166386425,8.9399995803833],[17.6344032633321,59.85620687691847,9.399999618530273]]},"properties":{"slope":0.92}},{"type":"Feature","geometry":{"type":"LineString","coordinates":[[17.6344032633321,59.85620687691847,9.399999618530273],[17.634214197973332,59.856300396189184,9.520000457763672],[17.634198831480884,59.85632788492453,9.430000305175781]]},"properties":{"slope":0.165}},{"type":"Feature","geometry":{"type":"LineString","coordinates":[[17.634198831480884,59.85632788492453,9.430000305175781],[17.634287711159548,59.85636924769881,9.289999961853027]]},"properties":{"slope":2.063}},{"type":"Feature","geometry":{"type":"LineString","coordinates":[[17.634287711159548,59.85636924769881,9.289999961853027],[17.634946721966323,59.856671867556386,8.300000190734863]]},"properties":{"slope":1.98}},{"type":"Feature","geometry":{"type":"LineString","coordinates":[[17.634946721966323,59.856671867556386,8.300000190734863],[17.635573634480462,59.85695769461885,7.949999809265137]]},"properties":{"slope":0.738}},{"type":"Feature","geometry":{"type":"LineString","coordinates":[[17.635573634480462,59.85695769461885,7.949999809265137],[17.635657126800943,59.8569955525948,7.800000190734863]]},"properties":{"slope":2.381}},{"type":"Feature","geometry":{"type":"LineString","coordinates":[[17.634267293216507,59.85446637259985,36.970001220703125],[17.63434867737467,59.854535366296275,36.900001525878906]]},"properties":{"slope":0.783}},{"type":"Feature","geometry":{"type":"LineString","coordinates":[[17.63434867737467,59.854535366296275,36.900001525878906],[17.633593301190796,59.854770266848945,31.850000381469727]]},"properties":{"slope":10.143}},{"type":"Feature","geometry":{"type":"LineString","coordinates":[[17.633593301190796,59.854770266848945,31.850000381469727],[17.633163839503162,59.85490634977833,29],[17.6328734214974,59.855032842806246,26.829999923706055]]},"properties":{"slope":10.039}},{"type":"Feature","geometry":{"type":"LineString","coordinates":[[17.6328734214974,59.855032842806246,26.829999923706055],[17.632539118085646,59.85519471270922,24.020000457763672]]},"properties":{"slope":10.803}},{"type":"Feature","geometry":{"type":"LineString","coordinates":[[17.632539118085646,59.85519471270922,24.020000457763672],[17.632461876266145,59.855254667182265,23.31999969482422]]},"properties":{"slope":8.791}},{"type":"Feature","geometry":{"type":"LineString","coordinates":[[17.632461876266145,59.855254667182265,23.31999969482422],[17.632281804039913,59.85537440249362,22.510000228881836],[17.632282345252975,59.855403771328525,22.280000686645508],[17.632380511497594,59.85550066103691,20.84000015258789],[17.632614653237482,59.85560844503627,18.709999084472656]]},"properties":{"slope":9.219}},{"type":"Feature","geometry":{"type":"LineString","coordinates":[[17.632614653237482,59.85560844503627,18.709999084472656],[17.632719566319793,59.85565609582316,17.920000076293945]]},"properties":{"slope":9.973}},{"type":"Feature","geometry":{"type":"LineString","coordinates":[[17.632719566319793,59.85565609582316,17.920000076293945],[17.633381860922725,59.85595688987413,13.579999923706055]]},"properties":{"slope":8.679}},{"type":"Feature","geometry":{"type":"LineString","coordinates":[[17.633381860922725,59.85595688987413,13.579999923706055],[17.633913140566758,59.856198174521445,10.59000015258789]]},"properties":{"slope":7.454}},{"type":"Feature","geometry":{"type":"LineString","coordinates":[[17.633913140566758,59.856198174521445,10.59000015258789],[17.634040543969746,59.85620317687397,10.039999961853027],[17.63421740217731,59.856147166576015,9.729999542236328]]},"properties":{"slope":4.516}},{"type":"Feature","geometry":{"type":"LineString","coordinates":[[17.638683055102863,59.85413207362332,5.320000171661377],[17.63887229529527,59.85421052281132,5.260000228881836],[17.639452808637436,59.85434850753457,4.829999923706055]]},"properties":{"slope":0.98}},{"type":"Feature","geometry":{"type":"LineString","coordinates":[[17.639452808637436,59.85434850753457,4.829999923706055],[17.640050677504732,59.85449160977175,4.630000114440918]]},"properties":{"slope":0.539}},{"type":"Feature","geometry":{"type":"LineString","coordinates":[[17.640050677504732,59.85449160977175,4.630000114440918],[17.64085221237998,59.854688812333606,4.599999904632568]]},"properties":{"slope":0.06}},{"type":"Feature","geometry":{"type":"LineString","coordinates":[[17.64085221237998,59.854688812333606,4.599999904632568],[17.64103394902112,59.854733524202096,4.590000152587891]]},"properties":{"slope":0.088}},{"type":"Feature","geometry":{"type":"LineString","coordinates":[[17.64103394902112,59.854733524202096,4.590000152587891],[17.641082617813176,59.85475440397768,4.630000114440918]]},"properties":{"slope":1.116}},{"type":"Feature","geometry":{"type":"LineString","coordinates":[[17.640878748467433,59.854870824506996,4.630000114440918],[17.640134599496864,59.85467534146473,4.380000114440918],[17.6400834151192,59.854681437146915,4.309999942779541]]},"properties":{"slope":0.64}},{"type":"Feature","geometry":{"type":"LineString","coordinates":[[17.6400834151192,59.854681437146915,4.309999942779541],[17.64008328144343,59.85468145306666,4.309999942779541]]},"properties":{"slope":0.001}},{"type":"Feature","geometry":{"type":"LineString","coordinates":[[17.64126927223625,59.85456639954439,3.930000066757202],[17.64125098214034,59.85449766417612,3.910000085830688],[17.64120699943818,59.85447058035013,3.900000095367432],[17.64060484263429,59.854307757809366,4.400000095367432]]},"properties":{"slope":0.94}},{"type":"Feature","geometry":{"type":"LineString","coordinates":[[17.64060484263429,59.854307757809366,4.400000095367432],[17.639810141190164,59.854103685526404,4.579999923706055]]},"properties":{"slope":0.36}},{"type":"Feature","geometry":{"type":"LineString","coordinates":[[17.639810141190164,59.854103685526404,4.579999923706055],[17.63901544938779,59.85389960837433,5.059999942779541]]},"properties":{"slope":0.96}},{"type":"Feature","geometry":{"type":"LineString","coordinates":[[17.63901544938779,59.85389960837433,5.059999942779541],[17.638931474921495,59.853878043270896,5.349999904632568]]},"properties":{"slope":5.488}},{"type":"Feature","geometry":{"type":"LineString","coordinates":[[17.637787600934384,59.857582346781015,5.010000228881836],[17.637457561308086,59.85774777932093,6.119999885559082]]},"properties":{"slope":4.251}},{"type":"Feature","geometry":{"type":"LineString","coordinates":[[17.63820659105096,59.854121767368206,5.53000020980835],[17.638085481759976,59.85423648887774,5.300000190734863]]},"properties":{"slope":1.561}},{"type":"Feature","geometry":{"type":"LineString","coordinates":[[17.63577923170942,59.85705092466385,7.679999828338623],[17.63638045187343,59.85671924793059,6.380000114440918]]},"properties":{"slope":2.6}},{"type":"Feature","geometry":{"type":"LineString","coordinates":[[17.63638045187343,59.85671924793059,6.380000114440918],[17.63698166007924,59.8563875685174,5.849999904632568]]},"properties":{"slope":1.06}},{"type":"Feature","geometry":{"type":"LineString","coordinates":[[17.63698166007924,59.8563875685174,5.849999904632568],[17.637582856327164,59.8560558864244,5.630000114440918]]},"properties":{"slope":0.44}},{"type":"Feature","geometry":{"type":"LineString","coordinates":[[17.637582856327164,59.8560558864244,5.630000114440918],[17.637732122576338,59.85597353427002,5.590000152587891]]},"properties":{"slope":0.322}},{"type":"Feature","geometry":{"type":"LineString","coordinates":[[17.637732122576338,59.85597353427002,5.590000152587891],[17.637787407352818,59.85598550301652,5.46999979019165]]},"properties":{"slope":3.238}},{"type":"Feature","geometry":{"type":"LineString","coordinates":[[17.637325239075768,59.85768442626142,6.130000114440918],[17.637252787415726,59.85771165298457,6.349999904632568],[17.637141954166513,59.85768016117212,6.550000190734863]]},"properties":{"slope":3.39}},{"type":"Feature","geometry":{"type":"LineString","coordinates":[[17.637141954166513,59.85768016117212,6.550000190734863],[17.636482590583835,59.85737772780666,6.869999885559082]]},"properties":{"slope":0.64}},{"type":"Feature","geometry":{"type":"LineString","coordinates":[[17.636482590583835,59.85737772780666,6.869999885559082],[17.635827413714814,59.85707434295172,7.619999885559082]]},"properties":{"slope":1.503}},{"type":"Feature","geometry":{"type":"LineString","coordinates":[[17.635827413714814,59.85707434295172,7.619999885559082],[17.63577923170942,59.85705092466385,7.679999828338623]]},"properties":{"slope":1.598}},{"type":"Feature","geometry":{"type":"LineString","coordinates":[[17.633313288778663,59.85870290862803,9.109999656677246],[17.63325557000486,59.8587312088111,9.029999732971191],[17.633426575020966,59.85882876065277,8.289999961853027]]},"properties":{"slope":4.314}},{"type":"Feature","geometry":{"type":"LineString","coordinates":[[17.630975880003756,59.86180919192012,6.940000057220459],[17.630821887039797,59.86182279804858,6.25],[17.630731739400318,59.861870089533234,6.230000019073486]]},"properties":{"slope":4.406}},{"type":"Feature","geometry":{"type":"LineString","coordinates":[[17.638420384967496,59.8543023613622,5.199999809265137],[17.638309010657558,59.85428137426406,5.289999961853027],[17.638214005591916,59.85429361437958,5.239999771118164]]},"properties":{"slope":0.327}},{"type":"Feature","geometry":{"type":"LineString","coordinates":[[17.638214005591916,59.85429361437958,5.239999771118164],[17.637589215314325,59.85461405667708,5.699999809265137]]},"properties":{"slope":0.92}},{"type":"Feature","geometry":{"type":"LineString","coordinates":[[17.637589215314325,59.85461405667708,5.699999809265137],[17.63696124102584,59.8549329168839,6.679999828338623]]},"properties":{"slope":1.96}},{"type":"Feature","geometry":{"type":"LineString","coordinates":[[17.63696124102584,59.8549329168839,6.679999828338623],[17.636400098708275,59.85521797644856,8.180000305175781]]},"properties":{"slope":3.355}},{"type":"Feature","geometry":{"type":"LineString","coordinates":[[17.636400098708275,59.85521797644856,8.180000305175781],[17.637033893152942,59.85553366071986,6.269999980926514]]},"properties":{"slope":3.819}},{"type":"Feature","geometry":{"type":"LineString","coordinates":[[17.637033893152942,59.85553366071986,6.269999980926514],[17.637671430410805,59.85584768346426,5.599999904632568]]},"properties":{"slope":1.34}},{"type":"Feature","geometry":{"type":"LineString","coordinates":[[17.637671430410805,59.85584768346426,5.599999904632568],[17.63772905445004,59.855847247254346,5.46999979019165]]},"properties":{"slope":3.282}},{"type":"Feature","geometry":{"type":"LineString","coordinates":[[17.63772905445004,59.855847247254346,5.46999979019165],[17.638331553587268,59.85551616847415,5.340000152587891]]},"properties":{"slope":0.26}},{"type":"Feature","geometry":{"type":"LineString","coordinates":[[17.638331553587268,59.85551616847415,5.340000152587891],[17.638934040762408,59.855185087002404,4.900000095367432]]},"properties":{"slope":0.88}},{"type":"Feature","geometry":{"type":"LineString","coordinates":[[17.638934040762408,59.855185087002404,4.900000095367432],[17.639536515975763,59.854854002839254,4.489999771118164]]},"properties":{"slope":0.82}},{"type":"Feature","geometry":{"type":"LineString","coordinates":[[17.639536515975763,59.854854002839254,4.489999771118164],[17.639871012275457,59.85466212702074,4.480000019073486]]},"properties":{"slope":0.035}},{"type":"Feature","geometry":{"type":"LineString","coordinates":[[17.639871012275457,59.85466212702074,4.480000019073486],[17.63986186819341,59.85463464378012,4.460000038146973]]},"properties":{"slope":0.644}},{"type":"Feature","geometry":{"type":"LineString","coordinates":[[17.63986186819341,59.85463464378012,4.460000038146973],[17.63905363201064,59.85444647003689,4.670000076293945]]},"properties":{"slope":0.42}},{"type":"Feature","geometry":{"type":"LineString","coordinates":[[17.63905363201064,59.85444647003689,4.670000076293945],[17.638420384967496,59.8543023613622,5.199999809265137]]},"properties":{"slope":1.361}},{"type":"Feature","geometry":{"type":"LineString","coordinates":[[17.63279940357116,59.85985531862073,7.889999866485596],[17.632778262034744,59.85987202305685,7.920000076293945]]},"properties":{"slope":1.36}},{"type":"Feature","geometry":{"type":"LineString","coordinates":[[17.632778262034744,59.85987202305685,7.920000076293945],[17.63267182185282,59.859956109451225,7.559999942779541]]},"properties":{"slope":3.242}},{"type":"Feature","geometry":{"type":"LineString","coordinates":[[17.63267182185282,59.859956109451225,7.559999942779541],[17.632598394133343,59.86010599661386,6.989999771118164],[17.632296566170726,59.860358280253436,6.840000152587891]]},"properties":{"slope":1.44}},{"type":"Feature","geometry":{"type":"LineString","coordinates":[[17.632296566170726,59.860358280253436,6.840000152587891],[17.63183058522282,59.860685352243294,7.070000171661377]]},"properties":{"slope":0.512}},{"type":"Feature","geometry":{"type":"LineString","coordinates":[[17.63267182185282,59.859956109451225,7.559999942779541],[17.63224508683325,59.86013187057607,6.980000019073486]]},"properties":{"slope":1.867}},{"type":"Feature","geometry":{"type":"LineString","coordinates":[[17.62511358266495,59.857899923121664,18.15999984741211],[17.62523234735326,59.85795714159746,17.84000015258789]]},"properties":{"slope":3.472}},{"type":"Feature","geometry":{"type":"LineString","coordinates":[[17.62540384986118,59.85758329282428,19.010000228881836],[17.625356146006798,59.85754214501925,19.040000915527344]]},"properties":{"slope":0.565}},{"type":"Feature","geometry":{"type":"LineString","coordinates":[[17.63583326051412,59.85851837048075,8.229999542236328],[17.635833260515714,59.85851837048001,8.229999539131866]]},"properties":{"slope":2.96}},{"type":"Feature","geometry":{"type":"LineString","coordinates":[[17.635833260515714,59.85851837048001,8.229999539131866],[17.636510965359694,59.85822654171453,6.75]]},"properties":{"slope":2.96}},{"type":"Feature","geometry":{"type":"LineString","coordinates":[[17.636510965359694,59.85822654171453,6.75],[17.63661811870011,59.85818251545412,6.659999847412109],[17.636676934127415,59.85805713026783,6.639999866485596]]},"properties":{"slope":0.498}},{"type":"Feature","geometry":{"type":"LineString","coordinates":[[17.637163854607664,59.85787610817415,6.420000076293945],[17.636676934127415,59.85805713026783,6.639999866485596]]},"properties":{"slope":0.648}},{"type":"Feature","geometry":{"type":"LineString","coordinates":[[17.63653509780645,59.8580963962243,6.789999961853027],[17.636204159782288,59.85820278427314,7.630000114440918],[17.635840497347207,59.858374522200286,8.479999542236328]]},"properties":{"slope":3.38}},{"type":"Feature","geometry":{"type":"LineString","coordinates":[[17.635840497347207,59.858374522200286,8.479999542236328],[17.635803037839707,59.85838872287495,8.34000015258789]]},"properties":{"slope":5.326}},{"type":"Feature","geometry":{"type":"LineString","coordinates":[[17.632461876266145,59.855254667182265,23.31999969482422],[17.632611072569166,59.85547370796069,20.170000076293945],[17.632720161538003,59.85557499005151,18.68000030517578],[17.632802864400972,59.855611545032524,18.059999465942383]]},"properties":{"slope":11.729}},{"type":"Feature","geometry":{"type":"LineString","coordinates":[[17.632802864400972,59.855611545032524,18.059999465942383],[17.632921142174716,59.85563367639194,17.690000534057617],[17.633476759426372,59.85560797076987,17.190000534057617],[17.63354912709857,59.85557192531243,17.489999771118164]]},"properties":{"slope":1.294}},{"type":"Feature","geometry":{"type":"LineString","coordinates":[[17.633571494408027,59.85656221367985,12.260000228881836],[17.633924544694736,59.85636917784966,10.220000267028809],[17.633923318639802,59.856319301192976,10.1899995803833]]},"properties":{"slope":5.903}},{"type":"Feature","geometry":{"type":"LineString","coordinates":[[17.633923318639802,59.856319301192976,10.1899995803833],[17.633244671878803,59.85603185734586,13.609999656677246]]},"properties":{"slope":6.839}},{"type":"Feature","geometry":{"type":"LineString","coordinates":[[17.633244671878803,59.85603185734586,13.609999656677246],[17.632820400610992,59.85584105657471,16.06999969482422]]},"properties":{"slope":7.713}},{"type":"Feature","geometry":{"type":"LineString","coordinates":[[17.632820400610992,59.85584105657471,16.06999969482422],[17.63216009946462,59.85554312129212,21.850000381469727]]},"properties":{"slope":11.626}},{"type":"Feature","geometry":{"type":"LineString","coordinates":[[17.633226794741166,59.85713587501175,13.34000015258789],[17.633165911295745,59.857146322337755,13.539999961853027]]},"properties":{"slope":5.548}},{"type":"Feature","geometry":{"type":"LineString","coordinates":[[17.633070831480936,59.85763523724222,14.010000228881836],[17.633074379210967,59.857533565183125,14],[17.633156065467688,59.85718884486503,13.630000114440918]]},"properties":{"slope":0.76}},{"type":"Feature","geometry":{"type":"LineString","coordinates":[[17.633156065467688,59.85718884486503,13.630000114440918],[17.633165911295745,59.857146322337755,13.539999961853027]]},"properties":{"slope":1.887}},{"type":"Feature","geometry":{"type":"LineString","coordinates":[[17.632066941913532,59.855775167702596,20.90999984741211],[17.632639442543248,59.8558420351441,16.93000030517578],[17.632820400610992,59.85584105657471,16.06999969482422]]},"properties":{"slope":11.234}},{"type":"Feature","geometry":{"type":"LineString","coordinates":[[17.632031295220337,59.85597951808762,19.579999923706055],[17.631971931910247,59.855951846579586,19.969999313354492],[17.631914464145584,59.855849874288516,20.920000076293945]]},"properties":{"slope":8.199}},{"type":"Feature","geometry":{"type":"LineString","coordinates":[[17.63193197648501,59.85580918061838,21.93000030517578],[17.63186511091366,59.85580553540546,22.06999969482422]]},"properties":{"slope":3.714}},{"type":"Feature","geometry":{"type":"LineString","coordinates":[[17.63186511091366,59.85580553540546,22.06999969482422],[17.63180129532525,59.85580301406693,22.299999237060547]]},"properties":{"slope":6.411}},{"type":"Feature","geometry":{"type":"LineString","coordinates":[[17.63175397835014,59.85578280340358,23.3799991607666],[17.631602709997814,59.85571821048021,24.020000457763672]]},"properties":{"slope":5.755}},{"type":"Feature","geometry":{"type":"LineString","coordinates":[[17.631892343641344,59.85583000211062,21.81999969482422],[17.63186511091366,59.85580553540546,22.06999969482422]]},"properties":{"slope":8.003}},{"type":"Feature","geometry":{"type":"LineString","coordinates":[[17.63186511091366,59.85580553540546,22.06999969482422],[17.631836101844815,59.85572592814241,22.360000610351562]]},"properties":{"slope":3.205}},{"type":"Feature","geometry":{"type":"LineString","coordinates":[[17.631825152059864,59.855703976730595,23.360000610351562],[17.631837114247304,59.85567300882096,23.329999923706055]]},"properties":{"slope":0.843}},{"type":"Feature","geometry":{"type":"LineString","coordinates":[[17.63205979208777,59.85581614668723,20.770000457763672],[17.631981834918868,59.855811895337105,20.899999618530273]]},"properties":{"slope":2.958}},{"type":"Feature","geometry":{"type":"LineString","coordinates":[[17.635110610993216,59.85288210284401,36.38999938964844],[17.635930871280827,59.85305870298715,36.27000045776367]]},"properties":{"slope":0.24}},{"type":"Feature","geometry":{"type":"LineString","coordinates":[[17.635930871280827,59.85305870298715,36.27000045776367],[17.636274533393504,59.85313269055786,35.9900016784668],[17.63635583458686,59.85318958590858,35.709999084472656],[17.636406030003283,59.85328245846993,35.61000061035156],[17.636394756866224,59.85337676200846,35.630001068115234]]},"properties":{"slope":1.28}},{"type":"Feature","geometry":{"type":"LineString","coordinates":[[17.636394756866224,59.85337676200846,35.630001068115234],[17.636393790445883,59.85346532040951,35.5],[17.636357049378823,59.85354765003264,36.189998626708984],[17.636138137399158,59.853800419144505,39.0099983215332]]},"properties":{"slope":6.759}},{"type":"Feature","geometry":{"type":"LineString","coordinates":[[17.636138137399158,59.853800419144505,39.0099983215332],[17.635674176296227,59.85418377543112,39.70000076293945]]},"properties":{"slope":1.38}},{"type":"Feature","geometry":{"type":"LineString","coordinates":[[17.635674176296227,59.85418377543112,39.70000076293945],[17.635204879140268,59.85448727636907,37.709999084472656],[17.635096325397214,59.85451901987429,37.689998626708984]]},"properties":{"slope":4.019}},{"type":"Feature","geometry":{"type":"LineString","coordinates":[[17.635096325397214,59.85451901987429,37.689998626708984],[17.63434867737467,59.854535366296275,36.900001525878906]]},"properties":{"slope":1.876}},{"type":"Feature","geometry":{"type":"LineString","coordinates":[[17.623893055476433,59.858337036192616,15.550000190734863],[17.62381562345678,59.858301819587766,15.670000076293945]]},"properties":{"slope":2.051}},{"type":"Feature","geometry":{"type":"LineString","coordinates":[[17.62477541258222,59.85775338794327,18.649999618530273],[17.624107534816048,59.857907006457836,16.270000457763672]]},"properties":{"slope":5.747}},{"type":"Feature","geometry":{"type":"LineString","coordinates":[[17.626520982495148,59.857046013625485,22.040000915527344],[17.626402390662737,59.85697322511759,22.030000686645508]]},"properties":{"slope":0.095}},{"type":"Feature","geometry":{"type":"LineString","coordinates":[[17.628087791587134,59.85741032159102,21.100000381469727],[17.62819229021115,59.85745496692376,21.260000228881836]]},"properties":{"slope":2.082}},{"type":"Feature","geometry":{"type":"LineString","coordinates":[[17.62819229021115,59.85745496692376,21.260000228881836],[17.628308511518558,59.85750461731779,21.09000015258789]]},"properties":{"slope":1.989}},{"type":"Feature","geometry":{"type":"LineString","coordinates":[[17.631089923511592,59.85547817834305,24.93000030517578],[17.63108770340312,59.85551613217202,24.8700008392334],[17.63112134320166,59.85554817989377,24.850000381469727],[17.63129900654959,59.85565820668949,24.520000457763672],[17.631427849937246,59.8557058389169,24.200000762939453]]},"properties":{"slope":2.21}},{"type":"Feature","geometry":{"type":"LineString","coordinates":[[17.629506609503252,59.85691742882199,22.670000076293945],[17.63000042247585,59.856904564843106,24.43000030517578]]},"properties":{"slope":6.351}},{"type":"Feature","geometry":{"type":"LineString","coordinates":[[17.63000042247585,59.856904564843106,24.43000030517578],[17.63038599981409,59.85689451873633,24.450000762939453],[17.630443306679787,59.85686439358519,24.239999771118164]]},"properties":{"slope":0.723}},{"type":"Feature","geometry":{"type":"LineString","coordinates":[[17.628793759218517,59.85566303379058,23.260000228881836],[17.628832189928463,59.855504675555515,22.75],[17.628950591955032,59.85527855154289,22.510000228881836]]},"properties":{"slope":1.708}},{"type":"Feature","geometry":{"type":"LineString","coordinates":[[17.630247688545516,59.854574483094986,23.459999084472656],[17.63054125953864,59.854708707319915,24.420000076293945]]},"properties":{"slope":4.318}},{"type":"Feature","geometry":{"type":"LineString","coordinates":[[17.629936442131356,59.8550328775923,23.65999984741211],[17.629714014526115,59.854864168281495,22.65999984741211]]},"properties":{"slope":4.414}},{"type":"Feature","geometry":{"type":"LineString","coordinates":[[17.630837584681164,59.85755280943302,21.030000686645508],[17.631003701423143,59.85771278305478,19.110000610351562],[17.63107251229186,59.85785754917044,18]]},"properties":{"slope":8.249}},{"type":"Feature","geometry":{"type":"LineString","coordinates":[[17.63107251229186,59.85785754917044,18],[17.631083000909218,59.85790120910539,17.739999771118164],[17.63103011591017,59.85801742924589,17.31999969482422],[17.630840210736462,59.85818644622206,16.790000915527344]]},"properties":{"slope":3.03}},{"type":"Feature","geometry":{"type":"LineString","coordinates":[[17.630840210736462,59.85818644622206,16.790000915527344],[17.630612089787817,59.85827219920274,16.93000030517578],[17.630235794044623,59.85832640810624,17.139999389648438]]},"properties":{"slope":0.917}},{"type":"Feature","geometry":{"type":"LineString","coordinates":[[17.630235794044623,59.85832640810624,17.139999389648438],[17.629921526713527,59.858321324013446,17.6299991607666],[17.62981092436325,59.85836584731222,17.25]]},"properties":{"slope":0.427}},{"type":"Feature","geometry":{"type":"LineString","coordinates":[[17.6302769154876,59.858576598023575,13.890000343322754],[17.630235794044623,59.85832640810624,17.139999389648438]]},"properties":{"slope":11.597}},{"type":"Feature","geometry":{"type":"LineString","coordinates":[[17.630235794044623,59.85832640810624,17.139999389648438],[17.630276879943956,59.85819895349559,17.90999984741211],[17.630347451116776,59.85809507860759,18.649999618530273]]},"properties":{"slope":5.668}},{"type":"Feature","geometry":{"type":"LineString","coordinates":[[17.6302769154876,59.858576598023575,13.890000343322754],[17.63111948410878,59.85859053722431,12.420000076293945]]},"properties":{"slope":3.109}},{"type":"Feature","geometry":{"type":"LineString","coordinates":[[17.63111948410878,59.85859053722431,12.420000076293945],[17.631675823958076,59.85859750279968,11.119999885559082],[17.631737248825974,59.85862816688556,10.90999984741211]]},"properties":{"slope":4.19}},{"type":"Feature","geometry":{"type":"LineString","coordinates":[[17.631158631148203,59.858861937454606,10.180000305175781],[17.63111948410878,59.85859053722431,12.420000076293945]]},"properties":{"slope":7.384}},{"type":"Feature","geometry":{"type":"LineString","coordinates":[[17.63111948410878,59.85859053722431,12.420000076293945],[17.631081976296763,59.85844740813256,13.729999542236328],[17.630957732204095,59.858238131227,15.949999809265137],[17.630840210736462,59.85818644622206,16.790000915527344]]},"properties":{"slope":8.884}},{"type":"Feature","geometry":{"type":"LineString","coordinates":[[17.630840210736462,59.85818644622206,16.790000915527344],[17.63059956688655,59.85807832693158,18.34000015258789]]},"properties":{"slope":8.572}},{"type":"Feature","geometry":{"type":"LineString","coordinates":[[17.630347451116776,59.85809507860759,18.649999618530273],[17.63047033590408,59.858108247775746,18.43000030517578],[17.63059956688655,59.85807832693158,18.34000015258789]]},"properties":{"slope":2.023}},{"type":"Feature","geometry":{"type":"LineString","coordinates":[[17.63059956688655,59.85807832693158,18.34000015258789],[17.63064840592458,59.85802497288871,18.440000534057617],[17.6306343528562,59.85796680855596,18.760000228881836],[17.630606677049514,59.85795005938182,18.8700008392334]]},"properties":{"slope":3.397}},{"type":"Feature","geometry":{"type":"LineString","coordinates":[[17.630606677049514,59.85795005938182,18.8700008392334],[17.63042180999297,59.8579153162641,19.510000228881836],[17.630320167906735,59.85794018874626,19.610000610351562]]},"properties":{"slope":4.162}},{"type":"Feature","geometry":{"type":"LineString","coordinates":[[17.630320167906735,59.85794018874626,19.610000610351562],[17.630284453394847,59.857961902156276,19.579999923706055],[17.63025825761629,59.85802146325288,19.239999771118164],[17.630347451116776,59.85809507860759,18.649999618530273]]},"properties":{"slope":4.84}},{"type":"Feature","geometry":{"type":"LineString","coordinates":[[17.629347747482537,59.85815448918803,19.739999771118164],[17.62961044941524,59.85801039472263,21.719999313354492]]},"properties":{"slope":9.09}},{"type":"Feature","geometry":{"type":"LineString","coordinates":[[17.62961044941524,59.85801039472263,21.719999313354492],[17.629984443275927,59.85780525256724,22.979999542236328]]},"properties":{"slope":4.063}},{"type":"Feature","geometry":{"type":"LineString","coordinates":[[17.629984443275927,59.85780525256724,22.979999542236328],[17.63035866552514,59.85760162509301,22.559999465942383]]},"properties":{"slope":1.359}},{"type":"Feature","geometry":{"type":"LineString","coordinates":[[17.63035866552514,59.85760162509301,22.559999465942383],[17.63058725813432,59.857477232705335,22.3799991607666]]},"properties":{"slope":0.954}},{"type":"Feature","geometry":{"type":"LineString","coordinates":[[17.62961044941524,59.85801039472263,21.719999313354492],[17.62980516404358,59.85807773376793,21.270000457763672],[17.63019729568378,59.8578908014552,20.049999237060547]]},"properties":{"slope":3.779}},{"type":"Feature","geometry":{"type":"LineString","coordinates":[[17.63019729568378,59.8578908014552,20.049999237060547],[17.630462693718055,59.85773164031242,21.200000762939453],[17.630495904332427,59.85768478721064,21.559999465942383],[17.630449181860612,59.85764395703642,21.979999542236328]]},"properties":{"slope":5.646}},{"type":"Feature","geometry":{"type":"LineString","coordinates":[[17.630449181860612,59.85764395703642,21.979999542236328],[17.63035866552514,59.85760162509301,22.559999465942383]]},"properties":{"slope":8.374}},{"type":"Feature","geometry":{"type":"LineString","coordinates":[[17.630134122284996,59.85786541798497,20.520000457763672],[17.63019729568378,59.8578908014552,20.049999237060547]]},"properties":{"slope":10.373}},{"type":"Feature","geometry":{"type":"LineString","coordinates":[[17.63019729568378,59.8578908014552,20.049999237060547],[17.630320167906735,59.85794018874626,19.610000610351562]]},"properties":{"slope":4.992}},{"type":"Feature","geometry":{"type":"LineString","coordinates":[[17.629984443275927,59.85780525256724,22.979999542236328],[17.630056650236988,59.85783427438472,22.600000381469727]]},"properties":{"slope":7.337}},{"type":"Feature","geometry":{"type":"LineString","coordinates":[[17.63157360686997,59.8575742925979,17.690000534057617],[17.631646246559164,59.85746737765567,18.959999084472656],[17.631708575491004,59.85713297683204,19.190000534057617]]},"properties":{"slope":3}},{"type":"Feature","geometry":{"type":"LineString","coordinates":[[17.631708575491004,59.85713297683204,19.190000534057617],[17.631734345965537,59.85699471387861,18.81999969482422]]},"properties":{"slope":2.392}},{"type":"Feature","geometry":{"type":"LineString","coordinates":[[17.632941420788967,59.85899529311142,7.96999979019165],[17.632852975596382,59.85900257983694,8.050000190734863]]},"properties":{"slope":1.544}},{"type":"Feature","geometry":{"type":"LineString","coordinates":[[17.634672914098083,59.85858931822555,9.869999885559082],[17.63452392855083,59.858644742539,9.430000305175781]]},"properties":{"slope":4.237}},{"type":"Feature","geometry":{"type":"LineString","coordinates":[[17.632294954053453,59.85768668808208,15.989999771118164],[17.632307525187734,59.85813549679452,15.3100004196167]]},"properties":{"slope":1.36}},{"type":"Feature","geometry":{"type":"LineString","coordinates":[[17.632307525187734,59.85813549679452,15.3100004196167],[17.632307561963096,59.85813680970495,15.3100004196167]]},"properties":{"slope":0.001}},{"type":"Feature","geometry":{"type":"LineString","coordinates":[[17.632307561963096,59.85813680970495,15.3100004196167],[17.632328041618784,59.858246759416055,15.430000305175781],[17.632362172377356,59.85829325845545,15.539999961853027],[17.632497747205356,59.85835424581155,15.680000305175781],[17.632642066602838,59.858373544031416,15.6899995803833]]},"properties":{"slope":1.038}},{"type":"Feature","geometry":{"type":"LineString","coordinates":[[17.631948652549664,59.85814047493354,13.680000305175781],[17.632307561963096,59.85813680970495,15.3100004196167]]},"properties":{"slope":8.103}},{"type":"Feature","geometry":{"type":"LineString","coordinates":[[17.633639532564118,59.85842270663765,15.25],[17.633637488252617,59.85862143144079,11.25]]},"properties":{"slope":18.067}},{"type":"Feature","geometry":{"type":"LineString","coordinates":[[17.633523252413042,59.858619448571616,9.609999656677246],[17.63344291383583,59.85863735176951,9.300000190734863]]},"properties":{"slope":5.783}},{"type":"Feature","geometry":{"type":"LineString","coordinates":[[17.633684673845433,59.8586216008482,11.130000114440918],[17.633637488252617,59.85862143144079,11.25]]},"properties":{"slope":4.538}},{"type":"Feature","geometry":{"type":"LineString","coordinates":[[17.633637488252617,59.85862143144079,11.25],[17.633523252413042,59.858619448571616,9.609999656677246]]},"properties":{"slope":25.604}},{"type":"Feature","geometry":{"type":"LineString","coordinates":[[17.633804666437342,59.85866332651462,9.210000038146973],[17.633803892249922,59.858622027744055,9.380000114440918],[17.633684673845433,59.8586216008482,11.130000114440918]]},"properties":{"slope":17.018}},{"type":"Feature","geometry":{"type":"LineString","coordinates":[[17.633614430648482,59.85776162394429,14.529999732971191],[17.63361336033441,59.85784436667781,15.479999542236328]]},"properties":{"slope":10.305}},{"type":"Feature","geometry":{"type":"LineString","coordinates":[[17.632802864400972,59.855611545032524,18.059999465942383],[17.632719566319793,59.85565609582316,17.920000076293945]]},"properties":{"slope":2.055}},{"type":"Feature","geometry":{"type":"LineString","coordinates":[[17.633998444174694,59.85603453662047,11.609999656677246],[17.63393212285304,59.85608586494964,11.34000015258789],[17.633913140566758,59.856198174521445,10.59000015258789]]},"properties":{"slope":5.23}},{"type":"Feature","geometry":{"type":"LineString","coordinates":[[17.63352890172638,59.854846389373385,29.75],[17.633420101556506,59.85498144579532,26.450000762939453],[17.633439387545096,59.85516632459961,23.010000228881836],[17.633481758234005,59.855280851254044,21.209999084472656]]},"properties":{"slope":17.078}},{"type":"Feature","geometry":{"type":"LineString","coordinates":[[17.633481758234005,59.855280851254044,21.209999084472656],[17.633631705800436,59.85559247191691,17.25]]},"properties":{"slope":11.078}},{"type":"Feature","geometry":{"type":"LineString","coordinates":[[17.634498436299822,59.85416223178489,40.400001525878906],[17.63456694155081,59.85418255267575,40.439998626708984]]},"properties":{"slope":0.897}},{"type":"Feature","geometry":{"type":"LineString","coordinates":[[17.634307151993394,59.854105466676444,42.97999954223633],[17.6342399746396,59.85414755447904,43.349998474121094]]},"properties":{"slope":6.153}},{"type":"Feature","geometry":{"type":"LineString","coordinates":[[17.634233216336618,59.8541948785441,45.40999984741211],[17.63422604535225,59.85424506603653,45.619998931884766],[17.63404893410891,59.854241280053955,45.630001068115234],[17.63405463733546,59.85419125043173,45.599998474121094],[17.6340050537181,59.85412251953364,45.29999923706055],[17.63404307626416,59.85405958729611,44.470001220703125],[17.63407384046232,59.854063133013064,44.310001373291016]]},"properties":{"slope":2.867}},{"type":"Feature","geometry":{"type":"LineString","coordinates":[[17.634151168287143,59.85407205673228,43.36000061035156],[17.634293432996397,59.85405506201683,42.86000061035156]]},"properties":{"slope":6.101}},{"type":"Feature","geometry":{"type":"LineString","coordinates":[[17.634766583451313,59.8533283653368,41.81999969482422],[17.63469305269043,59.8533748918972,41.810001373291016],[17.63453749312708,59.853399583791244,41.70000076293945],[17.63446536899867,59.85338688012711,41.66999816894531],[17.63435028050651,59.853553919874706,41.619998931884766]]},"properties":{"slope":0.502}},{"type":"Feature","geometry":{"type":"LineString","coordinates":[[17.63435028050651,59.853553919874706,41.619998931884766],[17.634288771240282,59.853692927186415,41.77000045776367],[17.63428052498805,59.85399850163885,42.72999954223633]]},"properties":{"slope":2.22}},{"type":"Feature","geometry":{"type":"LineString","coordinates":[[17.63428052498805,59.85399850163885,42.72999954223633],[17.634293432996397,59.85405506201683,42.86000061035156]]},"properties":{"slope":2.05}},{"type":"Feature","geometry":{"type":"LineString","coordinates":[[17.634293432996397,59.85405506201683,42.86000061035156],[17.634307151993394,59.854105466676444,42.97999954223633]]},"properties":{"slope":2.117}},{"type":"Feature","geometry":{"type":"LineString","coordinates":[[17.634307151993394,59.854105466676444,42.97999954223633],[17.634330481342825,59.85411238748419,42.900001525878906]]},"properties":{"slope":5.27}},{"type":"Feature","geometry":{"type":"LineString","coordinates":[[17.635110610993216,59.85288210284401,36.38999938964844],[17.634934544735742,59.853110493917505,37.9900016784668]]},"properties":{"slope":5.863}},{"type":"Feature","geometry":{"type":"LineString","coordinates":[[17.62868019105994,59.86060818529169,9.170000076293945],[17.628653613330602,59.860622684909174,9.079999923706055]]},"properties":{"slope":0.614}},{"type":"Feature","geometry":{"type":"LineString","coordinates":[[17.628653613330602,59.860622684909174,9.079999923706055],[17.628507349318518,59.86070205969079,8.989999771118164]]},"properties":{"slope":0.614}},{"type":"Feature","geometry":{"type":"LineString","coordinates":[[17.628507349318518,59.86070205969079,8.989999771118164],[17.628462958173458,59.86072605148229,9.0600004196167]]},"properties":{"slope":0.614}},{"type":"Feature","geometry":{"type":"LineString","coordinates":[[17.638420384967496,59.8543023613622,5.199999809265137],[17.638452794710947,59.8542823464479,5.119999885559082]]},"properties":{"slope":2.782}},{"type":"Feature","geometry":{"type":"LineString","coordinates":[[17.638452794710947,59.8542823464479,5.119999885559082],[17.638537798562357,59.85422984884595,5.309999942779541]]},"properties":{"slope":2.519}},{"type":"Feature","geometry":{"type":"LineString","coordinates":[[17.638537798562357,59.85422984884595,5.309999942779541],[17.638683055102863,59.85413207362332,5.320000171661377]]},"properties":{"slope":0.074}},{"type":"Feature","geometry":{"type":"LineString","coordinates":[[17.63986186819341,59.85463464378012,4.460000038146973],[17.639904878669206,59.85459731338234,4.480000019073486]]},"properties":{"slope":0.416}},{"type":"Feature","geometry":{"type":"LineString","coordinates":[[17.639904878669206,59.85459731338234,4.480000019073486],[17.63995130322111,59.85455702362523,4.570000171661377]]},"properties":{"slope":1.735}},{"type":"Feature","geometry":{"type":"LineString","coordinates":[[17.63995130322111,59.85455702362523,4.570000171661377],[17.640050677504732,59.85449160977175,4.630000114440918]]},"properties":{"slope":0.654}},{"type":"Feature","geometry":{"type":"LineString","coordinates":[[17.626648136242263,59.859823658394596,9.890000343322754],[17.626744892186334,59.85977181947129,9.789999961853027]]},"properties":{"slope":1.262}},{"type":"Feature","geometry":{"type":"LineString","coordinates":[[17.626744892186334,59.85977181947129,9.789999961853027],[17.626795851127326,59.85974451368978,9.760000228881836]]},"properties":{"slope":0.719}},{"type":"Feature","geometry":{"type":"LineString","coordinates":[[17.63034530370482,59.85986611465019,9.989999771118164],[17.630413063097347,59.85991088576796,9.800000190734863]]},"properties":{"slope":3.031}},{"type":"Feature","geometry":{"type":"LineString","coordinates":[[17.630413063097347,59.85991088576796,9.800000190734863],[17.63046830864227,59.85995088897689,9.720000267028809]]},"properties":{"slope":1.474}},{"type":"Feature","geometry":{"type":"LineString","coordinates":[[17.628151189373174,59.86060670659407,9.050000190734863],[17.628285978897267,59.860668898865626,9.0600004196167]]},"properties":{"slope":0.098}},{"type":"Feature","geometry":{"type":"LineString","coordinates":[[17.628285978897267,59.860668898865626,9.0600004196167],[17.628322701302245,59.86068583907498,9.100000381469727]]},"properties":{"slope":1.433}},{"type":"Feature","geometry":{"type":"LineString","coordinates":[[17.628322701302245,59.86068583907498,9.100000381469727],[17.62836527759693,59.8607054889967,9.130000114440918]]},"properties":{"slope":0.927}},{"type":"Feature","geometry":{"type":"LineString","coordinates":[[17.631696935250286,59.859404121411124,9.010000228881836],[17.631757637098094,59.859446299133126,8.75]]},"properties":{"slope":4.482}},{"type":"Feature","geometry":{"type":"LineString","coordinates":[[17.631757637098094,59.859446299133126,8.75],[17.631796271903212,59.85949347202269,8.770000457763672]]},"properties":{"slope":0.352}},{"type":"Feature","geometry":{"type":"LineString","coordinates":[[17.63168523730281,59.85935971480002,8.949999809265137],[17.631768464424173,59.859314338246456,8.880000114440918]]},"properties":{"slope":1.018}},{"type":"Feature","geometry":{"type":"LineString","coordinates":[[17.631768464424173,59.859314338246456,8.880000114440918],[17.63185413851653,59.859266856993095,8.880000114440918]]},"properties":{"slope":0.001}},{"type":"Feature","geometry":{"type":"LineString","coordinates":[[17.63206087220347,59.859275014801426,8.640000343322754],[17.63212097212539,59.85932124445334,8.520000457763672]]},"properties":{"slope":1.95}},{"type":"Feature","geometry":{"type":"LineString","coordinates":[[17.63212097212539,59.85932124445334,8.520000457763672],[17.63218362225189,59.85936769432437,8.350000381469727]]},"properties":{"slope":2.719}},{"type":"Feature","geometry":{"type":"LineString","coordinates":[[17.632018879851316,59.859511833807325,8.319999694824219],[17.632114260308743,59.85946973301182,8.359999656677246]]},"properties":{"slope":0.563}},{"type":"Feature","geometry":{"type":"LineString","coordinates":[[17.632114260308743,59.85946973301182,8.359999656677246],[17.632220986939693,59.859423871987424,8.3100004196167]]},"properties":{"slope":0.636}},{"type":"Feature","geometry":{"type":"LineString","coordinates":[[17.633426575020966,59.85882876065277,8.289999961853027],[17.633462967409407,59.85885666274189,8.289999961853027]]},"properties":{"slope":0.001}},{"type":"Feature","geometry":{"type":"LineString","coordinates":[[17.633462967409407,59.85885666274189,8.289999961853027],[17.633505927901055,59.858888630507494,8.25]]},"properties":{"slope":0.93}},{"type":"Feature","geometry":{"type":"LineString","coordinates":[[17.633031324302966,59.85905229689883,7.849999904632568],[17.632987960814063,59.85902300662318,7.880000114440918]]},"properties":{"slope":0.737}},{"type":"Feature","geometry":{"type":"LineString","coordinates":[[17.632987960814063,59.85902300662318,7.880000114440918],[17.632941420788967,59.85899529311142,7.96999979019165]]},"properties":{"slope":2.148}},{"type":"Feature","geometry":{"type":"LineString","coordinates":[[17.63344291383583,59.85863735176951,9.300000190734863],[17.63341344238755,59.858651945983524,9.1899995803833]]},"properties":{"slope":4.746}},{"type":"Feature","geometry":{"type":"LineString","coordinates":[[17.63341344238755,59.858651945983524,9.1899995803833],[17.633375337761983,59.85867073869213,9.210000038146973]]},"properties":{"slope":0.669}},{"type":"Feature","geometry":{"type":"LineString","coordinates":[[17.633375337761983,59.85867073869213,9.210000038146973],[17.633313288778663,59.85870290862803,9.109999656677246]]},"properties":{"slope":2.003}},{"type":"Feature","geometry":{"type":"LineString","coordinates":[[17.63438582223257,59.8586482704134,9.5],[17.63438860879924,59.85866805091833,9.350000381469727]]},"properties":{"slope":6.79}},{"type":"Feature","geometry":{"type":"LineString","coordinates":[[17.63438860879924,59.85866805091833,9.350000381469727],[17.634391291648996,59.85868713398298,9.369999885559082]]},"properties":{"slope":0.938}},{"type":"Feature","geometry":{"type":"LineString","coordinates":[[17.634391291648996,59.85868713398298,9.369999885559082],[17.63439781126086,59.85873344279624,9.260000228881836]]},"properties":{"slope":2.127}},{"type":"Feature","geometry":{"type":"LineString","coordinates":[[17.635454526898005,59.857022700524304,7.809999942779541],[17.635505836816616,59.85699475604538,7.900000095367432]]},"properties":{"slope":2.124}},{"type":"Feature","geometry":{"type":"LineString","coordinates":[[17.635505836816616,59.85699475604538,7.900000095367432],[17.635573634480462,59.85695769461885,7.949999809265137]]},"properties":{"slope":0.891}},{"type":"Feature","geometry":{"type":"LineString","coordinates":[[17.62923446754785,59.85688476310725,22.030000686645508],[17.629178216648533,59.85691485234819,22.040000915527344]]},"properties":{"slope":0.217}},{"type":"Feature","geometry":{"type":"LineString","coordinates":[[17.629178216648533,59.85691485234819,22.040000915527344],[17.629131603052947,59.85694464913206,21.959999084472656]]},"properties":{"slope":1.81}},{"type":"Feature","geometry":{"type":"LineString","coordinates":[[17.626739414041538,59.857124925426604,22.209999084472656],[17.626848461181538,59.85709853745036,22.260000228881836]]},"properties":{"slope":0.737}},{"type":"Feature","geometry":{"type":"LineString","coordinates":[[17.626848461181538,59.85709853745036,22.260000228881836],[17.627015266459388,59.8569825723414,22.170000076293945]]},"properties":{"slope":0.564}},{"type":"Feature","geometry":{"type":"LineString","coordinates":[[17.627015266459388,59.8569825723414,22.170000076293945],[17.62705706149594,59.85695351491688,22.18000030517578]]},"properties":{"slope":0.25}},{"type":"Feature","geometry":{"type":"LineString","coordinates":[[17.628184543654765,59.85776485656479,20.739999771118164],[17.628246375866663,59.857729695496,20.739999771118164]]},"properties":{"slope":0.001}},{"type":"Feature","geometry":{"type":"LineString","coordinates":[[17.628246375866663,59.857729695496,20.739999771118164],[17.62831930997581,59.85768860239123,20.729999542236328]]},"properties":{"slope":0.163}},{"type":"Feature","geometry":{"type":"LineString","coordinates":[[17.640878748467433,59.854870824506996,4.630000114440918],[17.640902476901307,59.854849184405985,4.599999904632568]]},"properties":{"slope":1.09}},{"type":"Feature","geometry":{"type":"LineString","coordinates":[[17.640902476901307,59.854849184405985,4.599999904632568],[17.640950845508705,59.854805057894275,4.670000076293945]]},"properties":{"slope":1.247}},{"type":"Feature","geometry":{"type":"LineString","coordinates":[[17.640950845508705,59.854805057894275,4.670000076293945],[17.64103394902112,59.854733524202096,4.590000152587891]]},"properties":{"slope":0.867}},{"type":"Feature","geometry":{"type":"LineString","coordinates":[[17.638085481759976,59.85423648887774,5.300000190734863],[17.638155800035534,59.85426884183532,5.230000019073486]]},"properties":{"slope":1.311}},{"type":"Feature","geometry":{"type":"LineString","coordinates":[[17.638155800035534,59.85426884183532,5.230000019073486],[17.638214005591916,59.85429361437958,5.239999771118164]]},"properties":{"slope":0.234}},{"type":"Feature","geometry":{"type":"LineString","coordinates":[[17.637325239075768,59.85768442626142,6.130000114440918],[17.63738997966461,59.85771522832248,6.159999847412109]]},"properties":{"slope":0.601}},{"type":"Feature","geometry":{"type":"LineString","coordinates":[[17.63738997966461,59.85771522832248,6.159999847412109],[17.637457561308086,59.85774777932093,6.119999885559082]]},"properties":{"slope":0.763}},{"type":"Feature","geometry":{"type":"LineString","coordinates":[[17.637141954166513,59.85768016117212,6.550000190734863],[17.637073619549476,59.85771564954514,6.5]]},"properties":{"slope":0.908}},{"type":"Feature","geometry":{"type":"LineString","coordinates":[[17.637073619549476,59.85771564954514,6.5],[17.637034707757536,59.857735858562215,6.489999771118164]]},"properties":{"slope":0.319}},{"type":"Feature","geometry":{"type":"LineString","coordinates":[[17.637045407436876,59.85779853647164,6.460000038146973],[17.637103638128078,59.85783786329658,6.389999866485596]]},"properties":{"slope":1.281}},{"type":"Feature","geometry":{"type":"LineString","coordinates":[[17.637103638128078,59.85783786329658,6.389999866485596],[17.637163854607664,59.85787610817415,6.420000076293945]]},"properties":{"slope":0.552}},{"type":"Feature","geometry":{"type":"LineString","coordinates":[[17.626676053405003,59.85713886676308,22.1299991607666],[17.626610725544797,59.85710109042984,22.149999618530273]]},"properties":{"slope":0.359}},{"type":"Feature","geometry":{"type":"LineString","coordinates":[[17.626610725544797,59.85710109042984,22.149999618530273],[17.626520982495148,59.857046013625485,22.040000915527344]]},"properties":{"slope":1.386}},{"type":"Feature","geometry":{"type":"LineString","coordinates":[[17.62856006483919,59.860483893531715,9.430000305175781],[17.6286376467088,59.86053297341678,9.319999694824219]]},"properties":{"slope":1.575}},{"type":"Feature","geometry":{"type":"LineString","coordinates":[[17.6286376467088,59.86053297341678,9.319999694824219],[17.628702976023742,59.86057167674552,9.239999771118164]]},"properties":{"slope":1.414}},{"type":"Feature","geometry":{"type":"LineString","coordinates":[[17.631105325235254,59.86179983080277,7.460000038146973],[17.631043792941842,59.8618384347517,7.400000095367432]]},"properties":{"slope":1.088}},{"type":"Feature","geometry":{"type":"LineString","coordinates":[[17.632962998559346,59.85977415749103,7.960000038146973],[17.632935491514964,59.85978772011669,7.889999866485596]]},"properties":{"slope":3.243}},{"type":"Feature","geometry":{"type":"LineString","coordinates":[[17.632935491514964,59.85978772011669,7.889999866485596],[17.632869146438843,59.85982043970194,7.960000038146973]]},"properties":{"slope":1.344}},{"type":"Feature","geometry":{"type":"LineString","coordinates":[[17.632869146438843,59.85982043970194,7.960000038146973],[17.63279940357116,59.85985531862073,7.889999866485596]]},"properties":{"slope":1.27}},{"type":"Feature","geometry":{"type":"LineString","coordinates":[[17.633913140566758,59.856198174521445,10.59000015258789],[17.63408050068323,59.85627402768064,9.869999885559082]]},"properties":{"slope":5.703}},{"type":"Feature","geometry":{"type":"LineString","coordinates":[[17.63408050068323,59.85627402768064,9.869999885559082],[17.634198831480884,59.85632788492453,9.430000305175781]]},"properties":{"slope":4.92}},{"type":"Feature","geometry":{"type":"LineString","coordinates":[[17.634287711159548,59.85636924769881,9.289999961853027],[17.634227900573304,59.85640152324044,9.220000267028809]]},"properties":{"slope":1.424}},{"type":"Feature","geometry":{"type":"LineString","coordinates":[[17.634227900573304,59.85640152324044,9.220000267028809],[17.63416661592969,59.856434292218474,9.260000228881836]]},"properties":{"slope":0.798}},{"type":"Feature","geometry":{"type":"LineString","coordinates":[[17.630028315462766,59.85650504129634,24.049999237060547],[17.630086757621775,59.856529662777156,24.1200008392334]]},"properties":{"slope":1.639}},{"type":"Feature","geometry":{"type":"LineString","coordinates":[[17.630086757621775,59.856529662777156,24.1200008392334],[17.630149610302926,59.856555730750145,24.100000381469727]]},"properties":{"slope":0.438}},{"type":"Feature","geometry":{"type":"LineString","coordinates":[[17.629362483356843,59.85688981488477,22.479999542236328],[17.629416479731752,59.856911720278184,22.459999084472656]]},"properties":{"slope":0.514}},{"type":"Feature","geometry":{"type":"LineString","coordinates":[[17.629416479731752,59.856911720278184,22.459999084472656],[17.629472474496566,59.85693639092514,22.56999969482422]]},"properties":{"slope":2.637}},{"type":"Feature","geometry":{"type":"LineString","coordinates":[[17.628372427953163,59.86046587683123,9.289999961853027],[17.628345872594483,59.86048014752705,9.289999961853027]]},"properties":{"slope":0.001}},{"type":"Feature","geometry":{"type":"LineString","coordinates":[[17.628345872594483,59.86048014752705,9.289999961853027],[17.628318292412114,59.86049496688436,9.319999694824219]]},"properties":{"slope":1.327}},{"type":"Feature","geometry":{"type":"LineString","coordinates":[[17.628318292412114,59.86049496688436,9.319999694824219],[17.628239567638644,59.8605376102297,9.289999961853027]]},"properties":{"slope":0.463}},{"type":"Feature","geometry":{"type":"LineString","coordinates":[[17.628239567638644,59.8605376102297,9.289999961853027],[17.628202537295085,59.860557671879,9.170000076293945]]},"properties":{"slope":3.935}},{"type":"Feature","geometry":{"type":"LineString","coordinates":[[17.625567476325113,59.85918121557943,12.680000305175781],[17.625514530465402,59.85920990244039,12.680000305175781]]},"properties":{"slope":0.001}},{"type":"Feature","geometry":{"type":"LineString","coordinates":[[17.625514530465402,59.85920990244039,12.680000305175781],[17.625429920927626,59.85925724400927,12.819999694824219]]},"properties":{"slope":1.974}},{"type":"Feature","geometry":{"type":"LineString","coordinates":[[17.629677525017904,59.86127882146909,7.039999961853027],[17.62972020512835,59.86125621965111,7.019999980926514]]},"properties":{"slope":0.576}},{"type":"Feature","geometry":{"type":"LineString","coordinates":[[17.62972020512835,59.86125621965111,7.019999980926514],[17.62975496243892,59.86123780901254,7.050000190734863]]},"properties":{"slope":1.061}},{"type":"Feature","geometry":{"type":"LineString","coordinates":[[17.62975496243892,59.86123780901254,7.050000190734863],[17.629840136274503,59.86119854776777,7.019999980926514]]},"properties":{"slope":0.463}},{"type":"Feature","geometry":{"type":"LineString","coordinates":[[17.629840136274503,59.86119854776777,7.019999980926514],[17.62987233275939,59.8611817300444,7.03000020980835]]},"properties":{"slope":0.384}},{"type":"Feature","geometry":{"type":"LineString","coordinates":[[17.62987233275939,59.8611817300444,7.03000020980835],[17.62989281774233,59.86117102792619,7.079999923706055]]},"properties":{"slope":3.021}},{"type":"Feature","geometry":{"type":"LineString","coordinates":[[17.630881037832978,59.86162807870188,6.440000057220459],[17.630853493013525,59.861642626643665,6.360000133514404]]},"properties":{"slope":3.574}},{"type":"Feature","geometry":{"type":"LineString","coordinates":[[17.630853493013525,59.861642626643665,6.360000133514404],[17.630822568831015,59.86165895521527,6.389999866485596]]},"properties":{"slope":1.194}},{"type":"Feature","geometry":{"type":"LineString","coordinates":[[17.630822568831015,59.86165895521527,6.389999866485596],[17.630756324927322,59.861688930673246,6.349999904632568]]},"properties":{"slope":0.801}},{"type":"Feature","geometry":{"type":"LineString","coordinates":[[17.630756324927322,59.861688930673246,6.349999904632568],[17.630723099199574,59.86170736807128,6.300000190734863]]},"properties":{"slope":1.804}},{"type":"Feature","geometry":{"type":"LineString","coordinates":[[17.630723099199574,59.86170736807128,6.300000190734863],[17.630689074489588,59.861726242564075,6.309999942779541]]},"properties":{"slope":0.352}},{"type":"Feature","geometry":{"type":"LineString","coordinates":[[17.624902696346854,59.857783612624324,18.5],[17.624943686944157,59.857798205889196,18.450000762939453]]},"properties":{"slope":1.777}},{"type":"Feature","geometry":{"type":"LineString","coordinates":[[17.624943686944157,59.857798205889196,18.450000762939453],[17.625061741030684,59.85787495368023,18.270000457763672]]},"properties":{"slope":1.665}},{"type":"Feature","geometry":{"type":"LineString","coordinates":[[17.625061741030684,59.85787495368023,18.270000457763672],[17.62511358266495,59.857899923121664,18.15999984741211]]},"properties":{"slope":2.735}},{"type":"Feature","geometry":{"type":"LineString","coordinates":[[17.62559142741982,59.857737177389595,19.049999237060547],[17.62547446307078,59.85764419103152,19.1299991607666]]},"properties":{"slope":0.653}},{"type":"Feature","geometry":{"type":"LineString","coordinates":[[17.62547446307078,59.85764419103152,19.1299991607666],[17.62540384986118,59.85758329282428,19.010000228881836]]},"properties":{"slope":1.528}},{"type":"Feature","geometry":{"type":"LineString","coordinates":[[17.624095573414873,59.85843473534299,15.25],[17.624032763048177,59.858400562152035,15.3100004196167]]},"properties":{"slope":1.157}},{"type":"Feature","geometry":{"type":"LineString","coordinates":[[17.624032763048177,59.858400562152035,15.3100004196167],[17.62393934484265,59.85835808386573,15.539999961853027]]},"properties":{"slope":3.259}},{"type":"Feature","geometry":{"type":"LineString","coordinates":[[17.62393934484265,59.85835808386573,15.539999961853027],[17.623893055476433,59.858337036192616,15.550000190734863]]},"properties":{"slope":0.286}},{"type":"Feature","geometry":{"type":"LineString","coordinates":[[17.628308511518558,59.85750461731779,21.09000015258789],[17.628347421913855,59.85752123541244,21.1299991607666]]},"properties":{"slope":1.398}},{"type":"Feature","geometry":{"type":"LineString","coordinates":[[17.628347421913855,59.85752123541244,21.1299991607666],[17.628401002949563,59.85754412741189,21.15999984741211]]},"properties":{"slope":0.762}},{"type":"Feature","geometry":{"type":"LineString","coordinates":[[17.632942327972344,59.85908413485502,7.800000190734863],[17.632901622498228,59.859098696691206,7.820000171661377]]},"properties":{"slope":0.715}},{"type":"Feature","geometry":{"type":"LineString","coordinates":[[17.632901622498228,59.859098696691206,7.820000171661377],[17.63282889341332,59.85912474867836,7.769999980926514]]},"properties":{"slope":0.999}},{"type":"Feature","geometry":{"type":"LineString","coordinates":[[17.62796696886687,59.86021201843283,9.40999984741211],[17.627992719387098,59.86023932786535,9.220000267028809]]},"properties":{"slope":5.642}},{"type":"Feature","geometry":{"type":"LineString","coordinates":[[17.627992719387098,59.86023932786535,9.220000267028809],[17.628041568722296,59.86025521945323,9.420000076293945]]},"properties":{"slope":6.135}},{"type":"Feature","geometry":{"type":"LineString","coordinates":[[17.6284130239598,59.85998928950452,10.460000038146973],[17.628456766176853,59.859965289259456,10.489999771118164]]},"properties":{"slope":0.827}},{"type":"Feature","geometry":{"type":"LineString","coordinates":[[17.628456766176853,59.859965289259456,10.489999771118164],[17.62849514804374,59.859944215508186,10.609999656677246]]},"properties":{"slope":3.769}},{"type":"Feature","geometry":{"type":"LineString","coordinates":[[17.629318522864388,59.859579477346536,13.680000305175781],[17.629362057060888,59.85955675148555,13.569999694824219]]},"properties":{"slope":3.129}},{"type":"Feature","geometry":{"type":"LineString","coordinates":[[17.629362057060888,59.85955675148555,13.569999694824219],[17.629403118018523,59.859535188526756,13.5600004196167]]},"properties":{"slope":0.301}},{"type":"Feature","geometry":{"type":"LineString","coordinates":[[17.629345269805526,59.85960915068081,13.710000038146973],[17.62940286542984,59.859640306336985,13.710000038146973]]},"properties":{"slope":0.001}},{"type":"Feature","geometry":{"type":"LineString","coordinates":[[17.62940286542984,59.859640306336985,13.710000038146973],[17.629443360904204,59.85966220308079,13.670000076293945]]},"properties":{"slope":1.201}},{"type":"Feature","geometry":{"type":"LineString","coordinates":[[17.630504357646412,59.86002116933663,9.640000343322754],[17.63044486377639,59.8600419089616,9.380000114440918]]},"properties":{"slope":6.41}},{"type":"Feature","geometry":{"type":"LineString","coordinates":[[17.63044486377639,59.8600419089616,9.380000114440918],[17.63039270852087,59.8600618238107,9.460000038146973]]},"properties":{"slope":2.18}},{"type":"Feature","geometry":{"type":"LineString","coordinates":[[17.630142402377576,59.859856728326434,10.430000305175781],[17.630092680680214,59.859881533863586,10.359999656677246]]},"properties":{"slope":1.784}},{"type":"Feature","geometry":{"type":"LineString","coordinates":[[17.630092680680214,59.859881533863586,10.359999656677246],[17.630028829713055,59.85991236770122,10.4399995803833]]},"properties":{"slope":1.613}},{"type":"Feature","geometry":{"type":"LineString","coordinates":[[17.626876840659147,59.85973211923841,9.90999984741211],[17.62692946100534,59.859757058198994,9.699999809265137]]},"properties":{"slope":5.183}},{"type":"Feature","geometry":{"type":"LineString","coordinates":[[17.62692946100534,59.859757058198994,9.699999809265137],[17.6269751769352,59.85977796640008,9.739999771118164]]},"properties":{"slope":1.155}},{"type":"Feature","geometry":{"type":"LineString","coordinates":[[17.635803037839707,59.85838872287495,8.34000015258789],[17.635687523234285,59.858432221789265,8.40999984741211]]},"properties":{"slope":0.866}},{"type":"Feature","geometry":{"type":"LineString","coordinates":[[17.635687523234285,59.858432221789265,8.40999984741211],[17.63568752283705,59.85843222192391,8.409999225305583]]},"properties":{"slope":2.317}},{"type":"Feature","geometry":{"type":"LineString","coordinates":[[17.63568752283705,59.85843222192391,8.409999225305583],[17.63564921146606,59.85844520905647,8.350000381469727]]},"properties":{"slope":2.317}},{"type":"Feature","geometry":{"type":"LineString","coordinates":[[17.632060732117864,59.85859031344621,10.979999542236328],[17.632015932499296,59.858560851723524,11.069999694824219]]},"properties":{"slope":2.178}},{"type":"Feature","geometry":{"type":"LineString","coordinates":[[17.632015932499296,59.858560851723524,11.069999694824219],[17.63199328060452,59.85854595101861,11.020000457763672]]},"properties":{"slope":2.393}},{"type":"Feature","geometry":{"type":"LineString","coordinates":[[17.63199328060452,59.85854595101861,11.020000457763672],[17.631973291721476,59.85853280295323,11.1899995803833]]},"properties":{"slope":9.219}},{"type":"Feature","geometry":{"type":"LineString","coordinates":[[17.631884942731137,59.857590587827474,16.93000030517578],[17.632004759421267,59.85757570065706,16.93000030517578]]},"properties":{"slope":0.001}},{"type":"Feature","geometry":{"type":"LineString","coordinates":[[17.632004759421267,59.85757570065706,16.93000030517578],[17.63211249147103,59.85757723668179,16.770000457763672]]},"properties":{"slope":2.649}},{"type":"Feature","geometry":{"type":"LineString","coordinates":[[17.643047549356297,59.86456926758335,9.550000190734863],[17.64299005367942,59.86454209145992,9.430000305175781]]},"properties":{"slope":2.714}},{"type":"Feature","geometry":{"type":"LineString","coordinates":[[17.642323093540433,59.86423409474391,8.579999923706055],[17.641898825611005,59.86402510995996,8.239999771118164]]},"properties":{"slope":1.02}},{"type":"Feature","geometry":{"type":"LineString","coordinates":[[17.642678310071375,59.8643976895253,8.880000114440918],[17.642323093540433,59.86423409474391,8.579999923706055]]},"properties":{"slope":1.094}},{"type":"Feature","geometry":{"type":"LineString","coordinates":[[17.642180971188495,59.863877809246596,8.050000190734863],[17.64284178299472,59.864179516167766,9.020000457763672]]},"properties":{"slope":1.94}},{"type":"Feature","geometry":{"type":"LineString","coordinates":[[17.64284178299472,59.864179516167766,9.020000457763672],[17.643287002219438,59.86438278495838,9.6899995803833]]},"properties":{"slope":1.989}},{"type":"Feature","geometry":{"type":"LineString","coordinates":[[17.643287002219438,59.86438278495838,9.6899995803833],[17.643348914498002,59.86441105716579,9.699999809265137]]},"properties":{"slope":0.213}},{"type":"Feature","geometry":{"type":"LineString","coordinates":[[17.641898825611005,59.86402510995996,8.239999771118164],[17.64174067761491,59.86395338537044,8.119999885559082]]},"properties":{"slope":1.005}},{"type":"Feature","geometry":{"type":"LineString","coordinates":[[17.627955913629805,59.85769266045028,20.920000076293945],[17.62800635988676,59.85771468726981,20.829999923706055]]},"properties":{"slope":2.404}},{"type":"Feature","geometry":{"type":"LineString","coordinates":[[17.62800635988676,59.85771468726981,20.829999923706055],[17.62805563352369,59.857736823138325,20.799999237060547]]},"properties":{"slope":0.81}},{"type":"Feature","geometry":{"type":"LineString","coordinates":[[17.637639693152572,59.855905984469544,5.550000190734863],[17.636997154732263,59.85559453733805,6.199999809265137]]},"properties":{"slope":1.3}},{"type":"Feature","geometry":{"type":"LineString","coordinates":[[17.636997154732263,59.85559453733805,6.199999809265137],[17.636354316334305,59.85528324986402,8.119999885559082]]},"properties":{"slope":3.839}},{"type":"Feature","geometry":{"type":"LineString","coordinates":[[17.636354316334305,59.85528324986402,8.119999885559082],[17.636310647107816,59.855262088953864,8.199999809265137]]},"properties":{"slope":2.354}},{"type":"Feature","geometry":{"type":"LineString","coordinates":[[17.633070831480936,59.85763523724222,14.010000228881836],[17.63313328381945,59.85763346684482,13.770000457763672]]},"properties":{"slope":6.847}},{"type":"Feature","geometry":{"type":"LineString","coordinates":[[17.63313328381945,59.85763346684482,13.770000457763672],[17.633198345984418,59.857632265206156,13.6899995803833]]},"properties":{"slope":2.193}},{"type":"Feature","geometry":{"type":"LineString","coordinates":[[17.634360877590183,59.85762124484229,11.59000015258789],[17.634443299785783,59.85761723969611,11.260000228881836]]},"properties":{"slope":7.111}},{"type":"Feature","geometry":{"type":"LineString","coordinates":[[17.634443299785783,59.85761723969611,11.260000228881836],[17.634527155942703,59.85761315583131,11.1899995803833]]},"properties":{"slope":1.483}},{"type":"Feature","geometry":{"type":"LineString","coordinates":[[17.631915082919104,59.857701786280394,16.200000762939453],[17.631988262595144,59.85770501260633,16.15999984741211]]},"properties":{"slope":0.972}},{"type":"Feature","geometry":{"type":"LineString","coordinates":[[17.631988262595144,59.85770501260633,16.15999984741211],[17.632063658922842,59.85770833732454,16.219999313354492]]},"properties":{"slope":1.415}},{"type":"Feature","geometry":{"type":"LineString","coordinates":[[17.62812181743291,59.85637308321475,21.260000228881836],[17.62806946232224,59.85640138109734,21.25]]},"properties":{"slope":0.232}},{"type":"Feature","geometry":{"type":"LineString","coordinates":[[17.637904972129363,59.86468074645108,7.900000095367432],[17.638505696864595,59.86434878026581,8.109999656677246]]},"properties":{"slope":0.42}},{"type":"Feature","geometry":{"type":"LineString","coordinates":[[17.638505696864595,59.86434878026581,8.109999656677246],[17.63892172031086,59.864118328825185,7.809999942779541]]},"properties":{"slope":0.518}},{"type":"Feature","geometry":{"type":"LineString","coordinates":[[17.63892172031086,59.864118328825185,7.809999942779541],[17.638949522302237,59.864093259858,7.900000095367432]]},"properties":{"slope":0.518}},{"type":"Feature","geometry":{"type":"LineString","coordinates":[[17.638949522302237,59.864093259858,7.900000095367432],[17.638919685110977,59.864075192305684,7.900000095367432]]},"properties":{"slope":0.518}},{"type":"Feature","geometry":{"type":"LineString","coordinates":[[17.64214883057394,59.861738458049345,6.929999828338623],[17.64154260487352,59.862067845831795,6.849999904632568]]},"properties":{"slope":0.16}},{"type":"Feature","geometry":{"type":"LineString","coordinates":[[17.64154260487352,59.862067845831795,6.849999904632568],[17.640942534822685,59.862400092244386,7.389999866485596]]},"properties":{"slope":1.08}},{"type":"Feature","geometry":{"type":"LineString","coordinates":[[17.640942534822685,59.862400092244386,7.389999866485596],[17.64057524916002,59.86260316547358,7.699999809265137]]},"properties":{"slope":1.014}},{"type":"Feature","geometry":{"type":"LineString","coordinates":[[17.6395308038271,59.863178586601585,8.020000457763672],[17.63892861817993,59.86350987289098,8.09000015258789]]},"properties":{"slope":0.14}},{"type":"Feature","geometry":{"type":"LineString","coordinates":[[17.63892861817993,59.86350987289098,8.09000015258789],[17.638549770276448,59.86371828744812,7.860000133514404]]},"properties":{"slope":0.857}},{"type":"Feature","geometry":{"type":"LineString","coordinates":[[17.638549770276448,59.86371828744812,7.860000133514404],[17.638522518509266,59.86373487972394,7.800000190734863]]},"properties":{"slope":0.857}},{"type":"Feature","geometry":{"type":"LineString","coordinates":[[17.64060316356325,59.86462201206733,8.760000228881836],[17.640514518934616,59.86462960755477,8.75]]},"properties":{"slope":0.835}},{"type":"Feature","geometry":{"type":"LineString","coordinates":[[17.640514518934616,59.86462960755477,8.75],[17.640049853791638,59.86441555981446,8.420000076293945]]},"properties":{"slope":0.835}},{"type":"Feature","geometry":{"type":"LineString","coordinates":[[17.63927311438061,59.865267464242834,8.25],[17.63984631773254,59.86496808425118,8.699999809265137],[17.639904927827438,59.86497332955802,8.630000114440918]]},"properties":{"slope":0.76}},{"type":"Feature","geometry":{"type":"LineString","coordinates":[[17.639904927827438,59.86497332955802,8.630000114440918],[17.639953730023716,59.86497640162149,8.520000457763672],[17.640362781231286,59.8647593278847,8.609999656677246]]},"properties":{"slope":0.04}},{"type":"Feature","geometry":{"type":"LineString","coordinates":[[17.640362781231286,59.8647593278847,8.609999656677246],[17.640415128728144,59.864721817397864,8.649999618530273],[17.64040844279454,59.86468802491718,8.649999618530273]]},"properties":{"slope":0.04}},{"type":"Feature","geometry":{"type":"LineString","coordinates":[[17.64040844279454,59.86468802491718,8.649999618530273],[17.640351782217845,59.864657977328825,8.649999618530273]]},"properties":{"slope":0.04}},{"type":"Feature","geometry":{"type":"LineString","coordinates":[[17.640351782217845,59.864657977328825,8.649999618530273],[17.63969515399102,59.86435396358834,8.319999694824219]]},"properties":{"slope":0.66}},{"type":"Feature","geometry":{"type":"LineString","coordinates":[[17.63969515399102,59.86435396358834,8.319999694824219],[17.639265589284513,59.86415758894748,8]]},"properties":{"slope":0.984}},{"type":"Feature","geometry":{"type":"LineString","coordinates":[[17.64540170682361,59.85512732711378,4.75],[17.6454737146644,59.85512797122042,4.670000076293945],[17.645591992057078,59.855182904458225,4.630000114440918]]},"properties":{"slope":0.919}},{"type":"Feature","geometry":{"type":"LineString","coordinates":[[17.6395252886922,59.85680534496829,4.5],[17.639920869810325,59.85649406350037,4.480000019073486]]},"properties":{"slope":0.001}},{"type":"Feature","geometry":{"type":"LineString","coordinates":[[17.639920869810325,59.85649406350037,4.480000019073486],[17.640006431679605,59.856427344013795,4.5]]},"properties":{"slope":0.001}},{"type":"Feature","geometry":{"type":"LineString","coordinates":[[17.640006431679605,59.856427344013795,4.5],[17.640491184218572,59.85605050309264,4.510000228881836]]},"properties":{"slope":0.02}},{"type":"Feature","geometry":{"type":"LineString","coordinates":[[17.640491184218572,59.85605050309264,4.510000228881836],[17.640976576717883,59.85567387224808,4.480000019073486]]},"properties":{"slope":0.06}},{"type":"Feature","geometry":{"type":"LineString","coordinates":[[17.640976576717883,59.85567387224808,4.480000019073486],[17.641301173952183,59.855420927517564,4.309999942779541],[17.64138166952952,59.8554498339597,4.320000171661377]]},"properties":{"slope":0.409}},{"type":"Feature","geometry":{"type":"LineString","coordinates":[[17.641627693711005,59.85508555814958,2.900000095367432],[17.641208508555575,59.8549651380064,4.960000038146973],[17.64114042664486,59.85500797564265,4.570000171661377]]},"properties":{"slope":5.011}},{"type":"Feature","geometry":{"type":"LineString","coordinates":[[17.64114042664486,59.85500797564265,4.570000171661377],[17.6406944806445,59.855396748981946,4.369999885559082]]},"properties":{"slope":0.4}},{"type":"Feature","geometry":{"type":"LineString","coordinates":[[17.6406944806445,59.855396748981946,4.369999885559082],[17.64024241179347,59.85578371241369,4.440000057220459]]},"properties":{"slope":0.14}},{"type":"Feature","geometry":{"type":"LineString","coordinates":[[17.64024241179347,59.85578371241369,4.440000057220459],[17.63979142709036,59.85617100587263,4.380000114440918]]},"properties":{"slope":0.12}},{"type":"Feature","geometry":{"type":"LineString","coordinates":[[17.63979142709036,59.85617100587263,4.380000114440918],[17.639622807661738,59.85631728880049,4.409999847412109]]},"properties":{"slope":0.159}},{"type":"Feature","geometry":{"type":"LineString","coordinates":[[17.643772835054556,59.85661548336972,5.519999980926514],[17.644384979515564,59.856942063107354,5.21999979019165]]},"properties":{"slope":0.6}},{"type":"Feature","geometry":{"type":"LineString","coordinates":[[17.644384979515564,59.856942063107354,5.21999979019165],[17.64443184464267,59.856967065318415,5.190000057220459]]},"properties":{"slope":0.784}},{"type":"Feature","geometry":{"type":"LineString","coordinates":[[17.64329553311617,59.857505827825214,5.380000114440918],[17.643236388164183,59.85750053431505,5.480000019073486]]},"properties":{"slope":1.04}},{"type":"Feature","geometry":{"type":"LineString","coordinates":[[17.643236388164183,59.85750053431505,5.480000019073486],[17.64257833611979,59.85724492051138,5.900000095367432]]},"properties":{"slope":1.04}},{"type":"Feature","geometry":{"type":"LineString","coordinates":[[17.64257833611979,59.85724492051138,5.900000095367432],[17.642005530646347,59.85702241397116,6.079999923706055]]},"properties":{"slope":0.444}},{"type":"Feature","geometry":{"type":"LineString","coordinates":[[17.6331259563308,59.860033587306695,6.179999828338623],[17.632778262034744,59.85987202305685,7.920000076293945]]},"properties":{"slope":6.56}},{"type":"Feature","geometry":{"type":"LineString","coordinates":[[17.633722093702087,59.860313944319316,6.980000019073486],[17.63334050472464,59.860137941549795,6.840000152587891]]},"properties":{"slope":1.749}},{"type":"Feature","geometry":{"type":"LineString","coordinates":[[17.63334050472464,59.860137941549795,6.840000152587891],[17.633248474701865,59.86009317917008,6.53000020980835]]},"properties":{"slope":1.749}},{"type":"Feature","geometry":{"type":"LineString","coordinates":[[17.633248474701865,59.86009317917008,6.53000020980835],[17.6331259563308,59.860033587306695,6.179999828338623]]},"properties":{"slope":1.749}},{"type":"Feature","geometry":{"type":"LineString","coordinates":[[17.632962998559346,59.85977415749103,7.960000038146973],[17.633512139435453,59.860029930240394,6.809999942779541]]},"properties":{"slope":2.742}},{"type":"Feature","geometry":{"type":"LineString","coordinates":[[17.633512139435453,59.860029930240394,6.809999942779541],[17.63374772123759,59.86011446217205,7.429999828338623]]},"properties":{"slope":3.781}},{"type":"Feature","geometry":{"type":"LineString","coordinates":[[17.64047968451655,59.860878901795544,6.940000057220459],[17.640156216198747,59.860730760922785,7.239999771118164]]},"properties":{"slope":0.76}},{"type":"Feature","geometry":{"type":"LineString","coordinates":[[17.640156216198747,59.860730760922785,7.239999771118164],[17.640056678511495,59.860750966173946,7.329999923706055]]},"properties":{"slope":0.76}},{"type":"Feature","geometry":{"type":"LineString","coordinates":[[17.640056678511495,59.860750966173946,7.329999923706055],[17.639827482674733,59.860878285664285,7.320000171661377]]},"properties":{"slope":0.76}},{"type":"Feature","geometry":{"type":"LineString","coordinates":[[17.639827482674733,59.860878285664285,7.320000171661377],[17.639224912595946,59.86120937099115,7.739999771118164]]},"properties":{"slope":0.84}},{"type":"Feature","geometry":{"type":"LineString","coordinates":[[17.639224912595946,59.86120937099115,7.739999771118164],[17.63887203438081,59.86140207999036,7.730000019073486]]},"properties":{"slope":0.06}},{"type":"Feature","geometry":{"type":"LineString","coordinates":[[17.63887203438081,59.86140207999036,7.730000019073486],[17.63914643641303,59.86152806886533,7.769999980926514]]},"properties":{"slope":0.06}},{"type":"Feature","geometry":{"type":"LineString","coordinates":[[17.63914643641303,59.86152806886533,7.769999980926514],[17.639805550917856,59.86183068822827,7.690000057220459]]},"properties":{"slope":0.16}},{"type":"Feature","geometry":{"type":"LineString","coordinates":[[17.639805550917856,59.86183068822827,7.690000057220459],[17.640087078471502,59.861959943317025,7.480000019073486],[17.64008007920816,59.8619900558686,7.460000038146973]]},"properties":{"slope":0.93}},{"type":"Feature","geometry":{"type":"LineString","coordinates":[[17.641388206101272,59.86124654398804,6.659999847412109],[17.641278955945637,59.86125928603806,6.590000152587891],[17.64114575972217,59.86119589722866,6.545779059292395]]},"properties":{"slope":0.588}},{"type":"Feature","geometry":{"type":"LineString","coordinates":[[17.64114575972217,59.86119589722866,6.545779059292395],[17.64100787135818,59.861130275003845,6.5]]},"properties":{"slope":0.588}},{"type":"Feature","geometry":{"type":"LineString","coordinates":[[17.643596108368207,59.86058603850175,3.759999990463257],[17.64425565514899,59.86088840867879,6.519999980926514]]},"properties":{"slope":5.519}},{"type":"Feature","geometry":{"type":"LineString","coordinates":[[17.64425565514899,59.86088840867879,6.519999980926514],[17.644430924051484,59.860968759467376,7.099999904632568]]},"properties":{"slope":1.36}},{"type":"Feature","geometry":{"type":"LineString","coordinates":[[17.644430924051484,59.860968759467376,7.099999904632568],[17.64455959940125,59.86099298451914,7.28000020980835],[17.644668193065414,59.860949995154805,7.179999828338623]]},"properties":{"slope":1.36}},{"type":"Feature","geometry":{"type":"LineString","coordinates":[[17.644668193065414,59.860949995154805,7.179999828338623],[17.64491954923123,59.860813251541956,7.199999809265137]]},"properties":{"slope":1.36}},{"type":"Feature","geometry":{"type":"LineString","coordinates":[[17.64491954923123,59.860813251541956,7.199999809265137],[17.645417544802818,59.860548517698284,6.940000057220459]]},"properties":{"slope":0.86}},{"type":"Feature","geometry":{"type":"LineString","coordinates":[[17.645417544802818,59.860548517698284,6.940000057220459],[17.64553288431546,59.86048720391149,6.769999980926514]]},"properties":{"slope":0.86}},{"type":"Feature","geometry":{"type":"LineString","coordinates":[[17.64553288431546,59.86048720391149,6.769999980926514],[17.645543405198783,59.86048161105741,6.760000228881836]]},"properties":{"slope":1.166}},{"type":"Feature","geometry":{"type":"LineString","coordinates":[[17.64484907322571,59.86009334777254,7.300000190734863],[17.64546923937324,59.86041610655962,6.670000076293945]]},"properties":{"slope":1.26}},{"type":"Feature","geometry":{"type":"LineString","coordinates":[[17.64546923937324,59.86041610655962,6.670000076293945],[17.645568818876896,59.86046793077475,6.710000038146973]]},"properties":{"slope":0.498}},{"type":"Feature","geometry":{"type":"LineString","coordinates":[[17.649735223411284,59.855460931650285,4.210000038146973],[17.649617024215324,59.85546972820765,4.130000114440918]]},"properties":{"slope":0.5}},{"type":"Feature","geometry":{"type":"LineString","coordinates":[[17.649617024215324,59.85546972820765,4.130000114440918],[17.64909951575741,59.85575422372979,4.460000038146973]]},"properties":{"slope":0.5}},{"type":"Feature","geometry":{"type":"LineString","coordinates":[[17.64909951575741,59.85575422372979,4.460000038146973],[17.648497145646594,59.85608536255299,4.53000020980835]]},"properties":{"slope":0.14}},{"type":"Feature","geometry":{"type":"LineString","coordinates":[[17.648497145646594,59.85608536255299,4.53000020980835],[17.648113572718405,59.85629621793436,4.630000114440918],[17.648094912715965,59.8563162298851,4.579999923706055],[17.64811029312167,59.85633332278899,4.599999904632568]]},"properties":{"slope":0.192}},{"type":"Feature","geometry":{"type":"LineString","coordinates":[[17.653399131314416,59.856395236524364,6.079999923706055],[17.65343501018365,59.85632420417091,5.96999979019165],[17.653356777125055,59.85625023298484,5.739999771118164]]},"properties":{"slope":3.18}},{"type":"Feature","geometry":{"type":"LineString","coordinates":[[17.653356777125055,59.85625023298484,5.739999771118164],[17.65307350557213,59.85599933161715,4.489999771118164]]},"properties":{"slope":3.18}},{"type":"Feature","geometry":{"type":"LineString","coordinates":[[17.65307350557213,59.85599933161715,4.489999771118164],[17.6529556534579,59.85588438881878,3.950000047683716]]},"properties":{"slope":4.379}},{"type":"Feature","geometry":{"type":"LineString","coordinates":[[17.6529556534579,59.85588438881878,3.950000047683716],[17.65267407874422,59.8555983118585,2.299999952316284]]},"properties":{"slope":4.379}},{"type":"Feature","geometry":{"type":"LineString","coordinates":[[17.65267407874422,59.8555983118585,2.299999952316284],[17.65215260576234,59.85523561033648,2.509999990463257]]},"properties":{"slope":0.42}},{"type":"Feature","geometry":{"type":"LineString","coordinates":[[17.65215260576234,59.85523561033648,2.509999990463257],[17.65191473328839,59.855121231106416,2.940000057220459]]},"properties":{"slope":2.332}},{"type":"Feature","geometry":{"type":"LineString","coordinates":[[17.650121465977165,59.860989324111635,11.119999885559082],[17.650032699258134,59.86097419422454,11.119999885559082],[17.649965021146574,59.86100340902507,11.100000381469727]]},"properties":{"slope":0.46}},{"type":"Feature","geometry":{"type":"LineString","coordinates":[[17.649965021146574,59.86100340902507,11.100000381469727],[17.649487251027157,59.861265074589525,10.890000343322754]]},"properties":{"slope":0.46}},{"type":"Feature","geometry":{"type":"LineString","coordinates":[[17.649487251027157,59.861265074589525,10.890000343322754],[17.649007091032345,59.861528043200245,10.8100004196167]]},"properties":{"slope":0.4}},{"type":"Feature","geometry":{"type":"LineString","coordinates":[[17.649007091032345,59.861528043200245,10.8100004196167],[17.64895394408754,59.86155735761409,10.720000267028809],[17.648941196065977,59.86158142637449,10.670000076293945],[17.648966034353094,59.861605121812254,10.6899995803833]]},"properties":{"slope":0.4}},{"type":"Feature","geometry":{"type":"LineString","coordinates":[[17.648966034353094,59.861605121812254,10.6899995803833],[17.64902552599274,59.861632214740474,10.670000076293945]]},"properties":{"slope":0.445}},{"type":"Feature","geometry":{"type":"LineString","coordinates":[[17.648860287934678,59.86173792675263,10.670000076293945],[17.64871618393819,59.86172144689247,10.5600004196167],[17.648537533204244,59.86179101051223,10.649999618530273]]},"properties":{"slope":0.52}},{"type":"Feature","geometry":{"type":"LineString","coordinates":[[17.648537533204244,59.86179101051223,10.649999618530273],[17.64818499525472,59.861978014383865,10.40999984741211]]},"properties":{"slope":0.52}},{"type":"Feature","geometry":{"type":"LineString","coordinates":[[17.64818499525472,59.861978014383865,10.40999984741211],[17.647635691215555,59.86227815194841,9.920000076293945]]},"properties":{"slope":0.92}},{"type":"Feature","geometry":{"type":"LineString","coordinates":[[17.647635691215555,59.86227815194841,9.920000076293945],[17.64758097188056,59.86230840979435,9.949999809265137]]},"properties":{"slope":0.92}},{"type":"Feature","geometry":{"type":"LineString","coordinates":[[17.64758097188056,59.86230840979435,9.949999809265137],[17.647533521789,59.86236693299037,10.09000015258789],[17.6475568231277,59.86241664414909,10.039999961853027]]},"properties":{"slope":1.49}},{"type":"Feature","geometry":{"type":"LineString","coordinates":[[17.6475568231277,59.86241664414909,10.039999961853027],[17.647670584377313,59.862468422784396,10.270000457763672]]},"properties":{"slope":1.49}},{"type":"Feature","geometry":{"type":"LineString","coordinates":[[17.6489644649523,59.86176245281455,10.729999542236328],[17.648860287934678,59.86173792675263,10.670000076293945]]},"properties":{"slope":0.931}},{"type":"Feature","geometry":{"type":"LineString","coordinates":[[17.62938805605498,59.86129390055766,7.409999847412109],[17.6295315629246,59.86121416275421,7.239999771118164]]},"properties":{"slope":1.273}},{"type":"Feature","geometry":{"type":"LineString","coordinates":[[17.6295315629246,59.86121416275421,7.239999771118164],[17.629569779818272,59.861186789230366,7.210000038146973]]},"properties":{"slope":1.273}},{"type":"Feature","geometry":{"type":"LineString","coordinates":[[17.626460420305992,59.85995837327194,9.649999618530273],[17.62662465064442,59.85987151552355,9.789999961853027],[17.626648136242263,59.859823658394596,9.890000343322754]]},"properties":{"slope":1.27}},{"type":"Feature","geometry":{"type":"LineString","coordinates":[[17.63213916944663,59.8602654902909,7.03000020980835],[17.63206871337748,59.86025246626731,7.079999923706055],[17.631657093674914,59.86056407875999,6.75]]},"properties":{"slope":0.608}},{"type":"Feature","geometry":{"type":"LineString","coordinates":[[17.6459161603357,59.8523735771329,4.460000038146973],[17.6457238829101,59.852449571608986,4.550000190734863],[17.64546991277345,59.85274774854235,4.53000020980835]]},"properties":{"slope":0.14}},{"type":"Feature","geometry":{"type":"LineString","coordinates":[[17.64546991277345,59.85274774854235,4.53000020980835],[17.645331001960948,59.8529108361552,4.440000057220459]]},"properties":{"slope":0.48}},{"type":"Feature","geometry":{"type":"LineString","coordinates":[[17.645331001960948,59.8529108361552,4.440000057220459],[17.64509362038696,59.85315455150595,4.289999961853027]]},"properties":{"slope":0.48}},{"type":"Feature","geometry":{"type":"LineString","coordinates":[[17.64509362038696,59.85315455150595,4.289999961853027],[17.64491345112243,59.85330556261308,4.260000228881836],[17.644902815297762,59.85333707627488,4.190000057220459],[17.644928931455173,59.85335940716623,4.110000133514404]]},"properties":{"slope":0.688}},{"type":"Feature","geometry":{"type":"LineString","coordinates":[[17.65580645185186,59.85852725363136,9.319999694824219],[17.65565149407855,59.858425164247045,9.3100004196167]]},"properties":{"slope":0.07}},{"type":"Feature","geometry":{"type":"LineString","coordinates":[[17.62876844786778,59.85789324921014,20.329999923706055],[17.62831930997581,59.85768860239123,20.729999542236328]]},"properties":{"slope":1.178}},{"type":"Feature","geometry":{"type":"LineString","coordinates":[[17.63365805033009,59.85613895203391,11.75],[17.633535407900037,59.85613726598033,12.050000190734863],[17.632965544038928,59.855877068003245,15.25]]},"properties":{"slope":6.999}},{"type":"Feature","geometry":{"type":"LineString","coordinates":[[17.632965544038928,59.855877068003245,15.25],[17.632303947946657,59.8555759102547,20.479999542236328]]},"properties":{"slope":10.459}},{"type":"Feature","geometry":{"type":"LineString","coordinates":[[17.632303947946657,59.8555759102547,20.479999542236328],[17.63216009946462,59.85554312129212,21.850000381469727]]},"properties":{"slope":15.168}},{"type":"Feature","geometry":{"type":"LineString","coordinates":[[17.648645012829697,59.86031024158867,9.510000228881836],[17.649309840559788,59.86060837939856,10.270000457763672]]},"properties":{"slope":1.52}},{"type":"Feature","geometry":{"type":"LineString","coordinates":[[17.649309840559788,59.86060837939856,10.270000457763672],[17.649697224535444,59.8607931835313,10.569999694824219]]},"properties":{"slope":0.999}},{"type":"Feature","geometry":{"type":"LineString","coordinates":[[17.64940654332374,59.85814653269257,7.429999828338623],[17.648807382904522,59.858479161207796,7.440000057220459]]},"properties":{"slope":0.02}},{"type":"Feature","geometry":{"type":"LineString","coordinates":[[17.648807382904522,59.858479161207796,7.440000057220459],[17.648363134271833,59.858725783252,3.430000066757202]]},"properties":{"slope":5.359}},{"type":"Feature","geometry":{"type":"LineString","coordinates":[[17.648363134271833,59.858725783252,3.430000066757202],[17.648208000241574,59.858811691105764,4.760000228881836]]},"properties":{"slope":5.359}},{"type":"Feature","geometry":{"type":"LineString","coordinates":[[17.648208000241574,59.858811691105764,4.760000228881836],[17.648074536619692,59.85888559814089,7.400000095367432]]},"properties":{"slope":5.239}},{"type":"Feature","geometry":{"type":"LineString","coordinates":[[17.648074536619692,59.85888559814089,7.400000095367432],[17.647831916069826,59.859034273072716,7.340000152587891],[17.64772461583221,59.859179209459995,7.380000114440918]]},"properties":{"slope":5.239}},{"type":"Feature","geometry":{"type":"LineString","coordinates":[[17.64772461583221,59.859179209459995,7.380000114440918],[17.64770310120456,59.85938945071753,7.349999904632568],[17.64761419824378,59.859500057091374,7.46999979019165],[17.647484140192656,59.85959345354899,7.599999904632568]]},"properties":{"slope":0.4}},{"type":"Feature","geometry":{"type":"LineString","coordinates":[[17.647484140192656,59.85959345354899,7.599999904632568],[17.647481147814183,59.85959670057196,7.579999923706055]]},"properties":{"slope":0.4}},{"type":"Feature","geometry":{"type":"LineString","coordinates":[[17.647481147814183,59.85959670057196,7.579999923706055],[17.64746355025752,59.859627180510934,7.650000095367432],[17.64751550272987,59.859674766467684,7.75]]},"properties":{"slope":1.718}},{"type":"Feature","geometry":{"type":"LineString","coordinates":[[17.63000042247585,59.856904564843106,24.43000030517578],[17.630031425819425,59.857187634343326,23.889999389648438]]},"properties":{"slope":1.71}},{"type":"Feature","geometry":{"type":"LineString","coordinates":[[17.641537283143215,59.854307838041805,3.109999895095825],[17.64130149053314,59.854535316804245,3.910000085830688]]},"properties":{"slope":2.799}},{"type":"Feature","geometry":{"type":"LineString","coordinates":[[17.63950646578993,59.85338086225024,4.920000076293945],[17.639576279392166,59.85332058841287,4.860000133514404]]},"properties":{"slope":0.38}},{"type":"Feature","geometry":{"type":"LineString","coordinates":[[17.639576279392166,59.85332058841287,4.860000133514404],[17.639612655366395,59.85328918715018,4.869999885559082]]},"properties":{"slope":0.38}},{"type":"Feature","geometry":{"type":"LineString","coordinates":[[17.639612655366395,59.85328918715018,4.869999885559082],[17.639909171452008,59.85303319795134,4.679999828338623]]},"properties":{"slope":0.38}},{"type":"Feature","geometry":{"type":"LineString","coordinates":[[17.639909171452008,59.85303319795134,4.679999828338623],[17.639955677166718,59.85299304843727,4.730000019073486]]},"properties":{"slope":0.38}},{"type":"Feature","geometry":{"type":"LineString","coordinates":[[17.639955677166718,59.85299304843727,4.730000019073486],[17.640404881097957,59.85260523400131,4.579999923706055]]},"properties":{"slope":0.3}},{"type":"Feature","geometry":{"type":"LineString","coordinates":[[17.640404881097957,59.85260523400131,4.579999923706055],[17.640480467383494,59.85253997652752,4.5]]},"properties":{"slope":0.951}},{"type":"Feature","geometry":{"type":"LineString","coordinates":[[17.63363370801254,59.859998418133834,6.570000171661377],[17.633723599964966,59.859942585559814,6.590000152587891],[17.63380489990429,59.85984840864504,6.590000152587891],[17.63394859830954,59.85976984284475,6.730000019073486],[17.634124569121166,59.85962999737983,6.71999979019165]]},"properties":{"slope":0.3}},{"type":"Feature","geometry":{"type":"LineString","coordinates":[[17.634124569121166,59.85962999737983,6.71999979019165],[17.63423557756742,59.85955171132318,6.820000171661377]]},"properties":{"slope":0.168}},{"type":"Feature","geometry":{"type":"LineString","coordinates":[[17.63423557756742,59.85955171132318,6.820000171661377],[17.63463898989422,59.85946183691766,6.78000020980835]]},"properties":{"slope":0.168}},{"type":"Feature","geometry":{"type":"LineString","coordinates":[[17.63372912497116,59.86002870816816,6.989999771118164],[17.63363370801254,59.859998418133834,6.570000171661377]]},"properties":{"slope":6.643}},{"type":"Feature","geometry":{"type":"LineString","coordinates":[[17.63374772123759,59.86011446217205,7.429999828338623],[17.633844329688245,59.86006528328861,7.300000190734863]]},"properties":{"slope":1.595}},{"type":"Feature","geometry":{"type":"LineString","coordinates":[[17.649277997841345,59.85908701953836,9.229999542236328],[17.649154572370335,59.85915081160482,9.300000190734863]]},"properties":{"slope":0.706}},{"type":"Feature","geometry":{"type":"LineString","coordinates":[[17.650117956938477,59.858558026379015,9.1899995803833],[17.649579068143314,59.85891540211721,9.15999984741211]]},"properties":{"slope":0.06}},{"type":"Feature","geometry":{"type":"LineString","coordinates":[[17.649579068143314,59.85891540211721,9.15999984741211],[17.649277997841345,59.85908701953836,9.229999542236328]]},"properties":{"slope":0.274}},{"type":"Feature","geometry":{"type":"LineString","coordinates":[[17.65000984847933,59.858434482006274,8.890000343322754],[17.650117956938477,59.858558026379015,9.1899995803833]]},"properties":{"slope":1.995}},{"type":"Feature","geometry":{"type":"LineString","coordinates":[[17.653878747945832,59.856115936934245,7.21999979019165],[17.653978615478106,59.85605374296655,7.820000171661377]]},"properties":{"slope":6.513}},{"type":"Feature","geometry":{"type":"LineString","coordinates":[[17.645420422472927,59.858877551697965,6.050000190734863],[17.64484848120016,59.85922207031716,6.449999809265137]]},"properties":{"slope":0.8}},{"type":"Feature","geometry":{"type":"LineString","coordinates":[[17.64484848120016,59.85922207031716,6.449999809265137],[17.644697688053874,59.85931244303492,6.5]]},"properties":{"slope":0.38}},{"type":"Feature","geometry":{"type":"LineString","coordinates":[[17.642633806719022,59.86056532434723,6.460000038146973],[17.64269046730866,59.860592367412785,6.599999904632568]]},"properties":{"slope":3.199}},{"type":"Feature","geometry":{"type":"LineString","coordinates":[[17.6361728392278,59.86401377940019,7.659999847412109],[17.636819689576903,59.86370451588328,7.539999961853027]]},"properties":{"slope":0.24}},{"type":"Feature","geometry":{"type":"LineString","coordinates":[[17.636819689576903,59.86370451588328,7.539999961853027],[17.637466527903182,59.8633952492565,7.78000020980835]]},"properties":{"slope":0.48}},{"type":"Feature","geometry":{"type":"LineString","coordinates":[[17.637466527903182,59.8633952492565,7.78000020980835],[17.637590500599813,59.86333597436436,7.53000020980835]]},"properties":{"slope":0.16}},{"type":"Feature","geometry":{"type":"LineString","coordinates":[[17.637590500599813,59.86333597436436,7.53000020980835],[17.63809465682077,59.863076447446964,7.860000133514404]]},"properties":{"slope":0.16}},{"type":"Feature","geometry":{"type":"LineString","coordinates":[[17.63809465682077,59.863076447446964,7.860000133514404],[17.638718340460006,59.86275538262039,7.880000114440918]]},"properties":{"slope":0.04}},{"type":"Feature","geometry":{"type":"LineString","coordinates":[[17.638718340460006,59.86275538262039,7.880000114440918],[17.638910202935723,59.86265661230292,7.920000076293945]]},"properties":{"slope":0.24}},{"type":"Feature","geometry":{"type":"LineString","coordinates":[[17.638910202935723,59.86265661230292,7.920000076293945],[17.639124741712408,59.86253843996141,7.760000228881836]]},"properties":{"slope":0.24}},{"type":"Feature","geometry":{"type":"LineString","coordinates":[[17.639124741712408,59.86253843996141,7.760000228881836],[17.63932227387359,59.862425054321854,7.760000228881836]]},"properties":{"slope":0.24}},{"type":"Feature","geometry":{"type":"LineString","coordinates":[[17.63932227387359,59.862425054321854,7.760000228881836],[17.63991040848374,59.86208745229257,7.519999980926514]]},"properties":{"slope":0.48}},{"type":"Feature","geometry":{"type":"LineString","coordinates":[[17.63991040848374,59.86208745229257,7.519999980926514],[17.64008007920816,59.8619900558686,7.460000038146973]]},"properties":{"slope":0.56}},{"type":"Feature","geometry":{"type":"LineString","coordinates":[[17.64008007920816,59.8619900558686,7.460000038146973],[17.640515549330477,59.86175762503668,7.239999771118164]]},"properties":{"slope":0.56}},{"type":"Feature","geometry":{"type":"LineString","coordinates":[[17.640515549330477,59.86175762503668,7.239999771118164],[17.641127578509206,59.86143094849633,7.090000152587891]]},"properties":{"slope":0.3}},{"type":"Feature","geometry":{"type":"LineString","coordinates":[[17.641127578509206,59.86143094849633,7.090000152587891],[17.641399026386658,59.86128605760618,6.794869879770544]]},"properties":{"slope":0.4}},{"type":"Feature","geometry":{"type":"LineString","coordinates":[[17.641399026386658,59.86128605760618,6.794869879770544],[17.641454248352996,59.861256501888434,6.76978907459336]]},"properties":{"slope":0.4}},{"type":"Feature","geometry":{"type":"LineString","coordinates":[[17.641454248352996,59.861256501888434,6.76978907459336],[17.64173854457042,59.86110377264817,6.889999866485596]]},"properties":{"slope":0.4}},{"type":"Feature","geometry":{"type":"LineString","coordinates":[[17.64173854457042,59.86110377264817,6.889999866485596],[17.642348464492105,59.86077610552463,6.809999942779541]]},"properties":{"slope":0.16}},{"type":"Feature","geometry":{"type":"LineString","coordinates":[[17.642348464492105,59.86077610552463,6.809999942779541],[17.64269046730866,59.860592367412785,6.599999904632568]]},"properties":{"slope":0.749}},{"type":"Feature","geometry":{"type":"LineString","coordinates":[[17.646393780410182,59.859302494621296,7.349999904632568],[17.6463331082808,59.859291165900046,7.329999923706055],[17.645770836790255,59.85959510318819,6.849999904632568]]},"properties":{"slope":1}},{"type":"Feature","geometry":{"type":"LineString","coordinates":[[17.645770836790255,59.85959510318819,6.849999904632568],[17.645162925085103,59.85992370253834,6.849999904632568]]},"properties":{"slope":0.001}},{"type":"Feature","geometry":{"type":"LineString","coordinates":[[17.645162925085103,59.85992370253834,6.849999904632568],[17.64484907322571,59.86009334777254,7.300000190734863]]},"properties":{"slope":1.743}},{"type":"Feature","geometry":{"type":"LineString","coordinates":[[17.64568854015404,59.86060434336379,7.050000190734863],[17.645739442219213,59.86062782484747,7.150000095367432]]},"properties":{"slope":1.6}},{"type":"Feature","geometry":{"type":"LineString","coordinates":[[17.645739442219213,59.86062782484747,7.150000095367432],[17.646088720885317,59.8607895737542,7.550000190734863]]},"properties":{"slope":1.6}},{"type":"Feature","geometry":{"type":"LineString","coordinates":[[17.646088720885317,59.8607895737542,7.550000190734863],[17.64634515197214,59.86090832493798,7.849999904632568]]},"properties":{"slope":1.6}},{"type":"Feature","geometry":{"type":"LineString","coordinates":[[17.64634515197214,59.86090832493798,7.849999904632568],[17.646800444863853,59.861119164081686,8.40999984741211]]},"properties":{"slope":1.512}},{"type":"Feature","geometry":{"type":"LineString","coordinates":[[17.646800444863853,59.861119164081686,8.40999984741211],[17.64664497409736,59.86120508318844,8.569999694824219]]},"properties":{"slope":1.512}},{"type":"Feature","geometry":{"type":"LineString","coordinates":[[17.64612106926802,59.861669011244764,8.520000457763672],[17.64645810968834,59.86181528756639,8.789999961853027]]},"properties":{"slope":1.082}},{"type":"Feature","geometry":{"type":"LineString","coordinates":[[17.64645810968834,59.86181528756639,8.789999961853027],[17.647125577685266,59.8621049584955,9.489999771118164]]},"properties":{"slope":1.4}},{"type":"Feature","geometry":{"type":"LineString","coordinates":[[17.647125577685266,59.8621049584955,9.489999771118164],[17.647133789410603,59.86210852261586,9.489999771118164]]},"properties":{"slope":1.4}},{"type":"Feature","geometry":{"type":"LineString","coordinates":[[17.647133789410603,59.86210852261586,9.489999771118164],[17.64721116007649,59.86214210360336,9.65999984741211]]},"properties":{"slope":0.733}},{"type":"Feature","geometry":{"type":"LineString","coordinates":[[17.64721116007649,59.86214210360336,9.65999984741211],[17.647322062660557,59.86212753891794,9.579999923706055]]},"properties":{"slope":0.733}},{"type":"Feature","geometry":{"type":"LineString","coordinates":[[17.645600717761557,59.86182168676366,8.369999885559082],[17.645680524890146,59.86177772619886,8.380000114440918],[17.645695195957842,59.861728843319604,8.319999694824219]]},"properties":{"slope":0.222}},{"type":"Feature","geometry":{"type":"LineString","coordinates":[[17.645695195957842,59.861728843319604,8.319999694824219],[17.64576120338349,59.86169249072894,8.329999923706055]]},"properties":{"slope":0.222}},{"type":"Feature","geometry":{"type":"LineString","coordinates":[[17.644946697808237,59.86302905063492,8.75],[17.645006096761655,59.86304423873296,8.899999618530273]]},"properties":{"slope":4.018}},{"type":"Feature","geometry":{"type":"LineString","coordinates":[[17.644413307745758,59.86263060549229,7.940000057220459],[17.644959659099246,59.86288955746004,8.489999771118164]]},"properties":{"slope":1.308}},{"type":"Feature","geometry":{"type":"LineString","coordinates":[[17.644763981466,59.862957352178675,8.399999618530273],[17.644245017869057,59.86271902040239,7.889999866485596]]},"properties":{"slope":1.502}},{"type":"Feature","geometry":{"type":"LineString","coordinates":[[17.644245017869057,59.86271902040239,7.889999866485596],[17.64420252071828,59.86269950235809,7.760000228881836]]},"properties":{"slope":1.502}},{"type":"Feature","geometry":{"type":"LineString","coordinates":[[17.64508108412964,59.86295260116447,8.770000457763672],[17.644970846722817,59.86301663791572,8.800000190734863]]},"properties":{"slope":0.317}},{"type":"Feature","geometry":{"type":"LineString","coordinates":[[17.631761971276557,59.8556351528803,23.5],[17.631837114247304,59.85567300882096,23.329999923706055]]},"properties":{"slope":2.817}},{"type":"Feature","geometry":{"type":"LineString","coordinates":[[17.63252424914683,59.861011702945106,6.769999980926514],[17.632546883827942,59.860997088661655,6.53000020980835],[17.632419091772476,59.860939086272815,6.550000190734863]]},"properties":{"slope":1.879}},{"type":"Feature","geometry":{"type":"LineString","coordinates":[[17.63178534957564,59.853855710185805,25.40999984741211],[17.63200366601812,59.853901531228644,25.399999618530273]]},"properties":{"slope":1.587}},{"type":"Feature","geometry":{"type":"LineString","coordinates":[[17.63200366601812,59.853901531228644,25.399999618530273],[17.63207582949613,59.85391667662408,25.690000534057617]]},"properties":{"slope":1.587}},{"type":"Feature","geometry":{"type":"LineString","coordinates":[[17.63207582949613,59.85391667662408,25.690000534057617],[17.63217239320014,59.8539369444065,26.81999969482422]]},"properties":{"slope":19.27}},{"type":"Feature","geometry":{"type":"LineString","coordinates":[[17.632253491067253,59.85395396674785,27.020000457763672],[17.63258879758529,59.85353801757577,27.889999389648438]]},"properties":{"slope":1.74}},{"type":"Feature","geometry":{"type":"LineString","coordinates":[[17.63258879758529,59.85353801757577,27.889999389648438],[17.632837547694745,59.85323482408744,28.18000030517578]]},"properties":{"slope":0.72}},{"type":"Feature","geometry":{"type":"LineString","coordinates":[[17.632837547694745,59.85323482408744,28.18000030517578],[17.632929195570743,59.853123113888984,28.25]]},"properties":{"slope":0.72}},{"type":"Feature","geometry":{"type":"LineString","coordinates":[[17.632929195570743,59.853123113888984,28.25],[17.633279628627164,59.85271033975627,28.770000457763672]]},"properties":{"slope":1.04}},{"type":"Feature","geometry":{"type":"LineString","coordinates":[[17.633279628627164,59.85271033975627,28.770000457763672],[17.633441030212055,59.85253321306248,28.780000686645508]]},"properties":{"slope":0.046}},{"type":"Feature","geometry":{"type":"LineString","coordinates":[[17.639224948606106,59.856648330019105,4.590000152587891],[17.638774894303435,59.85703591081384,4.570000171661377]]},"properties":{"slope":0.04}},{"type":"Feature","geometry":{"type":"LineString","coordinates":[[17.638774894303435,59.85703591081384,4.570000171661377],[17.63817766043372,59.85736899564489,4.829999923706055]]},"properties":{"slope":0.52}},{"type":"Feature","geometry":{"type":"LineString","coordinates":[[17.63817766043372,59.85736899564489,4.829999923706055],[17.637787600934384,59.857582346781015,5.010000228881836]]},"properties":{"slope":0.557}},{"type":"Feature","geometry":{"type":"LineString","coordinates":[[17.637449626433806,59.86084495869372,9.529999732971191],[17.6380370919897,59.8605070741022,9.869999885559082]]},"properties":{"slope":0.68}},{"type":"Feature","geometry":{"type":"LineString","coordinates":[[17.6380370919897,59.8605070741022,9.869999885559082],[17.638624545772032,59.86016918700912,9.859999656677246]]},"properties":{"slope":0.02}},{"type":"Feature","geometry":{"type":"LineString","coordinates":[[17.638624545772032,59.86016918700912,9.859999656677246],[17.638860661950066,59.86005650988062,9.699999809265137]]},"properties":{"slope":0.74}},{"type":"Feature","geometry":{"type":"LineString","coordinates":[[17.638860661950066,59.86005650988062,9.699999809265137],[17.63923862170238,59.85984537992206,9.489999771118164]]},"properties":{"slope":0.74}},{"type":"Feature","geometry":{"type":"LineString","coordinates":[[17.63923862170238,59.85984537992206,9.489999771118164],[17.639767136776737,59.8595501428492,8.699999809265137]]},"properties":{"slope":1.96}},{"type":"Feature","geometry":{"type":"LineString","coordinates":[[17.639767136776737,59.8595501428492,8.699999809265137],[17.639836322282314,59.859512077110494,8.510000228881836]]},"properties":{"slope":1.96}},{"type":"Feature","geometry":{"type":"LineString","coordinates":[[17.639836322282314,59.859512077110494,8.510000228881836],[17.640312014835906,59.85925034909328,7.740001008684002]]},"properties":{"slope":1.56}},{"type":"Feature","geometry":{"type":"LineString","coordinates":[[17.640312014835906,59.85925034909328,7.740001008684002],[17.640437791454904,59.8591804969152,7.730000019073486]]},"properties":{"slope":1.56}},{"type":"Feature","geometry":{"type":"LineString","coordinates":[[17.640437791454904,59.8591804969152,7.730000019073486],[17.640441636304377,59.85917834723773,7.739999771118164]]},"properties":{"slope":1.06}},{"type":"Feature","geometry":{"type":"LineString","coordinates":[[17.640441636304377,59.85917834723773,7.739999771118164],[17.64103461546781,59.85884680071863,7.199999809265137]]},"properties":{"slope":1.06}},{"type":"Feature","geometry":{"type":"LineString","coordinates":[[17.64103461546781,59.85884680071863,7.199999809265137],[17.641317246329862,59.85868877331079,6.78000020980835]]},"properties":{"slope":1.52}},{"type":"Feature","geometry":{"type":"LineString","coordinates":[[17.641317246329862,59.85868877331079,6.78000020980835],[17.641625479520407,59.85851060163958,6.440000057220459]]},"properties":{"slope":1.52}},{"type":"Feature","geometry":{"type":"LineString","coordinates":[[17.641625479520407,59.85851060163958,6.440000057220459],[17.642225594585927,59.85817840767284,6.150000095367432]]},"properties":{"slope":0.58}},{"type":"Feature","geometry":{"type":"LineString","coordinates":[[17.642225594585927,59.85817840767284,6.150000095367432],[17.642273592212728,59.858151838163636,6.159999847412109]]},"properties":{"slope":0.64}},{"type":"Feature","geometry":{"type":"LineString","coordinates":[[17.642273592212728,59.858151838163636,6.159999847412109],[17.642827234718677,59.857846915317836,5.829999923706055]]},"properties":{"slope":0.64}},{"type":"Feature","geometry":{"type":"LineString","coordinates":[[17.642827234718677,59.857846915317836,5.829999923706055],[17.643121298163095,59.857684954434596,5.470001652198749]]},"properties":{"slope":1.399}},{"type":"Feature","geometry":{"type":"LineString","coordinates":[[17.643121298163095,59.857684954434596,5.470001652198749],[17.643274392544303,59.85760063441163,5.309999942779541]]},"properties":{"slope":1.399}},{"type":"Feature","geometry":{"type":"LineString","coordinates":[[17.6345830284825,59.85956012052991,7.360000133514404],[17.634627831215198,59.85957925848986,7.469994911864677]]},"properties":{"slope":4.479}},{"type":"Feature","geometry":{"type":"LineString","coordinates":[[17.634627831215198,59.85957925848986,7.469994911864677],[17.634668033437997,59.859596432218616,7.490008198317456]]},"properties":{"slope":4.479}},{"type":"Feature","geometry":{"type":"LineString","coordinates":[[17.634668033437997,59.859596432218616,7.490008198317456],[17.63524906377125,59.85985883284389,9.600000381469727]]},"properties":{"slope":4.479}},{"type":"Feature","geometry":{"type":"LineString","coordinates":[[17.63524906377125,59.85985883284389,9.600000381469727],[17.63524906377125,59.85985883284389,9.600000381469727]]},"properties":{"slope":4.479}},{"type":"Feature","geometry":{"type":"LineString","coordinates":[[17.63524906377125,59.85985883284389,9.600000381469727],[17.63591308856162,59.86015870653018,11.40999984741211]]},"properties":{"slope":3.62}},{"type":"Feature","geometry":{"type":"LineString","coordinates":[[17.63591308856162,59.86015870653018,11.40999984741211],[17.63591308856162,59.86015870653018,11.40999984741211]]},"properties":{"slope":3.62}},{"type":"Feature","geometry":{"type":"LineString","coordinates":[[17.63591308856162,59.86015870653018,11.40999984741211],[17.63596784436831,59.860183433865714,11.399999618530273]]},"properties":{"slope":1.02}},{"type":"Feature","geometry":{"type":"LineString","coordinates":[[17.63596784436831,59.860183433865714,11.399999618530273],[17.636577595623717,59.860458313072385,10.899999618530273]]},"properties":{"slope":1.02}},{"type":"Feature","geometry":{"type":"LineString","coordinates":[[17.636577595623717,59.860458313072385,10.899999618530273],[17.637246869385688,59.86075522358886,9.770000457763672]]},"properties":{"slope":2.26}},{"type":"Feature","geometry":{"type":"LineString","coordinates":[[17.637246869385688,59.86075522358886,9.770000457763672],[17.637449626433806,59.86084495869372,9.529999732971191]]},"properties":{"slope":1.22}},{"type":"Feature","geometry":{"type":"LineString","coordinates":[[17.637449626433806,59.86084495869372,9.529999732971191],[17.637907614894754,59.8610568990286,9.15999984741211]]},"properties":{"slope":1.22}},{"type":"Feature","geometry":{"type":"LineString","coordinates":[[17.637907614894754,59.8610568990286,9.15999984741211],[17.638563014948915,59.86136154510063,7.849999904632568]]},"properties":{"slope":2.62}},{"type":"Feature","geometry":{"type":"LineString","coordinates":[[17.638563014948915,59.86136154510063,7.849999904632568],[17.6385727142624,59.861366081481016,7.820003858720086]]},"properties":{"slope":1.571}},{"type":"Feature","geometry":{"type":"LineString","coordinates":[[17.6385727142624,59.861366081481016,7.820003858720086],[17.638706723920073,59.86139502191556,7.710000038146973]]},"properties":{"slope":1.571}},{"type":"Feature","geometry":{"type":"LineString","coordinates":[[17.639767136776737,59.8595501428492,8.699999809265137],[17.639093661807525,59.85925565646773,9.119999885559082]]},"properties":{"slope":0.84}},{"type":"Feature","geometry":{"type":"LineString","coordinates":[[17.639093661807525,59.85925565646773,9.119999885559082],[17.63842019855376,59.858961166647994,9.5600004196167]]},"properties":{"slope":0.88}},{"type":"Feature","geometry":{"type":"LineString","coordinates":[[17.63842019855376,59.858961166647994,9.5600004196167],[17.638292956751528,59.858905525799074,9.470000267028809]]},"properties":{"slope":0.953}},{"type":"Feature","geometry":{"type":"LineString","coordinates":[[17.634945044597917,59.860745090852355,9.34000015258789],[17.63507670128738,59.860672794310815,9.669989911289953]]},"properties":{"slope":3.58}},{"type":"Feature","geometry":{"type":"LineString","coordinates":[[17.63507670128738,59.860672794310815,9.669989911289953],[17.63554780941614,59.860414093502825,11.130000114440918]]},"properties":{"slope":3.58}},{"type":"Feature","geometry":{"type":"LineString","coordinates":[[17.63554780941614,59.860414093502825,11.130000114440918],[17.63596784436831,59.860183433865714,11.399999618530273]]},"properties":{"slope":0.56}},{"type":"Feature","geometry":{"type":"LineString","coordinates":[[17.63596784436831,59.860183433865714,11.399999618530273],[17.636150558679585,59.86008309180667,11.40999984741211]]},"properties":{"slope":0.56}},{"type":"Feature","geometry":{"type":"LineString","coordinates":[[17.636150558679585,59.86008309180667,11.40999984741211],[17.63675328640863,59.85975208300947,10.829999923706055]]},"properties":{"slope":1.16}},{"type":"Feature","geometry":{"type":"LineString","coordinates":[[17.63675328640863,59.85975208300947,10.829999923706055],[17.637356002171458,59.859421071518796,10.279999732971191]]},"properties":{"slope":1.1}},{"type":"Feature","geometry":{"type":"LineString","coordinates":[[17.637356002171458,59.859421071518796,10.279999732971191],[17.637405879693084,59.859393678369344,10.220000267028809]]},"properties":{"slope":0.92}},{"type":"Feature","geometry":{"type":"LineString","coordinates":[[17.637405879693084,59.859393678369344,10.220000267028809],[17.637958118917727,59.85908978718343,9.819999694824219]]},"properties":{"slope":0.92}},{"type":"Feature","geometry":{"type":"LineString","coordinates":[[17.637958118917727,59.85908978718343,9.819999694824219],[17.638292956751528,59.858905525799074,9.470000267028809]]},"properties":{"slope":1.46}},{"type":"Feature","geometry":{"type":"LineString","coordinates":[[17.638292956751528,59.858905525799074,9.470000267028809],[17.638562124119105,59.858759380283935,9.09000015258789]]},"properties":{"slope":1.46}},{"type":"Feature","geometry":{"type":"LineString","coordinates":[[17.638562124119105,59.858759380283935,9.09000015258789],[17.63857719907565,59.85875127279815,9.09000015258789]]},"properties":{"slope":1.46}},{"type":"Feature","geometry":{"type":"LineString","coordinates":[[17.63857719907565,59.85875127279815,9.09000015258789],[17.638731330066697,59.858668378499246,8.819999358496295]]},"properties":{"slope":1.46}},{"type":"Feature","geometry":{"type":"LineString","coordinates":[[17.638731330066697,59.858668378499246,8.819999358496295],[17.638731333648337,59.85866837658221,8.819995353787737]]},"properties":{"slope":1.46}},{"type":"Feature","geometry":{"type":"LineString","coordinates":[[17.638731333648337,59.85866837658221,8.819995353787737],[17.63887442857023,59.85859178549023,8.66000543119498]]},"properties":{"slope":1.46}},{"type":"Feature","geometry":{"type":"LineString","coordinates":[[17.63887442857023,59.85859178549023,8.66000543119498],[17.63897965724525,59.85853431418319,8.569999302153274]]},"properties":{"slope":1.46}},{"type":"Feature","geometry":{"type":"LineString","coordinates":[[17.63897965724525,59.85853431418319,8.569999302153274],[17.639123013931197,59.85845447492699,8.500000195496884]]},"properties":{"slope":1.46}},{"type":"Feature","geometry":{"type":"LineString","coordinates":[[17.639123013931197,59.85845447492699,8.500000195496884],[17.639123017069096,59.85845447319795,8.499991454760519]]},"properties":{"slope":1.46}},{"type":"Feature","geometry":{"type":"LineString","coordinates":[[17.639123017069096,59.85845447319795,8.499991454760519],[17.639167864355418,59.85842980057349,8.359999656677246]]},"properties":{"slope":1.46}},{"type":"Feature","geometry":{"type":"LineString","coordinates":[[17.639167864355418,59.85842980057349,8.359999656677246],[17.63925978626777,59.85837922981031,8.479999542236328]]},"properties":{"slope":0.82}},{"type":"Feature","geometry":{"type":"LineString","coordinates":[[17.63925978626777,59.85837922981031,8.479999542236328],[17.63977900073881,59.85810275472841,7.949999809265137]]},"properties":{"slope":0.82}},{"type":"Feature","geometry":{"type":"LineString","coordinates":[[17.63977900073881,59.85810275472841,7.949999809265137],[17.63989374113774,59.858042061271604,7.849999904632568]]},"properties":{"slope":0.84}},{"type":"Feature","geometry":{"type":"LineString","coordinates":[[17.63989374113774,59.858042061271604,7.849999904632568],[17.640396271826887,59.857778615917894,7.53000020980835]]},"properties":{"slope":0.84}},{"type":"Feature","geometry":{"type":"LineString","coordinates":[[17.640396271826887,59.857778615917894,7.53000020980835],[17.640942227036646,59.85749239896435,7.019999980926514]]},"properties":{"slope":1.24}},{"type":"Feature","geometry":{"type":"LineString","coordinates":[[17.640942227036646,59.85749239896435,7.019999980926514],[17.641011433333063,59.85745350423866,6.909999847412109]]},"properties":{"slope":1.24}},{"type":"Feature","geometry":{"type":"LineString","coordinates":[[17.641011433333063,59.85745350423866,6.909999847412109],[17.64160653549355,59.85711904484784,6.21999979019165]]},"properties":{"slope":1.38}},{"type":"Feature","geometry":{"type":"LineString","coordinates":[[17.64160653549355,59.85711904484784,6.21999979019165],[17.641719893601604,59.85705533425172,6.149998542712061]]},"properties":{"slope":0.979}},{"type":"Feature","geometry":{"type":"LineString","coordinates":[[17.641719893601604,59.85705533425172,6.149998542712061],[17.6418252374176,59.85699612708604,6.039999961853027]]},"properties":{"slope":0.979}},{"type":"Feature","geometry":{"type":"LineString","coordinates":[[17.63734737437912,59.860904564507635,9.5600004196167],[17.637404159475857,59.860871463703006,9.540001595914402]]},"properties":{"slope":0.342}},{"type":"Feature","geometry":{"type":"LineString","coordinates":[[17.637404159475857,59.860871463703006,9.540001595914402],[17.637449626433806,59.86084495869372,9.529999732971191]]},"properties":{"slope":0.342}},{"type":"Feature","geometry":{"type":"LineString","coordinates":[[17.639178213108476,59.8566238917737,4.53000020980835],[17.639224948606106,59.856648330019105,4.590000152587891]]},"properties":{"slope":1.103}},{"type":"Feature","geometry":{"type":"LineString","coordinates":[[17.639224948606106,59.856648330019105,4.590000152587891],[17.6395252886922,59.85680534496829,4.5]]},"properties":{"slope":1.103}},{"type":"Feature","geometry":{"type":"LineString","coordinates":[[17.6395252886922,59.85680534496829,4.5],[17.639607818472616,59.85685581111196,4.920000076293945]]},"properties":{"slope":1.103}},{"type":"Feature","geometry":{"type":"LineString","coordinates":[[17.640292914599478,59.85718451121802,6.25],[17.639677960882253,59.856892906998596,5.009993577233544]]},"properties":{"slope":2.58}},{"type":"Feature","geometry":{"type":"LineString","coordinates":[[17.639677960882253,59.856892906998596,5.009993577233544],[17.63964543025074,59.856875702592625,4.960000038146973]]},"properties":{"slope":2.58}},{"type":"Feature","geometry":{"type":"LineString","coordinates":[[17.63964543025074,59.856875702592625,4.960000038146973],[17.639645430250734,59.856875702592625,4.960000038146973]]},"properties":{"slope":0.001}},{"type":"Feature","geometry":{"type":"LineString","coordinates":[[17.639645430250734,59.856875702592625,4.960000038146973],[17.639641625328494,59.856873690289795,4.960000038146973]]},"properties":{"slope":1.308}},{"type":"Feature","geometry":{"type":"LineString","coordinates":[[17.639641625328494,59.856873690289795,4.960000038146973],[17.639607815054855,59.85685580990474,4.920000076293945]]},"properties":{"slope":1.308}},{"type":"Feature","geometry":{"type":"LineString","coordinates":[[17.64348879494497,59.85874772536257,5.679999828338623],[17.643406451394355,59.85870734815571,5.789995598857177]]},"properties":{"slope":0.64}},{"type":"Feature","geometry":{"type":"LineString","coordinates":[[17.643406451394355,59.85870734815571,5.789995598857177],[17.642849819374604,59.85843440158991,6]]},"properties":{"slope":0.64}},{"type":"Feature","geometry":{"type":"LineString","coordinates":[[17.642849819374604,59.85843440158991,6],[17.642273592212728,59.858151838163636,6.159999847412109]]},"properties":{"slope":0.34}},{"type":"Feature","geometry":{"type":"LineString","coordinates":[[17.642273592212728,59.858151838163636,6.159999847412109],[17.642211162701336,59.8581209170757,6.170000076293945]]},"properties":{"slope":0.34}},{"type":"Feature","geometry":{"type":"LineString","coordinates":[[17.642211162701336,59.8581209170757,6.170000076293945],[17.641575329156197,59.8578059862378,6.889999866485596]]},"properties":{"slope":1.44}},{"type":"Feature","geometry":{"type":"LineString","coordinates":[[17.641575329156197,59.8578059862378,6.889999866485596],[17.640942227036646,59.85749239896435,7.019999980926514]]},"properties":{"slope":0.26}},{"type":"Feature","geometry":{"type":"LineString","coordinates":[[17.640942227036646,59.85749239896435,7.019999980926514],[17.64093945014368,59.85749108225017,7.019999980926514]]},"properties":{"slope":0.26}},{"type":"Feature","geometry":{"type":"LineString","coordinates":[[17.64093945014368,59.85749108225017,7.019999980926514],[17.640292914599478,59.85718451121802,6.25]]},"properties":{"slope":1.546}},{"type":"Feature","geometry":{"type":"LineString","coordinates":[[17.635441122022748,59.85827521403897,9.5],[17.635245293348554,59.85836170827072,9.670000076293945]]},"properties":{"slope":1.164}},{"type":"Feature","geometry":{"type":"LineString","coordinates":[[17.635630100698005,59.85839827763874,8.59000015258789],[17.635687522837046,59.85843222192391,8.410008413170413]]},"properties":{"slope":0.987}},{"type":"Feature","geometry":{"type":"LineString","coordinates":[[17.635687522837046,59.85843222192391,8.410008413170413],[17.63583326051412,59.85851837048075,8.229999542236328]]},"properties":{"slope":0.987}},{"type":"Feature","geometry":{"type":"LineString","coordinates":[[17.63583326051412,59.85851837048075,8.229999542236328],[17.636180781362956,59.858723796982865,8.119999885559082]]},"properties":{"slope":0.987}},{"type":"Feature","geometry":{"type":"LineString","coordinates":[[17.634536093751766,59.85765939078574,11.300000190734863],[17.63458241474156,59.85769386591519,11.330000120864733]]},"properties":{"slope":0.86}},{"type":"Feature","geometry":{"type":"LineString","coordinates":[[17.63458241474156,59.85769386591519,11.330000120864733],[17.635055614479047,59.85802415915703,10.869999885559082]]},"properties":{"slope":0.86}},{"type":"Feature","geometry":{"type":"LineString","coordinates":[[17.635055614479047,59.85802415915703,10.869999885559082],[17.635441122022748,59.85827521403897,9.5]]},"properties":{"slope":3.876}},{"type":"Feature","geometry":{"type":"LineString","coordinates":[[17.635441122022748,59.85827521403897,9.5],[17.63560315881066,59.858380733567074,8.679996848808663]]},"properties":{"slope":5.253}},{"type":"Feature","geometry":{"type":"LineString","coordinates":[[17.63560315881066,59.858380733567074,8.679996848808663],[17.635630100698005,59.85839827763874,8.59000015258789]]},"properties":{"slope":5.253}},{"type":"Feature","geometry":{"type":"LineString","coordinates":[[17.635245293348554,59.85836170827072,9.670000076293945],[17.634672912438194,59.85858931553208,9.869999885559082]]},"properties":{"slope":0.488}},{"type":"Feature","geometry":{"type":"LineString","coordinates":[[17.636197837159322,59.85873399519637,8.029999732971191],[17.636180781362956,59.858723796982865,8.119999885559082]]},"properties":{"slope":6.062}},{"type":"Feature","geometry":{"type":"LineString","coordinates":[[17.636774864036024,59.859076292604584,9.1899995803833],[17.63625272446957,59.8587668145609,7.930001991742819]]},"properties":{"slope":2.32}},{"type":"Feature","geometry":{"type":"LineString","coordinates":[[17.63625272446957,59.8587668145609,7.930001991742819],[17.63622457660284,59.8587499835592,7.98999743735926]]},"properties":{"slope":2.32}},{"type":"Feature","geometry":{"type":"LineString","coordinates":[[17.63622457660284,59.8587499835592,7.98999743735926],[17.636197837159322,59.85873399519637,8.029999732971191]]},"properties":{"slope":2.32}},{"type":"Feature","geometry":{"type":"LineString","coordinates":[[17.63804080290424,59.85968296901574,10.119999885559082],[17.637405879693084,59.859393678369344,10.220000267028809]]},"properties":{"slope":0.208}},{"type":"Feature","geometry":{"type":"LineString","coordinates":[[17.638860661950066,59.86005650988062,9.699999809265137],[17.638199269178124,59.85975516984059,10.180000305175781]]},"properties":{"slope":0.96}},{"type":"Feature","geometry":{"type":"LineString","coordinates":[[17.638199269178124,59.85975516984059,10.180000305175781],[17.63804080290424,59.85968296901574,10.119999885559082]]},"properties":{"slope":0.501}},{"type":"Feature","geometry":{"type":"LineString","coordinates":[[17.640091520780974,59.86063663482284,7.46999979019165],[17.63994640682692,59.860568242178665,7.649998036315921]]},"properties":{"slope":3.04}},{"type":"Feature","geometry":{"type":"LineString","coordinates":[[17.63994640682692,59.860568242178665,7.649998036315921],[17.639523429822926,59.860368887558614,8.70999376667407]]},"properties":{"slope":3.04}},{"type":"Feature","geometry":{"type":"LineString","coordinates":[[17.639523429822926,59.860368887558614,8.70999376667407],[17.639440328651848,59.86032972017874,8.989999771118164]]},"properties":{"slope":3.04}},{"type":"Feature","geometry":{"type":"LineString","coordinates":[[17.639440328651848,59.86032972017874,8.989999771118164],[17.63944032865184,59.86032972017874,8.989999771118164]]},"properties":{"slope":0.001}},{"type":"Feature","geometry":{"type":"LineString","coordinates":[[17.63944032865184,59.86032972017874,8.989999771118164],[17.638860661950066,59.86005650988062,9.699999809265137]]},"properties":{"slope":1.595}},{"type":"Feature","geometry":{"type":"LineString","coordinates":[[17.637405879693084,59.859393678369344,10.220000267028809],[17.636774864036024,59.859076292604584,9.1899995803833]]},"properties":{"slope":2.06}},{"type":"Feature","geometry":{"type":"LineString","coordinates":[[17.636774864036024,59.859076292604584,9.1899995803833],[17.636774864036024,59.859076292604584,9.1899995803833]]},"properties":{"slope":0.001}},{"type":"Feature","geometry":{"type":"LineString","coordinates":[[17.63181689531129,59.8569569632275,18.68000030517578],[17.631914757712867,59.85651081740165,18.3700008392334]]},"properties":{"slope":0.62}},{"type":"Feature","geometry":{"type":"LineString","coordinates":[[17.631914757712867,59.85651081740165,18.3700008392334],[17.632012617168215,59.8560646714667,19.1200008392334]]},"properties":{"slope":1.5}},{"type":"Feature","geometry":{"type":"LineString","coordinates":[[17.632012617168215,59.8560646714667,19.1200008392334],[17.632031294104003,59.855979521137606,19.579999923706055]]},"properties":{"slope":4.82}},{"type":"Feature","geometry":{"type":"LineString","coordinates":[[17.632010199322238,59.85747198694341,17.530000686645508],[17.632131906389336,59.85741077884085,17.649999618530273],[17.63213872052973,59.857048598685935,18.170000076293945]]},"properties":{"slope":1.28}},{"type":"Feature","geometry":{"type":"LineString","coordinates":[[17.63213872052973,59.857048598685935,18.170000076293945],[17.632121221621507,59.85697683309538,18.170000076293945],[17.63181689531129,59.8569569632275,18.68000030517578]]},"properties":{"slope":1.996}},{"type":"Feature","geometry":{"type":"LineString","coordinates":[[17.631807395789835,59.857037961866574,18.65999984741211],[17.631812334095844,59.85699236222455,18.600000460534083]]},"properties":{"slope":0.221}},{"type":"Feature","geometry":{"type":"LineString","coordinates":[[17.631812334095844,59.85699236222455,18.600000460534083],[17.63181689531129,59.8569569632275,18.68000030517578]]},"properties":{"slope":0.221}},{"type":"Feature","geometry":{"type":"LineString","coordinates":[[17.64151230568,59.86131131450221,7.210000038146973],[17.641399026386658,59.86128605760618,6.90902403875024]]},"properties":{"slope":1.34}},{"type":"Feature","geometry":{"type":"LineString","coordinates":[[17.641399026386658,59.86128605760618,6.90902403875024],[17.641278954538123,59.86125928608428,6.590000152587891],[17.64114575972217,59.86119589722866,6.575610895401429]]},"properties":{"slope":1.34}},{"type":"Feature","geometry":{"type":"LineString","coordinates":[[17.64114575972217,59.86119589722866,6.575610895401429],[17.64081612766882,59.86103902013079,6.539999961853027]]},"properties":{"slope":1.34}},{"type":"Feature","geometry":{"type":"LineString","coordinates":[[17.64081612766882,59.86103902013079,6.539999961853027],[17.64071218255706,59.86098955052871,6.659999847412109]]},"properties":{"slope":1.496}},{"type":"Feature","geometry":{"type":"LineString","coordinates":[[17.640928411097594,59.860974989192556,6.28000020980835],[17.641064020424988,59.86104087704898,6.378302211569126]]},"properties":{"slope":1.86}},{"type":"Feature","geometry":{"type":"LineString","coordinates":[[17.641064020424988,59.86104087704898,6.378302211569126],[17.641397446092284,59.861202875266116,6.619997875072507]]},"properties":{"slope":1.86}},{"type":"Feature","geometry":{"type":"LineString","coordinates":[[17.641397446092284,59.861202875266116,6.619997875072507],[17.641454248353003,59.861256501888434,6.916625293537692]]},"properties":{"slope":1.86}},{"type":"Feature","geometry":{"type":"LineString","coordinates":[[17.641454248353003,59.861256501888434,6.916625293537692],[17.641510425566587,59.86130953946803,7.210000038146973]]},"properties":{"slope":1.86}},{"type":"Feature","geometry":{"type":"LineString","coordinates":[[17.641510425566587,59.86130953946803,7.210000038146973],[17.64151230568,59.86131131450221,7.210000038146973]]},"properties":{"slope":0.001}},{"type":"Feature","geometry":{"type":"LineString","coordinates":[[17.64151230568,59.86131131450221,7.210000038146973],[17.642141554173083,59.861629607055505,6.949999809265137]]},"properties":{"slope":0.52}},{"type":"Feature","geometry":{"type":"LineString","coordinates":[[17.642141554173083,59.861629607055505,6.949999809265137],[17.642519039261725,59.86181458675082,6.989999771118164]]},"properties":{"slope":0.135}},{"type":"Feature","geometry":{"type":"LineString","coordinates":[[17.642519039261725,59.86181458675082,6.989999771118164],[17.64283058465832,59.861966406592316,7.059999653952745]]},"properties":{"slope":0.172}},{"type":"Feature","geometry":{"type":"LineString","coordinates":[[17.64283058465832,59.861966406592316,7.059999653952745],[17.642891879244512,59.86199627630622,7.039999961853027]]},"properties":{"slope":0.172}}]}